{"type":"FeatureCollection", "features": [
{"type":"Feature","geometry":{"type":"MultiPolygon","coordinates":[[[[93.848,7.24],[93.808,7.215],[93.755,7.211],[93.734,7.187],[93.686,7.19],[93.656,7.126],[93.67,7.013],[93.699,7.012],[93.745,6.962],[93.742,6.925],[93.78,6.882],[93.786,6.836],[93.847,6.78],[93.896,6.805],[93.897,6.902],[93.937,6.962],[93.917,7.048],[93.888,7.086],[93.891,7.121],[93.87,7.216],[93.848,7.24]]],[[[93.713,7.444],[93.707,7.394],[93.631,7.362],[93.629,7.269],[93.725,7.31],[93.756,7.374],[93.725,7.397],[93.713,7.444]]],[[[93.38,8.025],[93.336,8.012],[93.311,7.962],[93.377,7.882],[93.397,7.902],[93.474,7.896],[93.461,7.936],[93.41,8.007],[93.38,8.025]]],[[[93.547,8.028],[93.507,7.985],[93.574,7.929],[93.583,7.992],[93.547,8.028]]],[[[93.526,8.231],[93.455,8.176],[93.459,8.124],[93.483,8.078],[93.548,8.088],[93.504,8.144],[93.545,8.196],[93.526,8.231]]],[[[93.126,8.356],[93.095,8.34],[93.085,8.274],[93.123,8.221],[93.196,8.193],[93.194,8.225],[93.126,8.277],[93.143,8.347],[93.126,8.356]]],[[[92.788,9.244],[92.765,9.215],[92.721,9.214],[92.732,9.124],[92.811,9.124],[92.832,9.163],[92.814,9.22],[92.788,9.244]]],[[[92.516,10.898],[92.459,10.863],[92.413,10.789],[92.376,10.782],[92.381,10.666],[92.421,10.615],[92.384,10.544],[92.435,10.548],[92.499,10.511],[92.531,10.518],[92.568,10.576],[92.553,10.638],[92.598,10.683],[92.588,10.787],[92.561,10.812],[92.558,10.863],[92.516,10.898]]],[[[92.641,11.51],[92.616,11.485],[92.622,11.405],[92.588,11.401],[92.599,11.347],[92.638,11.347],[92.685,11.433],[92.668,11.49],[92.641,11.51]]],[[[92.219,11.592],[92.217,11.529],[92.275,11.535],[92.27,11.585],[92.219,11.592]]],[[[92.97,12.034],[92.931,12.006],[93.022,11.901],[93.037,11.947],[93.003,12.029],[92.97,12.034]]],[[[93.028,12.157],[92.962,12.123],[93.036,12.098],[93.028,12.157]]],[[[93.069,12.211],[93.037,12.134],[93.092,12.107],[93.085,12.195],[93.069,12.211]]],[[[92.701,12.236],[92.646,12.179],[92.624,12.103],[92.606,11.923],[92.565,11.943],[92.526,11.895],[92.514,11.848],[92.546,11.828],[92.552,11.721],[92.587,11.717],[92.607,11.595],[92.651,11.552],[92.664,11.507],[92.728,11.518],[92.753,11.61],[92.756,11.666],[92.702,11.692],[92.755,11.717],[92.787,11.872],[92.788,11.926],[92.716,11.951],[92.757,11.988],[92.776,12.031],[92.735,12.089],[92.756,12.154],[92.716,12.168],[92.701,12.236]]],[[[92.731,12.242],[92.723,12.189],[92.764,12.182],[92.762,12.229],[92.731,12.242]]],[[[92.777,12.31],[92.782,12.285],[92.765,12.177],[92.739,12.099],[92.765,12.063],[92.799,12.109],[92.888,12.259],[92.87,12.301],[92.83,12.3],[92.809,12.313],[92.777,12.31]]],[[[93.84,12.321],[93.815,12.285],[93.827,12.245],[93.881,12.237],[93.84,12.321]]],[[[92.899,12.916],[92.875,12.882],[92.792,12.89],[92.738,12.829],[92.721,12.788],[92.745,12.671],[92.715,12.636],[92.708,12.492],[92.698,12.421],[92.701,12.337],[92.719,12.301],[92.772,12.318],[92.809,12.315],[92.832,12.303],[92.887,12.323],[92.838,12.398],[92.924,12.436],[92.95,12.464],[92.976,12.542],[92.956,12.608],[92.977,12.718],[92.935,12.782],[92.954,12.807],[92.928,12.883],[92.899,12.916]]],[[[92.696,12.992],[92.67,12.952],[92.649,12.861],[92.672,12.794],[92.721,12.888],[92.719,12.979],[92.696,12.992]]],[[[93.029,13.573],[92.919,13.537],[92.929,13.502],[92.877,13.475],[92.872,13.416],[92.836,13.367],[92.823,13.277],[92.85,13.239],[92.81,13.153],[92.82,13.101],[92.797,13.089],[92.791,13.012],[92.801,12.901],[92.872,12.883],[92.857,12.934],[92.916,13.054],[92.961,13.015],[93.006,13.031],[93.031,13.069],[93.032,13.178],[93.056,13.233],[93.013,13.307],[93.072,13.323],[93.033,13.458],[93.044,13.505],[93.029,13.573]]]]},"properties":{"ID_0":105,"ISO":"IND","NAME_0":"India","ID_1":1,"NAME_1":"Andaman and Nicobar","NL_NAME_1":null,"VARNAME_1":"Andaman & Nicobar Islands|Andaman et Nicobar|Iihas de Andama e Nicobar|Inseln Andamanen und Nikobare","TYPE_1":"Union Territor","ENGTYPE_1":"Union Territory"}},
{"type":"Feature","geometry":{"type":"MultiPolygon","coordinates":[[[[82.332,16.725],[82.285,16.698],[82.259,16.69],[82.256,16.654],[82.319,16.617],[82.339,16.685],[82.332,16.725]]],[[[82.3,16.714],[82.341,16.753],[82.359,16.849],[82.27,16.876],[82.251,16.935],[82.284,16.977],[82.303,17.041],[82.439,17.173],[82.532,17.243],[82.703,17.344],[82.954,17.46],[83.007,17.498],[83.104,17.544],[83.161,17.561],[83.235,17.611],[83.24,17.633],[83.342,17.723],[83.354,17.757],[83.41,17.81],[83.419,17.857],[83.452,17.9],[83.53,17.949],[83.57,18.014],[83.713,18.111],[83.863,18.176],[84.07,18.276],[84.13,18.314],[84.153,18.377],[84.286,18.502],[84.356,18.557],[84.363,18.588],[84.441,18.664],[84.49,18.739],[84.555,18.796],[84.589,18.873],[84.688,18.973],[84.761,19.071],[84.73,19.089],[84.719,19.096],[84.698,19.109],[84.698,19.11],[84.694,19.122],[84.697,19.125],[84.702,19.151],[84.698,19.15],[84.681,19.15],[84.665,19.157],[84.666,19.135],[84.661,19.122],[84.647,19.12],[84.629,19.121],[84.596,19.115],[84.606,19.093],[84.617,19.09],[84.624,19.074],[84.634,19.075],[84.645,19.084],[84.663,19.064],[84.655,19.052],[84.648,19.056],[84.634,19.056],[84.63,19.05],[84.625,19.053],[84.623,19.056],[84.612,19.05],[84.609,19.047],[84.6,19.033],[84.588,19.013],[84.574,19.035],[84.578,19.062],[84.571,19.06],[84.568,19.063],[84.56,19.06],[84.548,19.046],[84.51,19.037],[84.498,19.025],[84.489,19.021],[84.478,19.008],[84.476,18.992],[84.472,18.981],[84.437,18.997],[84.422,19.009],[84.42,19.013],[84.415,19.012],[84.425,18.995],[84.426,18.989],[84.426,18.984],[84.435,18.977],[84.429,18.914],[84.386,18.883],[84.332,18.792],[84.246,18.773],[84.217,18.787],[84.092,18.745],[84.048,18.783],[83.87,18.818],[83.844,18.851],[83.835,18.909],[83.788,19.008],[83.726,18.976],[83.619,19.142],[83.604,19.093],[83.514,19.025],[83.505,19.065],[83.459,19.07],[83.475,19],[83.443,18.948],[83.409,18.996],[83.335,19.007],[83.313,18.967],[83.399,18.834],[83.36,18.807],[83.28,18.79],[83.266,18.757],[83.185,18.744],[83.133,18.772],[83.078,18.705],[83.051,18.654],[83.012,18.639],[83.008,18.588],[83.051,18.535],[83.052,18.477],[83.016,18.448],[83.066,18.392],[82.976,18.355],[82.903,18.356],[82.891,18.392],[82.799,18.439],[82.776,18.42],[82.784,18.354],[82.767,18.331],[82.665,18.291],[82.632,18.229],[82.589,18.257],[82.601,18.366],[82.536,18.408],[82.523,18.504],[82.481,18.515],[82.427,18.477],[82.361,18.41],[82.384,18.372],[82.345,18.322],[82.393,18.306],[82.337,18.266],[82.333,18.216],[82.306,18.196],[82.333,18.142],[82.336,18.047],[82.258,18.035],[82.242,17.98],[82.164,18.042],[82.025,18.058],[82.002,18.024],[81.936,17.984],[81.801,17.936],[81.776,17.905],[81.703,17.861],[81.663,17.877],[81.611,17.815],[81.575,17.827],[81.481,17.803],[81.47,17.823],[81.385,17.807],[81.254,17.812],[81.16,17.853],[81.098,17.817],[81.074,17.786],[81.032,17.79],[81.004,17.838],[80.985,17.923],[80.949,18.123],[80.862,18.133],[80.849,18.2],[80.798,18.166],[80.735,18.172],[80.733,18.219],[80.784,18.243],[80.723,18.361],[80.713,18.406],[80.651,18.472],[80.633,18.519],[80.532,18.586],[80.488,18.627],[80.45,18.626],[80.342,18.586],[80.296,18.686],[80.268,18.718],[80.247,18.701],[80.158,18.696],[80.107,18.678],[80.046,18.721],[80.012,18.767],[79.932,18.784],[79.894,18.831],[79.939,18.859],[79.941,18.938],[79.926,19.042],[79.861,19.06],[79.858,19.104],[79.942,19.176],[79.92,19.226],[79.945,19.284],[79.973,19.401],[79.945,19.459],[79.911,19.492],[79.828,19.537],[79.778,19.598],[79.621,19.565],[79.601,19.508],[79.566,19.511],[79.543,19.549],[79.47,19.497],[79.414,19.533],[79.255,19.611],[79.237,19.527],[79.189,19.459],[79.103,19.528],[79.018,19.54],[78.978,19.58],[78.969,19.649],[78.916,19.668],[78.859,19.656],[78.863,19.697],[78.846,19.758],[78.785,19.779],[78.702,19.786],[78.619,19.809],[78.526,19.822],[78.476,19.816],[78.398,19.836],[78.384,19.879],[78.336,19.883],[78.339,19.839],[78.368,19.781],[78.345,19.714],[78.286,19.69],[78.311,19.604],[78.297,19.558],[78.312,19.466],[78.224,19.434],[78.188,19.396],[78.197,19.332],[78.183,19.242],[78.127,19.246],[78.046,19.271],[77.949,19.341],[77.861,19.302],[77.901,19.277],[77.868,19.246],[77.845,19.188],[77.845,19.114],[77.8,19.099],[77.762,19.062],[77.767,18.981],[77.817,18.982],[77.854,18.952],[77.899,18.868],[77.944,18.842],[77.837,18.807],[77.787,18.694],[77.733,18.676],[77.747,18.589],[77.658,18.527],[77.597,18.548],[77.571,18.467],[77.583,18.443],[77.527,18.339],[77.55,18.291],[77.603,18.278],[77.573,18.241],[77.57,18.189],[77.598,18.152],[77.597,18.084],[77.553,18.035],[77.607,18.018],[77.653,17.969],[77.62,17.944],[77.617,17.903],[77.526,17.827],[77.504,17.783],[77.554,17.761],[77.539,17.725],[77.458,17.699],[77.44,17.581],[77.657,17.521],[77.688,17.499],[77.611,17.47],[77.573,17.43],[77.51,17.427],[77.521,17.362],[77.456,17.345],[77.434,17.288],[77.38,17.22],[77.36,17.162],[77.376,17.138],[77.463,17.104],[77.499,17.007],[77.478,16.99],[77.453,16.909],[77.472,16.796],[77.437,16.763],[77.417,16.663],[77.454,16.607],[77.421,16.565],[77.415,16.518],[77.366,16.484],[77.252,16.468],[77.285,16.403],[77.412,16.363],[77.481,16.378],[77.519,16.37],[77.591,16.312],[77.488,16.25],[77.495,16.187],[77.487,16.116],[77.503,16.073],[77.491,16.031],[77.51,16.002],[77.509,15.921],[77.426,15.942],[77.249,15.958],[77.143,15.941],[77.077,15.91],[77.033,15.853],[77.064,15.823],[77.047,15.725],[77.081,15.653],[77.027,15.629],[77.027,15.5],[76.97,15.491],[77.027,15.435],[77.038,15.359],[77.069,15.319],[77.11,15.327],[77.148,15.286],[77.141,15.218],[77.164,15.168],[77.128,15.094],[77.11,15.029],[77.079,15],[77.047,15.029],[76.967,15.013],[76.877,15.029],[76.861,15.057],[76.797,15.091],[76.773,15.065],[76.785,15.017],[76.764,14.97],[76.864,14.964],[76.86,14.891],[76.834,14.785],[76.78,14.779],[76.798,14.735],[76.771,14.674],[76.761,14.596],[76.8,14.528],[76.844,14.509],[76.864,14.475],[76.973,14.478],[76.883,14.39],[76.899,14.319],[76.943,14.305],[76.938,14.24],[77.05,14.24],[77.075,14.209],[77.11,14.221],[77.112,14.288],[77.152,14.338],[77.196,14.314],[77.281,14.331],[77.28,14.276],[77.359,14.269],[77.355,14.23],[77.384,14.192],[77.415,14.203],[77.401,14.26],[77.375,14.295],[77.395,14.329],[77.442,14.31],[77.499,14.261],[77.49,14.228],[77.51,14.172],[77.39,14.165],[77.395,14.103],[77.338,14.054],[77.326,14.023],[77.383,14.007],[77.419,13.895],[77.348,13.897],[77.344,13.951],[77.313,14.025],[77.279,14.007],[77.134,13.998],[77.121,14.042],[77.024,14.053],[77.01,14.092],[77.02,14.173],[76.958,14.176],[76.891,14.159],[76.884,14.131],[76.943,14.112],[76.972,14.052],[76.931,14.023],[76.994,13.981],[76.989,13.957],[77.036,13.926],[77.006,13.85],[76.969,13.81],[76.993,13.743],[77.035,13.769],[77.06,13.739],[77.095,13.761],[77.167,13.755],[77.162,13.815],[77.24,13.894],[77.25,13.839],[77.307,13.857],[77.425,13.827],[77.463,13.744],[77.445,13.696],[77.528,13.707],[77.614,13.76],[77.67,13.777],[77.696,13.761],[77.728,13.802],[77.828,13.861],[77.806,13.918],[77.862,13.927],[77.912,13.897],[77.951,13.928],[77.978,13.893],[78.041,13.887],[78.106,13.854],[78.118,13.777],[78.085,13.733],[78.109,13.71],[78.08,13.65],[78.146,13.65],[78.194,13.595],[78.25,13.574],[78.38,13.581],[78.398,13.566],[78.367,13.495],[78.371,13.391],[78.355,13.355],[78.501,13.277],[78.567,13.272],[78.553,13.189],[78.509,13.12],[78.505,13.053],[78.452,13.032],[78.458,12.963],[78.423,12.969],[78.417,12.889],[78.378,12.895],[78.345,12.928],[78.303,12.847],[78.241,12.847],[78.221,12.753],[78.227,12.689],[78.264,12.692],[78.29,12.653],[78.368,12.612],[78.46,12.617],[78.458,12.662],[78.552,12.697],[78.546,12.729],[78.58,12.767],[78.592,12.839],[78.625,12.914],[78.62,12.974],[78.651,13.018],[78.694,13.004],[78.702,13.056],[78.74,13.045],[78.801,13.076],[78.946,13.064],[78.982,13.076],[79.053,13.038],[79.153,13.007],[79.226,13.135],[79.271,13.138],[79.299,13.115],[79.35,13.125],[79.348,13.163],[79.421,13.184],[79.407,13.238],[79.417,13.322],[79.536,13.311],[79.565,13.249],[79.669,13.282],[79.671,13.236],[79.744,13.195],[79.783,13.228],[79.722,13.266],[79.8,13.304],[79.851,13.303],[79.926,13.336],[79.954,13.374],[79.962,13.451],[80.069,13.538],[80.076,13.527],[80.079,13.529],[80.089,13.526],[80.096,13.51],[80.1,13.505],[80.121,13.502],[80.133,13.496],[80.135,13.492],[80.145,13.485],[80.151,13.48],[80.152,13.479],[80.157,13.479],[80.163,13.478],[80.216,13.482],[80.26,13.447],[80.276,13.389],[80.313,13.428],[80.262,13.473],[80.109,13.519],[80.053,13.583],[80.072,13.635],[80.103,13.654],[80.139,13.613],[80.154,13.703],[80.188,13.648],[80.233,13.67],[80.252,13.783],[80.245,13.82],[80.148,14.028],[80.127,14.166],[80.138,14.27],[80.17,14.361],[80.182,14.53],[80.197,14.593],[80.166,14.622],[80.144,14.701],[80.112,14.744],[80.087,14.822],[80.083,14.889],[80.051,15.028],[80.048,15.089],[80.088,15.219],[80.083,15.262],[80.127,15.376],[80.201,15.465],[80.237,15.601],[80.27,15.673],[80.34,15.747],[80.45,15.815],[80.567,15.861],[80.712,15.88],[80.786,15.86],[80.803,15.744],[80.838,15.709],[80.938,15.718],[80.998,15.75],[80.998,15.83],[81.088,15.93],[81.146,15.974],[81.141,16.018],[81.189,16.103],[81.205,16.176],[81.243,16.25],[81.319,16.313],[81.393,16.342],[81.543,16.358],[81.561,16.345],[81.687,16.332],[81.719,16.312],[81.842,16.37],[81.945,16.395],[82.222,16.537],[82.26,16.551],[82.3,16.592],[82.254,16.653],[82.258,16.69],[82.3,16.714]]]]},"properties":{"ID_0":105,"ISO":"IND","NAME_0":"India","ID_1":2,"NAME_1":"Andhra Pradesh","NL_NAME_1":null,"VARNAME_1":null,"TYPE_1":"State","ENGTYPE_1":"State"}},
{"type":"Feature","geometry":{"type":"Polygon","coordinates":[[[95.238,26.686],[95.303,26.656],[95.423,26.697],[95.483,26.755],[95.546,26.838],[95.612,26.821],[95.637,26.879],[95.673,26.91],[95.703,26.887],[95.755,26.908],[95.761,26.964],[95.815,27.022],[95.877,27.02],[95.957,27.068],[96.036,27.196],[96.234,27.285],[96.279,27.279],[96.433,27.31],[96.531,27.298],[96.601,27.345],[96.62,27.373],[96.802,27.354],[96.885,27.268],[96.866,27.2],[96.918,27.175],[96.985,27.167],[97.063,27.111],[97.109,27.121],[97.146,27.103],[97.172,27.137],[97.15,27.178],[97.095,27.221],[97.094,27.248],[97.003,27.33],[96.966,27.415],[96.912,27.463],[96.938,27.53],[96.898,27.621],[96.929,27.656],[96.978,27.672],[97.016,27.741],[97.068,27.76],[97.16,27.823],[97.256,27.91],[97.309,27.93],[97.344,27.894],[97.379,27.918],[97.378,27.986],[97.399,28.034],[97.366,28.068],[97.312,28.07],[97.339,28.12],[97.331,28.163],[97.375,28.226],[97.224,28.3],[97.169,28.302],[97.126,28.356],[97.052,28.358],[96.996,28.316],[96.926,28.345],[96.899,28.386],[96.826,28.367],[96.774,28.374],[96.757,28.415],[96.665,28.466],[96.599,28.466],[96.51,28.418],[96.458,28.419],[96.399,28.344],[96.371,28.394],[96.32,28.386],[96.266,28.417],[96.367,28.48],[96.324,28.53],[96.355,28.561],[96.401,28.562],[96.495,28.644],[96.471,28.685],[96.586,28.722],[96.616,28.765],[96.608,28.798],[96.537,28.884],[96.521,28.965],[96.477,28.994],[96.525,29.079],[96.436,29.038],[96.347,29.032],[96.294,28.999],[96.228,28.929],[96.167,28.906],[96.145,28.937],[96.185,28.988],[96.15,29.053],[96.217,29.138],[96.26,29.16],[96.346,29.171],[96.393,29.257],[96.375,29.284],[96.293,29.236],[96.234,29.243],[96.183,29.309],[96.186,29.344],[96.15,29.399],[96.093,29.456],[96.056,29.458],[95.957,29.383],[95.881,29.391],[95.84,29.354],[95.778,29.356],[95.727,29.302],[95.702,29.3],[95.586,29.218],[95.545,29.216],[95.547,29.129],[95.504,29.143],[95.489,29.09],[95.454,29.037],[95.41,29.034],[95.25,29.069],[95.251,29.11],[95.122,29.116],[95.098,29.144],[95.04,29.152],[95.011,29.133],[94.968,29.16],[94.872,29.184],[94.798,29.165],[94.798,29.21],[94.767,29.253],[94.677,29.328],[94.628,29.349],[94.611,29.301],[94.574,29.275],[94.558,29.229],[94.494,29.217],[94.431,29.227],[94.372,29.19],[94.35,29.15],[94.288,29.148],[94.215,29.084],[94.185,29.039],[94.155,28.955],[94.079,28.906],[94.03,28.853],[93.995,28.841],[93.969,28.751],[93.935,28.677],[93.844,28.707],[93.775,28.669],[93.732,28.689],[93.607,28.656],[93.524,28.661],[93.496,28.684],[93.332,28.634],[93.3,28.6],[93.305,28.566],[93.276,28.505],[93.229,28.478],[93.19,28.426],[93.232,28.401],[93.223,28.341],[93.194,28.318],[93.125,28.327],[93.095,28.307],[93.022,28.3],[93.034,28.263],[93,28.231],[92.965,28.262],[92.895,28.205],[92.821,28.174],[92.783,28.184],[92.68,28.118],[92.663,28.063],[92.695,28.048],[92.739,27.989],[92.669,27.9],[92.605,27.878],[92.561,27.821],[92.493,27.837],[92.444,27.801],[92.307,27.779],[92.255,27.862],[92.156,27.837],[92.055,27.759],[91.984,27.77],[91.945,27.729],[91.879,27.722],[91.828,27.808],[91.771,27.801],[91.71,27.813],[91.669,27.857],[91.57,27.861],[91.628,27.801],[91.624,27.706],[91.558,27.633],[91.562,27.584],[91.653,27.483],[91.774,27.465],[91.849,27.483],[91.939,27.461],[92.017,27.458],[92.054,27.4],[92.07,27.277],[92.028,27.079],[92.103,27.008],[92.117,26.932],[92.108,26.894],[92.195,26.891],[92.353,26.936],[92.4,26.926],[92.446,26.961],[92.585,26.962],[92.645,26.987],[92.659,27.039],[92.714,27.026],[92.769,27.033],[92.872,27.008],[92.918,26.964],[93.019,26.917],[93.348,26.963],[93.448,26.954],[93.468,26.939],[93.676,26.971],[93.719,27.019],[93.837,27.078],[93.807,27.15],[94,27.335],[94.061,27.364],[94.157,27.478],[94.259,27.523],[94.226,27.576],[94.235,27.633],[94.288,27.592],[94.367,27.577],[94.421,27.601],[94.453,27.571],[94.5,27.577],[94.591,27.623],[94.64,27.631],[94.698,27.667],[94.743,27.663],[94.795,27.698],[94.849,27.711],[94.861,27.739],[94.987,27.771],[95.317,27.871],[95.384,27.842],[95.516,27.882],[95.607,27.958],[95.826,27.977],[95.977,27.969],[95.955,27.927],[95.877,27.842],[95.823,27.809],[95.781,27.758],[95.77,27.72],[95.798,27.608],[95.881,27.553],[95.883,27.444],[95.973,27.437],[96.015,27.375],[95.963,27.317],[95.872,27.267],[95.86,27.294],[95.684,27.257],[95.59,27.23],[95.535,27.271],[95.459,27.21],[95.458,27.136],[95.366,27.113],[95.248,27.03],[95.196,27.043],[95.195,26.99],[95.23,26.886],[95.185,26.865],[95.215,26.798],[95.243,26.785],[95.216,26.735],[95.238,26.686]]]},"properties":{"ID_0":105,"ISO":"IND","NAME_0":"India","ID_1":3,"NAME_1":"Arunachal Pradesh","NL_NAME_1":null,"VARNAME_1":"Agence de la Frontire du Nord-Est(French-obsolete)|North East Frontier Agency","TYPE_1":"State","ENGTYPE_1":"State"}},
{"type":"Feature","geometry":{"type":"MultiPolygon","coordinates":[[[[92.108,26.894],[92.055,26.848],[91.986,26.858],[91.897,26.916],[91.853,26.912],[91.802,26.852],[91.727,26.813],[91.679,26.805],[91.624,26.821],[91.591,26.805],[91.478,26.792],[91.408,26.836],[91.336,26.78],[91.262,26.805],[91.13,26.808],[91.089,26.818],[91.054,26.779],[90.996,26.788],[90.897,26.779],[90.649,26.774],[90.564,26.8],[90.41,26.902],[90.355,26.896],[90.312,26.851],[90.226,26.858],[90.195,26.833],[90.189,26.771],[90.055,26.729],[89.889,26.724],[89.857,26.704],[89.871,26.684],[89.878,26.584],[89.853,26.488],[89.869,26.448],[89.857,26.384],[89.782,26.353],[89.752,26.322],[89.759,26.293],[89.757,26.289],[89.746,26.291],[89.721,26.296],[89.723,26.308],[89.716,26.302],[89.721,26.288],[89.734,26.266],[89.732,26.26],[89.717,26.259],[89.711,26.265],[89.701,26.261],[89.711,26.258],[89.716,26.255],[89.716,26.246],[89.729,26.238],[89.718,26.232],[89.712,26.228],[89.706,26.217],[89.7,26.219],[89.698,26.216],[89.715,26.215],[89.724,26.217],[89.726,26.206],[89.714,26.206],[89.716,26.191],[89.711,26.189],[89.695,26.189],[89.703,26.177],[89.707,26.173],[89.717,26.177],[89.734,26.175],[89.733,26.173],[89.719,26.166],[89.748,26.158],[89.826,26.009],[89.853,25.988],[89.832,25.941],[89.886,25.944],[89.815,25.817],[89.845,25.757],[89.83,25.735],[89.874,25.658],[89.886,25.608],[89.87,25.544],[89.878,25.549],[89.918,25.563],[89.995,25.586],[90.006,25.588],[90.005,25.624],[89.999,25.622],[89.98,25.638],[89.942,25.678],[89.932,25.69],[89.919,25.703],[89.913,25.707],[89.899,25.744],[89.916,25.739],[89.953,25.783],[89.952,25.811],[89.946,25.816],[89.946,25.82],[89.951,25.825],[89.968,25.826],[90.002,25.842],[89.997,25.844],[90.012,25.85],[90.022,25.866],[90.019,25.871],[90.014,25.872],[90.015,25.889],[90.028,25.894],[90.052,25.899],[90.059,25.91],[90.063,25.916],[90.072,25.919],[90.078,25.918],[90.081,25.925],[90.092,25.929],[90.096,25.94],[90.101,25.942],[90.114,25.957],[90.213,25.954],[90.324,25.974],[90.365,26.01],[90.429,25.989],[90.477,26.015],[90.534,25.958],[90.629,25.937],[90.713,25.952],[90.741,25.915],[90.797,25.941],[90.883,25.952],[90.958,25.934],[90.967,25.887],[91.014,25.884],[91.067,25.826],[91.153,25.85],[91.203,25.841],[91.18,25.776],[91.224,25.723],[91.276,25.747],[91.332,25.832],[91.469,25.859],[91.519,25.958],[91.551,25.975],[91.57,26.027],[91.632,26.022],[91.63,25.945],[91.669,25.905],[91.72,25.954],[91.731,26.059],[91.79,26.087],[91.819,26.119],[91.876,26.098],[91.883,26.03],[91.934,26.015],[91.991,26.041],[92.053,26.033],[92.133,26.046],[92.178,26.08],[92.241,26.063],[92.256,26.029],[92.166,25.964],[92.16,25.915],[92.181,25.872],[92.153,25.813],[92.17,25.666],[92.237,25.708],[92.416,25.74],[92.434,25.688],[92.465,25.682],[92.498,25.627],[92.558,25.612],[92.587,25.553],[92.645,25.537],[92.581,25.495],[92.607,25.419],[92.651,25.432],[92.761,25.335],[92.792,25.287],[92.747,25.208],[92.677,25.182],[92.622,25.118],[92.525,25.14],[92.484,25.108],[92.466,25.057],[92.426,25.032],[92.424,24.996],[92.459,24.946],[92.493,24.936],[92.492,24.874],[92.395,24.855],[92.314,24.908],[92.245,24.91],[92.244,24.849],[92.278,24.83],[92.298,24.737],[92.263,24.689],[92.239,24.6],[92.231,24.504],[92.231,24.46],[92.273,24.388],[92.213,24.249],[92.297,24.252],[92.314,24.253],[92.422,24.253],[92.434,24.174],[92.435,24.163],[92.437,24.151],[92.442,24.153],[92.463,24.136],[92.467,24.135],[92.473,24.142],[92.484,24.154],[92.483,24.157],[92.485,24.159],[92.488,24.162],[92.502,24.162],[92.505,24.167],[92.51,24.163],[92.513,24.163],[92.509,24.169],[92.514,24.174],[92.551,24.246],[92.612,24.253],[92.626,24.334],[92.692,24.356],[92.765,24.521],[92.804,24.422],[92.847,24.382],[92.912,24.413],[92.936,24.396],[93,24.403],[93.032,24.429],[93.053,24.545],[93.097,24.583],[93.085,24.648],[93.089,24.709],[93.113,24.802],[93.193,24.806],[93.196,24.846],[93.253,24.919],[93.263,24.966],[93.247,25.004],[93.336,25.096],[93.353,25.182],[93.404,25.263],[93.474,25.309],[93.452,25.344],[93.478,25.38],[93.457,25.442],[93.391,25.486],[93.333,25.549],[93.373,25.569],[93.418,25.621],[93.483,25.646],[93.544,25.702],[93.545,25.727],[93.622,25.78],[93.648,25.824],[93.706,25.853],[93.688,25.909],[93.785,25.958],[93.798,25.91],[93.78,25.846],[93.796,25.814],[93.852,25.863],[93.883,25.846],[93.916,25.888],[93.983,25.926],[93.955,26.007],[93.986,26.084],[94.013,26.186],[94.036,26.203],[94.108,26.326],[94.164,26.36],[94.187,26.461],[94.282,26.564],[94.294,26.481],[94.324,26.479],[94.397,26.53],[94.41,26.616],[94.455,26.639],[94.545,26.711],[94.592,26.703],[94.687,26.733],[94.802,26.806],[94.821,26.854],[94.886,26.932],[94.957,26.944],[94.986,26.918],[95.087,26.953],[95.196,27.043],[95.248,27.03],[95.366,27.113],[95.458,27.136],[95.459,27.21],[95.535,27.271],[95.59,27.23],[95.684,27.257],[95.86,27.294],[95.872,27.267],[95.963,27.317],[96.015,27.375],[95.973,27.437],[95.883,27.444],[95.881,27.553],[95.798,27.608],[95.77,27.72],[95.781,27.758],[95.823,27.809],[95.877,27.842],[95.955,27.927],[95.977,27.969],[95.826,27.977],[95.607,27.958],[95.516,27.882],[95.384,27.842],[95.317,27.871],[94.987,27.771],[94.861,27.739],[94.849,27.711],[94.795,27.698],[94.743,27.663],[94.698,27.667],[94.64,27.631],[94.591,27.623],[94.5,27.577],[94.453,27.571],[94.421,27.601],[94.367,27.577],[94.288,27.592],[94.235,27.633],[94.226,27.576],[94.259,27.523],[94.157,27.478],[94.061,27.364],[94,27.335],[93.807,27.15],[93.837,27.078],[93.719,27.019],[93.676,26.971],[93.468,26.939],[93.448,26.954],[93.348,26.963],[93.019,26.917],[92.918,26.964],[92.872,27.008],[92.769,27.033],[92.714,27.026],[92.659,27.039],[92.645,26.987],[92.585,26.962],[92.446,26.961],[92.4,26.926],[92.353,26.936],[92.195,26.891],[92.108,26.894]]],[[[89.871,25.537],[89.855,25.476],[89.869,25.476],[89.88,25.489],[89.874,25.514],[89.876,25.529],[89.871,25.537]]]]},"properties":{"ID_0":105,"ISO":"IND","NAME_0":"India","ID_1":4,"NAME_1":"Assam","NL_NAME_1":null,"VARNAME_1":null,"TYPE_1":"State","ENGTYPE_1":"State"}},
{"type":"Feature","geometry":{"type":"Polygon","coordinates":[[[88.106,26.536],[88.097,26.437],[88.03,26.382],[87.935,26.418],[87.903,26.477],[87.851,26.436],[87.795,26.469],[87.776,26.419],[87.712,26.427],[87.654,26.393],[87.59,26.392],[87.519,26.431],[87.469,26.44],[87.391,26.419],[87.316,26.367],[87.269,26.405],[87.165,26.404],[87.094,26.45],[87.074,26.585],[87.018,26.532],[86.935,26.516],[86.932,26.489],[86.836,26.439],[86.772,26.459],[86.749,26.428],[86.634,26.466],[86.567,26.501],[86.544,26.538],[86.31,26.62],[86.157,26.61],[86.072,26.657],[86.031,26.666],[85.861,26.569],[85.853,26.61],[85.749,26.64],[85.726,26.674],[85.737,26.796],[85.683,26.843],[85.609,26.857],[85.545,26.838],[85.455,26.782],[85.41,26.791],[85.336,26.741],[85.2,26.769],[85.179,26.815],[85.191,26.87],[85.113,26.872],[85.046,26.851],[85.046,26.891],[84.973,26.917],[84.964,26.96],[84.861,26.988],[84.82,27.02],[84.796,26.996],[84.645,27.047],[84.678,27.103],[84.692,27.222],[84.624,27.336],[84.443,27.37],[84.394,27.368],[84.293,27.385],[84.256,27.452],[84.151,27.486],[84.111,27.522],[84.054,27.443],[83.948,27.441],[83.87,27.429],[83.89,27.358],[83.859,27.351],[83.908,27.33],[83.896,27.277],[83.902,27.252],[83.908,27.248],[83.948,27.238],[83.962,27.228],[83.963,27.221],[83.977,27.203],[83.985,27.182],[83.984,27.179],[83.968,27.166],[83.951,27.141],[83.954,27.132],[83.951,27.126],[83.941,27.12],[83.94,27.102],[83.941,27.09],[83.948,27.086],[83.978,27.093],[84.005,27.104],[84.014,27.1],[84.019,27.093],[84.017,27.084],[83.991,27.069],[84.024,27.045],[84.036,27.047],[84.043,27.003],[84.05,26.991],[84.036,26.984],[84.043,26.98],[84.041,26.968],[84.047,26.962],[84.039,26.958],[84.035,26.949],[84.032,26.949],[84.025,26.943],[84.03,26.94],[84.045,26.93],[84.049,26.915],[84.042,26.909],[84.045,26.905],[84.051,26.902],[84.049,26.9],[84.059,26.891],[84.076,26.879],[84.088,26.882],[84.093,26.878],[84.1,26.888],[84.13,26.885],[84.141,26.884],[84.139,26.874],[84.151,26.839],[84.169,26.835],[84.175,26.846],[84.176,26.853],[84.209,26.871],[84.222,26.87],[84.235,26.864],[84.246,26.859],[84.25,26.838],[84.243,26.822],[84.249,26.821],[84.252,26.809],[84.248,26.793],[84.241,26.775],[84.225,26.757],[84.242,26.731],[84.254,26.734],[84.267,26.742],[84.279,26.751],[84.298,26.753],[84.306,26.738],[84.319,26.716],[84.323,26.688],[84.337,26.681],[84.35,26.681],[84.367,26.679],[84.402,26.671],[84.414,26.627],[84.297,26.616],[84.272,26.599],[84.152,26.639],[84.08,26.641],[84.085,26.611],[84.048,26.543],[83.965,26.512],[83.907,26.507],[83.902,26.45],[83.983,26.435],[84.016,26.442],[84.062,26.39],[84.171,26.374],[84.182,26.317],[84.157,26.261],[84.074,26.225],[84.034,26.232],[84.002,26.19],[84.049,26.1],[84.091,26.097],[84.137,26.047],[84.292,25.948],[84.351,25.959],[84.408,25.931],[84.431,25.893],[84.529,25.878],[84.547,25.841],[84.621,25.792],[84.556,25.736],[84.559,25.701],[84.516,25.678],[84.467,25.686],[84.449,25.714],[84.326,25.737],[84.319,25.672],[84.217,25.664],[84.168,25.722],[84.108,25.724],[84.07,25.696],[84.077,25.638],[84.014,25.616],[83.921,25.562],[83.782,25.399],[83.709,25.395],[83.611,25.333],[83.48,25.282],[83.46,25.252],[83.409,25.249],[83.388,25.207],[83.35,25.199],[83.353,25.149],[83.323,25.048],[83.357,24.955],[83.351,24.903],[83.39,24.833],[83.387,24.784],[83.453,24.733],[83.48,24.738],[83.513,24.679],[83.498,24.652],[83.535,24.616],[83.498,24.527],[83.717,24.505],[83.799,24.53],[83.928,24.548],[83.992,24.638],[84.047,24.612],[84.11,24.481],[84.173,24.542],[84.258,24.538],[84.293,24.566],[84.322,24.49],[84.293,24.451],[84.33,24.431],[84.336,24.396],[84.455,24.339],[84.494,24.287],[84.572,24.412],[84.658,24.394],[84.679,24.456],[84.742,24.496],[84.819,24.525],[84.827,24.47],[84.863,24.458],[84.903,24.372],[84.969,24.376],[84.99,24.412],[85.032,24.425],[85.115,24.409],[85.169,24.429],[85.153,24.464],[85.224,24.471],[85.279,24.519],[85.433,24.536],[85.494,24.551],[85.534,24.532],[85.609,24.585],[85.665,24.582],[85.66,24.675],[85.705,24.729],[85.737,24.823],[85.777,24.799],[85.878,24.8],[85.911,24.754],[85.95,24.732],[86.048,24.778],[86.106,24.736],[86.134,24.676],[86.126,24.612],[86.166,24.584],[86.293,24.586],[86.312,24.508],[86.294,24.476],[86.319,24.44],[86.354,24.442],[86.416,24.379],[86.462,24.377],[86.489,24.425],[86.49,24.484],[86.524,24.536],[86.6,24.599],[86.668,24.561],[86.792,24.615],[86.809,24.564],[86.855,24.55],[86.936,24.63],[87.01,24.606],[87.044,24.624],[87.082,24.725],[87.077,24.808],[87.106,24.847],[87.147,24.862],[87.154,24.991],[87.177,25.064],[87.259,25.105],[87.291,25.089],[87.323,25.223],[87.392,25.228],[87.472,25.195],[87.473,25.241],[87.567,25.334],[87.607,25.311],[87.684,25.31],[87.708,25.256],[87.783,25.246],[87.788,25.22],[87.849,25.253],[87.85,25.297],[87.782,25.338],[87.763,25.396],[87.787,25.449],[87.863,25.465],[87.87,25.503],[87.956,25.538],[88.004,25.494],[88.066,25.481],[88.068,25.49],[88.07,25.502],[88.066,25.505],[88.064,25.506],[88.056,25.53],[88.046,25.534],[88.039,25.533],[88.027,25.553],[88.03,25.559],[88.035,25.56],[88.025,25.569],[88.031,25.587],[88.039,25.595],[88.036,25.597],[88.03,25.6],[88.041,25.605],[88.039,25.608],[88.037,25.616],[88.043,25.632],[88.036,25.637],[88.044,25.643],[88.047,25.643],[88.049,25.644],[88.044,25.653],[88.049,25.681],[88.049,25.691],[87.98,25.718],[87.901,25.78],[87.911,25.852],[87.823,25.871],[87.807,25.93],[87.827,25.932],[87.828,25.941],[87.824,25.946],[87.827,25.954],[87.831,25.962],[87.826,25.984],[87.827,25.992],[87.833,26.001],[87.842,26.032],[87.876,26.066],[87.888,26.072],[87.893,26.08],[87.896,26.08],[87.918,26.088],[87.922,26.077],[87.931,26.069],[87.96,26.084],[87.968,26.081],[87.972,26.085],[87.969,26.092],[87.954,26.103],[87.969,26.109],[87.967,26.125],[87.968,26.132],[87.969,26.139],[87.963,26.149],[87.982,26.159],[87.996,26.142],[88.007,26.143],[88.015,26.143],[88.012,26.155],[88.034,26.17],[88.037,26.178],[88.059,26.174],[88.07,26.176],[88.073,26.185],[88.087,26.194],[88.09,26.203],[88.094,26.207],[88.102,26.212],[88.106,26.216],[88.116,26.223],[88.12,26.228],[88.126,26.227],[88.137,26.244],[88.159,26.257],[88.163,26.258],[88.177,26.262],[88.204,26.28],[88.214,26.282],[88.221,26.288],[88.227,26.297],[88.265,26.336],[88.27,26.333],[88.272,26.331],[88.279,26.346],[88.289,26.351],[88.29,26.357],[88.282,26.36],[88.27,26.379],[88.255,26.374],[88.245,26.376],[88.232,26.385],[88.23,26.394],[88.252,26.434],[88.243,26.449],[88.106,26.536]]]},"properties":{"ID_0":105,"ISO":"IND","NAME_0":"India","ID_1":5,"NAME_1":"Bihar","NL_NAME_1":null,"VARNAME_1":null,"TYPE_1":"State","ENGTYPE_1":"State"}},
{"type":"Feature","geometry":{"type":"Polygon","coordinates":[[[76.811,30.685],[76.821,30.697],[76.825,30.731],[76.828,30.764],[76.793,30.767],[76.803,30.778],[76.802,30.782],[76.796,30.786],[76.781,30.774],[76.773,30.783],[76.776,30.784],[76.768,30.795],[76.751,30.797],[76.746,30.795],[76.74,30.791],[76.738,30.79],[76.735,30.783],[76.729,30.776],[76.718,30.769],[76.691,30.76],[76.693,30.757],[76.71,30.735],[76.715,30.715],[76.715,30.713],[76.727,30.708],[76.725,30.704],[76.733,30.697],[76.738,30.689],[76.794,30.669],[76.806,30.68],[76.811,30.685]]]},"properties":{"ID_0":105,"ISO":"IND","NAME_0":"India","ID_1":6,"NAME_1":"Chandigarh","NL_NAME_1":null,"VARNAME_1":null,"TYPE_1":"Union Territor","ENGTYPE_1":"Union Territory"}},
{"type":"Feature","geometry":{"type":"Polygon","coordinates":[[[81.385,17.807],[81.396,17.888],[81.437,17.876],[81.444,17.922],[81.477,17.974],[81.474,18.029],[81.509,18.092],[81.523,18.157],[81.505,18.184],[81.528,18.259],[81.593,18.301],[81.66,18.316],[81.658,18.339],[81.745,18.345],[81.762,18.411],[81.897,18.528],[81.947,18.559],[81.955,18.68],[82.034,18.719],[82.079,18.712],[82.091,18.756],[82.145,18.773],[82.171,18.892],[82.24,18.91],[82.209,19.079],[82.168,19.134],[82.152,19.265],[82.18,19.332],[82.166,19.366],[82.17,19.429],[82.119,19.424],[82.092,19.51],[82.046,19.539],[82.035,19.583],[82.051,19.624],[82.038,19.704],[82.052,19.791],[81.98,19.796],[81.96,19.855],[81.858,19.9],[81.837,19.95],[81.86,20.023],[81.934,20.099],[81.974,20.076],[82.015,20.02],[82.058,20.05],[82.116,20.01],[82.184,19.981],[82.231,19.998],[82.262,19.972],[82.298,19.883],[82.339,19.83],[82.389,19.882],[82.476,19.901],[82.597,19.86],[82.572,19.828],[82.578,19.776],[82.619,19.786],[82.646,19.825],[82.698,19.827],[82.711,19.983],[82.65,19.999],[82.582,19.99],[82.544,20.012],[82.396,20.049],[82.379,20.145],[82.414,20.202],[82.405,20.264],[82.422,20.31],[82.394,20.336],[82.41,20.403],[82.38,20.51],[82.324,20.554],[82.368,20.63],[82.343,20.699],[82.334,20.841],[82.401,20.862],[82.416,20.826],[82.478,20.847],[82.483,20.9],[82.553,20.941],[82.622,21.037],[82.609,21.064],[82.645,21.102],[82.636,21.149],[82.758,21.159],[82.782,21.141],[82.84,21.163],[82.98,21.157],[83.041,21.119],[83.12,21.101],[83.193,21.139],[83.242,21.276],[83.27,21.375],[83.375,21.34],[83.394,21.399],[83.35,21.444],[83.342,21.485],[83.381,21.613],[83.441,21.649],[83.484,21.742],[83.491,21.809],[83.531,21.832],[83.6,21.911],[83.535,21.964],[83.549,22.007],[83.538,22.055],[83.557,22.1],[83.646,22.225],[83.693,22.246],[83.746,22.241],[83.861,22.344],[84.001,22.37],[84.04,22.433],[84.042,22.464],[83.976,22.502],[84.003,22.521],[84.005,22.57],[84.048,22.594],[84.08,22.637],[84.15,22.634],[84.232,22.689],[84.225,22.735],[84.285,22.763],[84.32,22.849],[84.376,22.874],[84.389,22.939],[84.371,22.975],[84.279,22.961],[84.217,22.976],[84.179,23.023],[84.144,22.988],[84.131,23.063],[84.029,23.154],[84.056,23.196],[84.05,23.241],[84.07,23.33],[84.043,23.374],[84.007,23.353],[83.967,23.374],[83.97,23.448],[84.009,23.5],[84.02,23.6],[83.975,23.631],[83.938,23.622],[83.935,23.563],[83.775,23.6],[83.752,23.649],[83.715,23.683],[83.729,23.755],[83.656,23.844],[83.581,23.862],[83.549,23.893],[83.512,23.967],[83.51,24.025],[83.448,24.042],[83.425,24.084],[83.324,24.101],[83.292,24.077],[83.276,24.023],[83.216,23.989],[83.19,23.921],[83.127,23.89],[82.954,23.873],[82.881,23.91],[82.808,23.963],[82.748,23.922],[82.655,23.906],[82.66,23.87],[82.63,23.839],[82.545,23.794],[82.485,23.788],[82.464,23.811],[82.388,23.801],[82.298,23.808],[82.199,23.832],[82.134,23.818],[82.045,23.821],[82.001,23.863],[81.894,23.844],[81.812,23.809],[81.773,23.814],[81.703,23.863],[81.662,23.926],[81.608,23.903],[81.598,23.854],[81.643,23.805],[81.638,23.778],[81.687,23.721],[81.643,23.66],[81.613,23.661],[81.603,23.6],[81.605,23.511],[81.655,23.532],[81.693,23.523],[81.729,23.565],[81.798,23.549],[81.827,23.511],[81.916,23.532],[81.949,23.497],[81.971,23.424],[82.023,23.384],[82.098,23.398],[82.188,23.322],[82.189,23.285],[82.142,23.228],[82.151,23.142],[82.116,23.104],[82.061,23.116],[82.028,23.082],[81.938,23.078],[81.918,23.041],[81.94,22.957],[81.861,22.894],[81.769,22.874],[81.761,22.834],[81.784,22.767],[81.747,22.726],[81.766,22.676],[81.679,22.649],[81.641,22.608],[81.649,22.576],[81.609,22.536],[81.563,22.551],[81.515,22.537],[81.48,22.493],[81.446,22.496],[81.389,22.445],[81.379,22.505],[81.323,22.524],[81.224,22.452],[81.171,22.488],[81.11,22.441],[81.101,22.383],[81.114,22.294],[81.085,22.247],[81.019,22.229],[81.026,22.198],[80.999,22.062],[80.963,22.058],[80.951,22.113],[80.917,22.121],[80.879,22.061],[80.869,22.011],[80.833,21.947],[80.84,21.875],[80.832,21.805],[80.811,21.747],[80.74,21.756],[80.707,21.672],[80.709,21.604],[80.731,21.539],[80.73,21.472],[80.657,21.331],[80.673,21.311],[80.639,21.255],[80.561,21.206],[80.457,21.173],[80.435,21.099],[80.449,21.05],[80.424,21.01],[80.459,20.928],[80.535,20.931],[80.556,20.82],[80.543,20.792],[80.578,20.679],[80.519,20.662],[80.482,20.617],[80.52,20.585],[80.579,20.614],[80.613,20.591],[80.603,20.433],[80.586,20.392],[80.617,20.326],[80.542,20.307],[80.511,20.27],[80.456,20.269],[80.383,20.242],[80.413,20.188],[80.394,20.144],[80.451,20.145],[80.524,20.124],[80.546,20.066],[80.544,19.982],[80.52,19.931],[80.444,19.953],[80.403,19.91],[80.49,19.894],[80.46,19.828],[80.518,19.829],[80.54,19.775],[80.582,19.738],[80.666,19.692],[80.662,19.609],[80.721,19.608],[80.785,19.56],[80.82,19.565],[80.879,19.519],[80.892,19.466],[80.867,19.443],[80.788,19.427],[80.839,19.355],[80.749,19.287],[80.684,19.287],[80.664,19.327],[80.604,19.312],[80.584,19.377],[80.559,19.398],[80.514,19.348],[80.47,19.329],[80.445,19.27],[80.388,19.243],[80.381,19.181],[80.345,19.163],[80.332,19.101],[80.268,18.987],[80.264,18.941],[80.336,18.856],[80.346,18.811],[80.299,18.794],[80.241,18.749],[80.268,18.718],[80.296,18.686],[80.342,18.586],[80.45,18.626],[80.488,18.627],[80.532,18.586],[80.633,18.519],[80.651,18.472],[80.713,18.406],[80.723,18.361],[80.784,18.243],[80.733,18.219],[80.735,18.172],[80.798,18.166],[80.849,18.2],[80.862,18.133],[80.949,18.123],[80.985,17.923],[81.004,17.838],[81.032,17.79],[81.074,17.786],[81.098,17.817],[81.16,17.853],[81.254,17.812],[81.385,17.807]]]},"properties":{"ID_0":105,"ISO":"IND","NAME_0":"India","ID_1":7,"NAME_1":"Chhattisgarh","NL_NAME_1":null,"VARNAME_1":null,"TYPE_1":"State","ENGTYPE_1":"State"}},
{"type":"Feature","geometry":{"type":"Polygon","coordinates":[[[72.99,20.292],[72.988,20.275],[72.98,20.271],[72.97,20.275],[72.951,20.292],[72.938,20.288],[72.925,20.279],[72.922,20.274],[72.944,20.245],[72.965,20.237],[72.974,20.215],[72.97,20.212],[72.986,20.158],[72.973,20.131],[72.985,20.113],[73.004,20.118],[73.008,20.129],[73.008,20.132],[73.017,20.135],[73.017,20.13],[73.045,20.072],[73.059,20.068],[73.058,20.097],[73.088,20.094],[73.105,20.087],[73.11,20.085],[73.112,20.083],[73.123,20.078],[73.128,20.078],[73.137,20.085],[73.144,20.078],[73.17,20.066],[73.175,20.058],[73.184,20.052],[73.186,20.053],[73.214,20.091],[73.218,20.106],[73.211,20.124],[73.196,20.14],[73.195,20.151],[73.199,20.162],[73.227,20.176],[73.229,20.184],[73.21,20.197],[73.204,20.198],[73.189,20.201],[73.18,20.209],[73.154,20.202],[73.153,20.203],[73.15,20.206],[73.142,20.204],[73.146,20.187],[73.148,20.185],[73.125,20.157],[73.117,20.159],[73.109,20.159],[73.099,20.173],[73.098,20.173],[73.09,20.17],[73.086,20.157],[73.076,20.16],[73.07,20.197],[73.067,20.198],[73.077,20.23],[73.088,20.234],[73.102,20.229],[73.109,20.239],[73.113,20.244],[73.137,20.26],[73.143,20.269],[73.146,20.281],[73.147,20.281],[73.154,20.277],[73.155,20.285],[73.158,20.29],[73.161,20.292],[73.167,20.283],[73.18,20.29],[73.177,20.308],[73.178,20.311],[73.177,20.312],[73.147,20.317],[73.139,20.31],[73.116,20.304],[73.122,20.333],[73.118,20.343],[73.114,20.353],[73.111,20.356],[73.105,20.361],[73.102,20.358],[73.097,20.335],[73.086,20.326],[73.075,20.33],[73.067,20.326],[73.055,20.325],[73.044,20.291],[73.037,20.291],[73.02,20.317],[72.99,20.292]]]},"properties":{"ID_0":105,"ISO":"IND","NAME_0":"India","ID_1":8,"NAME_1":"Dadra and Nagar Haveli","NL_NAME_1":null,"VARNAME_1":"DAdra et Nagar Haveli|Dadra e Nagar Haveli","TYPE_1":"Union Territor","ENGTYPE_1":"Union Territory"}},
{"type":"Feature","geometry":{"type":"MultiPolygon","coordinates":[[[[72.866,20.468],[72.843,20.458],[72.828,20.434],[72.822,20.371],[72.843,20.399],[72.87,20.391],[72.876,20.381],[72.874,20.393],[72.869,20.404],[72.869,20.406],[72.851,20.412],[72.844,20.416],[72.841,20.418],[72.839,20.438],[72.851,20.455],[72.866,20.468]]],[[[70.949,20.734],[70.93,20.732],[70.905,20.727],[70.892,20.708],[70.963,20.729],[70.949,20.734]]],[[[70.768,20.962],[70.756,20.974],[70.742,20.99],[70.734,20.988],[70.731,20.96],[70.718,20.912],[70.694,20.883],[70.676,20.819],[70.682,20.801],[70.683,20.784],[70.675,20.77],[70.677,20.769],[70.744,20.72],[70.869,20.706],[70.87,20.719],[70.855,20.752],[70.854,20.753],[70.894,20.795],[70.884,20.873],[70.89,20.936],[70.88,20.955],[70.862,20.961],[70.851,20.963],[70.846,20.971],[70.825,20.96],[70.808,20.964],[70.794,20.959],[70.779,20.967],[70.773,20.961],[70.768,20.962]]]]},"properties":{"ID_0":105,"ISO":"IND","NAME_0":"India","ID_1":9,"NAME_1":"Daman and Diu","NL_NAME_1":null,"VARNAME_1":null,"TYPE_1":"Union Territor","ENGTYPE_1":"Union Territory"}},
{"type":"Feature","geometry":{"type":"Polygon","coordinates":[[[77.194,28.802],[77.217,28.835],[77.193,28.865],[77.184,28.862],[77.165,28.861],[77.151,28.848],[77.136,28.853],[77.129,28.865],[77.11,28.866],[77.099,28.872],[77.083,28.875],[77.05,28.873],[77.038,28.853],[76.983,28.839],[76.98,28.837],[76.958,28.83],[76.948,28.818],[76.947,28.774],[76.938,28.76],[76.95,28.747],[76.941,28.717],[76.95,28.694],[76.947,28.677],[76.943,28.675],[76.918,28.653],[76.91,28.638],[76.894,28.633],[76.878,28.638],[76.855,28.592],[76.835,28.591],[76.833,28.583],[76.859,28.542],[76.879,28.524],[76.879,28.509],[76.894,28.516],[76.908,28.515],[76.933,28.516],[76.977,28.524],[77.006,28.514],[77,28.542],[77.016,28.533],[77.02,28.533],[77.072,28.52],[77.09,28.505],[77.108,28.494],[77.103,28.483],[77.113,28.45],[77.131,28.439],[77.152,28.428],[77.166,28.408],[77.195,28.413],[77.215,28.416],[77.241,28.429],[77.243,28.447],[77.226,28.464],[77.232,28.476],[77.254,28.486],[77.278,28.498],[77.301,28.49],[77.315,28.495],[77.329,28.508],[77.337,28.516],[77.331,28.524],[77.315,28.541],[77.303,28.55],[77.294,28.58],[77.295,28.582],[77.31,28.599],[77.328,28.605],[77.318,28.672],[77.322,28.712],[77.317,28.717],[77.296,28.713],[77.293,28.71],[77.284,28.719],[77.271,28.738],[77.266,28.739],[77.256,28.74],[77.253,28.753],[77.246,28.757],[77.229,28.772],[77.221,28.778],[77.225,28.788],[77.213,28.786],[77.208,28.787],[77.197,28.795],[77.194,28.802]]]},"properties":{"ID_0":105,"ISO":"IND","NAME_0":"India","ID_1":10,"NAME_1":"Delhi","NL_NAME_1":null,"VARNAME_1":null,"TYPE_1":"Union Territor","ENGTYPE_1":"Union Territory"}},
{"type":"Feature","geometry":{"type":"Polygon","coordinates":[[[74.126,15.65],[74.081,15.626],[74.002,15.609],[73.976,15.629],[73.971,15.687],[73.945,15.742],[73.909,15.742],[73.865,15.798],[73.82,15.74],[73.786,15.723],[73.719,15.722],[73.707,15.722],[73.692,15.727],[73.68,15.724],[73.733,15.618],[73.768,15.491],[73.801,15.461],[73.849,15.452],[73.883,15.398],[73.817,15.404],[73.842,15.36],[73.873,15.37],[73.909,15.29],[73.948,15.147],[73.923,15.11],[73.993,15.018],[74.033,14.999],[74.043,14.918],[74.104,14.904],[74.133,14.916],[74.146,14.917],[74.175,14.909],[74.175,14.916],[74.166,14.937],[74.17,14.942],[74.17,14.947],[74.197,14.943],[74.204,14.938],[74.203,14.927],[74.219,14.931],[74.244,14.957],[74.251,14.961],[74.262,14.958],[74.267,14.967],[74.274,14.975],[74.272,14.998],[74.271,14.999],[74.282,15.016],[74.29,15.022],[74.289,15.03],[74.29,15.143],[74.322,15.184],[74.277,15.274],[74.342,15.293],[74.328,15.367],[74.29,15.381],[74.283,15.443],[74.256,15.49],[74.287,15.526],[74.254,15.566],[74.267,15.617],[74.255,15.654],[74.126,15.65]]]},"properties":{"ID_0":105,"ISO":"IND","NAME_0":"India","ID_1":11,"NAME_1":"Goa","NL_NAME_1":null,"VARNAME_1":"Ga","TYPE_1":"State","ENGTYPE_1":"State"}},
{"type":"Feature","geometry":{"type":"MultiPolygon","coordinates":[[[[73.211,20.124],[73.216,20.122],[73.294,20.154],[73.311,20.207],[73.376,20.195],[73.427,20.202],[73.42,20.257],[73.437,20.282],[73.415,20.382],[73.449,20.467],[73.476,20.495],[73.481,20.584],[73.44,20.595],[73.404,20.652],[73.44,20.665],[73.459,20.714],[73.563,20.647],[73.622,20.625],[73.637,20.579],[73.748,20.567],[73.787,20.602],[73.846,20.624],[73.843,20.702],[73.889,20.731],[73.921,20.724],[73.941,20.769],[73.945,20.84],[73.896,20.933],[73.906,20.983],[73.816,20.996],[73.748,21.04],[73.736,21.103],[73.693,21.101],[73.636,21.133],[73.742,21.167],[73.823,21.172],[73.832,21.267],[73.892,21.262],[73.948,21.298],[73.962,21.393],[74.052,21.426],[74.057,21.456],[74.121,21.45],[74.186,21.467],[74.223,21.459],[74.308,21.48],[74.336,21.54],[74.292,21.559],[74.068,21.559],[73.984,21.542],[73.861,21.496],[73.825,21.598],[73.788,21.625],[73.886,21.645],[73.89,21.711],[73.846,21.742],[73.828,21.812],[74.023,21.906],[74.146,21.954],[74.154,21.986],[74.1,22.002],[74.138,22.054],[74.123,22.213],[74.076,22.222],[74.059,22.286],[74.072,22.36],[74.112,22.372],[74.134,22.332],[74.198,22.343],[74.274,22.393],[74.237,22.439],[74.105,22.433],[74.085,22.509],[74.214,22.567],[74.237,22.614],[74.278,22.648],[74.384,22.644],[74.403,22.731],[74.465,22.815],[74.479,22.859],[74.463,22.913],[74.382,22.91],[74.342,22.965],[74.371,22.98],[74.323,23.063],[74.25,23.178],[74.208,23.192],[74.183,23.152],[74.127,23.179],[74.136,23.265],[74.107,23.294],[74.049,23.295],[74.033,23.332],[73.894,23.337],[73.827,23.447],[73.765,23.459],[73.633,23.452],[73.637,23.531],[73.661,23.623],[73.619,23.651],[73.571,23.654],[73.527,23.611],[73.501,23.635],[73.51,23.697],[73.4,23.784],[73.36,23.855],[73.386,23.906],[73.42,23.923],[73.414,24.051],[73.335,24.115],[73.327,24.063],[73.253,24.011],[73.201,24.045],[73.224,24.098],[73.123,24.14],[73.083,24.185],[73.116,24.263],[73.173,24.301],[73.18,24.351],[73.085,24.394],[73.106,24.42],[73.094,24.495],[73.051,24.465],[72.981,24.451],[72.964,24.392],[72.977,24.359],[72.924,24.326],[72.868,24.366],[72.733,24.361],[72.659,24.456],[72.589,24.473],[72.542,24.505],[72.465,24.407],[72.437,24.461],[72.448,24.493],[72.386,24.501],[72.358,24.553],[72.295,24.538],[72.251,24.58],[72.275,24.622],[72.23,24.633],[72.186,24.609],[72.085,24.653],[72.085,24.697],[72.052,24.706],[71.993,24.657],[71.935,24.627],[71.926,24.662],[71.871,24.672],[71.869,24.623],[71.812,24.622],[71.785,24.669],[71.662,24.633],[71.617,24.671],[71.488,24.674],[71.381,24.621],[71.357,24.654],[71.298,24.608],[71.261,24.621],[71.242,24.627],[71.207,24.64],[71.172,24.649],[71.107,24.681],[71.02,24.631],[71.001,24.599],[71.015,24.523],[71.008,24.442],[71.093,24.436],[71.134,24.414],[71.047,24.347],[70.998,24.361],[70.96,24.346],[70.885,24.291],[70.894,24.257],[70.806,24.223],[70.655,24.225],[70.594,24.24],[70.572,24.345],[70.611,24.402],[70.575,24.42],[70.37,24.353],[70.11,24.285],[70.077,24.216],[70.024,24.169],[69.912,24.164],[69.725,24.175],[69.601,24.278],[69.501,24.255],[69.432,24.274],[69.362,24.266],[69.31,24.277],[69.2,24.235],[69.085,24.268],[69.014,24.229],[68.922,24.259],[68.898,24.199],[68.848,24.208],[68.826,24.308],[68.764,24.284],[68.76,24.036],[68.749,23.962],[68.547,23.963],[68.538,23.945],[68.545,23.935],[68.558,23.933],[68.56,23.93],[68.56,23.924],[68.58,23.924],[68.588,23.922],[68.613,23.903],[68.572,23.88],[68.523,23.817],[68.535,23.757],[68.597,23.84],[68.685,23.82],[68.631,23.759],[68.557,23.717],[68.489,23.635],[68.49,23.54],[68.507,23.463],[68.559,23.42],[68.567,23.378],[68.637,23.344],[68.641,23.267],[68.585,23.222],[68.652,23.155],[68.762,23.079],[68.812,23.061],[68.988,22.956],[69.045,22.93],[69.197,22.838],[69.267,22.824],[69.319,22.832],[69.389,22.814],[69.474,22.773],[69.523,22.79],[69.597,22.76],[69.622,22.767],[69.711,22.738],[69.753,22.82],[69.798,22.85],[69.866,22.873],[69.906,22.866],[69.951,22.893],[70.106,22.909],[70.139,22.941],[70.209,22.952],[70.229,22.977],[70.345,22.93],[70.393,22.963],[70.397,23.026],[70.429,23.057],[70.493,23.075],[70.472,23.012],[70.41,22.92],[70.385,22.91],[70.342,22.848],[70.301,22.758],[70.255,22.726],[70.245,22.67],[70.199,22.617],[70.163,22.552],[70.047,22.555],[69.946,22.528],[69.911,22.468],[69.841,22.456],[69.793,22.403],[69.741,22.457],[69.691,22.451],[69.699,22.396],[69.655,22.359],[69.6,22.349],[69.521,22.379],[69.423,22.317],[69.34,22.33],[69.291,22.276],[69.207,22.264],[69.16,22.307],[69.191,22.422],[69.148,22.403],[69.069,22.396],[69.008,22.44],[68.957,22.367],[68.936,22.312],[68.953,22.248],[69.058,22.126],[69.259,21.918],[69.584,21.638],[69.602,21.637],[69.706,21.539],[69.705,21.59],[69.744,21.636],[69.764,21.579],[69.713,21.528],[70.007,21.199],[70.1,21.105],[70.258,20.973],[70.425,20.863],[70.585,20.782],[70.677,20.769],[70.675,20.77],[70.683,20.784],[70.682,20.801],[70.676,20.819],[70.694,20.883],[70.718,20.912],[70.731,20.96],[70.734,20.988],[70.742,20.99],[70.756,20.974],[70.768,20.962],[70.773,20.961],[70.779,20.967],[70.794,20.959],[70.808,20.964],[70.825,20.96],[70.846,20.971],[70.851,20.963],[70.862,20.961],[70.88,20.955],[70.89,20.936],[70.884,20.873],[70.894,20.795],[70.854,20.753],[70.874,20.727],[70.874,20.71],[70.889,20.709],[70.892,20.708],[70.905,20.727],[70.93,20.732],[70.949,20.734],[70.963,20.729],[70.991,20.746],[71.051,20.732],[71.086,20.756],[71.149,20.757],[71.323,20.846],[71.437,20.868],[71.477,20.89],[71.51,20.944],[71.637,20.973],[71.721,21.022],[71.764,21.021],[71.797,21.058],[71.916,21.112],[72.048,21.161],[72.115,21.202],[72.082,21.246],[72.171,21.39],[72.224,21.44],[72.251,21.494],[72.268,21.572],[72.306,21.628],[72.248,21.751],[72.26,21.784],[72.256,21.89],[72.22,21.948],[72.252,21.987],[72.28,21.967],[72.323,22.123],[72.387,22.16],[72.417,22.227],[72.416,22.285],[72.508,22.232],[72.637,22.284],[72.692,22.237],[72.759,22.232],[72.758,22.174],[72.7,22.185],[72.648,22.217],[72.601,22.213],[72.547,22.15],[72.507,21.994],[72.502,21.935],[72.523,21.85],[72.568,21.824],[72.543,21.743],[72.52,21.713],[72.547,21.658],[72.597,21.681],[72.711,21.678],[72.673,21.628],[72.628,21.617],[72.598,21.544],[72.665,21.427],[72.623,21.375],[72.593,21.312],[72.597,21.25],[72.619,21.223],[72.626,21.09],[72.7,21.101],[72.754,20.943],[72.786,20.922],[72.839,20.799],[72.835,20.782],[72.898,20.574],[72.866,20.468],[72.851,20.455],[72.839,20.438],[72.841,20.418],[72.844,20.416],[72.851,20.412],[72.869,20.406],[72.869,20.404],[72.874,20.393],[72.876,20.381],[72.87,20.391],[72.843,20.399],[72.822,20.371],[72.776,20.333],[72.741,20.245],[72.738,20.137],[72.788,20.13],[72.829,20.157],[72.85,20.208],[72.884,20.227],[72.97,20.212],[72.974,20.215],[72.965,20.237],[72.944,20.245],[72.922,20.274],[72.925,20.279],[72.938,20.288],[72.951,20.292],[72.97,20.275],[72.98,20.271],[72.988,20.275],[72.99,20.292],[73.02,20.317],[73.037,20.291],[73.044,20.291],[73.055,20.325],[73.067,20.326],[73.075,20.33],[73.086,20.326],[73.097,20.335],[73.102,20.358],[73.105,20.361],[73.111,20.356],[73.114,20.353],[73.118,20.343],[73.122,20.333],[73.116,20.304],[73.139,20.31],[73.147,20.317],[73.177,20.312],[73.178,20.311],[73.177,20.308],[73.18,20.29],[73.167,20.283],[73.161,20.292],[73.158,20.29],[73.155,20.285],[73.154,20.277],[73.147,20.281],[73.146,20.281],[73.143,20.269],[73.137,20.26],[73.113,20.244],[73.109,20.239],[73.102,20.229],[73.088,20.234],[73.077,20.23],[73.067,20.198],[73.07,20.197],[73.076,20.16],[73.086,20.157],[73.09,20.17],[73.098,20.173],[73.099,20.173],[73.109,20.159],[73.117,20.159],[73.125,20.157],[73.148,20.185],[73.146,20.187],[73.142,20.204],[73.15,20.206],[73.153,20.203],[73.154,20.202],[73.18,20.209],[73.189,20.201],[73.204,20.198],[73.21,20.197],[73.229,20.184],[73.227,20.176],[73.199,20.162],[73.195,20.151],[73.196,20.14],[73.211,20.124]]],[[[68.358,23.805],[68.339,23.733],[68.269,23.65],[68.207,23.642],[68.22,23.591],[68.264,23.602],[68.295,23.579],[68.347,23.598],[68.391,23.655],[68.418,23.729],[68.398,23.785],[68.358,23.805]]],[[[68.308,23.824],[68.295,23.819],[68.298,23.804],[68.278,23.797],[68.264,23.76],[68.268,23.705],[68.324,23.734],[68.322,23.803],[68.313,23.822],[68.308,23.824]]],[[[68.497,23.831],[68.448,23.806],[68.488,23.737],[68.517,23.755],[68.523,23.804],[68.497,23.831]]],[[[68.396,23.878],[68.343,23.837],[68.4,23.79],[68.439,23.834],[68.396,23.878]]],[[[68.449,23.938],[68.386,23.906],[68.427,23.865],[68.452,23.882],[68.449,23.938]]],[[[68.535,23.946],[68.53,23.917],[68.487,23.891],[68.521,23.857],[68.588,23.922],[68.562,23.923],[68.558,23.923],[68.559,23.928],[68.557,23.932],[68.542,23.934],[68.535,23.946]]],[[[68.482,23.993],[68.448,23.981],[68.454,23.882],[68.518,23.924],[68.482,23.993]]],[[[68.43,23.995],[68.4,23.968],[68.348,23.963],[68.342,23.925],[68.283,23.92],[68.209,23.811],[68.226,23.763],[68.193,23.731],[68.238,23.681],[68.274,23.797],[68.294,23.821],[68.306,23.825],[68.315,23.824],[68.338,23.819],[68.35,23.908],[68.403,23.921],[68.432,23.96],[68.43,23.995]]]]},"properties":{"ID_0":105,"ISO":"IND","NAME_0":"India","ID_1":12,"NAME_1":"Gujarat","NL_NAME_1":null,"VARNAME_1":"Goudjerate|Gujerat|Gujerate","TYPE_1":"State","ENGTYPE_1":"State"}},
{"type":"Feature","geometry":{"type":"Polygon","coordinates":[[[76.821,30.697],[76.82,30.686],[76.913,30.6],[76.885,30.54],[76.89,30.437],[76.927,30.389],[76.898,30.363],[76.832,30.434],[76.808,30.412],[76.749,30.427],[76.7,30.394],[76.739,30.36],[76.671,30.319],[76.59,30.254],[76.639,30.206],[76.623,30.17],[76.619,30.095],[76.555,30.099],[76.501,30.077],[76.452,30.101],[76.426,30.148],[76.328,30.11],[76.251,30.119],[76.189,30.004],[76.204,29.944],[76.183,29.894],[76.229,29.855],[76.074,29.781],[76.041,29.749],[75.934,29.733],[75.864,29.752],[75.82,29.815],[75.772,29.825],[75.706,29.809],[75.666,29.773],[75.563,29.744],[75.556,29.766],[75.444,29.786],[75.397,29.761],[75.318,29.671],[75.28,29.603],[75.291,29.562],[75.238,29.552],[75.221,29.607],[75.173,29.63],[75.198,29.731],[75.231,29.752],[75.182,29.839],[75.102,29.803],[75.065,29.879],[74.99,29.856],[74.924,29.942],[74.85,29.959],[74.801,29.993],[74.776,29.974],[74.681,29.949],[74.64,29.922],[74.586,29.915],[74.519,29.943],[74.554,29.866],[74.492,29.827],[74.465,29.788],[74.472,29.744],[74.605,29.753],[74.579,29.655],[74.572,29.556],[74.611,29.531],[74.57,29.406],[74.6,29.354],[74.65,29.372],[74.776,29.36],[74.81,29.398],[74.85,29.403],[74.927,29.365],[74.953,29.282],[75.024,29.292],[75.078,29.232],[75.147,29.246],[75.272,29.254],[75.315,29.236],[75.38,29.264],[75.401,29.189],[75.361,29.143],[75.381,29.07],[75.43,29.065],[75.435,29.017],[75.511,29.011],[75.488,28.86],[75.513,28.837],[75.499,28.788],[75.531,28.733],[75.54,28.649],[75.556,28.615],[75.609,28.606],[75.629,28.546],[75.69,28.499],[75.778,28.458],[75.803,28.414],[75.922,28.369],[75.987,28.296],[76.011,28.242],[76.053,28.224],[76.075,28.172],[76.028,28.173],[75.936,28.094],[75.977,28.084],[75.955,27.989],[75.977,27.909],[75.975,27.865],[76.05,27.848],[76.088,27.868],[76.173,27.807],[76.206,27.848],[76.17,27.91],[76.179,27.973],[76.154,27.993],[76.177,28.059],[76.251,28.071],[76.337,28.03],[76.353,28.066],[76.332,28.107],[76.36,28.143],[76.472,28.15],[76.498,28.107],[76.456,28.046],[76.539,28.039],[76.531,27.979],[76.599,28.01],[76.66,28.019],[76.648,28.092],[76.682,28.098],[76.791,28.157],[76.79,28.194],[76.833,28.225],[76.962,28.144],[76.919,27.998],[76.927,27.834],[76.908,27.836],[76.889,27.72],[76.97,27.657],[76.994,27.742],[77.032,27.748],[77.038,27.82],[77.101,27.785],[77.15,27.812],[77.235,27.786],[77.276,27.807],[77.339,27.86],[77.412,27.859],[77.47,27.895],[77.469,27.933],[77.519,27.932],[77.535,27.993],[77.478,28.049],[77.473,28.104],[77.499,28.163],[77.538,28.191],[77.466,28.341],[77.494,28.358],[77.436,28.432],[77.338,28.509],[77.329,28.508],[77.315,28.495],[77.301,28.49],[77.278,28.498],[77.254,28.486],[77.232,28.476],[77.226,28.464],[77.243,28.447],[77.241,28.429],[77.215,28.416],[77.195,28.413],[77.166,28.408],[77.152,28.428],[77.131,28.439],[77.113,28.45],[77.103,28.483],[77.108,28.494],[77.09,28.505],[77.072,28.52],[77.02,28.533],[77.016,28.533],[77,28.542],[77.006,28.514],[76.977,28.524],[76.933,28.516],[76.908,28.515],[76.894,28.516],[76.879,28.509],[76.879,28.524],[76.859,28.542],[76.833,28.583],[76.835,28.591],[76.855,28.592],[76.878,28.638],[76.894,28.633],[76.91,28.638],[76.918,28.653],[76.943,28.675],[76.947,28.677],[76.95,28.694],[76.941,28.717],[76.95,28.747],[76.938,28.76],[76.947,28.774],[76.948,28.818],[76.958,28.83],[76.98,28.837],[76.983,28.839],[77.038,28.853],[77.05,28.873],[77.083,28.875],[77.099,28.872],[77.11,28.866],[77.129,28.865],[77.136,28.853],[77.151,28.848],[77.165,28.861],[77.184,28.862],[77.187,28.867],[77.217,28.9],[77.191,28.962],[77.214,29.006],[77.163,29.049],[77.124,29.101],[77.14,29.182],[77.129,29.273],[77.154,29.317],[77.118,29.456],[77.123,29.486],[77.085,29.534],[77.11,29.553],[77.086,29.601],[77.14,29.717],[77.113,29.749],[77.152,29.793],[77.182,29.873],[77.18,29.902],[77.25,29.988],[77.27,30.048],[77.332,30.064],[77.414,30.111],[77.411,30.146],[77.473,30.189],[77.532,30.287],[77.57,30.311],[77.575,30.385],[77.491,30.417],[77.435,30.404],[77.346,30.462],[77.311,30.454],[77.252,30.484],[77.203,30.48],[77.185,30.526],[77.111,30.567],[77.157,30.6],[77.154,30.689],[77.102,30.731],[77.013,30.742],[76.998,30.814],[76.954,30.811],[76.902,30.897],[76.852,30.871],[76.77,30.906],[76.769,30.877],[76.828,30.833],[76.847,30.793],[76.828,30.764],[76.825,30.731],[76.821,30.697]]]},"properties":{"ID_0":105,"ISO":"IND","NAME_0":"India","ID_1":13,"NAME_1":"Haryana","NL_NAME_1":null,"VARNAME_1":null,"TYPE_1":"State","ENGTYPE_1":"State"}},
{"type":"Feature","geometry":{"type":"Polygon","coordinates":[[[77.575,30.385],[77.563,30.404],[77.604,30.437],[77.662,30.449],[77.799,30.511],[77.806,30.561],[77.754,30.57],[77.732,30.607],[77.775,30.641],[77.733,30.686],[77.741,30.711],[77.688,30.769],[77.784,30.872],[77.793,30.926],[77.746,30.922],[77.754,30.977],[77.796,30.97],[77.825,31.005],[77.805,31.054],[77.902,31.159],[77.955,31.179],[78.008,31.157],[78.03,31.185],[78.092,31.193],[78.148,31.232],[78.233,31.235],[78.298,31.288],[78.369,31.288],[78.419,31.26],[78.47,31.204],[78.537,31.207],[78.601,31.236],[78.651,31.198],[78.749,31.194],[78.795,31.205],[78.819,31.147],[78.88,31.104],[78.997,31.118],[78.972,31.182],[78.946,31.194],[78.907,31.259],[78.829,31.33],[78.827,31.381],[78.776,31.402],[78.795,31.453],[78.744,31.49],[78.721,31.541],[78.797,31.576],[78.827,31.628],[78.734,31.692],[78.691,31.793],[78.721,31.835],[78.725,31.885],[78.771,32],[78.737,32.004],[78.652,32.088],[78.596,32.123],[78.574,32.159],[78.593,32.219],[78.543,32.249],[78.439,32.246],[78.464,32.278],[78.461,32.337],[78.519,32.418],[78.438,32.456],[78.449,32.49],[78.411,32.512],[78.382,32.53],[78.31,32.476],[78.297,32.578],[78.389,32.623],[78.363,32.672],[78.378,32.719],[78.345,32.763],[78.288,32.738],[78.296,32.713],[78.184,32.664],[78.093,32.662],[78.036,32.592],[77.977,32.592],[77.903,32.693],[77.918,32.757],[77.861,32.816],[77.761,32.865],[77.79,32.905],[77.712,32.972],[77.582,32.939],[77.52,32.887],[77.455,32.862],[77.379,32.881],[77.356,32.825],[77.322,32.822],[77.228,32.896],[77.157,32.913],[77.136,32.98],[77.075,32.973],[77.035,33],[76.998,32.99],[76.918,33.034],[76.877,33.114],[76.853,33.112],[76.798,33.173],[76.822,33.248],[76.76,33.225],[76.73,33.179],[76.627,33.162],[76.586,33.204],[76.547,33.21],[76.469,33.18],[76.385,33.183],[76.275,33.104],[76.237,33.033],[76.094,33.005],[76.082,32.969],[76.017,32.918],[75.934,32.884],[75.867,32.93],[75.808,32.93],[75.787,32.893],[75.821,32.843],[75.874,32.814],[75.912,32.757],[75.899,32.681],[75.924,32.644],[75.873,32.576],[75.855,32.5],[75.915,32.449],[75.926,32.412],[75.844,32.379],[75.736,32.274],[75.676,32.264],[75.623,32.235],[75.62,32.185],[75.655,32.146],[75.611,32.1],[75.734,32.037],[75.795,31.989],[75.895,31.95],[75.95,31.848],[75.922,31.817],[76.003,31.647],[76.084,31.537],[76.157,31.405],[76.134,31.383],[76.206,31.305],[76.302,31.326],[76.33,31.345],[76.316,31.402],[76.359,31.416],[76.428,31.325],[76.546,31.256],[76.571,31.28],[76.635,31.213],[76.59,31.183],[76.589,31.128],[76.626,31.11],[76.599,31.054],[76.61,31.004],[76.668,30.97],[76.713,30.963],[76.77,30.906],[76.852,30.871],[76.902,30.897],[76.954,30.811],[76.998,30.814],[77.013,30.742],[77.102,30.731],[77.154,30.689],[77.157,30.6],[77.111,30.567],[77.185,30.526],[77.203,30.48],[77.252,30.484],[77.311,30.454],[77.346,30.462],[77.435,30.404],[77.491,30.417],[77.575,30.385]]]},"properties":{"ID_0":105,"ISO":"IND","NAME_0":"India","ID_1":14,"NAME_1":"Himachal Pradesh","NL_NAME_1":null,"VARNAME_1":null,"TYPE_1":"Union Territor","ENGTYPE_1":"Union Territory"}},
{"type":"Feature","geometry":{"type":"Polygon","coordinates":[[[78.411,32.512],[78.412,32.556],[78.486,32.573],[78.526,32.606],[78.632,32.611],[78.654,32.649],[78.736,32.696],[78.76,32.684],[78.78,32.598],[78.765,32.575],[78.781,32.475],[78.836,32.425],[78.875,32.415],[78.915,32.367],[78.971,32.344],[79.068,32.385],[79.104,32.372],[79.118,32.45],[79.203,32.511],[79.27,32.518],[79.32,32.491],[79.347,32.527],[79.464,32.593],[79.545,32.607],[79.564,32.671],[79.541,32.749],[79.465,32.817],[79.457,32.871],[79.365,32.957],[79.35,32.996],[79.366,33.06],[79.411,33.136],[79.41,33.179],[79.141,33.2],[79.075,33.229],[79.067,33.296],[78.921,33.399],[78.823,33.483],[78.73,33.618],[78.709,33.68],[78.775,33.746],[78.775,33.801],[78.717,33.89],[78.716,33.965],[78.764,34.002],[78.761,34.036],[78.712,34.05],[78.729,34.096],[78.871,34.157],[78.956,34.218],[78.993,34.289],[78.981,34.333],[78.923,34.375],[78.838,34.407],[78.73,34.497],[78.66,34.53],[78.569,34.612],[78.418,34.605],[78.387,34.652],[78.284,34.667],[78.248,34.695],[78.207,34.766],[78.185,34.882],[78.133,34.971],[78.083,35.082],[78.116,35.145],[78.058,35.185],[78.002,35.295],[77.99,35.379],[78.021,35.417],[78.097,35.456],[78.079,35.492],[77.991,35.487],[77.889,35.429],[77.847,35.501],[77.736,35.434],[77.651,35.367],[77.443,35.234],[77.281,35.138],[77.157,35.055],[77.068,35.024],[77.014,35.035],[77.01,34.956],[76.95,34.941],[76.863,34.971],[76.811,34.935],[76.762,34.933],[76.739,34.902],[76.745,34.845],[76.672,34.757],[76.562,34.758],[76.469,34.792],[76.386,34.736],[76.316,34.732],[76.275,34.694],[76.158,34.643],[76.086,34.671],[76.036,34.67],[76,34.636],[75.932,34.624],[75.749,34.516],[75.592,34.54],[75.506,34.537],[75.395,34.549],[75.262,34.611],[75.266,34.64],[75.142,34.662],[75.019,34.641],[74.894,34.684],[74.836,34.678],[74.671,34.701],[74.58,34.77],[74.376,34.803],[74.303,34.798],[74.27,34.763],[74.203,34.737],[74.149,34.695],[74.042,34.687],[74.013,34.71],[73.96,34.697],[73.927,34.646],[73.948,34.573],[73.895,34.547],[73.899,34.496],[73.777,34.416],[73.763,34.36],[73.842,34.338],[73.899,34.36],[73.976,34.265],[73.977,34.212],[73.904,34.122],[73.886,34.075],[73.898,34.033],[74.087,34.038],[74.115,34.054],[74.215,34.039],[74.249,34.014],[74.261,33.925],[74.22,33.867],[74.17,33.84],[74.049,33.809],[74.028,33.776],[73.966,33.74],[74,33.624],[74.028,33.575],[74.088,33.573],[74.178,33.482],[74.185,33.384],[74.167,33.344],[74.103,33.271],[74.024,33.262],[74.014,33.198],[74.083,33.181],[74.176,33.107],[74.205,33.043],[74.255,33.049],[74.352,33.013],[74.318,32.92],[74.414,32.904],[74.43,32.845],[74.466,32.781],[74.532,32.741],[74.614,32.758],[74.642,32.823],[74.7,32.827],[74.65,32.718],[74.676,32.666],[74.642,32.611],[74.652,32.56],[74.698,32.485],[74.856,32.493],[74.9,32.466],[74.988,32.45],[75.03,32.492],[75.083,32.48],[75.148,32.413],[75.18,32.425],[75.322,32.337],[75.468,32.318],[75.593,32.382],[75.648,32.389],[75.712,32.418],[75.746,32.476],[75.804,32.487],[75.873,32.576],[75.924,32.644],[75.899,32.681],[75.912,32.757],[75.874,32.814],[75.821,32.843],[75.787,32.893],[75.808,32.93],[75.867,32.93],[75.934,32.884],[76.017,32.918],[76.082,32.969],[76.094,33.005],[76.237,33.033],[76.275,33.104],[76.385,33.183],[76.469,33.18],[76.547,33.21],[76.586,33.204],[76.627,33.162],[76.73,33.179],[76.76,33.225],[76.822,33.248],[76.798,33.173],[76.853,33.112],[76.877,33.114],[76.918,33.034],[76.998,32.99],[77.035,33],[77.075,32.973],[77.136,32.98],[77.157,32.913],[77.228,32.896],[77.322,32.822],[77.356,32.825],[77.379,32.881],[77.455,32.862],[77.52,32.887],[77.582,32.939],[77.712,32.972],[77.79,32.905],[77.761,32.865],[77.861,32.816],[77.918,32.757],[77.903,32.693],[77.977,32.592],[78.036,32.592],[78.093,32.662],[78.184,32.664],[78.296,32.713],[78.288,32.738],[78.345,32.763],[78.378,32.719],[78.363,32.672],[78.389,32.623],[78.297,32.578],[78.31,32.476],[78.382,32.53],[78.411,32.512]]]},"properties":{"ID_0":105,"ISO":"IND","NAME_0":"India","ID_1":15,"NAME_1":"Jammu and Kashmir","NL_NAME_1":null,"VARNAME_1":null,"TYPE_1":"State","ENGTYPE_1":"State"}},
{"type":"Feature","geometry":{"type":"Polygon","coordinates":[[[83.498,24.527],[83.393,24.501],[83.381,24.456],[83.43,24.404],[83.434,24.347],[83.376,24.313],[83.402,24.266],[83.349,24.126],[83.324,24.101],[83.425,24.084],[83.448,24.042],[83.51,24.025],[83.512,23.967],[83.549,23.893],[83.581,23.862],[83.656,23.844],[83.729,23.755],[83.715,23.683],[83.752,23.649],[83.775,23.6],[83.935,23.563],[83.938,23.622],[83.975,23.631],[84.02,23.6],[84.009,23.5],[83.97,23.448],[83.967,23.374],[84.007,23.353],[84.043,23.374],[84.07,23.33],[84.05,23.241],[84.056,23.196],[84.029,23.154],[84.131,23.063],[84.144,22.988],[84.179,23.023],[84.217,22.976],[84.279,22.961],[84.371,22.975],[84.389,22.939],[84.376,22.874],[84.32,22.849],[84.285,22.763],[84.225,22.735],[84.232,22.689],[84.15,22.634],[84.08,22.637],[84.048,22.594],[84.005,22.57],[84.003,22.521],[84.058,22.51],[84.137,22.467],[84.136,22.421],[84.194,22.372],[84.247,22.374],[84.289,22.337],[84.426,22.352],[84.502,22.415],[84.632,22.429],[84.662,22.414],[84.744,22.415],[84.801,22.444],[84.88,22.418],[85.051,22.479],[85.083,22.378],[85.074,22.349],[85.105,22.291],[85.071,22.272],[85.069,22.231],[85.025,22.154],[85.024,22.112],[85.099,22.096],[85.211,22.043],[85.241,22.013],[85.274,22.08],[85.363,22.155],[85.41,22.156],[85.486,22.116],[85.591,22.074],[85.645,22.09],[85.682,22.049],[85.722,22.058],[85.802,22.111],[85.779,22.036],[85.784,21.979],[85.894,21.978],[85.943,22.019],[86.003,22.113],[86.027,22.185],[85.97,22.243],[86.018,22.305],[85.993,22.338],[86.021,22.382],[85.954,22.456],[85.969,22.5],[86.069,22.543],[86.101,22.49],[86.202,22.47],[86.288,22.425],[86.353,22.345],[86.424,22.306],[86.5,22.341],[86.525,22.303],[86.578,22.298],[86.646,22.261],[86.648,22.236],[86.723,22.215],[86.791,22.218],[86.82,22.261],[86.886,22.252],[86.888,22.281],[86.829,22.325],[86.844,22.396],[86.764,22.423],[86.745,22.471],[86.789,22.475],[86.784,22.544],[86.756,22.574],[86.652,22.576],[86.637,22.655],[86.55,22.711],[86.479,22.722],[86.416,22.777],[86.432,22.916],[86.512,22.966],[86.497,22.99],[86.416,22.995],[86.393,22.974],[86.279,23.011],[86.212,22.992],[86.176,23.013],[86.116,23.094],[86.044,23.112],[86.037,23.144],[85.982,23.146],[85.915,23.13],[85.835,23.192],[85.826,23.263],[85.861,23.303],[85.86,23.451],[85.874,23.476],[85.938,23.455],[86.041,23.49],[86.011,23.561],[86.037,23.583],[86.139,23.57],[86.155,23.504],[86.225,23.436],[86.3,23.444],[86.352,23.464],[86.358,23.543],[86.445,23.632],[86.529,23.629],[86.591,23.662],[86.711,23.697],[86.738,23.678],[86.792,23.687],[86.817,23.776],[86.895,23.88],[86.943,23.843],[86.963,23.865],[87.057,23.816],[87.149,23.794],[87.166,23.82],[87.136,23.868],[87.222,23.858],[87.293,23.89],[87.292,23.956],[87.26,23.97],[87.233,24.025],[87.332,24.031],[87.357,24.009],[87.439,23.978],[87.501,24.022],[87.497,24.116],[87.57,24.088],[87.58,24.162],[87.69,24.15],[87.647,24.249],[87.681,24.246],[87.756,24.304],[87.798,24.382],[87.788,24.432],[87.796,24.562],[87.887,24.563],[87.912,24.662],[87.901,24.722],[87.84,24.738],[87.898,24.843],[87.967,24.881],[87.962,24.936],[87.864,25.04],[87.773,25.099],[87.788,25.22],[87.783,25.246],[87.708,25.256],[87.684,25.31],[87.607,25.311],[87.567,25.334],[87.473,25.241],[87.472,25.195],[87.392,25.228],[87.323,25.223],[87.291,25.089],[87.259,25.105],[87.177,25.064],[87.154,24.991],[87.147,24.862],[87.106,24.847],[87.077,24.808],[87.082,24.725],[87.044,24.624],[87.01,24.606],[86.936,24.63],[86.855,24.55],[86.809,24.564],[86.792,24.615],[86.668,24.561],[86.6,24.599],[86.524,24.536],[86.49,24.484],[86.489,24.425],[86.462,24.377],[86.416,24.379],[86.354,24.442],[86.319,24.44],[86.294,24.476],[86.312,24.508],[86.293,24.586],[86.166,24.584],[86.126,24.612],[86.134,24.676],[86.106,24.736],[86.048,24.778],[85.95,24.732],[85.911,24.754],[85.878,24.8],[85.777,24.799],[85.737,24.823],[85.705,24.729],[85.66,24.675],[85.665,24.582],[85.609,24.585],[85.534,24.532],[85.494,24.551],[85.433,24.536],[85.279,24.519],[85.224,24.471],[85.153,24.464],[85.169,24.429],[85.115,24.409],[85.032,24.425],[84.99,24.412],[84.969,24.376],[84.903,24.372],[84.863,24.458],[84.827,24.47],[84.819,24.525],[84.742,24.496],[84.679,24.456],[84.658,24.394],[84.572,24.412],[84.494,24.287],[84.455,24.339],[84.336,24.396],[84.33,24.431],[84.293,24.451],[84.322,24.49],[84.293,24.566],[84.258,24.538],[84.173,24.542],[84.11,24.481],[84.047,24.612],[83.992,24.638],[83.928,24.548],[83.799,24.53],[83.717,24.505],[83.498,24.527]]]},"properties":{"ID_0":105,"ISO":"IND","NAME_0":"India","ID_1":16,"NAME_1":"Jharkhand","NL_NAME_1":null,"VARNAME_1":"Vananchal","TYPE_1":"State","ENGTYPE_1":"State"}},
{"type":"Feature","geometry":{"type":"Polygon","coordinates":[[[77.55,18.291],[77.465,18.26],[77.408,18.3],[77.393,18.341],[77.4,18.398],[77.364,18.43],[77.313,18.439],[77.24,18.409],[77.206,18.278],[77.178,18.282],[77.139,18.207],[77.096,18.195],[77.109,18.153],[77.058,18.152],[76.954,18.185],[76.923,18.116],[76.953,18.11],[76.952,18.038],[76.918,18.033],[76.913,17.937],[76.881,17.893],[76.854,17.898],[76.737,17.857],[76.788,17.826],[76.739,17.779],[76.692,17.705],[76.604,17.756],[76.524,17.759],[76.524,17.715],[76.486,17.714],[76.485,17.67],[76.429,17.644],[76.416,17.604],[76.332,17.595],[76.35,17.472],[76.373,17.434],[76.362,17.375],[76.408,17.369],[76.382,17.312],[76.276,17.331],[76.229,17.363],[76.163,17.341],[76.121,17.366],[75.931,17.324],[75.894,17.354],[75.894,17.406],[75.822,17.42],[75.811,17.37],[75.737,17.422],[75.691,17.413],[75.681,17.454],[75.636,17.478],[75.606,17.303],[75.657,17.271],[75.664,17.214],[75.631,17.16],[75.674,17.114],[75.681,17.071],[75.669,16.983],[75.645,16.951],[75.57,17.006],[75.57,16.964],[75.493,16.945],[75.468,16.985],[75.431,16.963],[75.395,16.976],[75.345,16.953],[75.285,16.954],[75.283,16.874],[75.23,16.841],[75.172,16.865],[75.095,16.921],[75.004,16.946],[74.912,16.856],[74.916,16.786],[74.85,16.76],[74.779,16.749],[74.661,16.638],[74.694,16.615],[74.574,16.552],[74.55,16.592],[74.551,16.633],[74.496,16.628],[74.403,16.579],[74.385,16.527],[74.332,16.554],[74.277,16.521],[74.295,16.474],[74.339,16.452],[74.343,16.4],[74.324,16.354],[74.349,16.291],[74.38,16.294],[74.423,16.257],[74.484,16.247],[74.508,16.223],[74.489,16.087],[74.435,16.111],[74.371,16.06],[74.39,16.035],[74.44,16.057],[74.468,16.047],[74.435,15.951],[74.37,15.876],[74.387,15.847],[74.351,15.763],[74.292,15.739],[74.168,15.749],[74.135,15.722],[74.126,15.65],[74.255,15.654],[74.267,15.617],[74.254,15.566],[74.287,15.526],[74.256,15.49],[74.283,15.443],[74.29,15.381],[74.328,15.367],[74.342,15.293],[74.277,15.274],[74.322,15.184],[74.29,15.143],[74.289,15.03],[74.29,15.022],[74.282,15.016],[74.271,14.999],[74.272,14.998],[74.274,14.975],[74.267,14.967],[74.262,14.958],[74.251,14.961],[74.244,14.957],[74.219,14.931],[74.203,14.927],[74.204,14.938],[74.197,14.943],[74.17,14.947],[74.17,14.942],[74.166,14.937],[74.175,14.916],[74.175,14.909],[74.146,14.917],[74.133,14.916],[74.104,14.904],[74.125,14.837],[74.11,14.785],[74.143,14.778],[74.193,14.735],[74.25,14.74],[74.282,14.678],[74.273,14.627],[74.311,14.552],[74.354,14.521],[74.393,14.419],[74.413,14.317],[74.453,14.202],[74.474,14.169],[74.515,13.986],[74.567,13.949],[74.609,13.862],[74.651,13.668],[74.662,13.655],[74.694,13.454],[74.698,13.353],[74.714,13.335],[74.758,13.151],[74.821,12.853],[74.867,12.754],[75.005,12.785],[75.003,12.714],[75.05,12.715],[75.048,12.66],[75.113,12.676],[75.161,12.664],[75.155,12.62],[75.201,12.625],[75.214,12.573],[75.271,12.554],[75.281,12.518],[75.321,12.491],[75.336,12.485],[75.341,12.465],[75.341,12.456],[75.373,12.477],[75.377,12.486],[75.381,12.491],[75.387,12.492],[75.397,12.498],[75.404,12.49],[75.414,12.497],[75.424,12.466],[75.415,12.454],[75.403,12.448],[75.392,12.445],[75.367,12.452],[75.369,12.446],[75.366,12.407],[75.394,12.38],[75.401,12.376],[75.403,12.373],[75.419,12.37],[75.421,12.362],[75.414,12.344],[75.411,12.338],[75.423,12.308],[75.43,12.3],[75.419,12.286],[75.431,12.292],[75.441,12.29],[75.467,12.295],[75.493,12.267],[75.494,12.265],[75.504,12.263],[75.511,12.253],[75.513,12.249],[75.519,12.236],[75.52,12.233],[75.523,12.229],[75.525,12.22],[75.538,12.207],[75.533,12.199],[75.54,12.192],[75.544,12.192],[75.551,12.184],[75.564,12.167],[75.583,12.15],[75.591,12.143],[75.595,12.145],[75.608,12.149],[75.627,12.145],[75.629,12.142],[75.637,12.14],[75.643,12.131],[75.662,12.091],[75.673,12.091],[75.692,12.103],[75.7,12.088],[75.707,12.083],[75.714,12.069],[75.717,12.062],[75.795,12.074],[75.824,11.984],[75.877,11.941],[75.976,11.925],[76.03,11.933],[76.108,11.971],[76.108,11.851],[76.184,11.864],[76.219,11.8],[76.275,11.801],[76.335,11.731],[76.404,11.75],[76.402,11.683],[76.423,11.659],[76.451,11.655],[76.504,11.698],[76.54,11.671],[76.554,11.613],[76.608,11.6],[76.751,11.607],[76.851,11.602],[76.83,11.649],[76.881,11.725],[76.9,11.783],[76.944,11.781],[77.004,11.803],[77.041,11.778],[77.076,11.724],[77.114,11.762],[77.242,11.802],[77.285,11.798],[77.326,11.759],[77.355,11.778],[77.431,11.772],[77.49,11.93],[77.573,11.924],[77.664,11.953],[77.689,12.01],[77.746,12.069],[77.767,12.109],[77.726,12.167],[77.604,12.195],[77.511,12.184],[77.466,12.202],[77.47,12.262],[77.518,12.27],[77.604,12.354],[77.625,12.477],[77.579,12.507],[77.57,12.558],[77.598,12.621],[77.59,12.658],[77.654,12.674],[77.668,12.651],[77.75,12.687],[77.758,12.729],[77.826,12.859],[77.928,12.85],[77.981,12.81],[78.022,12.841],[78.065,12.83],[78.121,12.77],[78.221,12.753],[78.241,12.847],[78.303,12.847],[78.345,12.928],[78.378,12.895],[78.417,12.889],[78.423,12.969],[78.458,12.963],[78.452,13.032],[78.505,13.053],[78.509,13.12],[78.553,13.189],[78.567,13.272],[78.501,13.277],[78.355,13.355],[78.371,13.391],[78.367,13.495],[78.398,13.566],[78.38,13.581],[78.25,13.574],[78.194,13.595],[78.146,13.65],[78.08,13.65],[78.109,13.71],[78.085,13.733],[78.118,13.777],[78.106,13.854],[78.041,13.887],[77.978,13.893],[77.951,13.928],[77.912,13.897],[77.862,13.927],[77.806,13.918],[77.828,13.861],[77.728,13.802],[77.696,13.761],[77.67,13.777],[77.614,13.76],[77.528,13.707],[77.445,13.696],[77.463,13.744],[77.425,13.827],[77.307,13.857],[77.25,13.839],[77.24,13.894],[77.162,13.815],[77.167,13.755],[77.095,13.761],[77.06,13.739],[77.035,13.769],[76.993,13.743],[76.969,13.81],[77.006,13.85],[77.036,13.926],[76.989,13.957],[76.994,13.981],[76.931,14.023],[76.972,14.052],[76.943,14.112],[76.884,14.131],[76.891,14.159],[76.958,14.176],[77.02,14.173],[77.01,14.092],[77.024,14.053],[77.121,14.042],[77.134,13.998],[77.279,14.007],[77.313,14.025],[77.344,13.951],[77.348,13.897],[77.419,13.895],[77.383,14.007],[77.326,14.023],[77.338,14.054],[77.395,14.103],[77.39,14.165],[77.51,14.172],[77.49,14.228],[77.499,14.261],[77.442,14.31],[77.395,14.329],[77.375,14.295],[77.401,14.26],[77.415,14.203],[77.384,14.192],[77.355,14.23],[77.359,14.269],[77.28,14.276],[77.281,14.331],[77.196,14.314],[77.152,14.338],[77.112,14.288],[77.11,14.221],[77.075,14.209],[77.05,14.24],[76.938,14.24],[76.943,14.305],[76.899,14.319],[76.883,14.39],[76.973,14.478],[76.864,14.475],[76.844,14.509],[76.8,14.528],[76.761,14.596],[76.771,14.674],[76.798,14.735],[76.78,14.779],[76.834,14.785],[76.86,14.891],[76.864,14.964],[76.764,14.97],[76.785,15.017],[76.773,15.065],[76.797,15.091],[76.861,15.057],[76.877,15.029],[76.967,15.013],[77.047,15.029],[77.079,15],[77.11,15.029],[77.128,15.094],[77.164,15.168],[77.141,15.218],[77.148,15.286],[77.11,15.327],[77.069,15.319],[77.038,15.359],[77.027,15.435],[76.97,15.491],[77.027,15.5],[77.027,15.629],[77.081,15.653],[77.047,15.725],[77.064,15.823],[77.033,15.853],[77.077,15.91],[77.143,15.941],[77.249,15.958],[77.426,15.942],[77.509,15.921],[77.51,16.002],[77.491,16.031],[77.503,16.073],[77.487,16.116],[77.495,16.187],[77.488,16.25],[77.591,16.312],[77.519,16.37],[77.481,16.378],[77.412,16.363],[77.285,16.403],[77.252,16.468],[77.366,16.484],[77.415,16.518],[77.421,16.565],[77.454,16.607],[77.417,16.663],[77.437,16.763],[77.472,16.796],[77.453,16.909],[77.478,16.99],[77.499,17.007],[77.463,17.104],[77.376,17.138],[77.36,17.162],[77.38,17.22],[77.434,17.288],[77.456,17.345],[77.521,17.362],[77.51,17.427],[77.573,17.43],[77.611,17.47],[77.688,17.499],[77.657,17.521],[77.44,17.581],[77.458,17.699],[77.539,17.725],[77.554,17.761],[77.504,17.783],[77.526,17.827],[77.617,17.903],[77.62,17.944],[77.653,17.969],[77.607,18.018],[77.553,18.035],[77.597,18.084],[77.598,18.152],[77.57,18.189],[77.573,18.241],[77.603,18.278],[77.55,18.291]]]},"properties":{"ID_0":105,"ISO":"IND","NAME_0":"India","ID_1":17,"NAME_1":"Karnataka","NL_NAME_1":null,"VARNAME_1":"Maisur|Mysore","TYPE_1":"State","ENGTYPE_1":"State"}},
{"type":"Feature","geometry":{"type":"Polygon","coordinates":[[[74.867,12.754],[74.973,12.499],[75.015,12.417],[75.045,12.379],[75.118,12.206],[75.171,12.115],[75.187,12.037],[75.231,12.024],[75.227,12.044],[75.224,12.054],[75.237,12.11],[75.241,12.109],[75.247,12.104],[75.256,12.109],[75.266,12.104],[75.278,12.102],[75.284,12.115],[75.31,12.132],[75.311,12.136],[75.321,12.144],[75.325,12.145],[75.346,12.139],[75.367,12.135],[75.372,12.146],[75.378,12.146],[75.389,12.146],[75.4,12.141],[75.402,12.134],[75.392,12.126],[75.382,12.129],[75.379,12.122],[75.369,12.121],[75.352,12.109],[75.336,12.099],[75.33,12.103],[75.32,12.107],[75.309,12.103],[75.315,12.088],[75.297,12.064],[75.301,12.058],[75.305,12.053],[75.312,12.049],[75.291,11.986],[75.301,11.94],[75.53,11.705],[75.555,11.654],[75.618,11.489],[75.681,11.45],[75.737,11.348],[75.802,11.163],[75.833,11.105],[75.877,10.944],[75.91,10.792],[76,10.589],[76.08,10.428],[76.113,10.343],[76.182,10.131],[76.224,9.977],[76.239,10.03],[76.203,10.133],[76.259,10.087],[76.251,10.054],[76.27,9.99],[76.319,9.889],[76.354,9.911],[76.386,9.841],[76.369,9.794],[76.414,9.697],[76.403,9.647],[76.43,9.612],[76.418,9.56],[76.501,9.529],[76.357,9.525],[76.367,9.611],[76.391,9.658],[76.365,9.696],[76.372,9.742],[76.33,9.873],[76.261,9.878],[76.284,9.75],[76.3,9.586],[76.329,9.448],[76.352,9.378],[76.518,9.018],[76.541,8.915],[76.568,8.879],[76.619,8.85],[76.705,8.734],[76.963,8.417],[76.979,8.382],[77.091,8.297],[77.15,8.322],[77.154,8.377],[77.189,8.435],[77.191,8.488],[77.248,8.501],[77.265,8.537],[77.228,8.613],[77.198,8.641],[77.177,8.735],[77.247,8.832],[77.24,8.868],[77.206,8.893],[77.132,9.012],[77.18,9.045],[77.196,9.088],[77.252,9.143],[77.25,9.19],[77.267,9.291],[77.321,9.351],[77.322,9.406],[77.372,9.445],[77.396,9.497],[77.304,9.593],[77.261,9.567],[77.223,9.573],[77.166,9.648],[77.208,9.722],[77.224,9.843],[77.199,9.866],[77.222,9.923],[77.261,9.964],[77.249,10.016],[77.188,10.096],[77.261,10.129],[77.264,10.18],[77.251,10.254],[77.214,10.306],[77.222,10.34],[77.163,10.346],[77.046,10.274],[77.039,10.248],[76.981,10.22],[76.892,10.233],[76.862,10.283],[76.82,10.295],[76.839,10.36],[76.807,10.415],[76.817,10.438],[76.83,10.585],[76.805,10.626],[76.873,10.629],[76.875,10.707],[76.898,10.771],[76.86,10.8],[76.818,10.862],[76.733,10.881],[76.653,10.92],[76.69,11.017],[76.734,11.064],[76.741,11.11],[76.686,11.158],[76.727,11.206],[76.697,11.231],[76.623,11.186],[76.578,11.197],[76.443,11.2],[76.446,11.23],[76.514,11.262],[76.538,11.352],[76.448,11.381],[76.361,11.448],[76.321,11.445],[76.258,11.473],[76.226,11.564],[76.271,11.593],[76.298,11.564],[76.421,11.625],[76.423,11.659],[76.402,11.683],[76.404,11.75],[76.335,11.731],[76.275,11.801],[76.219,11.8],[76.184,11.864],[76.108,11.851],[76.108,11.971],[76.03,11.933],[75.976,11.925],[75.877,11.941],[75.824,11.984],[75.795,12.074],[75.717,12.062],[75.714,12.069],[75.707,12.083],[75.7,12.088],[75.692,12.103],[75.673,12.091],[75.662,12.091],[75.643,12.131],[75.637,12.14],[75.629,12.142],[75.627,12.145],[75.608,12.149],[75.595,12.145],[75.591,12.143],[75.583,12.15],[75.564,12.167],[75.551,12.184],[75.544,12.192],[75.54,12.192],[75.533,12.199],[75.538,12.207],[75.525,12.22],[75.523,12.229],[75.52,12.233],[75.519,12.236],[75.513,12.249],[75.511,12.253],[75.504,12.263],[75.494,12.265],[75.493,12.267],[75.467,12.295],[75.441,12.29],[75.431,12.292],[75.419,12.286],[75.43,12.3],[75.423,12.308],[75.411,12.338],[75.414,12.344],[75.421,12.362],[75.419,12.37],[75.403,12.373],[75.401,12.376],[75.394,12.38],[75.366,12.407],[75.369,12.446],[75.367,12.452],[75.392,12.445],[75.403,12.448],[75.415,12.454],[75.424,12.466],[75.414,12.497],[75.404,12.49],[75.397,12.498],[75.387,12.492],[75.381,12.491],[75.377,12.486],[75.373,12.477],[75.341,12.456],[75.341,12.465],[75.336,12.485],[75.321,12.491],[75.281,12.518],[75.271,12.554],[75.214,12.573],[75.201,12.625],[75.155,12.62],[75.161,12.664],[75.113,12.676],[75.048,12.66],[75.05,12.715],[75.003,12.714],[75.005,12.785],[74.867,12.754]]]},"properties":{"ID_0":105,"ISO":"IND","NAME_0":"India","ID_1":18,"NAME_1":"Kerala","NL_NAME_1":null,"VARNAME_1":null,"TYPE_1":"State","ENGTYPE_1":"State"}},
{"type":"Feature","geometry":{"type":"Polygon","coordinates":[[[73.081,8.328],[73.068,8.309],[73.049,8.267],[73.067,8.286],[73.069,8.308],[73.081,8.328]]]},"properties":{"ID_0":105,"ISO":"IND","NAME_0":"India","ID_1":19,"NAME_1":"Lakshadweep","NL_NAME_1":null,"VARNAME_1":"les Laquedives|Laccadive|Minicoy and Amindivi Islands|Laccadives|Lackadiverna|Lakkadiven|Lakkadi","TYPE_1":"Union Territor","ENGTYPE_1":"Union Territory"}},
{"type":"Feature","geometry":{"type":"Polygon","coordinates":[[[82.808,23.963],[82.801,24.001],[82.746,24.013],[82.755,24.073],[82.708,24.081],[82.657,24.135],[82.72,24.139],[82.736,24.168],[82.727,24.223],[82.764,24.292],[82.761,24.373],[82.707,24.385],[82.726,24.426],[82.716,24.557],[82.746,24.542],[82.801,24.553],[82.796,24.6],[82.766,24.642],[82.692,24.649],[82.666,24.7],[82.529,24.652],[82.42,24.705],[82.402,24.684],[82.409,24.598],[82.298,24.628],[82.292,24.665],[82.243,24.702],[82.238,24.754],[82.209,24.798],[82.112,24.792],[82.082,24.822],[82.005,24.851],[81.965,24.841],[81.903,24.884],[81.902,24.983],[81.829,25.019],[81.792,25.01],[81.716,25.053],[81.647,25.075],[81.592,25.136],[81.566,25.196],[81.492,25.149],[81.484,25.075],[81.389,25.124],[81.349,25.167],[81.269,25.165],[81.246,25.106],[81.262,25.068],[81.161,24.959],[81.128,24.894],[81.076,24.952],[80.953,24.939],[80.937,24.972],[80.857,24.936],[80.802,24.944],[80.85,25.003],[80.829,25.03],[80.871,25.071],[80.865,25.124],[80.906,25.164],[80.87,25.189],[80.819,25.131],[80.751,25.142],[80.674,25.054],[80.595,25.155],[80.579,25.088],[80.47,25.045],[80.441,25.082],[80.394,25.072],[80.368,25.025],[80.314,25.004],[80.267,25.03],[80.349,25.141],[80.424,25.174],[80.402,25.221],[80.341,25.279],[80.303,25.297],[80.309,25.392],[80.274,25.425],[80.245,25.405],[80.189,25.406],[80.127,25.341],[80.083,25.356],[80.021,25.343],[79.997,25.27],[79.845,25.237],[79.861,25.156],[79.827,25.1],[79.74,25.143],[79.666,25.127],[79.55,25.169],[79.49,25.083],[79.389,25.121],[79.384,25.17],[79.442,25.221],[79.402,25.279],[79.295,25.34],[79.26,25.31],[79.341,25.23],[79.278,25.211],[79.315,25.152],[79.277,25.12],[79.198,25.128],[79.133,25.111],[79.091,25.176],[79.025,25.187],[79.026,25.235],[78.987,25.275],[78.953,25.221],[78.867,25.19],[78.909,25.274],[78.97,25.291],[78.931,25.332],[78.885,25.347],[78.835,25.233],[78.793,25.293],[78.875,25.388],[78.974,25.373],[78.96,25.439],[78.929,25.428],[78.942,25.531],[78.886,25.561],[78.876,25.524],[78.834,25.516],[78.854,25.452],[78.79,25.484],[78.725,25.463],[78.765,25.43],[78.764,25.358],[78.658,25.388],[78.689,25.445],[78.603,25.417],[78.576,25.352],[78.534,25.331],[78.521,25.288],[78.569,25.259],[78.561,25.227],[78.594,25.157],[78.597,25.098],[78.642,25.061],[78.625,24.962],[78.668,24.902],[78.764,24.861],[78.772,24.704],[78.74,24.66],[78.752,24.602],[78.831,24.609],[78.882,24.64],[78.946,24.553],[78.943,24.485],[78.913,24.464],[78.988,24.428],[78.968,24.357],[78.908,24.301],[78.858,24.214],[78.785,24.185],[78.754,24.247],[78.699,24.234],[78.617,24.296],[78.578,24.357],[78.5,24.394],[78.435,24.298],[78.386,24.273],[78.327,24.338],[78.363,24.378],[78.267,24.447],[78.224,24.541],[78.255,24.552],[78.268,24.67],[78.226,24.736],[78.226,24.777],[78.17,24.885],[78.328,25],[78.325,25.084],[78.442,25.157],[78.385,25.195],[78.355,25.25],[78.331,25.337],[78.294,25.368],[78.335,25.431],[78.422,25.48],[78.409,25.533],[78.481,25.58],[78.581,25.564],[78.604,25.587],[78.649,25.566],[78.677,25.594],[78.795,25.618],[78.811,25.674],[78.761,25.721],[78.816,25.831],[78.863,25.802],[78.858,25.872],[78.876,25.916],[78.943,25.991],[78.944,26.037],[79.003,26.082],[78.944,26.138],[79.001,26.155],[79.002,26.197],[79.041,26.229],[79.058,26.284],[79.117,26.354],[79.081,26.406],[79.127,26.445],[79.047,26.461],[79.061,26.503],[78.998,26.551],[79.006,26.61],[78.984,26.686],[78.904,26.713],[78.865,26.705],[78.811,26.765],[78.762,26.767],[78.715,26.8],[78.659,26.769],[78.566,26.758],[78.516,26.785],[78.458,26.795],[78.426,26.832],[78.386,26.828],[78.363,26.871],[78.282,26.864],[78.256,26.82],[78.21,26.836],[78.179,26.801],[78.095,26.789],[78.088,26.687],[77.992,26.703],[77.94,26.663],[77.904,26.666],[77.879,26.62],[77.82,26.6],[77.813,26.555],[77.739,26.543],[77.727,26.515],[77.671,26.51],[77.599,26.454],[77.523,26.415],[77.428,26.407],[77.432,26.365],[77.366,26.372],[77.318,26.346],[77.267,26.276],[77.194,26.236],[77.114,26.231],[77.096,26.195],[77.024,26.176],[76.994,26.138],[76.888,26.093],[76.795,25.944],[76.733,25.903],[76.641,25.906],[76.597,25.876],[76.529,25.798],[76.527,25.731],[76.482,25.718],[76.511,25.673],[76.51,25.58],[76.52,25.53],[76.589,25.431],[76.603,25.389],[76.681,25.345],[76.74,25.348],[76.773,25.316],[76.843,25.331],[76.959,25.297],[77.024,25.301],[77.075,25.34],[77.154,25.313],[77.218,25.331],[77.22,25.373],[77.305,25.436],[77.344,25.388],[77.375,25.306],[77.35,25.272],[77.406,25.226],[77.387,25.122],[77.303,25.084],[77.262,25.119],[77.17,25.114],[77.158,25.088],[77.077,25.058],[76.984,25.078],[76.969,25.056],[76.869,25.011],[76.872,24.955],[76.949,24.873],[76.895,24.84],[76.802,24.827],[76.847,24.77],[77.019,24.715],[77.059,24.642],[77.064,24.564],[77.05,24.527],[76.96,24.46],[76.915,24.488],[76.918,24.536],[76.846,24.551],[76.815,24.534],[76.851,24.469],[76.837,24.361],[76.874,24.271],[76.944,24.199],[76.916,24.189],[76.9,24.131],[76.856,24.139],[76.791,24.126],[76.769,24.165],[76.721,24.162],[76.674,24.193],[76.702,24.249],[76.679,24.271],[76.616,24.263],[76.571,24.213],[76.58,24.181],[76.523,24.163],[76.508,24.2],[76.463,24.229],[76.412,24.21],[76.353,24.249],[76.318,24.251],[76.276,24.217],[76.206,24.233],[76.195,24.285],[76.142,24.281],[76.154,24.244],[76.123,24.205],[76.135,24.095],[76.043,24.074],[76.027,24.05],[75.96,24.025],[75.98,23.974],[75.976,23.933],[75.879,23.885],[75.853,23.894],[75.78,23.855],[75.728,23.902],[75.722,23.827],[75.649,23.799],[75.583,23.8],[75.562,23.858],[75.456,23.921],[75.465,23.981],[75.514,24.049],[75.635,24],[75.669,24.034],[75.7,23.969],[75.762,23.998],[75.78,24.062],[75.83,24.072],[75.743,24.14],[75.774,24.221],[75.805,24.23],[75.813,24.301],[75.765,24.311],[75.738,24.348],[75.736,24.403],[75.786,24.458],[75.829,24.423],[75.903,24.446],[75.905,24.505],[75.925,24.538],[75.911,24.577],[75.853,24.614],[75.839,24.73],[75.786,24.766],[75.742,24.76],[75.613,24.688],[75.582,24.723],[75.535,24.72],[75.452,24.693],[75.228,24.735],[75.192,24.789],[75.242,24.861],[75.284,24.85],[75.3,24.815],[75.417,24.864],[75.326,24.887],[75.337,24.963],[75.31,25.046],[75.155,25.029],[75.164,24.992],[75.116,24.965],[75.119,24.889],[75.074,24.887],[75.043,24.859],[74.945,24.878],[74.867,24.937],[74.827,24.899],[74.859,24.813],[74.905,24.797],[75.013,24.794],[74.993,24.753],[75,24.708],[74.964,24.7],[74.944,24.662],[74.873,24.669],[74.819,24.765],[74.776,24.686],[74.817,24.672],[74.748,24.597],[74.757,24.489],[74.815,24.492],[74.857,24.452],[74.785,24.367],[74.773,24.272],[74.875,24.278],[74.906,24.234],[74.9,24.174],[74.96,24.11],[74.993,24.03],[74.915,23.912],[74.905,23.868],[74.941,23.735],[74.924,23.669],[74.94,23.63],[74.886,23.606],[74.851,23.557],[74.742,23.519],[74.613,23.461],[74.573,23.419],[74.572,23.383],[74.534,23.323],[74.549,23.287],[74.615,23.285],[74.632,23.263],[74.701,23.272],[74.746,23.212],[74.669,23.201],[74.608,23.145],[74.546,23.132],[74.535,23.102],[74.467,23.085],[74.391,23.112],[74.323,23.063],[74.371,22.98],[74.342,22.965],[74.382,22.91],[74.463,22.913],[74.479,22.859],[74.465,22.815],[74.403,22.731],[74.384,22.644],[74.278,22.648],[74.237,22.614],[74.214,22.567],[74.085,22.509],[74.105,22.433],[74.237,22.439],[74.274,22.393],[74.198,22.343],[74.134,22.332],[74.112,22.372],[74.072,22.36],[74.059,22.286],[74.076,22.222],[74.123,22.213],[74.138,22.054],[74.1,22.002],[74.154,21.986],[74.146,21.954],[74.201,21.926],[74.292,21.937],[74.388,22.02],[74.436,22.031],[74.452,21.968],[74.493,21.954],[74.527,21.909],[74.504,21.807],[74.511,21.729],[74.551,21.719],[74.589,21.665],[74.656,21.654],[74.724,21.624],[74.825,21.61],[74.866,21.631],[75.058,21.565],[75.107,21.47],[75.22,21.411],[75.384,21.386],[75.468,21.394],[75.548,21.372],[75.619,21.393],[75.833,21.383],[75.888,21.4],[75.969,21.394],[76.052,21.353],[76.099,21.374],[76.129,21.298],[76.159,21.259],[76.167,21.171],[76.136,21.126],[76.184,21.09],[76.269,21.093],[76.282,21.075],[76.376,21.077],[76.453,21.115],[76.491,21.198],[76.559,21.206],[76.623,21.193],[76.661,21.282],[76.626,21.33],[76.732,21.409],[76.743,21.443],[76.792,21.49],[76.763,21.523],[76.795,21.598],[76.852,21.615],[76.892,21.601],[76.997,21.682],[77.069,21.722],[77.121,21.725],[77.207,21.694],[77.258,21.716],[77.277,21.76],[77.401,21.756],[77.45,21.763],[77.497,21.749],[77.559,21.669],[77.572,21.588],[77.607,21.543],[77.567,21.53],[77.504,21.555],[77.424,21.543],[77.438,21.473],[77.469,21.457],[77.487,21.378],[77.646,21.393],[77.67,21.373],[77.793,21.391],[77.799,21.412],[77.899,21.378],[78.064,21.439],[78.169,21.499],[78.181,21.559],[78.361,21.578],[78.423,21.602],[78.439,21.504],[78.509,21.528],[78.56,21.515],[78.621,21.478],[78.684,21.482],[78.724,21.464],[78.761,21.49],[78.932,21.487],[78.913,21.563],[78.975,21.618],[79.01,21.601],[79.104,21.609],[79.148,21.661],[79.217,21.65],[79.235,21.715],[79.285,21.694],[79.395,21.675],[79.411,21.691],[79.489,21.674],[79.512,21.626],[79.506,21.59],[79.576,21.543],[79.651,21.559],[79.733,21.603],[79.792,21.581],[79.857,21.531],[79.916,21.524],[79.927,21.554],[80.064,21.555],[80.119,21.609],[80.188,21.634],[80.26,21.62],[80.295,21.575],[80.371,21.521],[80.411,21.438],[80.448,21.402],[80.519,21.39],[80.593,21.325],[80.657,21.331],[80.73,21.472],[80.731,21.539],[80.709,21.604],[80.707,21.672],[80.74,21.756],[80.811,21.747],[80.832,21.805],[80.84,21.875],[80.833,21.947],[80.869,22.011],[80.879,22.061],[80.917,22.121],[80.951,22.113],[80.963,22.058],[80.999,22.062],[81.026,22.198],[81.019,22.229],[81.085,22.247],[81.114,22.294],[81.101,22.383],[81.11,22.441],[81.171,22.488],[81.224,22.452],[81.323,22.524],[81.379,22.505],[81.389,22.445],[81.446,22.496],[81.48,22.493],[81.515,22.537],[81.563,22.551],[81.609,22.536],[81.649,22.576],[81.641,22.608],[81.679,22.649],[81.766,22.676],[81.747,22.726],[81.784,22.767],[81.761,22.834],[81.769,22.874],[81.861,22.894],[81.94,22.957],[81.918,23.041],[81.938,23.078],[82.028,23.082],[82.061,23.116],[82.116,23.104],[82.151,23.142],[82.142,23.228],[82.189,23.285],[82.188,23.322],[82.098,23.398],[82.023,23.384],[81.971,23.424],[81.949,23.497],[81.916,23.532],[81.827,23.511],[81.798,23.549],[81.729,23.565],[81.693,23.523],[81.655,23.532],[81.605,23.511],[81.603,23.6],[81.613,23.661],[81.643,23.66],[81.687,23.721],[81.638,23.778],[81.643,23.805],[81.598,23.854],[81.608,23.903],[81.662,23.926],[81.703,23.863],[81.773,23.814],[81.812,23.809],[81.894,23.844],[82.001,23.863],[82.045,23.821],[82.134,23.818],[82.199,23.832],[82.298,23.808],[82.388,23.801],[82.464,23.811],[82.485,23.788],[82.545,23.794],[82.63,23.839],[82.66,23.87],[82.655,23.906],[82.748,23.922],[82.808,23.963]]]},"properties":{"ID_0":105,"ISO":"IND","NAME_0":"India","ID_1":20,"NAME_1":"Madhya Pradesh","NL_NAME_1":null,"VARNAME_1":null,"TYPE_1":"State","ENGTYPE_1":"State"}},
{"type":"Feature","geometry":{"type":"Polygon","coordinates":[[[80.268,18.718],[80.241,18.749],[80.299,18.794],[80.346,18.811],[80.336,18.856],[80.264,18.941],[80.268,18.987],[80.332,19.101],[80.345,19.163],[80.381,19.181],[80.388,19.243],[80.445,19.27],[80.47,19.329],[80.514,19.348],[80.559,19.398],[80.584,19.377],[80.604,19.312],[80.664,19.327],[80.684,19.287],[80.749,19.287],[80.839,19.355],[80.788,19.427],[80.867,19.443],[80.892,19.466],[80.879,19.519],[80.82,19.565],[80.785,19.56],[80.721,19.608],[80.662,19.609],[80.666,19.692],[80.582,19.738],[80.54,19.775],[80.518,19.829],[80.46,19.828],[80.49,19.894],[80.403,19.91],[80.444,19.953],[80.52,19.931],[80.544,19.982],[80.546,20.066],[80.524,20.124],[80.451,20.145],[80.394,20.144],[80.413,20.188],[80.383,20.242],[80.456,20.269],[80.511,20.27],[80.542,20.307],[80.617,20.326],[80.586,20.392],[80.603,20.433],[80.613,20.591],[80.579,20.614],[80.52,20.585],[80.482,20.617],[80.519,20.662],[80.578,20.679],[80.543,20.792],[80.556,20.82],[80.535,20.931],[80.459,20.928],[80.424,21.01],[80.449,21.05],[80.435,21.099],[80.457,21.173],[80.561,21.206],[80.639,21.255],[80.673,21.311],[80.657,21.331],[80.593,21.325],[80.519,21.39],[80.448,21.402],[80.411,21.438],[80.371,21.521],[80.295,21.575],[80.26,21.62],[80.188,21.634],[80.119,21.609],[80.064,21.555],[79.927,21.554],[79.916,21.524],[79.857,21.531],[79.792,21.581],[79.733,21.603],[79.651,21.559],[79.576,21.543],[79.506,21.59],[79.512,21.626],[79.489,21.674],[79.411,21.691],[79.395,21.675],[79.285,21.694],[79.235,21.715],[79.217,21.65],[79.148,21.661],[79.104,21.609],[79.01,21.601],[78.975,21.618],[78.913,21.563],[78.932,21.487],[78.761,21.49],[78.724,21.464],[78.684,21.482],[78.621,21.478],[78.56,21.515],[78.509,21.528],[78.439,21.504],[78.423,21.602],[78.361,21.578],[78.181,21.559],[78.169,21.499],[78.064,21.439],[77.899,21.378],[77.799,21.412],[77.793,21.391],[77.67,21.373],[77.646,21.393],[77.487,21.378],[77.469,21.457],[77.438,21.473],[77.424,21.543],[77.504,21.555],[77.567,21.53],[77.607,21.543],[77.572,21.588],[77.559,21.669],[77.497,21.749],[77.45,21.763],[77.401,21.756],[77.277,21.76],[77.258,21.716],[77.207,21.694],[77.121,21.725],[77.069,21.722],[76.997,21.682],[76.892,21.601],[76.852,21.615],[76.795,21.598],[76.763,21.523],[76.792,21.49],[76.743,21.443],[76.732,21.409],[76.626,21.33],[76.661,21.282],[76.623,21.193],[76.559,21.206],[76.491,21.198],[76.453,21.115],[76.376,21.077],[76.282,21.075],[76.269,21.093],[76.184,21.09],[76.136,21.126],[76.167,21.171],[76.159,21.259],[76.129,21.298],[76.099,21.374],[76.052,21.353],[75.969,21.394],[75.888,21.4],[75.833,21.383],[75.619,21.393],[75.548,21.372],[75.468,21.394],[75.384,21.386],[75.22,21.411],[75.107,21.47],[75.058,21.565],[74.866,21.631],[74.825,21.61],[74.724,21.624],[74.656,21.654],[74.589,21.665],[74.551,21.719],[74.511,21.729],[74.504,21.807],[74.527,21.909],[74.493,21.954],[74.452,21.968],[74.436,22.031],[74.388,22.02],[74.292,21.937],[74.201,21.926],[74.146,21.954],[74.023,21.906],[73.828,21.812],[73.846,21.742],[73.89,21.711],[73.886,21.645],[73.788,21.625],[73.825,21.598],[73.861,21.496],[73.984,21.542],[74.068,21.559],[74.292,21.559],[74.336,21.54],[74.308,21.48],[74.223,21.459],[74.186,21.467],[74.121,21.45],[74.057,21.456],[74.052,21.426],[73.962,21.393],[73.948,21.298],[73.892,21.262],[73.832,21.267],[73.823,21.172],[73.742,21.167],[73.636,21.133],[73.693,21.101],[73.736,21.103],[73.748,21.04],[73.816,20.996],[73.906,20.983],[73.896,20.933],[73.945,20.84],[73.941,20.769],[73.921,20.724],[73.889,20.731],[73.843,20.702],[73.846,20.624],[73.787,20.602],[73.748,20.567],[73.637,20.579],[73.622,20.625],[73.563,20.647],[73.459,20.714],[73.44,20.665],[73.404,20.652],[73.44,20.595],[73.481,20.584],[73.476,20.495],[73.449,20.467],[73.415,20.382],[73.437,20.282],[73.42,20.257],[73.427,20.202],[73.376,20.195],[73.311,20.207],[73.294,20.154],[73.216,20.122],[73.218,20.106],[73.214,20.091],[73.186,20.053],[73.184,20.052],[73.175,20.058],[73.17,20.066],[73.144,20.078],[73.137,20.085],[73.128,20.078],[73.123,20.078],[73.112,20.083],[73.11,20.085],[73.105,20.087],[73.088,20.094],[73.058,20.097],[73.059,20.068],[73.045,20.072],[73.017,20.13],[73.017,20.135],[73.008,20.132],[73.008,20.129],[73.004,20.118],[72.985,20.113],[72.973,20.131],[72.986,20.158],[72.97,20.212],[72.884,20.227],[72.85,20.208],[72.829,20.157],[72.788,20.13],[72.738,20.137],[72.708,20.069],[72.722,19.987],[72.665,19.935],[72.681,19.865],[72.687,19.748],[72.731,19.599],[72.729,19.529],[72.78,19.492],[72.745,19.456],[72.758,19.376],[72.799,19.331],[72.776,19.222],[72.818,19.124],[72.824,19.042],[72.802,18.969],[72.844,18.929],[72.862,19.003],[72.918,19],[72.993,19.059],[73.017,18.981],[72.94,18.947],[72.908,18.886],[72.927,18.851],[72.978,18.863],[72.983,18.81],[72.863,18.791],[72.855,18.696],[72.928,18.536],[72.895,18.458],[72.914,18.355],[72.953,18.334],[72.992,18.28],[72.945,18.223],[72.981,18.193],[72.979,18.108],[73.011,18.025],[73.03,17.944],[73.052,17.932],[73.135,17.71],[73.114,17.689],[73.161,17.568],[73.142,17.546],[73.182,17.508],[73.177,17.387],[73.207,17.384],[73.219,17.331],[73.198,17.289],[73.247,17.209],[73.288,17.058],[73.294,16.986],[73.282,16.948],[73.3,16.893],[73.295,16.817],[73.316,16.807],[73.305,16.729],[73.352,16.622],[73.311,16.542],[73.387,16.361],[73.417,16.246],[73.449,16.155],[73.465,16.072],[73.51,15.94],[73.586,15.91],[73.626,15.853],[73.68,15.724],[73.692,15.727],[73.707,15.722],[73.719,15.722],[73.786,15.723],[73.82,15.74],[73.865,15.798],[73.909,15.742],[73.945,15.742],[73.971,15.687],[73.976,15.629],[74.002,15.609],[74.081,15.626],[74.126,15.65],[74.135,15.722],[74.168,15.749],[74.292,15.739],[74.351,15.763],[74.387,15.847],[74.37,15.876],[74.435,15.951],[74.468,16.047],[74.44,16.057],[74.39,16.035],[74.371,16.06],[74.435,16.111],[74.489,16.087],[74.508,16.223],[74.484,16.247],[74.423,16.257],[74.38,16.294],[74.349,16.291],[74.324,16.354],[74.343,16.4],[74.339,16.452],[74.295,16.474],[74.277,16.521],[74.332,16.554],[74.385,16.527],[74.403,16.579],[74.496,16.628],[74.551,16.633],[74.55,16.592],[74.574,16.552],[74.694,16.615],[74.661,16.638],[74.779,16.749],[74.85,16.76],[74.916,16.786],[74.912,16.856],[75.004,16.946],[75.095,16.921],[75.172,16.865],[75.23,16.841],[75.283,16.874],[75.285,16.954],[75.345,16.953],[75.395,16.976],[75.431,16.963],[75.468,16.985],[75.493,16.945],[75.57,16.964],[75.57,17.006],[75.645,16.951],[75.669,16.983],[75.681,17.071],[75.674,17.114],[75.631,17.16],[75.664,17.214],[75.657,17.271],[75.606,17.303],[75.636,17.478],[75.681,17.454],[75.691,17.413],[75.737,17.422],[75.811,17.37],[75.822,17.42],[75.894,17.406],[75.894,17.354],[75.931,17.324],[76.121,17.366],[76.163,17.341],[76.229,17.363],[76.276,17.331],[76.382,17.312],[76.408,17.369],[76.362,17.375],[76.373,17.434],[76.35,17.472],[76.332,17.595],[76.416,17.604],[76.429,17.644],[76.485,17.67],[76.486,17.714],[76.524,17.715],[76.524,17.759],[76.604,17.756],[76.692,17.705],[76.739,17.779],[76.788,17.826],[76.737,17.857],[76.854,17.898],[76.881,17.893],[76.913,17.937],[76.918,18.033],[76.952,18.038],[76.953,18.11],[76.923,18.116],[76.954,18.185],[77.058,18.152],[77.109,18.153],[77.096,18.195],[77.139,18.207],[77.178,18.282],[77.206,18.278],[77.24,18.409],[77.313,18.439],[77.364,18.43],[77.4,18.398],[77.393,18.341],[77.408,18.3],[77.465,18.26],[77.55,18.291],[77.527,18.339],[77.583,18.443],[77.571,18.467],[77.597,18.548],[77.658,18.527],[77.747,18.589],[77.733,18.676],[77.787,18.694],[77.837,18.807],[77.944,18.842],[77.899,18.868],[77.854,18.952],[77.817,18.982],[77.767,18.981],[77.762,19.062],[77.8,19.099],[77.845,19.114],[77.845,19.188],[77.868,19.246],[77.901,19.277],[77.861,19.302],[77.949,19.341],[78.046,19.271],[78.127,19.246],[78.183,19.242],[78.197,19.332],[78.188,19.396],[78.224,19.434],[78.312,19.466],[78.297,19.558],[78.311,19.604],[78.286,19.69],[78.345,19.714],[78.368,19.781],[78.339,19.839],[78.336,19.883],[78.384,19.879],[78.398,19.836],[78.476,19.816],[78.526,19.822],[78.619,19.809],[78.702,19.786],[78.785,19.779],[78.846,19.758],[78.863,19.697],[78.859,19.656],[78.916,19.668],[78.969,19.649],[78.978,19.58],[79.018,19.54],[79.103,19.528],[79.189,19.459],[79.237,19.527],[79.255,19.611],[79.414,19.533],[79.47,19.497],[79.543,19.549],[79.566,19.511],[79.601,19.508],[79.621,19.565],[79.778,19.598],[79.828,19.537],[79.911,19.492],[79.945,19.459],[79.973,19.401],[79.945,19.284],[79.92,19.226],[79.942,19.176],[79.858,19.104],[79.861,19.06],[79.926,19.042],[79.941,18.938],[79.939,18.859],[79.894,18.831],[79.932,18.784],[80.012,18.767],[80.046,18.721],[80.107,18.678],[80.158,18.696],[80.247,18.701],[80.268,18.718]]]},"properties":{"ID_0":105,"ISO":"IND","NAME_0":"India","ID_1":21,"NAME_1":"Maharashtra","NL_NAME_1":null,"VARNAME_1":null,"TYPE_1":"State","ENGTYPE_1":"State"}},
{"type":"Feature","geometry":{"type":"Polygon","coordinates":[[[93,24.403],[93.024,24.39],[93.035,24.318],[93.008,24.28],[93.024,24.218],[92.986,24.129],[93.054,24.091],[93.079,24.103],[93.129,24.064],[93.217,24.05],[93.227,24.087],[93.288,24.052],[93.337,24.053],[93.354,24.098],[93.415,24.079],[93.467,23.999],[93.472,23.971],[93.531,23.961],[93.609,23.973],[93.616,24.011],[93.762,24.004],[93.808,23.933],[93.896,23.955],[94.018,23.934],[94.051,23.9],[94.096,23.894],[94.123,23.843],[94.161,23.853],[94.17,23.929],[94.245,24.044],[94.263,24.168],[94.352,24.342],[94.386,24.385],[94.411,24.47],[94.465,24.576],[94.521,24.617],[94.551,24.675],[94.551,24.717],[94.611,24.722],[94.641,24.849],[94.692,24.9],[94.702,24.968],[94.742,25.025],[94.746,25.137],[94.602,25.195],[94.585,25.216],[94.599,25.289],[94.631,25.387],[94.676,25.421],[94.682,25.46],[94.625,25.469],[94.557,25.513],[94.556,25.586],[94.597,25.687],[94.474,25.622],[94.422,25.576],[94.426,25.553],[94.303,25.495],[94.223,25.497],[94.191,25.531],[94.092,25.533],[94.069,25.559],[94.012,25.575],[93.965,25.557],[93.892,25.568],[93.836,25.563],[93.764,25.515],[93.814,25.485],[93.781,25.425],[93.687,25.331],[93.608,25.202],[93.563,25.247],[93.504,25.253],[93.474,25.309],[93.404,25.263],[93.353,25.182],[93.336,25.096],[93.247,25.004],[93.263,24.966],[93.253,24.919],[93.196,24.846],[93.193,24.806],[93.113,24.802],[93.089,24.709],[93.085,24.648],[93.097,24.583],[93.053,24.545],[93.032,24.429],[93,24.403]]]},"properties":{"ID_0":105,"ISO":"IND","NAME_0":"India","ID_1":22,"NAME_1":"Manipur","NL_NAME_1":null,"VARNAME_1":null,"TYPE_1":"State","ENGTYPE_1":"State"}},
{"type":"Feature","geometry":{"type":"Polygon","coordinates":[[[89.855,25.476],[89.822,25.385],[89.861,25.288],[89.906,25.307],[89.975,25.301],[90.12,25.226],[90.318,25.19],[90.455,25.144],[90.508,25.171],[90.637,25.172],[90.667,25.187],[90.704,25.155],[90.785,25.184],[90.854,25.156],[90.93,25.161],[91.082,25.197],[91.256,25.195],[91.378,25.166],[91.425,25.166],[91.474,25.134],[91.559,25.149],[91.58,25.173],[91.645,25.123],[91.837,25.182],[91.922,25.187],[91.989,25.176],[92.066,25.19],[92.132,25.167],[92.139,25.146],[92.347,25.052],[92.426,25.032],[92.466,25.057],[92.484,25.108],[92.525,25.14],[92.622,25.118],[92.677,25.182],[92.747,25.208],[92.792,25.287],[92.761,25.335],[92.651,25.432],[92.607,25.419],[92.581,25.495],[92.645,25.537],[92.587,25.553],[92.558,25.612],[92.498,25.627],[92.465,25.682],[92.434,25.688],[92.416,25.74],[92.237,25.708],[92.17,25.666],[92.153,25.813],[92.181,25.872],[92.16,25.915],[92.166,25.964],[92.256,26.029],[92.241,26.063],[92.178,26.08],[92.133,26.046],[92.053,26.033],[91.991,26.041],[91.934,26.015],[91.883,26.03],[91.876,26.098],[91.819,26.119],[91.79,26.087],[91.731,26.059],[91.72,25.954],[91.669,25.905],[91.63,25.945],[91.632,26.022],[91.57,26.027],[91.551,25.975],[91.519,25.958],[91.469,25.859],[91.332,25.832],[91.276,25.747],[91.224,25.723],[91.18,25.776],[91.203,25.841],[91.153,25.85],[91.067,25.826],[91.014,25.884],[90.967,25.887],[90.958,25.934],[90.883,25.952],[90.797,25.941],[90.741,25.915],[90.713,25.952],[90.629,25.937],[90.534,25.958],[90.477,26.015],[90.429,25.989],[90.365,26.01],[90.324,25.974],[90.213,25.954],[90.114,25.957],[90.101,25.942],[90.096,25.94],[90.092,25.929],[90.081,25.925],[90.078,25.918],[90.072,25.919],[90.063,25.916],[90.059,25.91],[90.052,25.899],[90.028,25.894],[90.015,25.889],[90.014,25.872],[90.019,25.871],[90.022,25.866],[90.012,25.85],[89.997,25.844],[90.002,25.842],[89.968,25.826],[89.951,25.825],[89.946,25.82],[89.946,25.816],[89.952,25.811],[89.953,25.783],[89.916,25.739],[89.899,25.744],[89.913,25.707],[89.919,25.703],[89.932,25.69],[89.942,25.678],[89.98,25.638],[89.999,25.622],[90.005,25.624],[90.006,25.588],[89.995,25.586],[89.918,25.563],[89.878,25.549],[89.87,25.544],[89.875,25.542],[89.871,25.537],[89.876,25.529],[89.874,25.514],[89.88,25.489],[89.869,25.476],[89.855,25.476]]]},"properties":{"ID_0":105,"ISO":"IND","NAME_0":"India","ID_1":23,"NAME_1":"Meghalaya","NL_NAME_1":null,"VARNAME_1":null,"TYPE_1":"State","ENGTYPE_1":"State"}},
{"type":"Feature","geometry":{"type":"Polygon","coordinates":[[[92.297,24.252],[92.295,24.248],[92.295,24.241],[92.297,24.238],[92.296,24.234],[92.299,24.232],[92.298,24.227],[92.301,24.225],[92.31,24.215],[92.316,24.213],[92.329,24.191],[92.327,24.186],[92.33,24.175],[92.332,24.164],[92.334,24.151],[92.336,24.144],[92.335,24.144],[92.332,24.144],[92.329,24.14],[92.328,24.135],[92.328,24.125],[92.332,24.113],[92.329,24.11],[92.332,24.105],[92.33,24.101],[92.317,24.067],[92.322,24.059],[92.32,24.051],[92.315,24.049],[92.317,24.038],[92.319,24.031],[92.317,24.028],[92.322,24.019],[92.319,24.019],[92.317,24.018],[92.32,23.975],[92.313,23.97],[92.313,23.961],[92.313,23.957],[92.313,23.935],[92.321,23.926],[92.331,23.921],[92.33,23.906],[92.324,23.905],[92.322,23.891],[92.318,23.888],[92.319,23.884],[92.317,23.882],[92.317,23.879],[92.32,23.878],[92.322,23.87],[92.318,23.867],[92.32,23.865],[92.307,23.864],[92.301,23.866],[92.295,23.87],[92.294,23.871],[92.288,23.867],[92.274,23.844],[92.277,23.837],[92.282,23.831],[92.284,23.824],[92.283,23.823],[92.287,23.817],[92.281,23.815],[92.269,23.818],[92.262,23.805],[92.267,23.762],[92.266,23.739],[92.269,23.729],[92.295,23.694],[92.28,23.644],[92.3,23.625],[92.341,23.431],[92.384,23.354],[92.374,23.321],[92.409,23.242],[92.361,23.238],[92.372,23.16],[92.365,23.11],[92.394,23.058],[92.376,22.94],[92.458,22.872],[92.458,22.826],[92.518,22.708],[92.532,22.656],[92.566,22.392],[92.588,22.321],[92.615,22.147],[92.571,22.132],[92.605,22.058],[92.612,21.98],[92.69,22.041],[92.703,22.154],[92.817,22.096],[92.894,22.012],[92.942,22.018],[93.001,22.056],[93.016,22.105],[93.047,22.139],[93.045,22.194],[93.077,22.21],[93.163,22.182],[93.147,22.247],[93.19,22.25],[93.202,22.281],[93.191,22.427],[93.135,22.475],[93.116,22.555],[93.146,22.586],[93.092,22.709],[93.113,22.744],[93.099,22.81],[93.122,22.863],[93.163,22.914],[93.129,23.001],[93.133,23.048],[93.206,23.057],[93.253,23.006],[93.302,23.008],[93.358,23.078],[93.395,23.224],[93.378,23.256],[93.379,23.333],[93.414,23.388],[93.398,23.411],[93.408,23.508],[93.428,23.534],[93.428,23.654],[93.399,23.824],[93.399,23.93],[93.337,23.983],[93.337,24.053],[93.288,24.052],[93.227,24.087],[93.217,24.05],[93.129,24.064],[93.079,24.103],[93.054,24.091],[92.986,24.129],[93.024,24.218],[93.008,24.28],[93.035,24.318],[93.024,24.39],[93,24.403],[92.936,24.396],[92.912,24.413],[92.847,24.382],[92.804,24.422],[92.765,24.521],[92.692,24.356],[92.626,24.334],[92.612,24.253],[92.551,24.246],[92.514,24.174],[92.509,24.169],[92.513,24.163],[92.51,24.163],[92.505,24.167],[92.502,24.162],[92.488,24.162],[92.485,24.159],[92.483,24.157],[92.484,24.154],[92.473,24.142],[92.467,24.135],[92.463,24.136],[92.442,24.153],[92.437,24.151],[92.435,24.163],[92.434,24.174],[92.422,24.253],[92.314,24.253],[92.297,24.252]]]},"properties":{"ID_0":105,"ISO":"IND","NAME_0":"India","ID_1":24,"NAME_1":"Mizoram","NL_NAME_1":null,"VARNAME_1":null,"TYPE_1":"State","ENGTYPE_1":"State"}},
{"type":"Feature","geometry":{"type":"Polygon","coordinates":[[[95.196,27.043],[95.087,26.953],[94.986,26.918],[94.957,26.944],[94.886,26.932],[94.821,26.854],[94.802,26.806],[94.687,26.733],[94.592,26.703],[94.545,26.711],[94.455,26.639],[94.41,26.616],[94.397,26.53],[94.324,26.479],[94.294,26.481],[94.282,26.564],[94.187,26.461],[94.164,26.36],[94.108,26.326],[94.036,26.203],[94.013,26.186],[93.986,26.084],[93.955,26.007],[93.983,25.926],[93.916,25.888],[93.883,25.846],[93.852,25.863],[93.796,25.814],[93.78,25.846],[93.798,25.91],[93.785,25.958],[93.688,25.909],[93.706,25.853],[93.648,25.824],[93.622,25.78],[93.545,25.727],[93.544,25.702],[93.483,25.646],[93.418,25.621],[93.373,25.569],[93.333,25.549],[93.391,25.486],[93.457,25.442],[93.478,25.38],[93.452,25.344],[93.474,25.309],[93.504,25.253],[93.563,25.247],[93.608,25.202],[93.687,25.331],[93.781,25.425],[93.814,25.485],[93.764,25.515],[93.836,25.563],[93.892,25.568],[93.965,25.557],[94.012,25.575],[94.069,25.559],[94.092,25.533],[94.191,25.531],[94.223,25.497],[94.303,25.495],[94.426,25.553],[94.422,25.576],[94.474,25.622],[94.597,25.687],[94.556,25.586],[94.557,25.513],[94.625,25.469],[94.682,25.46],[94.812,25.495],[94.837,25.55],[94.921,25.615],[94.935,25.665],[95.009,25.739],[95.053,25.763],[95.049,25.81],[95.015,25.872],[95.028,25.92],[95.106,25.968],[95.165,26.035],[95.185,26.085],[95.127,26.101],[95.117,26.163],[95.128,26.203],[95.136,26.388],[95.069,26.467],[95.154,26.581],[95.155,26.619],[95.238,26.686],[95.216,26.735],[95.243,26.785],[95.215,26.798],[95.185,26.865],[95.23,26.886],[95.195,26.99],[95.196,27.043]]]},"properties":{"ID_0":105,"ISO":"IND","NAME_0":"India","ID_1":25,"NAME_1":"Nagaland","NL_NAME_1":null,"VARNAME_1":null,"TYPE_1":"State","ENGTYPE_1":"State"}},
{"type":"Feature","geometry":{"type":"MultiPolygon","coordinates":[[[[84.719,19.096],[84.724,19.14],[84.777,19.11],[84.844,19.196],[84.985,19.319],[85.061,19.363],[85.139,19.443],[85.295,19.554],[85.419,19.623],[85.68,19.746],[85.846,19.801],[86.045,19.847],[86.228,19.901],[86.296,19.936],[86.363,19.953],[86.411,20],[86.414,20.041],[86.476,20.101],[86.488,20.167],[86.536,20.2],[86.675,20.258],[86.769,20.331],[86.782,20.388],[86.733,20.403],[86.733,20.455],[86.784,20.536],[87.027,20.696],[86.935,20.711],[86.85,20.652],[86.767,20.644],[86.816,20.724],[86.818,20.761],[86.881,20.798],[86.958,20.785],[86.97,20.828],[86.889,21.016],[86.858,21.055],[86.824,21.138],[86.823,21.192],[86.892,21.316],[86.996,21.421],[87.114,21.508],[87.207,21.546],[87.303,21.556],[87.383,21.549],[87.482,21.609],[87.482,21.614],[87.461,21.644],[87.46,21.657],[87.468,21.677],[87.468,21.696],[87.469,21.698],[87.463,21.717],[87.466,21.724],[87.465,21.726],[87.444,21.732],[87.451,21.735],[87.443,21.742],[87.444,21.761],[87.439,21.764],[87.425,21.766],[87.392,21.769],[87.383,21.771],[87.37,21.768],[87.355,21.779],[87.34,21.784],[87.337,21.779],[87.333,21.787],[87.326,21.786],[87.323,21.786],[87.317,21.789],[87.318,21.791],[87.306,21.794],[87.297,21.795],[87.295,21.804],[87.281,21.799],[87.273,21.804],[87.273,21.806],[87.262,21.814],[87.268,21.82],[87.262,21.833],[87.255,21.844],[87.245,21.856],[87.249,21.867],[87.252,21.918],[87.235,21.934],[87.232,21.94],[87.235,21.954],[87.224,21.954],[87.221,21.953],[87.203,21.956],[87.175,21.966],[87.167,21.973],[87.16,21.949],[87.158,21.931],[87.152,21.928],[87.114,21.922],[87.11,21.918],[87.105,21.918],[87.091,21.899],[87.089,21.895],[87.089,21.892],[87.096,21.886],[87.096,21.882],[87.078,21.86],[87.03,21.865],[86.998,21.908],[87.034,21.989],[87.018,22.041],[86.957,22.083],[86.848,22.098],[86.806,22.114],[86.79,22.154],[86.715,22.143],[86.723,22.215],[86.648,22.236],[86.646,22.261],[86.578,22.298],[86.525,22.303],[86.5,22.341],[86.424,22.306],[86.353,22.345],[86.288,22.425],[86.202,22.47],[86.101,22.49],[86.069,22.543],[85.969,22.5],[85.954,22.456],[86.021,22.382],[85.993,22.338],[86.018,22.305],[85.97,22.243],[86.027,22.185],[86.003,22.113],[85.943,22.019],[85.894,21.978],[85.784,21.979],[85.779,22.036],[85.802,22.111],[85.722,22.058],[85.682,22.049],[85.645,22.09],[85.591,22.074],[85.486,22.116],[85.41,22.156],[85.363,22.155],[85.274,22.08],[85.241,22.013],[85.211,22.043],[85.099,22.096],[85.024,22.112],[85.025,22.154],[85.069,22.231],[85.071,22.272],[85.105,22.291],[85.074,22.349],[85.083,22.378],[85.051,22.479],[84.88,22.418],[84.801,22.444],[84.744,22.415],[84.662,22.414],[84.632,22.429],[84.502,22.415],[84.426,22.352],[84.289,22.337],[84.247,22.374],[84.194,22.372],[84.136,22.421],[84.137,22.467],[84.058,22.51],[84.003,22.521],[83.976,22.502],[84.042,22.464],[84.04,22.433],[84.001,22.37],[83.861,22.344],[83.746,22.241],[83.693,22.246],[83.646,22.225],[83.557,22.1],[83.538,22.055],[83.549,22.007],[83.535,21.964],[83.6,21.911],[83.531,21.832],[83.491,21.809],[83.484,21.742],[83.441,21.649],[83.381,21.613],[83.342,21.485],[83.35,21.444],[83.394,21.399],[83.375,21.34],[83.27,21.375],[83.242,21.276],[83.193,21.139],[83.12,21.101],[83.041,21.119],[82.98,21.157],[82.84,21.163],[82.782,21.141],[82.758,21.159],[82.636,21.149],[82.645,21.102],[82.609,21.064],[82.622,21.037],[82.553,20.941],[82.483,20.9],[82.478,20.847],[82.416,20.826],[82.401,20.862],[82.334,20.841],[82.343,20.699],[82.368,20.63],[82.324,20.554],[82.38,20.51],[82.41,20.403],[82.394,20.336],[82.422,20.31],[82.405,20.264],[82.414,20.202],[82.379,20.145],[82.396,20.049],[82.544,20.012],[82.582,19.99],[82.65,19.999],[82.711,19.983],[82.698,19.827],[82.646,19.825],[82.619,19.786],[82.578,19.776],[82.572,19.828],[82.597,19.86],[82.476,19.901],[82.389,19.882],[82.339,19.83],[82.298,19.883],[82.262,19.972],[82.231,19.998],[82.184,19.981],[82.116,20.01],[82.058,20.05],[82.015,20.02],[81.974,20.076],[81.934,20.099],[81.86,20.023],[81.837,19.95],[81.858,19.9],[81.96,19.855],[81.98,19.796],[82.052,19.791],[82.038,19.704],[82.051,19.624],[82.035,19.583],[82.046,19.539],[82.092,19.51],[82.119,19.424],[82.17,19.429],[82.166,19.366],[82.18,19.332],[82.152,19.265],[82.168,19.134],[82.209,19.079],[82.24,18.91],[82.171,18.892],[82.145,18.773],[82.091,18.756],[82.079,18.712],[82.034,18.719],[81.955,18.68],[81.947,18.559],[81.897,18.528],[81.762,18.411],[81.745,18.345],[81.658,18.339],[81.66,18.316],[81.593,18.301],[81.528,18.259],[81.505,18.184],[81.523,18.157],[81.509,18.092],[81.474,18.029],[81.477,17.974],[81.444,17.922],[81.437,17.876],[81.396,17.888],[81.385,17.807],[81.47,17.823],[81.481,17.803],[81.575,17.827],[81.611,17.815],[81.663,17.877],[81.703,17.861],[81.776,17.905],[81.801,17.936],[81.936,17.984],[82.002,18.024],[82.025,18.058],[82.164,18.042],[82.242,17.98],[82.258,18.035],[82.336,18.047],[82.333,18.142],[82.306,18.196],[82.333,18.216],[82.337,18.266],[82.393,18.306],[82.345,18.322],[82.384,18.372],[82.361,18.41],[82.427,18.477],[82.481,18.515],[82.523,18.504],[82.536,18.408],[82.601,18.366],[82.589,18.257],[82.632,18.229],[82.665,18.291],[82.767,18.331],[82.784,18.354],[82.776,18.42],[82.799,18.439],[82.891,18.392],[82.903,18.356],[82.976,18.355],[83.066,18.392],[83.016,18.448],[83.052,18.477],[83.051,18.535],[83.008,18.588],[83.012,18.639],[83.051,18.654],[83.078,18.705],[83.133,18.772],[83.185,18.744],[83.266,18.757],[83.28,18.79],[83.36,18.807],[83.399,18.834],[83.313,18.967],[83.335,19.007],[83.409,18.996],[83.443,18.948],[83.475,19],[83.459,19.07],[83.505,19.065],[83.514,19.025],[83.604,19.093],[83.619,19.142],[83.726,18.976],[83.788,19.008],[83.835,18.909],[83.844,18.851],[83.87,18.818],[84.048,18.783],[84.092,18.745],[84.217,18.787],[84.246,18.773],[84.332,18.792],[84.386,18.883],[84.429,18.914],[84.435,18.977],[84.426,18.984],[84.426,18.989],[84.425,18.995],[84.415,19.012],[84.42,19.013],[84.422,19.009],[84.437,18.997],[84.472,18.981],[84.476,18.992],[84.478,19.008],[84.489,19.021],[84.498,19.025],[84.51,19.037],[84.548,19.046],[84.56,19.06],[84.568,19.063],[84.571,19.06],[84.578,19.062],[84.574,19.035],[84.588,19.013],[84.6,19.033],[84.609,19.047],[84.612,19.05],[84.623,19.056],[84.625,19.053],[84.63,19.05],[84.634,19.056],[84.648,19.056],[84.655,19.052],[84.663,19.064],[84.645,19.084],[84.634,19.075],[84.624,19.074],[84.617,19.09],[84.606,19.093],[84.596,19.115],[84.629,19.121],[84.647,19.12],[84.661,19.122],[84.666,19.135],[84.665,19.157],[84.681,19.15],[84.698,19.15],[84.702,19.151],[84.697,19.125],[84.694,19.122],[84.698,19.11],[84.698,19.109],[84.719,19.096]]],[[[86.871,20.772],[86.83,20.76],[86.802,20.683],[86.854,20.657],[86.935,20.717],[87.001,20.716],[86.991,20.772],[86.871,20.772]]]]},"properties":{"ID_0":105,"ISO":"IND","NAME_0":"India","ID_1":26,"NAME_1":"Orissa","NL_NAME_1":null,"VARNAME_1":null,"TYPE_1":"State","ENGTYPE_1":"State"}},
{"type":"Feature","geometry":{"type":"MultiPolygon","coordinates":[[[[75.231,12.024],[75.299,12.029],[75.312,12.049],[75.305,12.053],[75.301,12.058],[75.297,12.064],[75.315,12.088],[75.309,12.103],[75.32,12.107],[75.33,12.103],[75.336,12.099],[75.352,12.109],[75.369,12.121],[75.379,12.122],[75.382,12.129],[75.392,12.126],[75.402,12.134],[75.4,12.141],[75.389,12.146],[75.378,12.146],[75.372,12.146],[75.367,12.135],[75.346,12.139],[75.325,12.145],[75.321,12.144],[75.311,12.136],[75.31,12.132],[75.284,12.115],[75.278,12.102],[75.266,12.104],[75.256,12.109],[75.247,12.104],[75.241,12.109],[75.237,12.11],[75.224,12.054],[75.227,12.044],[75.231,12.024]]],[[[79.761,10.981],[79.743,10.985],[79.73,10.985],[79.732,10.975],[79.738,10.969],[79.74,10.966],[79.741,10.963],[79.74,10.956],[79.746,10.949],[79.74,10.944],[79.727,10.952],[79.715,10.953],[79.704,10.948],[79.716,10.938],[79.721,10.935],[79.708,10.923],[79.704,10.921],[79.71,10.919],[79.708,10.915],[79.709,10.914],[79.721,10.911],[79.72,10.906],[79.724,10.908],[79.726,10.907],[79.728,10.902],[79.743,10.899],[79.748,10.895],[79.754,10.887],[79.76,10.883],[79.773,10.89],[79.776,10.882],[79.77,10.878],[79.776,10.876],[79.785,10.874],[79.79,10.862],[79.807,10.853],[79.792,10.849],[79.793,10.839],[79.803,10.834],[79.808,10.831],[79.813,10.829],[79.814,10.818],[79.813,10.814],[79.836,10.812],[79.851,10.814],[79.851,10.976],[79.835,10.977],[79.834,10.977],[79.825,10.985],[79.81,10.982],[79.803,10.985],[79.796,10.983],[79.79,10.973],[79.774,10.977],[79.761,10.981]]],[[[79.706,11.977],[79.669,12.007],[79.659,11.997],[79.652,11.998],[79.647,11.993],[79.695,11.975],[79.684,11.927],[79.8,11.808],[79.838,11.941],[79.825,11.94],[79.805,11.963],[79.798,11.964],[79.792,11.957],[79.79,11.943],[79.776,11.946],[79.773,11.947],[79.769,11.941],[79.764,11.935],[79.748,11.915],[79.741,11.907],[79.734,11.947],[79.716,11.967],[79.718,11.969],[79.727,11.962],[79.745,11.971],[79.752,11.976],[79.729,11.986],[79.725,11.978],[79.717,11.975],[79.706,11.977]]]]},"properties":{"ID_0":105,"ISO":"IND","NAME_0":"India","ID_1":27,"NAME_1":"Puducherry","NL_NAME_1":null,"VARNAME_1":"Pondicherry|Puduchcheri|Pondichry","TYPE_1":"Union Territor","ENGTYPE_1":"Union Territory"}},
{"type":"Feature","geometry":{"type":"Polygon","coordinates":[[[76.828,30.764],[76.847,30.793],[76.828,30.833],[76.769,30.877],[76.77,30.906],[76.713,30.963],[76.668,30.97],[76.61,31.004],[76.599,31.054],[76.626,31.11],[76.589,31.128],[76.59,31.183],[76.635,31.213],[76.571,31.28],[76.546,31.256],[76.428,31.325],[76.359,31.416],[76.316,31.402],[76.33,31.345],[76.302,31.326],[76.206,31.305],[76.134,31.383],[76.157,31.405],[76.084,31.537],[76.003,31.647],[75.922,31.817],[75.95,31.848],[75.895,31.95],[75.795,31.989],[75.734,32.037],[75.611,32.1],[75.655,32.146],[75.62,32.185],[75.623,32.235],[75.676,32.264],[75.736,32.274],[75.844,32.379],[75.926,32.412],[75.915,32.449],[75.855,32.5],[75.873,32.576],[75.804,32.487],[75.746,32.476],[75.712,32.418],[75.648,32.389],[75.593,32.382],[75.468,32.318],[75.322,32.337],[75.364,32.238],[75.323,32.201],[75.309,32.155],[75.239,32.087],[75.12,32.083],[75.051,32.041],[74.998,32.029],[74.926,32.066],[74.818,31.994],[74.801,31.962],[74.652,31.91],[74.556,31.829],[74.517,31.723],[74.578,31.623],[74.601,31.568],[74.573,31.52],[74.642,31.462],[74.595,31.397],[74.522,31.248],[74.501,31.18],[74.506,31.136],[74.588,31.093],[74.592,31.127],[74.679,31.129],[74.694,31.095],[74.656,31.055],[74.6,31.044],[74.553,31.063],[74.532,31.009],[74.471,30.966],[74.419,30.912],[74.316,30.848],[74.197,30.672],[74.092,30.598],[74.091,30.573],[73.989,30.505],[73.928,30.421],[73.873,30.383],[73.958,30.262],[73.966,30.195],[73.962,30.128],[73.898,30.054],[73.891,29.97],[74.069,29.969],[74.252,29.955],[74.519,29.943],[74.586,29.915],[74.64,29.922],[74.681,29.949],[74.776,29.974],[74.801,29.993],[74.85,29.959],[74.924,29.942],[74.99,29.856],[75.065,29.879],[75.102,29.803],[75.182,29.839],[75.231,29.752],[75.198,29.731],[75.173,29.63],[75.221,29.607],[75.238,29.552],[75.291,29.562],[75.28,29.603],[75.318,29.671],[75.397,29.761],[75.444,29.786],[75.556,29.766],[75.563,29.744],[75.666,29.773],[75.706,29.809],[75.772,29.825],[75.82,29.815],[75.864,29.752],[75.934,29.733],[76.041,29.749],[76.074,29.781],[76.229,29.855],[76.183,29.894],[76.204,29.944],[76.189,30.004],[76.251,30.119],[76.328,30.11],[76.426,30.148],[76.452,30.101],[76.501,30.077],[76.555,30.099],[76.619,30.095],[76.623,30.17],[76.639,30.206],[76.59,30.254],[76.671,30.319],[76.739,30.36],[76.7,30.394],[76.749,30.427],[76.808,30.412],[76.832,30.434],[76.898,30.363],[76.927,30.389],[76.89,30.437],[76.885,30.54],[76.913,30.6],[76.82,30.686],[76.811,30.685],[76.806,30.68],[76.794,30.669],[76.738,30.689],[76.733,30.697],[76.725,30.704],[76.727,30.708],[76.715,30.713],[76.715,30.715],[76.71,30.735],[76.693,30.757],[76.691,30.76],[76.718,30.769],[76.729,30.776],[76.735,30.783],[76.738,30.79],[76.74,30.791],[76.746,30.795],[76.751,30.797],[76.768,30.795],[76.776,30.784],[76.773,30.783],[76.781,30.774],[76.796,30.786],[76.802,30.782],[76.803,30.778],[76.793,30.767],[76.828,30.764]]]},"properties":{"ID_0":105,"ISO":"IND","NAME_0":"India","ID_1":28,"NAME_1":"Punjab","NL_NAME_1":null,"VARNAME_1":null,"TYPE_1":"State","ENGTYPE_1":"State"}},
{"type":"Feature","geometry":{"type":"Polygon","coordinates":[[[74.323,23.063],[74.391,23.112],[74.467,23.085],[74.535,23.102],[74.546,23.132],[74.608,23.145],[74.669,23.201],[74.746,23.212],[74.701,23.272],[74.632,23.263],[74.615,23.285],[74.549,23.287],[74.534,23.323],[74.572,23.383],[74.573,23.419],[74.613,23.461],[74.742,23.519],[74.851,23.557],[74.886,23.606],[74.94,23.63],[74.924,23.669],[74.941,23.735],[74.905,23.868],[74.915,23.912],[74.993,24.03],[74.96,24.11],[74.9,24.174],[74.906,24.234],[74.875,24.278],[74.773,24.272],[74.785,24.367],[74.857,24.452],[74.815,24.492],[74.757,24.489],[74.748,24.597],[74.817,24.672],[74.776,24.686],[74.819,24.765],[74.873,24.669],[74.944,24.662],[74.964,24.7],[75,24.708],[74.993,24.753],[75.013,24.794],[74.905,24.797],[74.859,24.813],[74.827,24.899],[74.867,24.937],[74.945,24.878],[75.043,24.859],[75.074,24.887],[75.119,24.889],[75.116,24.965],[75.164,24.992],[75.155,25.029],[75.31,25.046],[75.337,24.963],[75.326,24.887],[75.417,24.864],[75.3,24.815],[75.284,24.85],[75.242,24.861],[75.192,24.789],[75.228,24.735],[75.452,24.693],[75.535,24.72],[75.582,24.723],[75.613,24.688],[75.742,24.76],[75.786,24.766],[75.839,24.73],[75.853,24.614],[75.911,24.577],[75.925,24.538],[75.905,24.505],[75.903,24.446],[75.829,24.423],[75.786,24.458],[75.736,24.403],[75.738,24.348],[75.765,24.311],[75.813,24.301],[75.805,24.23],[75.774,24.221],[75.743,24.14],[75.83,24.072],[75.78,24.062],[75.762,23.998],[75.7,23.969],[75.669,24.034],[75.635,24],[75.514,24.049],[75.465,23.981],[75.456,23.921],[75.562,23.858],[75.583,23.8],[75.649,23.799],[75.722,23.827],[75.728,23.902],[75.78,23.855],[75.853,23.894],[75.879,23.885],[75.976,23.933],[75.98,23.974],[75.96,24.025],[76.027,24.05],[76.043,24.074],[76.135,24.095],[76.123,24.205],[76.154,24.244],[76.142,24.281],[76.195,24.285],[76.206,24.233],[76.276,24.217],[76.318,24.251],[76.353,24.249],[76.412,24.21],[76.463,24.229],[76.508,24.2],[76.523,24.163],[76.58,24.181],[76.571,24.213],[76.616,24.263],[76.679,24.271],[76.702,24.249],[76.674,24.193],[76.721,24.162],[76.769,24.165],[76.791,24.126],[76.856,24.139],[76.9,24.131],[76.916,24.189],[76.944,24.199],[76.874,24.271],[76.837,24.361],[76.851,24.469],[76.815,24.534],[76.846,24.551],[76.918,24.536],[76.915,24.488],[76.96,24.46],[77.05,24.527],[77.064,24.564],[77.059,24.642],[77.019,24.715],[76.847,24.77],[76.802,24.827],[76.895,24.84],[76.949,24.873],[76.872,24.955],[76.869,25.011],[76.969,25.056],[76.984,25.078],[77.077,25.058],[77.158,25.088],[77.17,25.114],[77.262,25.119],[77.303,25.084],[77.387,25.122],[77.406,25.226],[77.35,25.272],[77.375,25.306],[77.344,25.388],[77.305,25.436],[77.22,25.373],[77.218,25.331],[77.154,25.313],[77.075,25.34],[77.024,25.301],[76.959,25.297],[76.843,25.331],[76.773,25.316],[76.74,25.348],[76.681,25.345],[76.603,25.389],[76.589,25.431],[76.52,25.53],[76.51,25.58],[76.511,25.673],[76.482,25.718],[76.527,25.731],[76.529,25.798],[76.597,25.876],[76.641,25.906],[76.733,25.903],[76.795,25.944],[76.888,26.093],[76.994,26.138],[77.024,26.176],[77.096,26.195],[77.114,26.231],[77.194,26.236],[77.267,26.276],[77.318,26.346],[77.366,26.372],[77.432,26.365],[77.428,26.407],[77.523,26.415],[77.599,26.454],[77.671,26.51],[77.727,26.515],[77.739,26.543],[77.813,26.555],[77.82,26.6],[77.879,26.62],[77.904,26.666],[77.94,26.663],[77.992,26.703],[78.088,26.687],[78.095,26.789],[78.179,26.801],[78.21,26.836],[78.205,26.877],[78.248,26.901],[78.233,26.934],[78.139,26.957],[78.087,26.902],[78.042,26.915],[77.91,26.914],[77.871,26.906],[77.765,26.938],[77.724,26.923],[77.716,26.881],[77.672,26.874],[77.609,26.835],[77.521,26.822],[77.464,26.77],[77.429,26.786],[77.417,26.843],[77.482,26.904],[77.58,26.931],[77.642,26.967],[77.692,26.979],[77.657,27.023],[77.559,27.049],[77.544,27.116],[77.597,27.129],[77.615,27.175],[77.655,27.176],[77.644,27.239],[77.575,27.327],[77.497,27.381],[77.432,27.399],[77.43,27.462],[77.376,27.519],[77.34,27.525],[77.326,27.597],[77.342,27.653],[77.304,27.788],[77.276,27.807],[77.235,27.786],[77.15,27.812],[77.101,27.785],[77.038,27.82],[77.032,27.748],[76.994,27.742],[76.97,27.657],[76.889,27.72],[76.908,27.836],[76.927,27.834],[76.919,27.998],[76.962,28.144],[76.833,28.225],[76.79,28.194],[76.791,28.157],[76.682,28.098],[76.648,28.092],[76.66,28.019],[76.599,28.01],[76.531,27.979],[76.539,28.039],[76.456,28.046],[76.498,28.107],[76.472,28.15],[76.36,28.143],[76.332,28.107],[76.353,28.066],[76.337,28.03],[76.251,28.071],[76.177,28.059],[76.154,27.993],[76.179,27.973],[76.17,27.91],[76.206,27.848],[76.173,27.807],[76.088,27.868],[76.05,27.848],[75.975,27.865],[75.977,27.909],[75.955,27.989],[75.977,28.084],[75.936,28.094],[76.028,28.173],[76.075,28.172],[76.053,28.224],[76.011,28.242],[75.987,28.296],[75.922,28.369],[75.803,28.414],[75.778,28.458],[75.69,28.499],[75.629,28.546],[75.609,28.606],[75.556,28.615],[75.54,28.649],[75.531,28.733],[75.499,28.788],[75.513,28.837],[75.488,28.86],[75.511,29.011],[75.435,29.017],[75.43,29.065],[75.381,29.07],[75.361,29.143],[75.401,29.189],[75.38,29.264],[75.315,29.236],[75.272,29.254],[75.147,29.246],[75.078,29.232],[75.024,29.292],[74.953,29.282],[74.927,29.365],[74.85,29.403],[74.81,29.398],[74.776,29.36],[74.65,29.372],[74.6,29.354],[74.57,29.406],[74.611,29.531],[74.572,29.556],[74.579,29.655],[74.605,29.753],[74.472,29.744],[74.465,29.788],[74.492,29.827],[74.554,29.866],[74.519,29.943],[74.252,29.955],[74.069,29.969],[73.891,29.97],[73.898,30.054],[73.962,30.128],[73.966,30.195],[73.838,30.109],[73.794,30.07],[73.611,30.022],[73.413,29.949],[73.385,29.926],[73.34,29.769],[73.271,29.557],[73.191,29.429],[73.078,29.233],[73,29.147],[72.944,29.03],[72.741,28.948],[72.52,28.829],[72.385,28.764],[72.302,28.665],[72.209,28.4],[72.184,28.358],[72.126,28.304],[71.996,28.207],[71.931,28.122],[71.897,27.957],[71.658,27.869],[71.41,27.866],[71.209,27.824],[71.034,27.757],[70.907,27.701],[70.758,27.717],[70.678,27.839],[70.672,27.914],[70.563,28.02],[70.479,28.034],[70.366,28.008],[70.303,27.946],[70.208,27.885],[70.108,27.767],[70.016,27.556],[69.936,27.502],[69.862,27.403],[69.666,27.251],[69.587,27.178],[69.513,27.017],[69.484,26.806],[69.522,26.736],[69.722,26.654],[69.772,26.614],[69.856,26.583],[69.918,26.583],[70.025,26.599],[70.107,26.59],[70.168,26.551],[70.184,26.487],[70.173,26.245],[70.145,26.166],[70.094,26.097],[70.08,26.058],[70.107,25.924],[70.178,25.819],[70.245,25.766],[70.285,25.699],[70.4,25.664],[70.533,25.676],[70.602,25.703],[70.666,25.697],[70.681,25.661],[70.676,25.524],[70.688,25.518],[70.674,25.389],[70.744,25.321],[70.759,25.275],[70.894,25.144],[70.926,24.995],[70.945,24.935],[71.035,24.799],[71.073,24.712],[71.107,24.681],[71.172,24.649],[71.207,24.64],[71.242,24.627],[71.261,24.621],[71.298,24.608],[71.357,24.654],[71.381,24.621],[71.488,24.674],[71.617,24.671],[71.662,24.633],[71.785,24.669],[71.812,24.622],[71.869,24.623],[71.871,24.672],[71.926,24.662],[71.935,24.627],[71.993,24.657],[72.052,24.706],[72.085,24.697],[72.085,24.653],[72.186,24.609],[72.23,24.633],[72.275,24.622],[72.251,24.58],[72.295,24.538],[72.358,24.553],[72.386,24.501],[72.448,24.493],[72.437,24.461],[72.465,24.407],[72.542,24.505],[72.589,24.473],[72.659,24.456],[72.733,24.361],[72.868,24.366],[72.924,24.326],[72.977,24.359],[72.964,24.392],[72.981,24.451],[73.051,24.465],[73.094,24.495],[73.106,24.42],[73.085,24.394],[73.18,24.351],[73.173,24.301],[73.116,24.263],[73.083,24.185],[73.123,24.14],[73.224,24.098],[73.201,24.045],[73.253,24.011],[73.327,24.063],[73.335,24.115],[73.414,24.051],[73.42,23.923],[73.386,23.906],[73.36,23.855],[73.4,23.784],[73.51,23.697],[73.501,23.635],[73.527,23.611],[73.571,23.654],[73.619,23.651],[73.661,23.623],[73.637,23.531],[73.633,23.452],[73.765,23.459],[73.827,23.447],[73.894,23.337],[74.033,23.332],[74.049,23.295],[74.107,23.294],[74.136,23.265],[74.127,23.179],[74.183,23.152],[74.208,23.192],[74.25,23.178],[74.323,23.063]]]},"properties":{"ID_0":105,"ISO":"IND","NAME_0":"India","ID_1":29,"NAME_1":"Rajasthan","NL_NAME_1":null,"VARNAME_1":"Greater Rajasthan|Rajputana","TYPE_1":"State","ENGTYPE_1":"State"}},
{"type":"Feature","geometry":{"type":"Polygon","coordinates":[[[88.752,27.148],[88.785,27.182],[88.801,27.248],[88.899,27.275],[88.922,27.326],[88.89,27.336],[88.857,27.387],[88.809,27.405],[88.783,27.456],[88.789,27.529],[88.767,27.565],[88.805,27.603],[88.81,27.642],[88.847,27.669],[88.862,27.739],[88.856,27.818],[88.881,27.839],[88.88,27.895],[88.836,27.932],[88.841,27.991],[88.751,28.073],[88.667,28.074],[88.638,28.104],[88.575,28.086],[88.533,28.037],[88.482,28.045],[88.389,27.978],[88.338,27.988],[88.244,27.949],[88.203,27.967],[88.139,27.963],[88.114,27.912],[88.204,27.837],[88.2,27.791],[88.161,27.741],[88.147,27.665],[88.123,27.645],[88.063,27.54],[88.047,27.478],[88.081,27.432],[88.044,27.371],[88.069,27.336],[88.034,27.286],[88.017,27.219],[88.058,27.214],[88.086,27.142],[88.158,27.114],[88.179,27.135],[88.233,27.12],[88.278,27.131],[88.3,27.128],[88.304,27.129],[88.32,27.117],[88.345,27.107],[88.352,27.101],[88.371,27.099],[88.411,27.091],[88.432,27.082],[88.522,27.15],[88.52,27.175],[88.591,27.194],[88.718,27.144],[88.752,27.148]]]},"properties":{"ID_0":105,"ISO":"IND","NAME_0":"India","ID_1":30,"NAME_1":"Sikkim","NL_NAME_1":null,"VARNAME_1":null,"TYPE_1":"State","ENGTYPE_1":"State"}},
{"type":"Feature","geometry":{"type":"MultiPolygon","coordinates":[[[[78.221,12.753],[78.121,12.77],[78.065,12.83],[78.022,12.841],[77.981,12.81],[77.928,12.85],[77.826,12.859],[77.758,12.729],[77.75,12.687],[77.668,12.651],[77.654,12.674],[77.59,12.658],[77.598,12.621],[77.57,12.558],[77.579,12.507],[77.625,12.477],[77.604,12.354],[77.518,12.27],[77.47,12.262],[77.466,12.202],[77.511,12.184],[77.604,12.195],[77.726,12.167],[77.767,12.109],[77.746,12.069],[77.689,12.01],[77.664,11.953],[77.573,11.924],[77.49,11.93],[77.431,11.772],[77.355,11.778],[77.326,11.759],[77.285,11.798],[77.242,11.802],[77.114,11.762],[77.076,11.724],[77.041,11.778],[77.004,11.803],[76.944,11.781],[76.9,11.783],[76.881,11.725],[76.83,11.649],[76.851,11.602],[76.751,11.607],[76.608,11.6],[76.554,11.613],[76.54,11.671],[76.504,11.698],[76.451,11.655],[76.423,11.659],[76.421,11.625],[76.298,11.564],[76.271,11.593],[76.226,11.564],[76.258,11.473],[76.321,11.445],[76.361,11.448],[76.448,11.381],[76.538,11.352],[76.514,11.262],[76.446,11.23],[76.443,11.2],[76.578,11.197],[76.623,11.186],[76.697,11.231],[76.727,11.206],[76.686,11.158],[76.741,11.11],[76.734,11.064],[76.69,11.017],[76.653,10.92],[76.733,10.881],[76.818,10.862],[76.86,10.8],[76.898,10.771],[76.875,10.707],[76.873,10.629],[76.805,10.626],[76.83,10.585],[76.817,10.438],[76.807,10.415],[76.839,10.36],[76.82,10.295],[76.862,10.283],[76.892,10.233],[76.981,10.22],[77.039,10.248],[77.046,10.274],[77.163,10.346],[77.222,10.34],[77.214,10.306],[77.251,10.254],[77.264,10.18],[77.261,10.129],[77.188,10.096],[77.249,10.016],[77.261,9.964],[77.222,9.923],[77.199,9.866],[77.224,9.843],[77.208,9.722],[77.166,9.648],[77.223,9.573],[77.261,9.567],[77.304,9.593],[77.396,9.497],[77.372,9.445],[77.322,9.406],[77.321,9.351],[77.267,9.291],[77.25,9.19],[77.252,9.143],[77.196,9.088],[77.18,9.045],[77.132,9.012],[77.206,8.893],[77.24,8.868],[77.247,8.832],[77.177,8.735],[77.198,8.641],[77.228,8.613],[77.265,8.537],[77.248,8.501],[77.191,8.488],[77.189,8.435],[77.154,8.377],[77.15,8.322],[77.091,8.297],[77.306,8.128],[77.536,8.078],[77.559,8.12],[77.613,8.15],[77.716,8.166],[77.784,8.207],[77.813,8.246],[77.887,8.273],[77.98,8.34],[78.055,8.382],[78.067,8.423],[78.13,8.498],[78.139,8.589],[78.101,8.612],[78.162,8.737],[78.168,8.881],[78.211,8.961],[78.412,9.112],[78.458,9.127],[78.576,9.132],[78.652,9.159],[78.667,9.197],[78.718,9.19],[78.757,9.216],[78.86,9.253],[78.907,9.25],[78.979,9.273],[79.094,9.26],[79.065,9.3],[78.989,9.354],[78.935,9.411],[78.901,9.468],[78.915,9.494],[78.934,9.607],[78.98,9.687],[79.058,9.773],[79.124,9.865],[79.155,9.932],[79.262,10.041],[79.227,10.098],[79.241,10.181],[79.268,10.23],[79.326,10.282],[79.397,10.318],[79.582,10.303],[79.687,10.325],[79.836,10.275],[79.884,10.306],[79.866,10.416],[79.856,10.587],[79.851,10.814],[79.836,10.812],[79.813,10.814],[79.814,10.818],[79.813,10.829],[79.808,10.831],[79.803,10.834],[79.793,10.839],[79.792,10.849],[79.807,10.853],[79.79,10.862],[79.785,10.874],[79.776,10.876],[79.77,10.878],[79.776,10.882],[79.773,10.89],[79.76,10.883],[79.754,10.887],[79.748,10.895],[79.743,10.899],[79.728,10.902],[79.726,10.907],[79.724,10.908],[79.72,10.906],[79.721,10.911],[79.709,10.914],[79.708,10.915],[79.71,10.919],[79.704,10.921],[79.708,10.923],[79.721,10.935],[79.716,10.938],[79.704,10.948],[79.715,10.953],[79.727,10.952],[79.74,10.944],[79.746,10.949],[79.74,10.956],[79.741,10.963],[79.74,10.966],[79.738,10.969],[79.732,10.975],[79.73,10.985],[79.743,10.985],[79.761,10.981],[79.774,10.977],[79.79,10.973],[79.796,10.983],[79.803,10.985],[79.81,10.982],[79.825,10.985],[79.834,10.977],[79.835,10.977],[79.851,10.976],[79.859,11.14],[79.829,11.355],[79.807,11.445],[79.759,11.552],[79.761,11.621],[79.8,11.808],[79.684,11.927],[79.695,11.975],[79.647,11.993],[79.652,11.998],[79.659,11.997],[79.669,12.007],[79.706,11.977],[79.717,11.975],[79.725,11.978],[79.729,11.986],[79.752,11.976],[79.745,11.971],[79.727,11.962],[79.718,11.969],[79.716,11.967],[79.734,11.947],[79.741,11.907],[79.748,11.915],[79.764,11.935],[79.769,11.941],[79.773,11.947],[79.776,11.946],[79.79,11.943],[79.792,11.957],[79.798,11.964],[79.805,11.963],[79.825,11.94],[79.838,11.941],[79.885,12.065],[80.07,12.353],[80.157,12.471],[80.166,12.525],[80.254,12.779],[80.247,12.806],[80.259,12.934],[80.282,13.057],[80.304,13.094],[80.3,13.143],[80.337,13.253],[80.346,13.328],[80.313,13.428],[80.276,13.389],[80.26,13.447],[80.216,13.482],[80.163,13.478],[80.157,13.479],[80.152,13.479],[80.151,13.48],[80.145,13.485],[80.135,13.492],[80.133,13.496],[80.121,13.502],[80.1,13.505],[80.096,13.51],[80.089,13.526],[80.079,13.529],[80.076,13.527],[80.069,13.538],[79.962,13.451],[79.954,13.374],[79.926,13.336],[79.851,13.303],[79.8,13.304],[79.722,13.266],[79.783,13.228],[79.744,13.195],[79.671,13.236],[79.669,13.282],[79.565,13.249],[79.536,13.311],[79.417,13.322],[79.407,13.238],[79.421,13.184],[79.348,13.163],[79.35,13.125],[79.299,13.115],[79.271,13.138],[79.226,13.135],[79.153,13.007],[79.053,13.038],[78.982,13.076],[78.946,13.064],[78.801,13.076],[78.74,13.045],[78.702,13.056],[78.694,13.004],[78.651,13.018],[78.62,12.974],[78.625,12.914],[78.592,12.839],[78.58,12.767],[78.546,12.729],[78.552,12.697],[78.458,12.662],[78.46,12.617],[78.368,12.612],[78.29,12.653],[78.264,12.692],[78.227,12.689],[78.221,12.753]]],[[[79.312,9.328],[79.221,9.267],[79.328,9.26],[79.312,9.328]]]]},"properties":{"ID_0":105,"ISO":"IND","NAME_0":"India","ID_1":31,"NAME_1":"Tamil Nadu","NL_NAME_1":null,"VARNAME_1":"Madras|Tamilnad","TYPE_1":"State","ENGTYPE_1":"State"}},
{"type":"Feature","geometry":{"type":"Polygon","coordinates":[[[92.231,24.504],[92.161,24.512],[92.158,24.46],[92.119,24.384],[92.097,24.375],[91.978,24.381],[91.92,24.336],[91.942,24.268],[91.912,24.172],[91.743,24.247],[91.762,24.143],[91.71,24.152],[91.66,24.188],[91.634,24.103],[91.545,24.076],[91.49,24.098],[91.375,24.108],[91.397,24.051],[91.361,23.987],[91.306,23.999],[91.282,23.98],[91.232,23.899],[91.258,23.84],[91.234,23.769],[91.172,23.752],[91.158,23.691],[91.201,23.692],[91.163,23.628],[91.204,23.524],[91.254,23.49],[91.283,23.41],[91.297,23.321],[91.325,23.254],[91.33,23.158],[91.378,23.064],[91.422,23.059],[91.391,23.153],[91.396,23.223],[91.422,23.257],[91.458,23.256],[91.506,23.187],[91.498,23.151],[91.554,23.034],[91.563,22.976],[91.624,22.951],[91.657,22.987],[91.756,23.016],[91.778,23.065],[91.835,23.092],[91.771,23.264],[91.85,23.403],[91.941,23.461],[91.961,23.516],[91.964,23.579],[91.942,23.682],[91.962,23.728],[92.071,23.645],[92.15,23.732],[92.247,23.692],[92.269,23.729],[92.266,23.739],[92.267,23.762],[92.262,23.805],[92.269,23.818],[92.281,23.815],[92.287,23.817],[92.283,23.823],[92.284,23.824],[92.282,23.831],[92.277,23.837],[92.274,23.844],[92.288,23.867],[92.294,23.871],[92.295,23.87],[92.301,23.866],[92.307,23.864],[92.32,23.865],[92.318,23.867],[92.322,23.87],[92.32,23.878],[92.317,23.879],[92.317,23.882],[92.319,23.884],[92.318,23.888],[92.322,23.891],[92.324,23.905],[92.33,23.906],[92.331,23.921],[92.321,23.926],[92.313,23.935],[92.313,23.957],[92.313,23.961],[92.313,23.97],[92.32,23.975],[92.317,24.018],[92.319,24.019],[92.322,24.019],[92.317,24.028],[92.319,24.031],[92.317,24.038],[92.315,24.049],[92.32,24.051],[92.322,24.059],[92.317,24.067],[92.33,24.101],[92.332,24.105],[92.329,24.11],[92.332,24.113],[92.328,24.125],[92.328,24.135],[92.329,24.14],[92.332,24.144],[92.335,24.144],[92.336,24.144],[92.334,24.151],[92.332,24.164],[92.33,24.175],[92.327,24.186],[92.329,24.191],[92.316,24.213],[92.31,24.215],[92.301,24.225],[92.298,24.227],[92.299,24.232],[92.296,24.234],[92.297,24.238],[92.295,24.241],[92.295,24.248],[92.297,24.252],[92.213,24.249],[92.273,24.388],[92.231,24.46],[92.231,24.504]]]},"properties":{"ID_0":105,"ISO":"IND","NAME_0":"India","ID_1":32,"NAME_1":"Tripura","NL_NAME_1":null,"VARNAME_1":null,"TYPE_1":"State","ENGTYPE_1":"State"}},
{"type":"Feature","geometry":{"type":"Polygon","coordinates":[[[83.859,27.351],[83.833,27.37],[83.617,27.469],[83.391,27.479],[83.408,27.405],[83.355,27.34],[83.297,27.334],[83.274,27.383],[83.167,27.458],[83.036,27.449],[82.956,27.468],[82.932,27.501],[82.804,27.496],[82.737,27.503],[82.757,27.588],[82.716,27.662],[82.707,27.716],[82.607,27.706],[82.543,27.686],[82.451,27.679],[82.369,27.742],[82.305,27.773],[82.21,27.843],[82.125,27.865],[82.073,27.923],[81.97,27.929],[81.904,27.854],[81.807,27.903],[81.704,27.987],[81.645,27.994],[81.48,28.083],[81.486,28.118],[81.449,28.16],[81.377,28.177],[81.373,28.142],[81.32,28.133],[81.322,28.197],[81.235,28.289],[81.212,28.361],[81.082,28.385],[81.001,28.454],[80.981,28.434],[80.786,28.529],[80.77,28.566],[80.716,28.568],[80.653,28.634],[80.613,28.639],[80.542,28.691],[80.505,28.665],[80.523,28.577],[80.473,28.591],[80.416,28.639],[80.373,28.629],[80.279,28.71],[80.252,28.758],[80.218,28.755],[80.12,28.829],[80.072,28.83],[79.988,28.717],[79.953,28.718],[79.918,28.752],[79.91,28.763],[79.899,28.774],[79.892,28.781],[79.889,28.786],[79.901,28.799],[79.895,28.801],[79.88,28.797],[79.867,28.796],[79.846,28.805],[79.846,28.821],[79.854,28.821],[79.875,28.821],[79.875,28.83],[79.856,28.839],[79.815,28.819],[79.816,28.812],[79.811,28.811],[79.805,28.809],[79.803,28.806],[79.783,28.805],[79.789,28.82],[79.795,28.815],[79.798,28.821],[79.801,28.83],[79.799,28.836],[79.794,28.843],[79.8,28.854],[79.809,28.859],[79.809,28.863],[79.806,28.869],[79.795,28.87],[79.791,28.877],[79.762,28.89],[79.71,28.879],[79.666,28.848],[79.533,28.89],[79.507,28.863],[79.411,28.856],[79.401,28.932],[79.279,28.965],[79.135,29.082],[79.142,29.12],[79.073,29.152],[79.013,29.149],[78.967,29.166],[78.905,29.163],[78.899,29.203],[78.864,29.249],[78.814,29.252],[78.728,29.313],[78.857,29.386],[78.896,29.424],[78.9,29.456],[78.766,29.484],[78.693,29.509],[78.576,29.581],[78.512,29.651],[78.488,29.741],[78.332,29.796],[78.303,29.758],[78.231,29.704],[78.166,29.68],[78.044,29.593],[78.033,29.552],[77.979,29.554],[77.977,29.642],[77.945,29.687],[77.874,29.702],[77.834,29.672],[77.758,29.716],[77.765,29.785],[77.73,29.853],[77.741,29.994],[77.786,30.1],[77.82,30.094],[77.896,30.186],[77.917,30.256],[77.812,30.291],[77.711,30.339],[77.636,30.41],[77.563,30.404],[77.575,30.385],[77.57,30.311],[77.532,30.287],[77.473,30.189],[77.411,30.146],[77.414,30.111],[77.332,30.064],[77.27,30.048],[77.25,29.988],[77.18,29.902],[77.182,29.873],[77.152,29.793],[77.113,29.749],[77.14,29.717],[77.086,29.601],[77.11,29.553],[77.085,29.534],[77.123,29.486],[77.118,29.456],[77.154,29.317],[77.129,29.273],[77.14,29.182],[77.124,29.101],[77.163,29.049],[77.214,29.006],[77.191,28.962],[77.217,28.9],[77.187,28.867],[77.193,28.865],[77.217,28.835],[77.194,28.802],[77.197,28.795],[77.208,28.787],[77.213,28.786],[77.225,28.788],[77.221,28.778],[77.229,28.772],[77.246,28.757],[77.253,28.753],[77.256,28.74],[77.266,28.739],[77.271,28.738],[77.284,28.719],[77.293,28.71],[77.296,28.713],[77.317,28.717],[77.322,28.712],[77.318,28.672],[77.328,28.605],[77.31,28.599],[77.295,28.582],[77.294,28.58],[77.303,28.55],[77.315,28.541],[77.331,28.524],[77.337,28.516],[77.338,28.509],[77.436,28.432],[77.494,28.358],[77.466,28.341],[77.538,28.191],[77.499,28.163],[77.473,28.104],[77.478,28.049],[77.535,27.993],[77.519,27.932],[77.469,27.933],[77.47,27.895],[77.412,27.859],[77.339,27.86],[77.276,27.807],[77.304,27.788],[77.342,27.653],[77.326,27.597],[77.34,27.525],[77.376,27.519],[77.43,27.462],[77.432,27.399],[77.497,27.381],[77.575,27.327],[77.644,27.239],[77.655,27.176],[77.615,27.175],[77.597,27.129],[77.544,27.116],[77.559,27.049],[77.657,27.023],[77.692,26.979],[77.642,26.967],[77.58,26.931],[77.482,26.904],[77.417,26.843],[77.429,26.786],[77.464,26.77],[77.521,26.822],[77.609,26.835],[77.672,26.874],[77.716,26.881],[77.724,26.923],[77.765,26.938],[77.871,26.906],[77.91,26.914],[78.042,26.915],[78.087,26.902],[78.139,26.957],[78.233,26.934],[78.248,26.901],[78.205,26.877],[78.21,26.836],[78.256,26.82],[78.282,26.864],[78.363,26.871],[78.386,26.828],[78.426,26.832],[78.458,26.795],[78.516,26.785],[78.566,26.758],[78.659,26.769],[78.715,26.8],[78.762,26.767],[78.811,26.765],[78.865,26.705],[78.904,26.713],[78.984,26.686],[79.006,26.61],[78.998,26.551],[79.061,26.503],[79.047,26.461],[79.127,26.445],[79.081,26.406],[79.117,26.354],[79.058,26.284],[79.041,26.229],[79.002,26.197],[79.001,26.155],[78.944,26.138],[79.003,26.082],[78.944,26.037],[78.943,25.991],[78.876,25.916],[78.858,25.872],[78.863,25.802],[78.816,25.831],[78.761,25.721],[78.811,25.674],[78.795,25.618],[78.677,25.594],[78.649,25.566],[78.604,25.587],[78.581,25.564],[78.481,25.58],[78.409,25.533],[78.422,25.48],[78.335,25.431],[78.294,25.368],[78.331,25.337],[78.355,25.25],[78.385,25.195],[78.442,25.157],[78.325,25.084],[78.328,25],[78.17,24.885],[78.226,24.777],[78.226,24.736],[78.268,24.67],[78.255,24.552],[78.224,24.541],[78.267,24.447],[78.363,24.378],[78.327,24.338],[78.386,24.273],[78.435,24.298],[78.5,24.394],[78.578,24.357],[78.617,24.296],[78.699,24.234],[78.754,24.247],[78.785,24.185],[78.858,24.214],[78.908,24.301],[78.968,24.357],[78.988,24.428],[78.913,24.464],[78.943,24.485],[78.946,24.553],[78.882,24.64],[78.831,24.609],[78.752,24.602],[78.74,24.66],[78.772,24.704],[78.764,24.861],[78.668,24.902],[78.625,24.962],[78.642,25.061],[78.597,25.098],[78.594,25.157],[78.561,25.227],[78.569,25.259],[78.521,25.288],[78.534,25.331],[78.576,25.352],[78.603,25.417],[78.689,25.445],[78.658,25.388],[78.764,25.358],[78.765,25.43],[78.725,25.463],[78.79,25.484],[78.854,25.452],[78.834,25.516],[78.876,25.524],[78.886,25.561],[78.942,25.531],[78.929,25.428],[78.96,25.439],[78.974,25.373],[78.875,25.388],[78.793,25.293],[78.835,25.233],[78.885,25.347],[78.931,25.332],[78.97,25.291],[78.909,25.274],[78.867,25.19],[78.953,25.221],[78.987,25.275],[79.026,25.235],[79.025,25.187],[79.091,25.176],[79.133,25.111],[79.198,25.128],[79.277,25.12],[79.315,25.152],[79.278,25.211],[79.341,25.23],[79.26,25.31],[79.295,25.34],[79.402,25.279],[79.442,25.221],[79.384,25.17],[79.389,25.121],[79.49,25.083],[79.55,25.169],[79.666,25.127],[79.74,25.143],[79.827,25.1],[79.861,25.156],[79.845,25.237],[79.997,25.27],[80.021,25.343],[80.083,25.356],[80.127,25.341],[80.189,25.406],[80.245,25.405],[80.274,25.425],[80.309,25.392],[80.303,25.297],[80.341,25.279],[80.402,25.221],[80.424,25.174],[80.349,25.141],[80.267,25.03],[80.314,25.004],[80.368,25.025],[80.394,25.072],[80.441,25.082],[80.47,25.045],[80.579,25.088],[80.595,25.155],[80.674,25.054],[80.751,25.142],[80.819,25.131],[80.87,25.189],[80.906,25.164],[80.865,25.124],[80.871,25.071],[80.829,25.03],[80.85,25.003],[80.802,24.944],[80.857,24.936],[80.937,24.972],[80.953,24.939],[81.076,24.952],[81.128,24.894],[81.161,24.959],[81.262,25.068],[81.246,25.106],[81.269,25.165],[81.349,25.167],[81.389,25.124],[81.484,25.075],[81.492,25.149],[81.566,25.196],[81.592,25.136],[81.647,25.075],[81.716,25.053],[81.792,25.01],[81.829,25.019],[81.902,24.983],[81.903,24.884],[81.965,24.841],[82.005,24.851],[82.082,24.822],[82.112,24.792],[82.209,24.798],[82.238,24.754],[82.243,24.702],[82.292,24.665],[82.298,24.628],[82.409,24.598],[82.402,24.684],[82.42,24.705],[82.529,24.652],[82.666,24.7],[82.692,24.649],[82.766,24.642],[82.796,24.6],[82.801,24.553],[82.746,24.542],[82.716,24.557],[82.726,24.426],[82.707,24.385],[82.761,24.373],[82.764,24.292],[82.727,24.223],[82.736,24.168],[82.72,24.139],[82.657,24.135],[82.708,24.081],[82.755,24.073],[82.746,24.013],[82.801,24.001],[82.808,23.963],[82.881,23.91],[82.954,23.873],[83.127,23.89],[83.19,23.921],[83.216,23.989],[83.276,24.023],[83.292,24.077],[83.324,24.101],[83.349,24.126],[83.402,24.266],[83.376,24.313],[83.434,24.347],[83.43,24.404],[83.381,24.456],[83.393,24.501],[83.498,24.527],[83.535,24.616],[83.498,24.652],[83.513,24.679],[83.48,24.738],[83.453,24.733],[83.387,24.784],[83.39,24.833],[83.351,24.903],[83.357,24.955],[83.323,25.048],[83.353,25.149],[83.35,25.199],[83.388,25.207],[83.409,25.249],[83.46,25.252],[83.48,25.282],[83.611,25.333],[83.709,25.395],[83.782,25.399],[83.921,25.562],[84.014,25.616],[84.077,25.638],[84.07,25.696],[84.108,25.724],[84.168,25.722],[84.217,25.664],[84.319,25.672],[84.326,25.737],[84.449,25.714],[84.467,25.686],[84.516,25.678],[84.559,25.701],[84.556,25.736],[84.621,25.792],[84.547,25.841],[84.529,25.878],[84.431,25.893],[84.408,25.931],[84.351,25.959],[84.292,25.948],[84.137,26.047],[84.091,26.097],[84.049,26.1],[84.002,26.19],[84.034,26.232],[84.074,26.225],[84.157,26.261],[84.182,26.317],[84.171,26.374],[84.062,26.39],[84.016,26.442],[83.983,26.435],[83.902,26.45],[83.907,26.507],[83.965,26.512],[84.048,26.543],[84.085,26.611],[84.08,26.641],[84.152,26.639],[84.272,26.599],[84.297,26.616],[84.414,26.627],[84.402,26.671],[84.367,26.679],[84.35,26.681],[84.337,26.681],[84.323,26.688],[84.319,26.716],[84.306,26.738],[84.298,26.753],[84.279,26.751],[84.267,26.742],[84.254,26.734],[84.242,26.731],[84.225,26.757],[84.241,26.775],[84.248,26.793],[84.252,26.809],[84.249,26.821],[84.243,26.822],[84.25,26.838],[84.246,26.859],[84.235,26.864],[84.222,26.87],[84.209,26.871],[84.176,26.853],[84.175,26.846],[84.169,26.835],[84.151,26.839],[84.139,26.874],[84.141,26.884],[84.13,26.885],[84.1,26.888],[84.093,26.878],[84.088,26.882],[84.076,26.879],[84.059,26.891],[84.049,26.9],[84.051,26.902],[84.045,26.905],[84.042,26.909],[84.049,26.915],[84.045,26.93],[84.03,26.94],[84.025,26.943],[84.032,26.949],[84.035,26.949],[84.039,26.958],[84.047,26.962],[84.041,26.968],[84.043,26.98],[84.036,26.984],[84.05,26.991],[84.043,27.003],[84.036,27.047],[84.024,27.045],[83.991,27.069],[84.017,27.084],[84.019,27.093],[84.014,27.1],[84.005,27.104],[83.978,27.093],[83.948,27.086],[83.941,27.09],[83.94,27.102],[83.941,27.12],[83.951,27.126],[83.954,27.132],[83.951,27.141],[83.968,27.166],[83.984,27.179],[83.985,27.182],[83.977,27.203],[83.963,27.221],[83.962,27.228],[83.948,27.238],[83.908,27.248],[83.902,27.252],[83.896,27.277],[83.908,27.33],[83.859,27.351]]]},"properties":{"ID_0":105,"ISO":"IND","NAME_0":"India","ID_1":33,"NAME_1":"Uttar Pradesh","NL_NAME_1":null,"VARNAME_1":"United Provinces","TYPE_1":"State","ENGTYPE_1":"State"}},
{"type":"Feature","geometry":{"type":"Polygon","coordinates":[[[77.563,30.404],[77.636,30.41],[77.711,30.339],[77.812,30.291],[77.917,30.256],[77.896,30.186],[77.82,30.094],[77.786,30.1],[77.741,29.994],[77.73,29.853],[77.765,29.785],[77.758,29.716],[77.834,29.672],[77.874,29.702],[77.945,29.687],[77.977,29.642],[77.979,29.554],[78.033,29.552],[78.044,29.593],[78.166,29.68],[78.231,29.704],[78.303,29.758],[78.332,29.796],[78.488,29.741],[78.512,29.651],[78.576,29.581],[78.693,29.509],[78.766,29.484],[78.9,29.456],[78.896,29.424],[78.857,29.386],[78.728,29.313],[78.814,29.252],[78.864,29.249],[78.899,29.203],[78.905,29.163],[78.967,29.166],[79.013,29.149],[79.073,29.152],[79.142,29.12],[79.135,29.082],[79.279,28.965],[79.401,28.932],[79.411,28.856],[79.507,28.863],[79.533,28.89],[79.666,28.848],[79.71,28.879],[79.762,28.89],[79.791,28.877],[79.795,28.87],[79.806,28.869],[79.809,28.863],[79.809,28.859],[79.8,28.854],[79.794,28.843],[79.799,28.836],[79.801,28.83],[79.798,28.821],[79.795,28.815],[79.789,28.82],[79.783,28.805],[79.803,28.806],[79.805,28.809],[79.811,28.811],[79.816,28.812],[79.815,28.819],[79.856,28.839],[79.875,28.83],[79.875,28.821],[79.854,28.821],[79.846,28.821],[79.846,28.805],[79.867,28.796],[79.88,28.797],[79.895,28.801],[79.901,28.799],[79.889,28.786],[79.892,28.781],[79.899,28.774],[79.91,28.763],[79.918,28.752],[79.953,28.718],[79.988,28.717],[80.072,28.83],[80.06,28.916],[80.129,29.006],[80.146,29.103],[80.186,29.137],[80.235,29.118],[80.274,29.145],[80.295,29.198],[80.306,29.285],[80.243,29.412],[80.248,29.447],[80.304,29.453],[80.298,29.488],[80.342,29.51],[80.409,29.595],[80.418,29.651],[80.386,29.675],[80.366,29.74],[80.409,29.792],[80.466,29.802],[80.555,29.853],[80.576,29.923],[80.605,29.959],[80.678,29.958],[80.74,30],[80.808,30.09],[80.88,30.132],[80.865,30.169],[80.929,30.236],[81.011,30.263],[80.811,30.32],[80.731,30.402],[80.594,30.482],[80.531,30.461],[80.485,30.49],[80.368,30.527],[80.278,30.574],[80.211,30.582],[80.209,30.645],[80.237,30.741],[80.19,30.764],[80.159,30.812],[80.103,30.78],[80.044,30.844],[79.88,30.925],[79.855,30.979],[79.809,30.977],[79.746,31.006],[79.696,30.982],[79.654,30.986],[79.585,30.944],[79.497,31.041],[79.413,31.038],[79.382,31.118],[79.3,31.149],[79.248,31.297],[79.129,31.439],[79.057,31.472],[78.981,31.357],[78.93,31.338],[78.907,31.259],[78.946,31.194],[78.972,31.182],[78.997,31.118],[78.88,31.104],[78.819,31.147],[78.795,31.205],[78.749,31.194],[78.651,31.198],[78.601,31.236],[78.537,31.207],[78.47,31.204],[78.419,31.26],[78.369,31.288],[78.298,31.288],[78.233,31.235],[78.148,31.232],[78.092,31.193],[78.03,31.185],[78.008,31.157],[77.955,31.179],[77.902,31.159],[77.805,31.054],[77.825,31.005],[77.796,30.97],[77.754,30.977],[77.746,30.922],[77.793,30.926],[77.784,30.872],[77.688,30.769],[77.741,30.711],[77.733,30.686],[77.775,30.641],[77.732,30.607],[77.754,30.57],[77.806,30.561],[77.799,30.511],[77.662,30.449],[77.604,30.437],[77.563,30.404]]]},"properties":{"ID_0":105,"ISO":"IND","NAME_0":"India","ID_1":34,"NAME_1":"Uttaranchal","NL_NAME_1":null,"VARNAME_1":"Uttarakhand","TYPE_1":"State","ENGTYPE_1":"State"}},
{"type":"Feature","geometry":{"type":"MultiPolygon","coordinates":[[[[89.857,26.704],[89.642,26.747],[89.654,26.772],[89.528,26.819],[89.459,26.806],[89.448,26.835],[89.32,26.853],[89.252,26.816],[89.129,26.809],[89.102,26.836],[89.086,26.897],[89.027,26.938],[88.985,26.921],[88.941,26.939],[88.947,26.977],[88.879,27.038],[88.87,27.109],[88.752,27.148],[88.718,27.144],[88.591,27.194],[88.52,27.175],[88.522,27.15],[88.432,27.082],[88.411,27.091],[88.371,27.099],[88.352,27.101],[88.345,27.107],[88.32,27.117],[88.304,27.129],[88.3,27.128],[88.278,27.131],[88.233,27.12],[88.179,27.135],[88.158,27.114],[88.086,27.142],[88.058,27.214],[88.017,27.219],[88.014,27.097],[88.04,27.036],[88.086,27.029],[88.121,26.987],[88.139,26.898],[88.174,26.869],[88.19,26.771],[88.166,26.646],[88.105,26.539],[88.106,26.536],[88.243,26.449],[88.252,26.434],[88.23,26.394],[88.232,26.385],[88.245,26.376],[88.255,26.374],[88.27,26.379],[88.282,26.36],[88.29,26.357],[88.289,26.351],[88.279,26.346],[88.272,26.331],[88.27,26.333],[88.265,26.336],[88.227,26.297],[88.221,26.288],[88.214,26.282],[88.204,26.28],[88.177,26.262],[88.163,26.258],[88.159,26.257],[88.137,26.244],[88.126,26.227],[88.12,26.228],[88.116,26.223],[88.106,26.216],[88.102,26.212],[88.094,26.207],[88.09,26.203],[88.087,26.194],[88.073,26.185],[88.07,26.176],[88.059,26.174],[88.037,26.178],[88.034,26.17],[88.012,26.155],[88.015,26.143],[88.007,26.143],[87.996,26.142],[87.982,26.159],[87.963,26.149],[87.969,26.139],[87.968,26.132],[87.967,26.125],[87.969,26.109],[87.954,26.103],[87.969,26.092],[87.972,26.085],[87.968,26.081],[87.96,26.084],[87.931,26.069],[87.922,26.077],[87.918,26.088],[87.896,26.08],[87.893,26.08],[87.888,26.072],[87.876,26.066],[87.842,26.032],[87.833,26.001],[87.827,25.992],[87.826,25.984],[87.831,25.962],[87.827,25.954],[87.824,25.946],[87.828,25.941],[87.827,25.932],[87.807,25.93],[87.823,25.871],[87.911,25.852],[87.901,25.78],[87.98,25.718],[88.049,25.691],[88.049,25.681],[88.044,25.653],[88.049,25.644],[88.047,25.643],[88.044,25.643],[88.036,25.637],[88.043,25.632],[88.037,25.616],[88.039,25.608],[88.041,25.605],[88.03,25.6],[88.036,25.597],[88.039,25.595],[88.031,25.587],[88.025,25.569],[88.035,25.56],[88.03,25.559],[88.027,25.553],[88.039,25.533],[88.046,25.534],[88.056,25.53],[88.064,25.506],[88.066,25.505],[88.07,25.502],[88.068,25.49],[88.066,25.481],[88.004,25.494],[87.956,25.538],[87.87,25.503],[87.863,25.465],[87.787,25.449],[87.763,25.396],[87.782,25.338],[87.85,25.297],[87.849,25.253],[87.788,25.22],[87.773,25.099],[87.864,25.04],[87.962,24.936],[87.967,24.881],[87.898,24.843],[87.84,24.738],[87.901,24.722],[87.912,24.662],[87.887,24.563],[87.796,24.562],[87.788,24.432],[87.798,24.382],[87.756,24.304],[87.681,24.246],[87.647,24.249],[87.69,24.15],[87.58,24.162],[87.57,24.088],[87.497,24.116],[87.501,24.022],[87.439,23.978],[87.357,24.009],[87.332,24.031],[87.233,24.025],[87.26,23.97],[87.292,23.956],[87.293,23.89],[87.222,23.858],[87.136,23.868],[87.166,23.82],[87.149,23.794],[87.057,23.816],[86.963,23.865],[86.943,23.843],[86.895,23.88],[86.817,23.776],[86.792,23.687],[86.738,23.678],[86.711,23.697],[86.591,23.662],[86.529,23.629],[86.445,23.632],[86.358,23.543],[86.352,23.464],[86.3,23.444],[86.225,23.436],[86.155,23.504],[86.139,23.57],[86.037,23.583],[86.011,23.561],[86.041,23.49],[85.938,23.455],[85.874,23.476],[85.86,23.451],[85.861,23.303],[85.826,23.263],[85.835,23.192],[85.915,23.13],[85.982,23.146],[86.037,23.144],[86.044,23.112],[86.116,23.094],[86.176,23.013],[86.212,22.992],[86.279,23.011],[86.393,22.974],[86.416,22.995],[86.497,22.99],[86.512,22.966],[86.432,22.916],[86.416,22.777],[86.479,22.722],[86.55,22.711],[86.637,22.655],[86.652,22.576],[86.756,22.574],[86.784,22.544],[86.789,22.475],[86.745,22.471],[86.764,22.423],[86.844,22.396],[86.829,22.325],[86.888,22.281],[86.886,22.252],[86.82,22.261],[86.791,22.218],[86.723,22.215],[86.715,22.143],[86.79,22.154],[86.806,22.114],[86.848,22.098],[86.957,22.083],[87.018,22.041],[87.034,21.989],[86.998,21.908],[87.03,21.865],[87.078,21.86],[87.096,21.882],[87.096,21.886],[87.089,21.892],[87.089,21.895],[87.091,21.899],[87.105,21.918],[87.11,21.918],[87.114,21.922],[87.152,21.928],[87.158,21.931],[87.16,21.949],[87.167,21.973],[87.175,21.966],[87.203,21.956],[87.221,21.953],[87.224,21.954],[87.235,21.954],[87.232,21.94],[87.235,21.934],[87.252,21.918],[87.249,21.867],[87.245,21.856],[87.255,21.844],[87.262,21.833],[87.268,21.82],[87.262,21.814],[87.273,21.806],[87.273,21.804],[87.281,21.799],[87.295,21.804],[87.297,21.795],[87.306,21.794],[87.318,21.791],[87.317,21.789],[87.323,21.786],[87.326,21.786],[87.333,21.787],[87.337,21.779],[87.34,21.784],[87.355,21.779],[87.37,21.768],[87.383,21.771],[87.392,21.769],[87.425,21.766],[87.439,21.764],[87.444,21.761],[87.443,21.742],[87.451,21.735],[87.444,21.732],[87.465,21.726],[87.466,21.724],[87.463,21.717],[87.469,21.698],[87.468,21.696],[87.468,21.677],[87.46,21.657],[87.461,21.644],[87.482,21.614],[87.482,21.609],[87.56,21.633],[87.678,21.654],[87.79,21.695],[87.895,21.784],[87.927,21.8],[87.98,21.858],[88.053,22.013],[88.167,22.074],[88.194,22.111],[88.136,22.185],[88.066,22.19],[87.99,22.209],[87.937,22.267],[88.073,22.21],[88.188,22.187],[88.224,22.09],[88.214,22.035],[88.154,21.96],[88.176,21.92],[88.164,21.879],[88.201,21.819],[88.217,21.764],[88.282,21.755],[88.258,21.801],[88.26,21.81],[88.269,21.818],[88.306,21.831],[88.311,21.855],[88.326,21.862],[88.355,21.856],[88.386,21.839],[88.397,21.886],[88.416,21.901],[88.424,21.908],[88.432,21.903],[88.442,21.911],[88.462,21.918],[88.458,21.898],[88.474,21.895],[88.528,21.853],[88.548,21.882],[88.602,21.907],[88.598,21.968],[88.635,22.043],[88.619,22.105],[88.673,22.205],[88.699,22.21],[88.734,22.196],[88.744,22.229],[88.805,22.284],[88.803,22.329],[88.816,22.358],[88.823,22.361],[88.833,22.359],[88.849,22.365],[88.852,22.433],[88.869,22.546],[88.896,22.563],[88.938,22.571],[88.93,22.641],[88.959,22.691],[88.921,22.734],[88.921,22.765],[88.958,22.794],[88.968,22.842],[88.946,22.877],[88.909,22.877],[88.897,22.949],[88.869,22.969],[88.878,23.029],[88.87,23.096],[88.931,23.139],[88.962,23.19],[88.913,23.23],[88.785,23.218],[88.72,23.253],[88.697,23.293],[88.747,23.318],[88.736,23.349],[88.764,23.442],[88.743,23.481],[88.662,23.55],[88.644,23.608],[88.562,23.646],[88.581,23.789],[88.602,23.817],[88.576,23.86],[88.667,23.884],[88.733,23.914],[88.737,24.056],[88.7,24.166],[88.732,24.197],[88.737,24.268],[88.723,24.297],[88.673,24.315],[88.629,24.307],[88.507,24.345],[88.438,24.381],[88.392,24.372],[88.328,24.387],[88.265,24.445],[88.205,24.458],[88.107,24.545],[88.013,24.671],[88.06,24.715],[88.067,24.75],[88.112,24.813],[88.167,24.863],[88.141,24.917],[88.18,24.954],[88.231,24.958],[88.267,24.893],[88.315,24.881],[88.326,24.915],[88.397,24.969],[88.453,25.041],[88.443,25.126],[88.463,25.151],[88.444,25.195],[88.478,25.213],[88.553,25.196],[88.709,25.21],[88.804,25.172],[88.848,25.21],[88.923,25.167],[88.959,25.22],[88.958,25.261],[88.989,25.296],[88.919,25.309],[88.905,25.336],[88.844,25.362],[88.827,25.399],[88.842,25.453],[88.798,25.522],[88.767,25.491],[88.71,25.496],[88.665,25.471],[88.551,25.516],[88.448,25.613],[88.457,25.66],[88.407,25.669],[88.379,25.712],[88.272,25.78],[88.27,25.808],[88.158,25.776],[88.106,25.824],[88.112,25.933],[88.131,25.988],[88.188,26.063],[88.161,26.092],[88.18,26.146],[88.251,26.189],[88.353,26.22],[88.352,26.282],[88.444,26.356],[88.509,26.359],[88.484,26.46],[88.414,26.472],[88.353,26.512],[88.378,26.594],[88.417,26.631],[88.432,26.551],[88.486,26.541],[88.557,26.457],[88.65,26.427],[88.697,26.344],[88.749,26.353],[88.762,26.301],[88.822,26.301],[88.819,26.26],[88.853,26.236],[88.881,26.29],[88.935,26.288],[88.962,26.245],[89.057,26.245],[89.067,26.293],[89.003,26.302],[89.007,26.333],[88.918,26.375],[88.965,26.461],[89,26.42],[89.1,26.385],[89.111,26.289],[89.147,26.235],[89.141,26.18],[89.16,26.142],[89.254,26.102],[89.262,26.064],[89.363,26.008],[89.397,26.02],[89.467,25.998],[89.545,25.994],[89.65,26.069],[89.632,26.115],[89.599,26.139],[89.661,26.218],[89.696,26.175],[89.719,26.166],[89.733,26.173],[89.734,26.175],[89.717,26.177],[89.707,26.173],[89.703,26.177],[89.695,26.189],[89.711,26.189],[89.716,26.191],[89.714,26.206],[89.726,26.206],[89.724,26.217],[89.715,26.215],[89.698,26.216],[89.7,26.219],[89.706,26.217],[89.712,26.228],[89.718,26.232],[89.729,26.238],[89.716,26.246],[89.716,26.255],[89.711,26.258],[89.701,26.261],[89.711,26.265],[89.717,26.259],[89.732,26.26],[89.734,26.266],[89.721,26.288],[89.716,26.302],[89.723,26.308],[89.721,26.296],[89.746,26.291],[89.757,26.289],[89.759,26.293],[89.752,26.322],[89.782,26.353],[89.857,26.384],[89.869,26.448],[89.853,26.488],[89.878,26.584],[89.871,26.684],[89.857,26.704]]],[[[88.835,21.607],[88.854,21.55],[88.893,21.579],[88.835,21.607]]],[[[88.537,21.639],[88.51,21.601],[88.55,21.564],[88.584,21.611],[88.537,21.639]]],[[[88.772,21.653],[88.736,21.645],[88.749,21.579],[88.798,21.592],[88.772,21.653]]],[[[88.311,21.706],[88.317,21.665],[88.306,21.629],[88.337,21.621],[88.351,21.678],[88.311,21.706]]],[[[88.205,21.721],[88.181,21.689],[88.205,21.61],[88.232,21.641],[88.205,21.721]]],[[[89.059,21.722],[89.018,21.708],[89.026,21.644],[89.049,21.62],[89.093,21.637],[89.059,21.722]]],[[[88.546,21.736],[88.517,21.712],[88.541,21.64],[88.586,21.699],[88.546,21.736]]],[[[88.883,21.745],[88.873,21.694],[88.922,21.633],[88.942,21.69],[88.883,21.745]]],[[[88.221,21.762],[88.212,21.72],[88.233,21.669],[88.235,21.635],[88.217,21.62],[88.248,21.564],[88.292,21.563],[88.293,21.637],[88.312,21.672],[88.272,21.728],[88.221,21.762]]],[[[88.832,21.766],[88.782,21.733],[88.819,21.703],[88.809,21.64],[88.86,21.643],[88.832,21.766]]],[[[88.716,21.807],[88.695,21.744],[88.711,21.69],[88.755,21.666],[88.759,21.759],[88.716,21.807]]],[[[88.545,21.81],[88.505,21.772],[88.525,21.718],[88.562,21.76],[88.545,21.81]]],[[[88.331,21.861],[88.308,21.83],[88.266,21.814],[88.26,21.807],[88.264,21.794],[88.282,21.791],[88.304,21.761],[88.34,21.751],[88.361,21.796],[88.352,21.855],[88.331,21.861]]],[[[88.856,21.865],[88.835,21.782],[88.891,21.763],[88.897,21.782],[88.88,21.808],[88.88,21.829],[88.875,21.846],[88.877,21.852],[88.856,21.857],[88.856,21.865]]],[[[88.137,21.875],[88.122,21.866],[88.044,21.718],[88.042,21.649],[88.135,21.629],[88.155,21.653],[88.171,21.745],[88.157,21.83],[88.137,21.875]]],[[[88.789,21.879],[88.766,21.831],[88.821,21.825],[88.829,21.863],[88.789,21.879]]],[[[88.979,21.893],[88.98,21.869],[88.951,21.842],[88.976,21.804],[89.02,21.818],[89.031,21.863],[88.979,21.893]]],[[[88.622,21.898],[88.595,21.856],[88.639,21.785],[88.653,21.869],[88.622,21.898]]],[[[88.446,21.905],[88.436,21.902],[88.42,21.903],[88.417,21.887],[88.4,21.873],[88.393,21.833],[88.443,21.802],[88.491,21.85],[88.484,21.885],[88.461,21.894],[88.446,21.905]]],[[[88.718,21.907],[88.696,21.842],[88.751,21.801],[88.775,21.865],[88.718,21.907]]],[[[88.837,21.918],[88.849,21.896],[88.861,21.856],[88.874,21.855],[88.879,21.852],[88.878,21.846],[88.882,21.83],[88.881,21.82],[88.89,21.812],[88.964,21.863],[88.972,21.899],[88.915,21.928],[88.887,21.914],[88.837,21.918]]],[[[88.724,21.932],[88.729,21.9],[88.797,21.877],[88.799,21.92],[88.724,21.932]]],[[[88.66,22.019],[88.632,21.953],[88.678,21.943],[88.716,22.001],[88.66,22.019]]],[[[88.141,22.026],[88.07,21.991],[88.088,21.933],[88.141,22.026]]],[[[88.813,22.019],[88.761,22.015],[88.752,21.959],[88.825,21.94],[88.857,21.919],[88.907,21.93],[88.9,22.013],[88.813,22.019]]],[[[89.016,22.051],[88.986,22.049],[88.974,21.995],[89.018,21.976],[89.03,21.926],[89.063,21.935],[89.078,21.986],[89.04,22.049],[89.016,22.051]]],[[[88.865,22.167],[88.846,22.121],[88.872,22.088],[88.923,22.109],[88.865,22.167]]],[[[88.95,22.189],[88.909,22.134],[88.931,22.098],[88.902,22.064],[88.931,21.942],[88.992,21.907],[88.994,21.97],[88.972,21.988],[88.958,22.06],[88.985,22.148],[88.95,22.189]]],[[[88.695,22.209],[88.653,22.163],[88.634,22.106],[88.663,22.024],[88.72,22.006],[88.729,22.038],[88.689,22.09],[88.789,22.169],[88.765,22.192],[88.732,22.194],[88.695,22.209]]],[[[88.845,22.189],[88.806,22.178],[88.703,22.078],[88.75,22.081],[88.798,22.125],[88.85,22.143],[88.845,22.189]]],[[[88.813,22.283],[88.752,22.23],[88.747,22.199],[88.815,22.181],[88.827,22.196],[88.806,22.208],[88.801,22.228],[88.813,22.283]]],[[[88.85,22.363],[88.832,22.358],[88.818,22.359],[88.808,22.333],[88.805,22.296],[88.827,22.265],[88.826,22.239],[88.807,22.209],[88.837,22.207],[88.867,22.196],[88.902,22.177],[88.937,22.297],[88.85,22.363]]],[[[88.985,22.382],[88.955,22.361],[88.947,22.256],[88.968,22.215],[89.069,22.19],[89.034,22.255],[88.996,22.283],[88.985,22.382]]],[[[88.898,22.549],[88.867,22.53],[88.861,22.413],[88.905,22.412],[88.908,22.434],[88.901,22.445],[88.897,22.459],[88.892,22.466],[88.896,22.472],[88.893,22.487],[88.898,22.549]]],[[[88.92,22.565],[88.896,22.561],[88.914,22.515],[88.896,22.484],[88.899,22.477],[88.895,22.466],[88.903,22.455],[88.904,22.446],[88.919,22.43],[88.926,22.406],[88.896,22.38],[88.907,22.336],[88.949,22.355],[88.995,22.468],[88.956,22.551],[88.92,22.565]]]]},"properties":{"ID_0":105,"ISO":"IND","NAME_0":"India","ID_1":35,"NAME_1":"West Bengal","NL_NAME_1":null,"VARNAME_1":"Bangla|Bengala Occidentale|Bengala Ocidental|Bengale occidental","TYPE_1":"State","ENGTYPE_1":"State"}}
]}