latitude,longitude,brightness,scan,track,acq_date,acq_time,satellite,instrument,confidence,version,bright_t31,frp,daynight
33.14391,75.37536,303.62,1.64,1.26,2026-05-01,0434,Terra,MODIS,39,6.1NRT,289.32,9.19,D
33.14711,75.35851,301.63,1.63,1.26,2026-05-01,0434,Terra,MODIS,14,6.1NRT,289.32,6.81,D
29.71935,75.35636,320.56,1.93,1.36,2026-05-01,0434,Terra,MODIS,68,6.1NRT,303.59,16.3,D
29.80653,75.71288,322.03,2.04,1.39,2026-05-01,0434,Terra,MODIS,72,6.1NRT,303.03,22.43,D
29.81035,75.69279,322.87,2.03,1.39,2026-05-01,0434,Terra,MODIS,73,6.1NRT,303.09,24.13,D
29.814,75.70043,327.99,2.03,1.39,2026-05-01,0434,Terra,MODIS,79,6.1NRT,303.52,40.82,D
29.82965,75.62083,322.26,2,1.38,2026-05-01,0434,Terra,MODIS,72,6.1NRT,303.08,21.93,D
29.8653,75.97705,320.41,2.12,1.41,2026-05-01,0434,Terra,MODIS,71,6.1NRT,302.97,17.66,D
30.12456,75.44363,320.65,1.92,1.35,2026-05-01,0434,Terra,MODIS,70,6.1NRT,303.11,16.58,D
30.2275,75.68514,318.79,1.98,1.37,2026-05-01,0434,Terra,MODIS,69,6.1NRT,302.82,15.25,D
30.26853,75.95432,320.32,2.07,1.4,2026-05-01,0434,Terra,MODIS,73,6.1NRT,302.27,20.1,D
30.68836,74.40695,338.03,1.6,1.24,2026-05-01,0434,Terra,MODIS,87,6.1NRT,307.61,50.7,D
30.69317,74.39732,324.37,1.59,1.24,2026-05-01,0434,Terra,MODIS,73,6.1NRT,306.82,15.14,D
30.41906,76.20271,316.58,2.13,1.42,2026-05-01,0434,Terra,MODIS,66,6.1NRT,300.49,17.3,D
31.16759,75.87356,317.44,1.95,1.36,2026-05-01,0434,Terra,MODIS,75,6.1NRT,301.36,13.58,D
31.27942,76.09669,318.76,2,1.38,2026-05-01,0434,Terra,MODIS,77,6.1NRT,300.54,21.9,D
31.44296,75.79656,314.15,1.9,1.35,2026-05-01,0434,Terra,MODIS,66,6.1NRT,299.91,12.17,D
31.60318,75.55714,323.01,1.81,1.32,2026-05-01,0434,Terra,MODIS,75,6.1NRT,303.39,19.86,D
23.41191,77.55086,322.91,3.87,1.83,2026-05-01,0436,Terra,MODIS,56,6.1NRT,300.09,52.52,D
24.01159,69.55219,322.26,1.1,1.04,2026-05-01,0436,Terra,MODIS,63,6.1NRT,305.89,7.58,D
24.01323,69.54175,324.61,1.1,1.04,2026-05-01,0436,Terra,MODIS,69,6.1NRT,306.06,10.3,D
23.40368,77.54403,325.25,3.87,1.83,2026-05-01,0436,Terra,MODIS,67,6.1NRT,300.08,71.41,D
18.90785,74.81474,322.94,3.05,1.66,2026-05-01,0438,Terra,MODIS,61,6.1NRT,307.74,36.67,D
18.95112,73.34031,320.55,2.34,1.48,2026-05-01,0438,Terra,MODIS,44,6.1NRT,303.83,24.78,D
20.95871,85.15977,317.96,2.44,1.51,2026-05-01,0858,Aqua,MODIS,46,6.1NRT,298.28,18.87,D
20.96173,85.16386,318.81,2.44,1.51,2026-05-01,0858,Aqua,MODIS,17,6.1NRT,298.39,19.36,D
25.08123,83.08382,320.51,2.8,1.6,2026-05-01,0900,Aqua,MODIS,53,6.1NRT,298.46,21.81,D
27.52696,79.88255,319.24,4.14,1.88,2026-05-01,0902,Aqua,MODIS,72,6.1NRT,295.89,53.83,D
27.53596,79.92138,317.77,4.11,1.88,2026-05-01,0902,Aqua,MODIS,66,6.1NRT,296.27,47.1,D
15.81887,75.76699,335.16,2.36,1.48,2026-05-01,1034,Aqua,MODIS,82,6.1NRT,308.65,71.09,D
15.8293,75.74425,324.09,2.35,1.48,2026-05-01,1034,Aqua,MODIS,47,6.1NRT,308.41,25.48,D
14.29254,79.43007,321.06,4.38,1.93,2026-05-01,1034,Aqua,MODIS,51,6.1NRT,300.16,70.38,D
14.24181,77.46069,325.62,3.05,1.66,2026-05-01,1034,Aqua,MODIS,72,6.1NRT,301.74,55.85,D
11.71914,78.74335,315.36,3.53,1.77,2026-05-01,1034,Aqua,MODIS,55,6.1NRT,292.98,33.45,D
15.16292,76.75672,327.06,2.76,1.59,2026-05-01,1034,Aqua,MODIS,71,6.1NRT,305.28,38.31,D
16.39423,74.00332,323.33,1.76,1.3,2026-05-01,1036,Aqua,MODIS,56,6.1NRT,305.95,22.05,D
18.15357,73.20942,326.04,1.63,1.26,2026-05-01,1036,Aqua,MODIS,61,6.1NRT,305.2,24.35,D
20.77198,73.66316,324.73,1.93,1.36,2026-05-01,1036,Aqua,MODIS,39,6.1NRT,307.92,15.7,D
20.77001,73.64594,325.75,1.92,1.35,2026-05-01,1036,Aqua,MODIS,52,6.1NRT,308.94,19.45,D
21.39252,77.00352,325.09,3.55,1.77,2026-05-01,1036,Aqua,MODIS,46,6.1NRT,306.88,46.63,D
21.6855,70.39378,328.05,1.2,1.09,2026-05-01,1036,Aqua,MODIS,58,6.1NRT,311.93,10.12,D
22.4076,69.88062,332.81,1.15,1.07,2026-05-01,1036,Aqua,MODIS,73,6.1NRT,314.81,18.28,D
22.84058,69.31725,322.55,1.1,1.05,2026-05-01,1036,Aqua,MODIS,0,6.1NRT,307.32,7.06,D
17.8515,73.27056,323.45,1.63,1.26,2026-05-01,1036,Aqua,MODIS,53,6.1NRT,304.97,19.42,D
30.62879,74.29168,325.96,2.94,1.63,2026-05-01,1038,Aqua,MODIS,69,6.1NRT,302.49,43.84,D
29.72366,76.04169,324.2,3.82,1.83,2026-05-01,1038,Aqua,MODIS,30,6.1NRT,303.43,46.63,D
30.12974,75.25034,326.57,3.39,1.74,2026-05-01,1038,Aqua,MODIS,67,6.1NRT,303.39,53.43,D
23.30925,70.36655,333.65,1.25,1.11,2026-05-01,1038,Aqua,MODIS,76,6.1NRT,312.81,19.28,D
30.78206,74.50746,325.26,3.06,1.66,2026-05-01,1038,Aqua,MODIS,67,6.1NRT,304.44,39.88,D
19.11266,77.47248,326.32,1.01,1,2026-05-01,1529,Terra,MODIS,100,6.1NRT,300.59,19.85,N
19.11136,77.4632,314.21,1.01,1,2026-05-01,1529,Terra,MODIS,83,6.1NRT,299.55,7.95,N
19.46606,78.35169,308.74,1,1,2026-05-01,1529,Terra,MODIS,50,6.1NRT,296.7,5.24,N
19.42214,77.11248,310.7,1.02,1.01,2026-05-01,1529,Terra,MODIS,63,6.1NRT,300.45,5.22,N
19.56931,76.91265,316.47,1.03,1.01,2026-05-01,1529,Terra,MODIS,89,6.1NRT,301.89,9.36,N
19.56796,76.9032,313.69,1.03,1.01,2026-05-01,1529,Terra,MODIS,78,6.1NRT,301.83,6.91,N
19.94281,79.38085,311.57,1.06,1.03,2026-05-01,1529,Terra,MODIS,72,6.1NRT,298.11,6.5,N
19.96669,76.08688,309.41,1.08,1.04,2026-05-01,1529,Terra,MODIS,60,6.1NRT,299.2,5.55,N
19.89373,75.72615,311.45,1.12,1.05,2026-05-01,1529,Terra,MODIS,72,6.1NRT,300.56,6.65,N
20.96577,85.17007,311.84,2.61,1.55,2026-05-01,1529,Terra,MODIS,81,6.1NRT,296.37,31.83,N
20.97194,85.17513,309.29,2.61,1.55,2026-05-01,1529,Terra,MODIS,60,6.1NRT,295.93,21.4,N
20.79178,85.25095,306.77,2.63,1.56,2026-05-01,1529,Terra,MODIS,65,6.1NRT,294.94,20.26,N
20.79831,85.25594,305.24,2.63,1.56,2026-05-01,1529,Terra,MODIS,58,6.1NRT,294.95,14.88,N
19.95182,79.3795,321.6,1.06,1.03,2026-05-01,1529,Terra,MODIS,100,6.1NRT,298.75,16.05,N
14.29776,79.41687,320.14,1,1,2026-05-01,1529,Terra,MODIS,100,6.1NRT,298.09,12.09,N
14.29901,79.42597,324.46,1,1,2026-05-01,1529,Terra,MODIS,100,6.1NRT,299.46,16.9,N
11.45361,79.2512,309.25,1.01,1,2026-05-01,1529,Terra,MODIS,63,6.1NRT,294.56,4.91,N
13.8649,79.27597,311.86,1,1,2026-05-01,1529,Terra,MODIS,75,6.1NRT,299.33,5.85,N
13.86613,79.28496,323.41,1,1,2026-05-01,1529,Terra,MODIS,100,6.1NRT,300.19,16.11,N
13.85615,79.27725,312.44,1,1,2026-05-01,1529,Terra,MODIS,77,6.1NRT,299.82,6.82,N
13.85738,79.28624,316.86,1,1,2026-05-01,1529,Terra,MODIS,91,6.1NRT,300.71,10.16,N
13.85861,79.29522,318.4,1,1,2026-05-01,1529,Terra,MODIS,96,6.1NRT,300.65,11.46,N
13.84617,79.26955,311.11,1,1,2026-05-01,1529,Terra,MODIS,71,6.1NRT,299.01,6.27,N
13.74574,79.29659,307.61,1,1,2026-05-01,1529,Terra,MODIS,52,6.1NRT,297.47,4.61,N
13.30719,79.98803,308.8,1.01,1.01,2026-05-01,1529,Terra,MODIS,61,6.1NRT,297.41,4.81,N
14.30653,79.41564,321.39,1,1,2026-05-01,1529,Terra,MODIS,100,6.1NRT,298.67,13.02,N
14.30529,79.40661,310.17,1,1,2026-05-01,1529,Terra,MODIS,28,6.1NRT,297.87,3.37,N
14.31531,79.41443,317.14,1,1,2026-05-01,1529,Terra,MODIS,91,6.1NRT,299.3,9.3,N
14.31406,79.40533,312.05,1,1,2026-05-01,1529,Terra,MODIS,66,6.1NRT,297.88,4.7,N
14.66215,79.84962,321.84,1.02,1.01,2026-05-01,1529,Terra,MODIS,100,6.1NRT,297.12,15.66,N
14.671,79.84834,319.05,1.02,1.01,2026-05-01,1529,Terra,MODIS,97,6.1NRT,297.08,12.86,N
14.66978,79.83915,310.47,1.02,1.01,2026-05-01,1529,Terra,MODIS,60,6.1NRT,297.2,5.29,N
15.17997,76.65214,312.57,1.14,1.06,2026-05-01,1529,Terra,MODIS,61,6.1NRT,301.22,6.61,N
15.51625,78.81966,309.62,1,1,2026-05-01,1529,Terra,MODIS,54,6.1NRT,299.24,4.79,N
15.89992,80.1548,310.32,1.06,1.03,2026-05-01,1529,Terra,MODIS,69,6.1NRT,298.19,5.86,N
15.91416,80.1235,308.12,1.05,1.03,2026-05-01,1529,Terra,MODIS,56,6.1NRT,297.94,4.63,N
15.91291,80.11395,313.79,1.05,1.02,2026-05-01,1529,Terra,MODIS,82,6.1NRT,297.83,9.2,N
16.11409,80.38822,306.5,1.08,1.04,2026-05-01,1529,Terra,MODIS,50,6.1NRT,291.1,4.33,N
16.35744,80.70728,310.84,1.12,1.05,2026-05-01,1529,Terra,MODIS,74,6.1NRT,290.66,9.19,N
16.36669,80.70599,304.99,1.12,1.05,2026-05-01,1529,Terra,MODIS,30,6.1NRT,290.42,4.61,N
16.20762,78.80544,308.85,1,1,2026-05-01,1529,Terra,MODIS,60,6.1NRT,297.6,4.85,N
17.05299,80.24314,313.85,1.09,1.04,2026-05-01,1529,Terra,MODIS,85,6.1NRT,294.09,10.94,N
17.05171,80.23328,310.78,1.08,1.04,2026-05-01,1529,Terra,MODIS,75,6.1NRT,293.18,8.26,N
17.09983,80.24651,313.85,1.09,1.04,2026-05-01,1529,Terra,MODIS,85,6.1NRT,294.74,10.39,N
17.13858,80.26549,310.21,1.09,1.04,2026-05-01,1529,Terra,MODIS,73,6.1NRT,295.42,7.21,N
16.71059,77.13585,314.08,1.05,1.02,2026-05-01,1529,Terra,MODIS,83,6.1NRT,297.25,10.49,N
17.1477,80.26416,307.01,1.09,1.04,2026-05-01,1529,Terra,MODIS,12,6.1NRT,295.32,4.63,N
17.12351,80.077,312.14,1.07,1.03,2026-05-01,1529,Terra,MODIS,79,6.1NRT,295.81,9.24,N
14.29655,79.40796,312.75,1,1,2026-05-01,1529,Terra,MODIS,39,6.1NRT,298.59,5.62,N
17.20714,80.30004,304.32,1.09,1.04,2026-05-01,1529,Terra,MODIS,23,6.1NRT,292.92,3.74,N
17.08019,79.32117,314.22,1.02,1.01,2026-05-01,1529,Terra,MODIS,85,6.1NRT,297.19,9.61,N
17.29067,80.44179,308.7,1.11,1.05,2026-05-01,1529,Terra,MODIS,66,6.1NRT,295.32,6.06,N
17.28937,80.43166,310.48,1.11,1.05,2026-05-01,1529,Terra,MODIS,73,6.1NRT,295.76,7.23,N
17.33057,80.32757,308.57,1.1,1.05,2026-05-01,1529,Terra,MODIS,53,6.1NRT,297.53,4.93,N
17.51779,80.20697,306.5,1.09,1.04,2026-05-01,1529,Terra,MODIS,50,6.1NRT,293.27,4.6,N
17.71375,80.29945,312.94,1.1,1.05,2026-05-01,1529,Terra,MODIS,81,6.1NRT,293.07,10.85,N
17.71245,80.28934,305.02,1.1,1.05,2026-05-01,1529,Terra,MODIS,27,6.1NRT,292.54,4.69,N
17.68051,79.33847,313.55,1.03,1.01,2026-05-01,1529,Terra,MODIS,83,6.1NRT,297.59,9.69,N
17.67927,79.32909,315.61,1.03,1.01,2026-05-01,1529,Terra,MODIS,89,6.1NRT,297.31,11.44,N
17.78936,80.02775,310.52,1.08,1.04,2026-05-01,1529,Terra,MODIS,73,6.1NRT,297.91,7.42,N
17.7881,80.01803,308.1,1.08,1.04,2026-05-01,1529,Terra,MODIS,62,6.1NRT,296.34,5.61,N
17.81715,79.88796,306.91,1.07,1.03,2026-05-01,1529,Terra,MODIS,55,6.1NRT,294.26,5.89,N
17.81589,79.87819,304.94,1.07,1.03,2026-05-01,1529,Terra,MODIS,36,6.1NRT,293.91,4.46,N
18.40339,80.00853,308.57,1.09,1.04,2026-05-01,1529,Terra,MODIS,64,6.1NRT,298.49,4.91,N
18.05797,76.808,307.77,1.05,1.03,2026-05-01,1529,Terra,MODIS,50,6.1NRT,296.96,5.69,N
18.71991,79.53687,311.11,1.05,1.03,2026-05-01,1529,Terra,MODIS,71,6.1NRT,301.01,5.85,N
18.63396,77.86184,310.72,1,1,2026-05-01,1529,Terra,MODIS,72,6.1NRT,297.9,6.57,N
18.71526,77.86787,328.66,1,1,2026-05-01,1529,Terra,MODIS,100,6.1NRT,299.18,23.62,N
19.2135,81.18759,306.68,1.27,1.12,2026-05-01,1529,Terra,MODIS,58,6.1NRT,294.96,6.95,N
23.37188,78.20683,308.22,1.03,1.02,2026-05-01,1531,Terra,MODIS,62,6.1NRT,297.03,5.27,N
23.27449,77.12908,310.09,1,1,2026-05-01,1531,Terra,MODIS,64,6.1NRT,298.36,6.29,N
23.27319,77.11961,308.3,1,1,2026-05-01,1531,Terra,MODIS,50,6.1NRT,298.12,5.07,N
23.35546,77.65993,315.08,1.01,1,2026-05-01,1531,Terra,MODIS,86,6.1NRT,300.75,8.59,N
23.35418,77.65038,320.62,1.01,1,2026-05-01,1531,Terra,MODIS,100,6.1NRT,300.15,13.54,N
23.42199,77.53591,308.81,1.01,1,2026-05-01,1531,Terra,MODIS,58,6.1NRT,298.61,4.18,N
23.14131,75.54939,312.31,1.06,1.03,2026-05-01,1531,Terra,MODIS,73,6.1NRT,301.68,6.53,N
23.28911,76.05104,311.94,1.02,1.01,2026-05-01,1531,Terra,MODIS,73,6.1NRT,301.55,6.51,N
23.52448,77.6794,318.91,1.01,1.01,2026-05-01,1531,Terra,MODIS,97,6.1NRT,298.61,13.49,N
23.51637,77.48515,307.82,1.01,1,2026-05-01,1531,Terra,MODIS,52,6.1NRT,296.97,4.82,N
23.48281,77.23773,315.66,1,1,2026-05-01,1531,Terra,MODIS,88,6.1NRT,298.98,10.24,N
23.54186,77.60802,315.3,1.01,1,2026-05-01,1531,Terra,MODIS,87,6.1NRT,298.26,9.64,N
23.48897,77.21732,307.97,1,1,2026-05-01,1531,Terra,MODIS,51,6.1NRT,297.64,4.73,N
23.55064,77.60661,309.25,1.01,1,2026-05-01,1531,Terra,MODIS,63,6.1NRT,297.78,5.52,N
23.59771,77.74034,310.58,1.01,1.01,2026-05-01,1531,Terra,MODIS,71,6.1NRT,298.06,6.8,N
23.49465,76.97777,308.07,1,1,2026-05-01,1531,Terra,MODIS,52,6.1NRT,297.98,5.08,N
23.56117,77.26757,310.08,1,1,2026-05-01,1531,Terra,MODIS,66,6.1NRT,297.68,6.34,N
23.2665,75.08722,313.15,1.1,1.04,2026-05-01,1531,Terra,MODIS,76,6.1NRT,300.82,8.31,N
23.82993,78.83456,316,1.09,1.04,2026-05-01,1531,Terra,MODIS,91,6.1NRT,298.7,12.36,N
23.56204,76.5423,314.47,1,1,2026-05-01,1531,Terra,MODIS,84,6.1NRT,301.63,7.54,N
23.91107,79.11219,312.51,1.12,1.05,2026-05-01,1531,Terra,MODIS,82,6.1NRT,297.06,9.99,N
23.90974,79.10152,308.9,1.12,1.05,2026-05-01,1531,Terra,MODIS,70,6.1NRT,297.22,6.89,N
23.4861,75.88506,312.97,1.03,1.01,2026-05-01,1531,Terra,MODIS,76,6.1NRT,300.45,6.99,N
23.60696,76.67102,315.51,1,1,2026-05-01,1531,Terra,MODIS,87,6.1NRT,300.89,8.74,N
23.92992,78.67683,309.71,1.08,1.04,2026-05-01,1531,Terra,MODIS,72,6.1NRT,299.29,6.16,N
23.6608,76.46105,315.55,1.01,1,2026-05-01,1531,Terra,MODIS,87,6.1NRT,301.7,8.25,N
23.78468,77.16027,310.32,1,1,2026-05-01,1531,Terra,MODIS,68,6.1NRT,299.32,6.26,N
23.93373,77.49467,307.94,1.01,1,2026-05-01,1531,Terra,MODIS,57,6.1NRT,297.39,5.62,N
23.66449,75.58336,316.05,1.05,1.02,2026-05-01,1531,Terra,MODIS,88,6.1NRT,300.8,9.91,N
23.73865,75.90275,310.46,1.03,1.01,2026-05-01,1531,Terra,MODIS,63,6.1NRT,300.25,5.16,N
24.09208,78.35986,313.27,1.05,1.03,2026-05-01,1531,Terra,MODIS,83,6.1NRT,298.8,9.52,N
23.97969,77.36963,307.93,1.01,1,2026-05-01,1531,Terra,MODIS,56,6.1NRT,296.82,5.25,N
23.81147,76.15784,311.29,1.01,1.01,2026-05-01,1531,Terra,MODIS,70,6.1NRT,300.76,4.89,N
23.84945,75.71643,317.29,1.04,1.02,2026-05-01,1531,Terra,MODIS,92,6.1NRT,301.19,10.35,N
23.99652,76.34991,312.92,1.01,1,2026-05-01,1531,Terra,MODIS,77,6.1NRT,300.9,6.61,N
24.07327,76.83485,315.18,1,1,2026-05-01,1531,Terra,MODIS,86,6.1NRT,298.47,9.61,N
23.98456,76.0762,318.39,1.02,1.01,2026-05-01,1531,Terra,MODIS,95,6.1NRT,301.63,10.35,N
24.25694,77.77991,310.47,1.02,1.01,2026-05-01,1531,Terra,MODIS,71,6.1NRT,299.18,6.44,N
23.91718,75.23177,311.18,1.07,1.03,2026-05-01,1531,Terra,MODIS,62,6.1NRT,301.03,5.59,N
24.38475,78.20361,310.4,1.05,1.02,2026-05-01,1531,Terra,MODIS,72,6.1NRT,297.87,6.67,N
24.38344,78.11637,311.05,1.04,1.02,2026-05-01,1531,Terra,MODIS,75,6.1NRT,298.75,6.89,N
24.39236,78.11496,308.86,1.04,1.02,2026-05-01,1531,Terra,MODIS,66,6.1NRT,298.74,5.41,N
24.49818,78.73343,309.54,1.09,1.04,2026-05-01,1531,Terra,MODIS,69,6.1NRT,298.51,6.74,N
24.51915,78.82678,309.5,1.1,1.05,2026-05-01,1531,Terra,MODIS,69,6.1NRT,298.14,7.09,N
24.12429,75.70025,314.89,1.03,1.02,2026-05-01,1531,Terra,MODIS,83,6.1NRT,301.25,7.91,N
24.13125,75.55106,312.58,1.04,1.02,2026-05-01,1531,Terra,MODIS,72,6.1NRT,300.78,6.2,N
24.12979,75.54115,311.55,1.04,1.02,2026-05-01,1531,Terra,MODIS,66,6.1NRT,300.43,5.38,N
24.16113,75.44376,319.79,1.05,1.02,2026-05-01,1531,Terra,MODIS,99,6.1NRT,300.9,13.14,N
24.83312,77.41152,309.04,1.01,1.01,2026-05-01,1531,Terra,MODIS,65,6.1NRT,298.01,5.47,N
24.83182,77.40182,317.03,1.01,1.01,2026-05-01,1531,Terra,MODIS,92,6.1NRT,299.31,11.83,N
24.87437,77.2998,322.1,1.01,1,2026-05-01,1531,Terra,MODIS,100,6.1NRT,298.38,16.61,N
24.89856,76.99386,309.24,1,1,2026-05-01,1531,Terra,MODIS,65,6.1NRT,299.2,6.02,N
24.89726,76.98425,316.64,1,1,2026-05-01,1531,Terra,MODIS,91,6.1NRT,298.45,11.75,N
24.82939,76.42658,315.14,1,1,2026-05-01,1531,Terra,MODIS,86,6.1NRT,301.01,8.8,N
24.83813,76.42508,323.09,1,1,2026-05-01,1531,Terra,MODIS,100,6.1NRT,300.12,16.33,N
24.97262,77.27748,314.97,1.01,1,2026-05-01,1531,Terra,MODIS,87,6.1NRT,298.48,9.1,N
24.9866,77.31482,308.39,1.01,1,2026-05-01,1531,Terra,MODIS,33,6.1NRT,297.99,4.18,N
25.00547,77.32164,309.18,1.01,1.01,2026-05-01,1531,Terra,MODIS,66,6.1NRT,298.31,5.21,N
24.94286,76.45035,318.81,1,1,2026-05-01,1531,Terra,MODIS,97,6.1NRT,299.76,13.05,N
24.93953,76.36244,317.62,1,1,2026-05-01,1531,Terra,MODIS,94,6.1NRT,300.24,11.81,N
25.26867,77.63036,307.12,1.03,1.01,2026-05-01,1531,Terra,MODIS,54,6.1NRT,296.71,5.14,N
25.21563,76.96214,313.14,1,1,2026-05-01,1531,Terra,MODIS,82,6.1NRT,299.54,8.4,N
25.17025,76.09669,313.24,1.01,1,2026-05-01,1531,Terra,MODIS,81,6.1NRT,297.3,9.09,N
25.31586,77.08721,309.13,1.01,1,2026-05-01,1531,Terra,MODIS,68,6.1NRT,298.44,5.43,N
25.54079,78.31889,308.78,1.08,1.04,2026-05-01,1531,Terra,MODIS,64,6.1NRT,298.7,6.12,N
25.65486,79.17427,310.93,1.17,1.08,2026-05-01,1531,Terra,MODIS,75,6.1NRT,299.31,8.98,N
25.4196,76.49536,307.19,1,1,2026-05-01,1531,Terra,MODIS,56,6.1NRT,297.09,4.96,N
22.55605,79.23363,309.3,1.1,1.05,2026-05-01,1531,Terra,MODIS,69,6.1NRT,297.14,5.89,N
22.55474,79.22327,308.2,1.1,1.05,2026-05-01,1531,Terra,MODIS,58,6.1NRT,296.73,5.16,N
22.11854,75.08698,320.83,1.13,1.06,2026-05-01,1531,Terra,MODIS,100,6.1NRT,302.88,15.65,N
22.11692,75.07644,326.08,1.13,1.06,2026-05-01,1531,Terra,MODIS,100,6.1NRT,302.99,22.3,N
22.2798,75.5388,318.36,1.08,1.04,2026-05-01,1531,Terra,MODIS,94,6.1NRT,303.2,11.54,N
22.20774,75.06478,323.8,1.13,1.06,2026-05-01,1531,Terra,MODIS,100,6.1NRT,303.14,19.09,N
22.77751,77.41133,310.46,1,1,2026-05-01,1531,Terra,MODIS,67,6.1NRT,297.92,6.5,N
23.1773,76.89993,313.09,1,1,2026-05-01,1531,Terra,MODIS,78,6.1NRT,299.01,7.87,N
23.36366,78.0624,308.37,1.03,1.01,2026-05-01,1531,Terra,MODIS,50,6.1NRT,297.5,4.42,N
21.3983,77.03979,313.19,1.01,1,2026-05-01,1531,Terra,MODIS,46,6.1NRT,301.88,6.7,N
21.42875,77.93025,312.81,1.01,1,2026-05-01,1531,Terra,MODIS,73,6.1NRT,300.63,6.48,N
21.41998,77.93164,311.75,1.01,1,2026-05-01,1531,Terra,MODIS,59,6.1NRT,301.24,5.74,N
22.03583,83.73019,306.98,2.09,1.41,2026-05-01,1531,Terra,MODIS,66,6.1NRT,296.58,16.24,N
21.25947,79.3865,308.42,1.09,1.04,2026-05-01,1531,Terra,MODIS,64,6.1NRT,297.22,6.49,N
21.74856,83.84332,310.09,2.12,1.41,2026-05-01,1531,Terra,MODIS,76,6.1NRT,296.5,21.69,N
21.74626,83.84923,307.68,2.12,1.41,2026-05-01,1531,Terra,MODIS,67,6.1NRT,296.44,16.59,N
21.22345,79.46008,312.54,1.1,1.04,2026-05-01,1531,Terra,MODIS,80,6.1NRT,297.33,9.34,N
20.13173,75.51357,319.42,1.13,1.06,2026-05-01,1531,Terra,MODIS,98,6.1NRT,298.29,16.44,N
20.20616,76.20647,312.69,1.06,1.03,2026-05-01,1531,Terra,MODIS,76,6.1NRT,299.11,8.14,N
25.32727,75.83834,306.91,1.01,1.01,2026-05-01,1531,Terra,MODIS,50,6.1NRT,296.84,4.94,N
25.03879,73.19817,316.23,1.29,1.13,2026-05-01,1531,Terra,MODIS,88,6.1NRT,299.72,13.83,N
25.90093,78.03749,308.58,1.06,1.03,2026-05-01,1531,Terra,MODIS,65,6.1NRT,297.29,5.92,N
25.67962,75.97076,317.75,1.01,1,2026-05-01,1531,Terra,MODIS,94,6.1NRT,301.11,11.38,N
21.39698,77.03038,312.76,1.01,1,2026-05-01,1531,Terra,MODIS,74,6.1NRT,302.1,6.55,N
21.64566,78.24103,309.29,1.02,1.01,2026-05-01,1531,Terra,MODIS,66,6.1NRT,295.96,6.41,N
21.9005,79.36294,306.17,1.1,1.05,2026-05-01,1531,Terra,MODIS,45,6.1NRT,295.44,5.31,N
21.89533,79.32173,316.65,1.1,1.04,2026-05-01,1531,Terra,MODIS,93,6.1NRT,295.56,14.69,N
21.91623,79.33963,305.81,1.1,1.05,2026-05-01,1531,Terra,MODIS,57,6.1NRT,294.7,5.34,N
21.10595,72.64348,310.86,1.63,1.26,2026-05-01,1531,Terra,MODIS,74,6.1NRT,296.47,18.96,N
22.15075,79.30763,306.5,1.1,1.05,2026-05-01,1531,Terra,MODIS,61,6.1NRT,296.32,5.51,N
22.14946,79.29728,309.89,1.1,1.05,2026-05-01,1531,Terra,MODIS,75,6.1NRT,296.02,8.12,N
21.80828,76.48622,313.08,1.02,1.01,2026-05-01,1531,Terra,MODIS,76,6.1NRT,301.67,6.72,N
21.81573,76.47518,314.74,1.02,1.01,2026-05-01,1531,Terra,MODIS,83,6.1NRT,301.5,7.74,N
22.29541,79.86241,310.05,1.17,1.08,2026-05-01,1531,Terra,MODIS,77,6.1NRT,295.04,9.39,N
22.29404,79.85139,308.23,1.17,1.08,2026-05-01,1531,Terra,MODIS,71,6.1NRT,294.86,7.87,N
22.22005,79.26562,312.63,1.1,1.04,2026-05-01,1531,Terra,MODIS,83,6.1NRT,295.37,10.33,N
21.77392,75.99651,318.09,1.05,1.02,2026-05-01,1531,Terra,MODIS,94,6.1NRT,302.35,11.51,N
22.30017,79.85529,310.56,1.17,1.08,2026-05-01,1531,Terra,MODIS,78,6.1NRT,294.85,9.77,N
22.09191,78.19913,330.28,1.02,1.01,2026-05-01,1531,Terra,MODIS,100,6.1NRT,301.24,26.64,N
22.09065,78.1896,319.28,1.02,1.01,2026-05-01,1531,Terra,MODIS,98,6.1NRT,300.29,13.8,N
22.08941,78.18014,324.62,1.02,1.01,2026-05-01,1531,Terra,MODIS,100,6.1NRT,300.35,19.65,N
22.30309,79.72128,329.67,1.15,1.07,2026-05-01,1531,Terra,MODIS,100,6.1NRT,296.99,31.57,N
22.36074,79.80187,306.28,1.16,1.07,2026-05-01,1531,Terra,MODIS,63,6.1NRT,295.56,5.86,N
22.41252,79.86696,353.86,1.17,1.08,2026-05-01,1531,Terra,MODIS,100,6.1NRT,298.64,86.16,N
22.41119,79.8559,324.14,1.17,1.08,2026-05-01,1531,Terra,MODIS,100,6.1NRT,296.25,24.32,N
22.40329,79.71204,309.7,1.15,1.07,2026-05-01,1531,Terra,MODIS,75,6.1NRT,297.01,7.51,N
22.4764,80.23743,307.22,1.23,1.1,2026-05-01,1531,Terra,MODIS,69,6.1NRT,295.77,6.41,N
22.44355,79.8849,307.04,1.18,1.08,2026-05-01,1531,Terra,MODIS,66,6.1NRT,296.38,5.37,N
22.08051,76.91359,315.03,1,1,2026-05-01,1531,Terra,MODIS,84,6.1NRT,300.22,8.68,N
22.14286,77.14719,309.59,1,1,2026-05-01,1531,Terra,MODIS,56,6.1NRT,298.17,5.69,N
22.55467,79.80598,313.87,1.17,1.08,2026-05-01,1531,Terra,MODIS,86,6.1NRT,295.94,12.21,N
22.5533,79.79496,314.84,1.17,1.08,2026-05-01,1531,Terra,MODIS,89,6.1NRT,295.69,13.41,N
22.5335,79.42908,309.13,1.12,1.06,2026-05-01,1531,Terra,MODIS,69,6.1NRT,294.84,7.75,N
23.71478,78.57325,305.95,1.78,1.31,2026-05-01,2244,Aqua,MODIS,66,6.1NRT,293.11,12.53,N
21.10469,72.64266,331.3,1,1,2026-05-01,2244,Aqua,MODIS,100,6.1NRT,298.85,0,N
21.1061,72.63338,322.72,1,1,2026-05-01,2244,Aqua,MODIS,92,6.1NRT,298.39,0,N
21.74131,71.13892,308.83,1.05,1.02,2026-05-01,2244,Aqua,MODIS,70,6.1NRT,297.71,6.97,N
22.92797,70.10416,314.49,1.19,1.09,2026-05-01,2244,Aqua,MODIS,88,6.1NRT,299.48,12.74,N
22.18613,75.7585,315.38,1.24,1.11,2026-05-01,2244,Aqua,MODIS,90,6.1NRT,298.55,14.76,N
23.7142,78.58342,303.52,1.78,1.31,2026-05-01,2244,Aqua,MODIS,55,6.1NRT,292.85,8.65,N
23.71722,78.56688,303.39,1.78,1.31,2026-05-01,2244,Aqua,MODIS,54,6.1NRT,293.28,8.36,N
15.23118,79.11297,302.04,2.96,1.64,2026-05-01,2246,Aqua,MODIS,46,6.1NRT,288.36,13.97,N
30.37098,75.4082,319.92,2.73,1.58,2026-05-02,0336,Terra,MODIS,67,6.1NRT,300.95,23.29,D
29.00274,79.93795,317.65,1.3,1.13,2026-05-02,0336,Terra,MODIS,60,6.1NRT,296.67,10.6,D
27.10789,80.20098,320.84,1.2,1.09,2026-05-02,0336,Terra,MODIS,71,6.1NRT,300.64,12.04,D
27.06973,79.312,318.04,1.34,1.15,2026-05-02,0336,Terra,MODIS,60,6.1NRT,299.1,10.8,D
26.28201,80.85939,316.96,1.1,1.05,2026-05-02,0336,Terra,MODIS,52,6.1NRT,299.73,6.2,D
26.25568,79.82063,321.55,1.22,1.1,2026-05-02,0336,Terra,MODIS,63,6.1NRT,302.8,10.4,D
25.93691,81.11416,323.32,1.07,1.03,2026-05-02,0336,Terra,MODIS,70,6.1NRT,301.2,11.37,D
25.55122,81.17615,320.96,1.06,1.03,2026-05-02,0336,Terra,MODIS,62,6.1NRT,302.6,7.49,D
25.64032,79.43027,324.03,1.26,1.12,2026-05-02,0336,Terra,MODIS,65,6.1NRT,305.38,13.1,D
25.63887,79.44255,322.05,1.26,1.12,2026-05-02,0336,Terra,MODIS,59,6.1NRT,306.37,9.64,D
25.5814,78.7169,325.06,1.39,1.17,2026-05-02,0336,Terra,MODIS,58,6.1NRT,308.31,11.04,D
30.25051,75.35569,320.59,2.74,1.58,2026-05-02,0336,Terra,MODIS,68,6.1NRT,301.74,25.5,D
19.02277,79.92579,321.03,1.04,1.02,2026-05-02,0338,Terra,MODIS,36,6.1NRT,302.48,6.96,D
19.24576,78.80965,320.68,1.16,1.07,2026-05-02,0338,Terra,MODIS,32,6.1NRT,304.51,7.79,D
19.24715,78.79896,325.76,1.16,1.07,2026-05-02,0338,Terra,MODIS,66,6.1NRT,304.89,13.99,D
19.39456,79.76697,320.46,1.06,1.03,2026-05-02,0338,Terra,MODIS,35,6.1NRT,303.69,6.9,D
19.57272,78.41358,327.4,1.22,1.1,2026-05-02,0338,Terra,MODIS,65,6.1NRT,312.02,11.5,D
19.60248,79.30849,327.05,1.11,1.05,2026-05-02,0338,Terra,MODIS,43,6.1NRT,308.72,7.92,D
19.61307,79.2995,328.28,1.11,1.05,2026-05-02,0338,Terra,MODIS,60,6.1NRT,308.28,9.21,D
19.61441,79.28927,327.28,1.11,1.05,2026-05-02,0338,Terra,MODIS,49,6.1NRT,309.06,8.08,D
19.95825,78.35064,327.45,1.25,1.11,2026-05-02,0338,Terra,MODIS,61,6.1NRT,311.31,10.97,D
22.47995,79.81731,324,1.12,1.05,2026-05-02,0338,Terra,MODIS,63,6.1NRT,307.02,6.48,D
22.47019,80.24948,325.66,1.08,1.04,2026-05-02,0338,Terra,MODIS,67,6.1NRT,307.53,9.94,D
22.53732,80.01341,337.08,1.1,1.05,2026-05-02,0338,Terra,MODIS,84,6.1NRT,307.78,26.38,D
20.70058,79.49826,327.71,1.11,1.05,2026-05-02,0338,Terra,MODIS,69,6.1NRT,310.43,8.26,D
21.84959,76.1204,325.71,1.87,1.34,2026-05-02,0338,Terra,MODIS,65,6.1NRT,304.48,18.77,D
21.22168,81.22533,322.07,1.01,1,2026-05-02,0338,Terra,MODIS,56,6.1NRT,305.21,6.67,D
21.53926,81.27086,333.04,1.01,1,2026-05-02,0338,Terra,MODIS,80,6.1NRT,308.79,15.39,D
20.96292,85.18427,322.95,1.32,1.14,2026-05-02,0338,Terra,MODIS,70,6.1NRT,301.52,15.31,D
20.96492,85.17202,326.8,1.32,1.14,2026-05-02,0338,Terra,MODIS,78,6.1NRT,301.74,21.05,D
21.54298,81.62731,334.1,1,1,2026-05-02,0338,Terra,MODIS,81,6.1NRT,308.36,20.02,D
21.07963,85.03694,318.14,1.29,1.13,2026-05-02,0338,Terra,MODIS,65,6.1NRT,301.56,10.35,D
20.96666,86.01482,320.81,1.49,1.21,2026-05-02,0338,Terra,MODIS,61,6.1NRT,303.47,14.87,D
22.502,80.42495,323.53,1.06,1.03,2026-05-02,0338,Terra,MODIS,52,6.1NRT,306.2,8.86,D
22.03584,83.7358,322.14,1.08,1.04,2026-05-02,0338,Terra,MODIS,70,6.1NRT,302,10.53,D
23.22508,75.41682,319.52,2.2,1.44,2026-05-02,0338,Terra,MODIS,46,6.1NRT,300.44,17.9,D
23.22573,75.42313,321.18,2.2,1.44,2026-05-02,0338,Terra,MODIS,56,6.1NRT,300.53,22.3,D
23.27486,79.34309,322.3,1.2,1.09,2026-05-02,0338,Terra,MODIS,60,6.1NRT,304.62,8.07,D
23.65449,77.47314,325.68,1.58,1.24,2026-05-02,0338,Terra,MODIS,64,6.1NRT,307.38,13.8,D
23.6502,79.19653,353.47,1.24,1.1,2026-05-02,0338,Terra,MODIS,96,6.1NRT,307.93,74.67,D
23.87928,77.78488,329.95,1.52,1.22,2026-05-02,0338,Terra,MODIS,74,6.1NRT,306.9,21.35,D
23.8831,77.79157,328.46,1.52,1.22,2026-05-02,0338,Terra,MODIS,72,6.1NRT,307.08,17.61,D
23.90092,78.88816,328.59,1.29,1.13,2026-05-02,0338,Terra,MODIS,74,6.1NRT,307.68,15.25,D
24.06087,77.70224,324.22,1.55,1.23,2026-05-02,0338,Terra,MODIS,62,6.1NRT,306.1,12.24,D
24.04709,78.15631,324.35,1.44,1.19,2026-05-02,0338,Terra,MODIS,63,6.1NRT,306.29,12.36,D
22.16473,79.32896,331.06,1.17,1.08,2026-05-02,0338,Terra,MODIS,78,6.1NRT,309.26,16.92,D
22.18089,79.65154,328.6,1.13,1.06,2026-05-02,0338,Terra,MODIS,74,6.1NRT,307.81,13.98,D
22.70807,75.13433,322.12,2.28,1.46,2026-05-02,0338,Terra,MODIS,64,6.1NRT,303.98,20.4,D
21.74144,83.84499,323.57,1.1,1.05,2026-05-02,0338,Terra,MODIS,74,6.1NRT,301.51,13.26,D
22.06792,81.89265,320.16,1,1,2026-05-02,0338,Terra,MODIS,60,6.1NRT,304.29,6.42,D
21.91854,83.35325,320.59,1.05,1.03,2026-05-02,0338,Terra,MODIS,63,6.1NRT,303.98,6.99,D
22.46437,79.66725,326.59,1.14,1.06,2026-05-02,0338,Terra,MODIS,70,6.1NRT,307.48,10.81,D
22.46815,79.76154,326.7,1.13,1.06,2026-05-02,0338,Terra,MODIS,70,6.1NRT,307.75,10.09,D
25.27571,75.98573,323.41,2.13,1.42,2026-05-02,0338,Terra,MODIS,46,6.1NRT,303.17,21.34,D
25.27417,75.97859,325.83,2.13,1.42,2026-05-02,0338,Terra,MODIS,34,6.1NRT,303.08,26.67,D
23.77772,86.21568,311.56,1.38,1.16,2026-05-02,0338,Terra,MODIS,47,6.1NRT,296.6,7.2,D
24.20461,82.71077,320.97,1,1,2026-05-02,0338,Terra,MODIS,62,6.1NRT,304.26,6.93,D
24.87296,77.17573,326.07,1.73,1.29,2026-05-02,0338,Terra,MODIS,67,6.1NRT,308.43,17.38,D
24.87431,77.16982,325.84,1.73,1.29,2026-05-02,0338,Terra,MODIS,56,6.1NRT,308.45,16.82,D
24.8131,77.09438,325.39,1.75,1.3,2026-05-02,0338,Terra,MODIS,64,6.1NRT,308.58,16.48,D
24.5612,78.12778,330.74,1.47,1.2,2026-05-02,0338,Terra,MODIS,75,6.1NRT,310.32,22.4,D
24.41895,78.72642,328.85,1.34,1.15,2026-05-02,0338,Terra,MODIS,71,6.1NRT,309.16,15.29,D
24.42069,78.71994,326.02,1.34,1.15,2026-05-02,0338,Terra,MODIS,56,6.1NRT,309.73,10.61,D
24.16798,79.62589,336.96,1.19,1.08,2026-05-02,0338,Terra,MODIS,84,6.1NRT,307.28,31.88,D
24.37017,77.61488,325.72,1.58,1.24,2026-05-02,0338,Terra,MODIS,63,6.1NRT,309.56,12.55,D
24.22229,78.84322,324.81,1.31,1.14,2026-05-02,0338,Terra,MODIS,60,6.1NRT,305.5,11.39,D
25.27766,75.96504,322.44,2.14,1.42,2026-05-02,0338,Terra,MODIS,37,6.1NRT,302.4,19.36,D
18.95725,77.79772,324.2,1.31,1.13,2026-05-02,0338,Terra,MODIS,64,6.1NRT,308.33,9.69,D
15.52417,78.82648,327.54,1.07,1.03,2026-05-02,0340,Terra,MODIS,72,6.1NRT,299.97,17.16,D
17.37543,80.30594,314.28,1.01,1,2026-05-02,0340,Terra,MODIS,36,6.1NRT,291.74,4.69,D
17.49552,79.7106,318.36,1.04,1.02,2026-05-02,0340,Terra,MODIS,59,6.1NRT,298.26,6.26,D
17.86296,78.6856,323,1.14,1.06,2026-05-02,0340,Terra,MODIS,56,6.1NRT,305.71,11.37,D
17.74611,80.35793,314.61,1.01,1,2026-05-02,0340,Terra,MODIS,43,6.1NRT,292.11,4.47,D
17.8878,80.21156,319.57,1.02,1.01,2026-05-02,0340,Terra,MODIS,64,6.1NRT,294.97,8.2,D
18.0223,79.90236,317.09,1.03,1.01,2026-05-02,0340,Terra,MODIS,42,6.1NRT,298.1,5.9,D
18.03909,79.77865,318.34,1.04,1.02,2026-05-02,0340,Terra,MODIS,57,6.1NRT,298.03,6.6,D
18.04039,79.7691,326.21,1.04,1.02,2026-05-02,0340,Terra,MODIS,75,6.1NRT,298.64,15.38,D
18.49366,77.25561,325.02,1.4,1.17,2026-05-02,0340,Terra,MODIS,63,6.1NRT,308.72,11.57,D
18.4792,78.82513,323.9,1.14,1.06,2026-05-02,0340,Terra,MODIS,62,6.1NRT,307.08,9.83,D
18.75787,77.84388,326.2,1.29,1.13,2026-05-02,0340,Terra,MODIS,68,6.1NRT,307.89,11.99,D
18.73977,78.15076,321.59,1.24,1.11,2026-05-02,0340,Terra,MODIS,52,6.1NRT,307.02,9.53,D
14.65444,79.84956,322.42,1,1,2026-05-02,0340,Terra,MODIS,59,6.1NRT,305.13,6.64,D
14.95738,77.84264,323.24,1.17,1.08,2026-05-02,0340,Terra,MODIS,61,6.1NRT,305.1,9.57,D
14.77211,79.2683,333.89,1.03,1.01,2026-05-02,0340,Terra,MODIS,81,6.1NRT,307.21,21.53,D
14.96968,77.82278,321.91,1.17,1.08,2026-05-02,0340,Terra,MODIS,43,6.1NRT,305.83,8.03,D
14.8651,78.66301,323.16,1.07,1.03,2026-05-02,0340,Terra,MODIS,56,6.1NRT,305.13,9.54,D
14.86644,78.6533,334.48,1.07,1.03,2026-05-02,0340,Terra,MODIS,81,6.1NRT,306.39,24.93,D
14.90672,79.16721,322.58,1.04,1.02,2026-05-02,0340,Terra,MODIS,55,6.1NRT,305.59,9.63,D
14.90796,79.15823,321.37,1.04,1.02,2026-05-02,0340,Terra,MODIS,46,6.1NRT,305.41,8.49,D
15.01204,78.52666,325.28,1.09,1.04,2026-05-02,0340,Terra,MODIS,65,6.1NRT,307.77,7.45,D
15.06838,78.52444,326.24,1.09,1.04,2026-05-02,0340,Terra,MODIS,66,6.1NRT,306.13,10.2,D
15.11759,78.16289,326.48,1.13,1.06,2026-05-02,0340,Terra,MODIS,68,6.1NRT,307.49,12.16,D
15.12442,78.15997,326.89,1.13,1.06,2026-05-02,0340,Terra,MODIS,67,6.1NRT,307.68,11.11,D
15.1257,78.22253,325.72,1.12,1.06,2026-05-02,0340,Terra,MODIS,67,6.1NRT,308.18,10.19,D
15.15107,78.17405,331.19,1.13,1.06,2026-05-02,0340,Terra,MODIS,77,6.1NRT,308.28,17.7,D
15.15243,78.16381,344.61,1.13,1.06,2026-05-02,0340,Terra,MODIS,90,6.1NRT,309.03,43.26,D
15.16586,78.13427,327.49,1.14,1.06,2026-05-02,0340,Terra,MODIS,67,6.1NRT,307.15,13.52,D
15.27833,78.12429,321.85,1.14,1.06,2026-05-02,0340,Terra,MODIS,56,6.1NRT,305.39,7.08,D
15.38875,78.53369,321.22,1.1,1.04,2026-05-02,0340,Terra,MODIS,51,6.1NRT,304.35,7.14,D
15.37617,79.23653,321.54,1.04,1.02,2026-05-02,0340,Terra,MODIS,57,6.1NRT,305.63,6.85,D
15.40065,79.12469,319.98,1.05,1.02,2026-05-02,0340,Terra,MODIS,44,6.1NRT,303.24,6.45,D
15.56542,78.44852,323.62,1.11,1.05,2026-05-02,0340,Terra,MODIS,64,6.1NRT,303.56,10.64,D
15.71815,78.54366,321.23,1.1,1.05,2026-05-02,0340,Terra,MODIS,55,6.1NRT,301.22,8.92,D
15.85651,78.47735,329.67,1.11,1.05,2026-05-02,0340,Terra,MODIS,76,6.1NRT,304.17,16.28,D
16.13354,80.47924,319.79,1,1,2026-05-02,0340,Terra,MODIS,59,6.1NRT,301.38,5.89,D
16.48375,78.46283,320.05,1.13,1.06,2026-05-02,0340,Terra,MODIS,54,6.1NRT,301.45,8.18,D
16.33662,80.09334,321.44,1.01,1,2026-05-02,0340,Terra,MODIS,64,6.1NRT,300.84,8.32,D
16.70912,78.21889,321.66,1.17,1.08,2026-05-02,0340,Terra,MODIS,55,6.1NRT,304.78,8.71,D
16.53102,80.0219,320.58,1.01,1.01,2026-05-02,0340,Terra,MODIS,64,6.1NRT,299.29,7.54,D
16.68229,80.11582,320.28,1.01,1,2026-05-02,0340,Terra,MODIS,54,6.1NRT,300.57,6.36,D
16.82684,80.27161,315.24,1.01,1,2026-05-02,0340,Terra,MODIS,46,6.1NRT,294.28,5.06,D
16.81207,80.50301,316.6,1,1,2026-05-02,0340,Terra,MODIS,57,6.1NRT,295.66,6.5,D
16.92326,80.51347,321.26,1,1,2026-05-02,0340,Terra,MODIS,70,6.1NRT,294.98,10.09,D
10.74445,79.05061,318.18,1,1,2026-05-02,0342,Terra,MODIS,56,6.1NRT,297.59,5.82,D
13.54969,80.14704,312.19,1,1,2026-05-02,0342,Terra,MODIS,53,6.1NRT,298.77,6.56,D
11.01694,79.01698,319.62,1.01,1,2026-05-02,0342,Terra,MODIS,56,6.1NRT,297.99,6.08,D
10.38324,77.41486,313.86,1.1,1.05,2026-05-02,0342,Terra,MODIS,46,6.1NRT,296.42,5.9,D
14.33094,79.39729,318.73,1.02,1.01,2026-05-02,0342,Terra,MODIS,27,6.1NRT,303.47,5.93,D
14.31954,79.41421,330.42,1.02,1.01,2026-05-02,0342,Terra,MODIS,78,6.1NRT,304.51,18.05,D
14.3183,79.42313,322.6,1.02,1.01,2026-05-02,0342,Terra,MODIS,46,6.1NRT,304.4,8.78,D
14.29696,79.43269,320.75,1.02,1.01,2026-05-02,0342,Terra,MODIS,21,6.1NRT,303.34,7.48,D
14.28931,79.42268,322.68,1.02,1.01,2026-05-02,0342,Terra,MODIS,48,6.1NRT,302.15,10.35,D
14.20239,79.97399,319.27,1,1,2026-05-02,0342,Terra,MODIS,46,6.1NRT,301.54,7.22,D
13.86415,79.30841,321.19,1.02,1.01,2026-05-02,0342,Terra,MODIS,62,6.1NRT,301.43,8.07,D
13.85824,79.27354,320.2,1.02,1.01,2026-05-02,0342,Terra,MODIS,57,6.1NRT,301.47,8,D
13.83669,79.29828,320.44,1.02,1.01,2026-05-02,0342,Terra,MODIS,62,6.1NRT,301.2,9.03,D
13.97678,76.95988,325.25,2.71,1.58,2026-05-02,0934,Aqua,MODIS,68,6.1NRT,306.55,31.19,D
14.32287,79.40546,320.71,1.72,1.29,2026-05-02,0934,Aqua,MODIS,32,6.1NRT,300.09,11.53,D
14.35918,78.73384,328.66,1.93,1.36,2026-05-02,0934,Aqua,MODIS,70,6.1NRT,306.72,27.08,D
16.3794,80.5917,328.84,1.31,1.14,2026-05-02,0937,Aqua,MODIS,61,6.1NRT,305.17,15.89,D
16.04179,80.29633,326.84,1.39,1.17,2026-05-02,0937,Aqua,MODIS,69,6.1NRT,303.82,10.84,D
16.21735,80.42357,327.87,1.35,1.15,2026-05-02,0937,Aqua,MODIS,73,6.1NRT,304.75,15.59,D
16.37743,80.5799,331.65,1.31,1.14,2026-05-02,0937,Aqua,MODIS,77,6.1NRT,305.59,20.3,D
16.32203,80.12505,324.41,1.41,1.17,2026-05-02,0937,Aqua,MODIS,54,6.1NRT,303.07,10.72,D
16.31992,80.11244,324.43,1.41,1.18,2026-05-02,0937,Aqua,MODIS,51,6.1NRT,303.29,10.08,D
16.48814,80.74541,326.11,1.28,1.12,2026-05-02,0937,Aqua,MODIS,71,6.1NRT,305.2,10.82,D
16.63141,81.32242,319.36,1.18,1.08,2026-05-02,0937,Aqua,MODIS,54,6.1NRT,301.01,11.24,D
16.94752,80.35541,326.63,1.33,1.14,2026-05-02,0937,Aqua,MODIS,62,6.1NRT,306.14,12.98,D
16.953,79.88858,325.27,1.42,1.18,2026-05-02,0937,Aqua,MODIS,67,6.1NRT,302.28,14.26,D
17.04539,80.13804,326.38,1.37,1.16,2026-05-02,0937,Aqua,MODIS,70,6.1NRT,304.87,14.14,D
17.60576,83.20374,318.15,1.01,1,2026-05-02,0937,Aqua,MODIS,57,6.1NRT,300.07,6.95,D
17.64598,83.2093,319.84,1.01,1,2026-05-02,0937,Aqua,MODIS,69,6.1NRT,299.6,9.33,D
17.37028,81.42667,317.39,1.14,1.07,2026-05-02,0937,Aqua,MODIS,45,6.1NRT,299.97,7.89,D
17.42264,81.63728,320.71,1.12,1.05,2026-05-02,0937,Aqua,MODIS,64,6.1NRT,298.36,11,D
17.42104,81.62713,322.99,1.12,1.05,2026-05-02,0937,Aqua,MODIS,60,6.1NRT,300.02,13.5,D
17.23502,80.28483,325.68,1.33,1.14,2026-05-02,0937,Aqua,MODIS,52,6.1NRT,303.06,11.64,D
17.4625,81.60443,317.22,1.12,1.05,2026-05-02,0937,Aqua,MODIS,46,6.1NRT,298.78,6.16,D
17.51069,81.73029,331.3,1.1,1.05,2026-05-02,0937,Aqua,MODIS,81,6.1NRT,299.93,25.61,D
17.51475,81.63718,316.41,1.11,1.05,2026-05-02,0937,Aqua,MODIS,33,6.1NRT,299.04,6.8,D
17.55605,81.6611,317.33,1.11,1.05,2026-05-02,0937,Aqua,MODIS,52,6.1NRT,299.16,8.13,D
17.76896,82.85651,317.21,1.02,1.01,2026-05-02,0937,Aqua,MODIS,63,6.1NRT,300.1,6.2,D
17.81762,81.79272,322.06,1.09,1.04,2026-05-02,0937,Aqua,MODIS,52,6.1NRT,296.44,14.72,D
17.88936,81.72218,318.17,1.1,1.04,2026-05-02,0937,Aqua,MODIS,57,6.1NRT,301.14,7.42,D
18.14553,81.99887,321.34,1.06,1.03,2026-05-02,0937,Aqua,MODIS,46,6.1NRT,300.03,8.29,D
18.16609,81.88766,322.6,1.07,1.03,2026-05-02,0937,Aqua,MODIS,38,6.1NRT,304.39,7.43,D
17.90946,80.00121,332.14,1.35,1.15,2026-05-02,0937,Aqua,MODIS,78,6.1NRT,305.9,25.89,D
18.03651,80.57554,329.16,1.24,1.11,2026-05-02,0937,Aqua,MODIS,73,6.1NRT,306.84,15.45,D
17.91428,79.78981,330.35,1.39,1.17,2026-05-02,0937,Aqua,MODIS,75,6.1NRT,304.44,22.75,D
18.78768,83.81625,314.95,1,1,2026-05-02,0937,Aqua,MODIS,36,6.1NRT,299.95,4.01,D
18.47933,80.47042,327.83,1.24,1.11,2026-05-02,0937,Aqua,MODIS,61,6.1NRT,308.53,8.99,D
19.09721,82.16598,327,1.04,1.02,2026-05-02,0937,Aqua,MODIS,70,6.1NRT,309.43,11.22,D
19.19143,81.16265,341.15,1.12,1.06,2026-05-02,0937,Aqua,MODIS,88,6.1NRT,304.52,40.16,D
19.18979,81.15238,362.86,1.12,1.06,2026-05-02,0937,Aqua,MODIS,100,6.1NRT,307.15,98.2,D
19.19732,81.14046,319.64,1.12,1.06,2026-05-02,0937,Aqua,MODIS,25,6.1NRT,304.03,7.83,D
19.20649,81.13879,327.5,1.12,1.06,2026-05-02,0937,Aqua,MODIS,72,6.1NRT,304.87,17.3,D
19.2254,81.19874,325.01,1.12,1.05,2026-05-02,0937,Aqua,MODIS,67,6.1NRT,305.09,13.03,D
19.19013,80.91615,321.63,1.15,1.07,2026-05-02,0937,Aqua,MODIS,29,6.1NRT,305.05,10.62,D
19.1885,80.90595,328.54,1.15,1.07,2026-05-02,0937,Aqua,MODIS,73,6.1NRT,304.46,20.42,D
19.21665,80.50574,324.91,1.21,1.09,2026-05-02,0937,Aqua,MODIS,58,6.1NRT,307.61,10.23,D
19.68436,82.9891,332.33,1,1,2026-05-02,0937,Aqua,MODIS,83,6.1NRT,303.97,22.46,D
19.683,82.97992,349.4,1,1,2026-05-02,0937,Aqua,MODIS,94,6.1NRT,300.75,52.24,D
19.38943,80.94421,329.32,1.14,1.06,2026-05-02,0937,Aqua,MODIS,72,6.1NRT,305.1,21.24,D
19.28576,80.03641,328.48,1.28,1.12,2026-05-02,0937,Aqua,MODIS,57,6.1NRT,313.35,10.82,D
19.25167,78.80811,326.47,1.54,1.22,2026-05-02,0937,Aqua,MODIS,24,6.1NRT,305.84,18.25,D
19.46567,79.88103,326.12,1.3,1.13,2026-05-02,0937,Aqua,MODIS,51,6.1NRT,310.43,8.97,D
19.84518,80.79192,360.07,1.15,1.07,2026-05-02,0937,Aqua,MODIS,100,6.1NRT,309.83,90.67,D
19.63897,79.37413,335.83,1.39,1.17,2026-05-02,0937,Aqua,MODIS,75,6.1NRT,314.87,27.21,D
19.91244,80.85535,344.53,1.14,1.06,2026-05-02,0937,Aqua,MODIS,89,6.1NRT,308.52,47.21,D
19.92168,80.8538,345.16,1.14,1.06,2026-05-02,0937,Aqua,MODIS,90,6.1NRT,309.64,48.42,D
20.17808,82.26321,325.85,1.02,1.01,2026-05-02,0937,Aqua,MODIS,46,6.1NRT,311.88,9.7,D
20.45282,82.50078,344.1,1.01,1,2026-05-02,0937,Aqua,MODIS,90,6.1NRT,310.16,34.54,D
20.45143,82.49149,351.02,1.01,1,2026-05-02,0937,Aqua,MODIS,95,6.1NRT,312.45,48.88,D
20.45004,82.48215,325.5,1.01,1,2026-05-02,0937,Aqua,MODIS,33,6.1NRT,309.97,6.87,D
20.46016,82.48995,325.26,1.01,1,2026-05-02,0937,Aqua,MODIS,41,6.1NRT,309.05,6.76,D
20.1137,80.16884,326.03,1.22,1.1,2026-05-02,0937,Aqua,MODIS,26,6.1NRT,311.65,7.1,D
20.18535,79.74552,329.83,1.29,1.13,2026-05-02,0937,Aqua,MODIS,66,6.1NRT,311.96,17.04,D
20.76944,82.9409,331.84,1,1,2026-05-02,0937,Aqua,MODIS,73,6.1NRT,312.9,13.34,D
20.27452,79.59848,327.08,1.31,1.14,2026-05-02,0937,Aqua,MODIS,34,6.1NRT,310.81,14.7,D
20.42865,79.5321,333.28,1.32,1.14,2026-05-02,0937,Aqua,MODIS,47,6.1NRT,312.74,24.7,D
20.5894,79.62558,332.71,1.29,1.13,2026-05-02,0937,Aqua,MODIS,42,6.1NRT,314.85,19.47,D
21.21869,83.24073,332.04,1,1,2026-05-02,0937,Aqua,MODIS,79,6.1NRT,312.15,14.1,D
20.73467,79.70154,327.88,1.27,1.12,2026-05-02,0937,Aqua,MODIS,42,6.1NRT,311.92,15.19,D
21.25341,82.64111,331.2,1,1,2026-05-02,0937,Aqua,MODIS,76,6.1NRT,309.13,16.11,D
20.86711,78.60882,332.66,1.48,1.2,2026-05-02,0937,Aqua,MODIS,72,6.1NRT,315.37,14.84,D
21.73889,83.84161,331.1,1.03,1.02,2026-05-02,0937,Aqua,MODIS,74,6.1NRT,312.48,14.01,D
21.74775,83.84019,328.73,1.03,1.02,2026-05-02,0937,Aqua,MODIS,55,6.1NRT,312.48,10.04,D
22.03814,83.72855,329.16,1.03,1.01,2026-05-02,0937,Aqua,MODIS,69,6.1NRT,315.93,12.83,D
21.91135,79.32879,327.02,1.28,1.12,2026-05-02,0937,Aqua,MODIS,36,6.1NRT,311.56,9.53,D
22.00881,79.35233,328.63,1.28,1.12,2026-05-02,0937,Aqua,MODIS,53,6.1NRT,312.6,9.44,D
22.17904,79.45884,330.65,1.25,1.11,2026-05-02,0937,Aqua,MODIS,77,6.1NRT,315.01,12.24,D
22.1808,79.28889,342.69,1.28,1.12,2026-05-02,0937,Aqua,MODIS,89,6.1NRT,317.03,36.51,D
22.24131,79.39204,331.15,1.26,1.11,2026-05-02,0937,Aqua,MODIS,67,6.1NRT,314.1,15.3,D
22.19598,79.00368,331.25,1.33,1.14,2026-05-02,0937,Aqua,MODIS,76,6.1NRT,315.63,14.52,D
22.15333,78.75311,327.1,1.38,1.16,2026-05-02,0937,Aqua,MODIS,57,6.1NRT,309.71,11.89,D
22.32818,79.53651,338.87,1.23,1.1,2026-05-02,0937,Aqua,MODIS,79,6.1NRT,310.52,36.87,D
22.47602,79.80331,330.09,1.19,1.08,2026-05-02,0937,Aqua,MODIS,57,6.1NRT,310.61,16.51,D
23.73713,83.32971,327.89,1.03,1.01,2026-05-02,0937,Aqua,MODIS,73,6.1NRT,310.1,12.02,D
24.00797,82.96848,326.89,1.02,1.01,2026-05-02,0937,Aqua,MODIS,68,6.1NRT,310.6,6.79,D
27.47227,81.35109,356.46,1,1,2026-05-02,0939,Aqua,MODIS,74,6.1NRT,304.64,66.23,D
32.37337,75.34502,323.92,1.45,1.19,2026-05-02,0939,Aqua,MODIS,76,6.1NRT,306.69,12.32,D
32.37791,75.34914,323.08,1.45,1.19,2026-05-02,0939,Aqua,MODIS,72,6.1NRT,306.56,10.11,D
32.01292,75.45305,330.85,1.46,1.19,2026-05-02,0939,Aqua,MODIS,64,6.1NRT,309.03,24.77,D
31.6526,75.52413,354.73,1.46,1.2,2026-05-02,0939,Aqua,MODIS,97,6.1NRT,308.09,101.39,D
31.33259,77.20982,311.25,1.2,1.09,2026-05-02,0939,Aqua,MODIS,61,6.1NRT,297.64,7.83,D
30.6869,74.25792,327.23,1.85,1.33,2026-05-02,0939,Aqua,MODIS,72,6.1NRT,308.97,18.02,D
30.66087,74.23117,331.3,1.86,1.33,2026-05-02,0939,Aqua,MODIS,78,6.1NRT,309.26,32.17,D
30.91282,76.5968,324.63,1.31,1.14,2026-05-02,0939,Aqua,MODIS,79,6.1NRT,306.96,14.28,D
30.19338,75.88302,328.78,1.49,1.2,2026-05-02,0939,Aqua,MODIS,76,6.1NRT,308.39,19.11,D
30.26588,76.68645,324.32,1.33,1.14,2026-05-02,0939,Aqua,MODIS,69,6.1NRT,304.13,10.36,D
30.21027,76.49052,326.64,1.37,1.16,2026-05-02,0939,Aqua,MODIS,77,6.1NRT,307.6,14.54,D
30.09131,76.98378,323.14,1.29,1.13,2026-05-02,0939,Aqua,MODIS,73,6.1NRT,306.65,10.47,D
29.7196,78.39126,323.05,1.12,1.05,2026-05-02,0939,Aqua,MODIS,74,6.1NRT,301.43,15.06,D
29.18335,77.00207,322.52,1.33,1.14,2026-05-02,0939,Aqua,MODIS,62,6.1NRT,304.76,9.48,D
28.96891,76.20651,330.45,1.5,1.21,2026-05-02,0939,Aqua,MODIS,75,6.1NRT,312.59,17.2,D
28.88851,76.33918,332.18,1.48,1.2,2026-05-02,0939,Aqua,MODIS,78,6.1NRT,310.66,22.39,D
29.16888,78.05093,320.38,1.17,1.08,2026-05-02,0939,Aqua,MODIS,51,6.1NRT,304.42,7.92,D
29.23712,79.08015,319.4,1.07,1.03,2026-05-02,0939,Aqua,MODIS,66,6.1NRT,303.92,6.84,D
29.07469,79.22456,321.09,1.06,1.03,2026-05-02,0939,Aqua,MODIS,68,6.1NRT,303.71,5.88,D
29.00651,79.09323,322.2,1.07,1.03,2026-05-02,0939,Aqua,MODIS,67,6.1NRT,305.26,7.78,D
28.90805,79.40064,323.55,1.05,1.02,2026-05-02,0939,Aqua,MODIS,70,6.1NRT,305.22,10.25,D
28.91368,79.79755,321.02,1.03,1.01,2026-05-02,0939,Aqua,MODIS,32,6.1NRT,304.03,8.48,D
28.88977,79.76055,323.06,1.03,1.01,2026-05-02,0939,Aqua,MODIS,32,6.1NRT,303.87,9.22,D
28.84497,79.70673,322.78,1.03,1.02,2026-05-02,0939,Aqua,MODIS,57,6.1NRT,305.02,6.79,D
28.73756,79.09108,323.44,1.08,1.04,2026-05-02,0939,Aqua,MODIS,67,6.1NRT,306.53,10.28,D
28.76938,80.18123,324.11,1.01,1.01,2026-05-02,0939,Aqua,MODIS,62,6.1NRT,298.38,12.68,D
28.6468,79.56948,323.41,1.04,1.02,2026-05-02,0939,Aqua,MODIS,69,6.1NRT,304.86,9.99,D
28.62645,79.49924,325.97,1.05,1.02,2026-05-02,0939,Aqua,MODIS,74,6.1NRT,306.38,13.43,D
27.47084,81.34133,322,1,1,2026-05-02,0939,Aqua,MODIS,64,6.1NRT,303.37,8.66,D
26.92251,82.881,327.77,1.05,1.02,2026-05-02,0939,Aqua,MODIS,77,6.1NRT,305.72,11.91,D
26.25511,78.90234,327.26,1.17,1.08,2026-05-02,0939,Aqua,MODIS,76,6.1NRT,298.16,16.03,D
26.25698,78.91359,326.87,1.17,1.08,2026-05-02,0939,Aqua,MODIS,75,6.1NRT,298.96,15.79,D
26.23266,78.88371,320.31,1.17,1.08,2026-05-02,0939,Aqua,MODIS,62,6.1NRT,297.94,7.19,D
25.13754,73.43629,328.17,2.86,1.61,2026-05-02,0939,Aqua,MODIS,64,6.1NRT,311.52,46.43,D
26.33915,82.72954,323.92,1.03,1.01,2026-05-02,0939,Aqua,MODIS,66,6.1NRT,305.97,7.25,D
26.34053,82.73952,326.33,1.03,1.02,2026-05-02,0939,Aqua,MODIS,71,6.1NRT,306.18,10.05,D
26.01138,80.55857,326.94,1.03,1.01,2026-05-02,0939,Aqua,MODIS,69,6.1NRT,307.78,10.12,D
26.17326,81.62777,327.5,1,1,2026-05-02,0939,Aqua,MODIS,69,6.1NRT,308.02,9.25,D
25.28447,76.94221,331.75,1.59,1.24,2026-05-02,0939,Aqua,MODIS,76,6.1NRT,312.76,18.8,D
25.73063,80.07244,330.14,1.07,1.03,2026-05-02,0939,Aqua,MODIS,75,6.1NRT,306.54,13,D
25.72168,80.0742,326.89,1.07,1.03,2026-05-02,0939,Aqua,MODIS,60,6.1NRT,305.63,9.64,D
25.81387,80.66519,324.89,1.03,1.01,2026-05-02,0939,Aqua,MODIS,62,6.1NRT,306.98,7.98,D
25.06564,76.44006,333.09,1.74,1.29,2026-05-02,0939,Aqua,MODIS,76,6.1NRT,310.11,27.32,D
26.22239,83.70478,319.7,1.1,1.05,2026-05-02,0939,Aqua,MODIS,58,6.1NRT,302.97,6.71,D
25.09996,77.07397,332.04,1.57,1.23,2026-05-02,0939,Aqua,MODIS,76,6.1NRT,310.69,17.79,D
25.10266,77.08885,330.9,1.57,1.23,2026-05-02,0939,Aqua,MODIS,68,6.1NRT,309.92,15.11,D
25.64151,81.16174,326.37,1.01,1,2026-05-02,0939,Aqua,MODIS,65,6.1NRT,307.84,7.89,D
25.47644,83.64018,322.08,1.08,1.04,2026-05-02,0939,Aqua,MODIS,58,6.1NRT,304.05,7.06,D
24.06981,75.80793,330.35,2.02,1.39,2026-05-02,0939,Aqua,MODIS,70,6.1NRT,313.44,24.12,D
25.21601,83.62801,328.66,1.08,1.04,2026-05-02,0939,Aqua,MODIS,71,6.1NRT,306.42,12.59,D
24.50274,78.9789,324.42,1.23,1.1,2026-05-02,0939,Aqua,MODIS,60,6.1NRT,307.18,10.82,D
25.422,85.71149,321.81,1.37,1.16,2026-05-02,0939,Aqua,MODIS,65,6.1NRT,302.79,10.02,D
24.4525,78.99464,329.37,1.23,1.1,2026-05-02,0939,Aqua,MODIS,72,6.1NRT,307.34,18.09,D
24.44297,78.99661,324.58,1.23,1.1,2026-05-02,0939,Aqua,MODIS,60,6.1NRT,307.34,11.04,D
24.70521,80.68629,331.6,1.04,1.02,2026-05-02,0939,Aqua,MODIS,75,6.1NRT,311.84,13.87,D
25.16231,83.90895,326.37,1.1,1.05,2026-05-02,0939,Aqua,MODIS,65,6.1NRT,306.38,7.71,D
24.58091,80.60406,327.05,1.05,1.02,2026-05-02,0939,Aqua,MODIS,61,6.1NRT,310.3,7.73,D
25.04775,83.8164,326.05,1.09,1.04,2026-05-02,0939,Aqua,MODIS,59,6.1NRT,305.92,9.1,D
24.47738,80.2976,326.96,1.07,1.03,2026-05-02,0939,Aqua,MODIS,49,6.1NRT,312.39,7.3,D
24.4684,80.29932,328.01,1.07,1.03,2026-05-02,0939,Aqua,MODIS,67,6.1NRT,312.89,9.32,D
24.47001,80.30951,328.46,1.07,1.03,2026-05-02,0939,Aqua,MODIS,68,6.1NRT,312.83,9.79,D
25.02884,84.1495,327.41,1.12,1.06,2026-05-02,0939,Aqua,MODIS,68,6.1NRT,306.31,9.53,D
24.2088,78.82607,341.46,1.26,1.12,2026-05-02,0939,Aqua,MODIS,86,6.1NRT,305.44,44.64,D
24.52428,80.7734,330.09,1.04,1.02,2026-05-02,0939,Aqua,MODIS,71,6.1NRT,310.41,12.92,D
24.25226,79.76698,338.05,1.13,1.06,2026-05-02,0939,Aqua,MODIS,82,6.1NRT,313.96,26,D
24.254,79.77767,327.48,1.13,1.06,2026-05-02,0939,Aqua,MODIS,62,6.1NRT,312.87,8.91,D
24.43887,81.05794,338.99,1.02,1.01,2026-05-02,0939,Aqua,MODIS,84,6.1NRT,313.36,23.41,D
32.53782,75.05441,323.22,1.5,1.21,2026-05-02,0939,Aqua,MODIS,66,6.1NRT,307.44,13.11,D
23.77612,86.20718,304.05,1.78,1.31,2026-05-02,1431,Terra,MODIS,58,6.1NRT,292.3,9.93,N
23.76294,86.39771,308.48,1.73,1.29,2026-05-02,1431,Terra,MODIS,52,6.1NRT,292.92,13.39,N
22.92789,70.10583,333.39,1.2,1.09,2026-05-02,1609,Terra,MODIS,100,6.1NRT,301.22,38.38,N
23.87276,76.40507,308.63,3.43,1.74,2026-05-02,1609,Terra,MODIS,67,6.1NRT,294.24,34.66,N
23.86984,76.39857,306.59,3.43,1.74,2026-05-02,1609,Terra,MODIS,57,6.1NRT,294.08,27.35,N
20.12757,75.54948,306.21,2.64,1.56,2026-05-02,1609,Terra,MODIS,51,6.1NRT,295.8,18.22,N
23.77927,86.21144,307.95,1.1,1.04,2026-05-02,2144,Aqua,MODIS,73,6.1NRT,294.09,9.35,N
23.66344,87.15953,302.02,1.02,1.01,2026-05-02,2144,Aqua,MODIS,46,6.1NRT,290.79,4.22,N
23.68861,86.3964,304.28,1.08,1.04,2026-05-02,2144,Aqua,MODIS,25,6.1NRT,292.66,5.15,N
23.73848,86.43573,309.09,1.07,1.03,2026-05-02,2144,Aqua,MODIS,56,6.1NRT,294.34,7.86,N
23.7697,86.40579,308.16,1.08,1.04,2026-05-02,2144,Aqua,MODIS,48,6.1NRT,293.08,7.16,N
30.10954,74.65059,318.09,1.01,1,2026-05-03,0414,Terra,MODIS,61,6.1NRT,301.82,5.83,D
30.19205,74.20918,319.56,1,1,2026-05-03,0414,Terra,MODIS,65,6.1NRT,301.63,7.49,D
29.83755,76.63538,316.35,1.16,1.07,2026-05-03,0414,Terra,MODIS,45,6.1NRT,289.52,10.77,D
30.26478,74.0156,321.9,1,1,2026-05-03,0414,Terra,MODIS,70,6.1NRT,301.45,10.07,D
30.08323,75.31111,320.36,1.04,1.02,2026-05-03,0414,Terra,MODIS,68,6.1NRT,299.93,8.46,D
30.21395,74.43108,324.57,1,1,2026-05-03,0414,Terra,MODIS,74,6.1NRT,301.56,12.52,D
30.29675,73.9343,321.02,1,1,2026-05-03,0414,Terra,MODIS,68,6.1NRT,302.77,8.38,D
30.12328,75.17544,325.32,1.03,1.01,2026-05-03,0414,Terra,MODIS,76,6.1NRT,299.91,13.44,D
30.29877,74.29741,316.71,1,1,2026-05-03,0414,Terra,MODIS,57,6.1NRT,300.76,4.99,D
30.3728,73.96906,325.85,1,1,2026-05-03,0414,Terra,MODIS,76,6.1NRT,301.69,14.5,D
30.37423,73.95895,325.49,1,1,2026-05-03,0414,Terra,MODIS,75,6.1NRT,302.25,14.15,D
30.14359,75.58437,318.03,1.05,1.02,2026-05-03,0414,Terra,MODIS,66,6.1NRT,298.11,7.11,D
30.25451,74.85857,324.46,1.01,1.01,2026-05-03,0414,Terra,MODIS,75,6.1NRT,300.38,12.27,D
30.23145,75.1925,317.51,1.03,1.01,2026-05-03,0414,Terra,MODIS,64,6.1NRT,299.6,5.84,D
30.23302,75.18216,319.52,1.03,1.01,2026-05-03,0414,Terra,MODIS,68,6.1NRT,300.13,7.84,D
30.31844,74.67185,322.56,1.01,1,2026-05-03,0414,Terra,MODIS,72,6.1NRT,301.28,9.79,D
30.31994,74.6617,321.05,1.01,1,2026-05-03,0414,Terra,MODIS,70,6.1NRT,301.72,8.58,D
30.33302,74.69556,318.5,1.01,1,2026-05-03,0414,Terra,MODIS,65,6.1NRT,301.05,5.94,D
30.21087,75.74656,314.97,1.06,1.03,2026-05-03,0414,Terra,MODIS,60,6.1NRT,289.79,9.46,D
30.37667,74.72039,321.03,1.01,1,2026-05-03,0414,Terra,MODIS,71,6.1NRT,301.41,8.8,D
30.30368,75.26624,317.55,1.03,1.01,2026-05-03,0414,Terra,MODIS,65,6.1NRT,299.63,6.56,D
30.49984,73.99469,328.29,1,1,2026-05-03,0414,Terra,MODIS,79,6.1NRT,301.24,17.53,D
30.50127,73.98457,321.63,1,1,2026-05-03,0414,Terra,MODIS,70,6.1NRT,300.9,10.07,D
30.32266,75.44199,324.07,1.04,1.02,2026-05-03,0414,Terra,MODIS,76,6.1NRT,298.71,14.13,D
30.32426,75.43151,317.45,1.04,1.02,2026-05-03,0414,Terra,MODIS,65,6.1NRT,298.71,7.01,D
30.4098,74.86316,321.6,1.01,1.01,2026-05-03,0414,Terra,MODIS,72,6.1NRT,301.09,9.43,D
30.45314,74.63055,324.5,1.01,1,2026-05-03,0414,Terra,MODIS,75,6.1NRT,301.79,12.55,D
30.45163,74.89881,319.16,1.01,1.01,2026-05-03,0414,Terra,MODIS,69,6.1NRT,301.13,7.04,D
30.60374,74.16588,319.98,1,1,2026-05-03,0414,Terra,MODIS,68,6.1NRT,301.66,8.14,D
30.53983,74.80633,318.86,1.01,1,2026-05-03,0414,Terra,MODIS,69,6.1NRT,301.01,6.88,D
30.66226,74.21411,322.95,1,1,2026-05-03,0414,Terra,MODIS,74,6.1NRT,301.39,10.84,D
30.73809,74.45362,324.83,1,1,2026-05-03,0414,Terra,MODIS,78,6.1NRT,302.11,12.56,D
30.73956,74.44347,326.37,1,1,2026-05-03,0414,Terra,MODIS,79,6.1NRT,301.99,14.22,D
30.66081,74.22424,328.83,1,1,2026-05-03,0414,Terra,MODIS,80,6.1NRT,302.05,17.27,D
29.75869,75.49757,321.85,1.05,1.03,2026-05-03,0414,Terra,MODIS,70,6.1NRT,298.29,10.69,D
29.76032,75.48703,324.43,1.05,1.02,2026-05-03,0414,Terra,MODIS,74,6.1NRT,298.52,13.62,D
30.02707,74.19688,316.65,1,1,2026-05-03,0414,Terra,MODIS,50,6.1NRT,301.66,5.16,D
29.76826,75.97052,316.91,1.09,1.04,2026-05-03,0414,Terra,MODIS,30,6.1NRT,294.46,10.85,D
29.92662,75.00161,318.4,1.02,1.01,2026-05-03,0414,Terra,MODIS,60,6.1NRT,300.34,6.27,D
29.87208,75.54358,319.18,1.05,1.03,2026-05-03,0414,Terra,MODIS,66,6.1NRT,297.8,8.33,D
30.09431,74.18435,317.95,1,1,2026-05-03,0414,Terra,MODIS,59,6.1NRT,301.48,6.48,D
29.83501,75.95641,323.64,1.09,1.04,2026-05-03,0414,Terra,MODIS,74,6.1NRT,295.8,13.85,D
30.0259,74.77434,322.68,1.01,1.01,2026-05-03,0414,Terra,MODIS,71,6.1NRT,301.21,10,D
30.02526,74.90021,316.49,1.02,1.01,2026-05-03,0414,Terra,MODIS,54,6.1NRT,299.85,5.21,D
29.49984,74.82433,316.96,1.02,1.01,2026-05-03,0417,Terra,MODIS,31,6.1NRT,299.85,5.32,D
29.79773,75.18227,320.22,1.03,1.02,2026-05-03,0417,Terra,MODIS,57,6.1NRT,299.49,8.08,D
29.96838,73.96259,317.91,1,1,2026-05-03,0417,Terra,MODIS,56,6.1NRT,302.72,5.33,D
29.96694,73.97266,325.52,1,1,2026-05-03,0417,Terra,MODIS,74,6.1NRT,303.29,12.96,D
29.89409,74.47613,319.01,1.01,1,2026-05-03,0417,Terra,MODIS,60,6.1NRT,301.91,6.01,D
29.86893,74.58569,318.17,1.01,1,2026-05-03,0417,Terra,MODIS,57,6.1NRT,301.32,5.85,D
29.69407,75.61565,324.18,1.06,1.03,2026-05-03,0417,Terra,MODIS,74,6.1NRT,298.1,13.92,D
29.50945,76.64315,314.5,1.17,1.08,2026-05-03,0417,Terra,MODIS,54,6.1NRT,294.1,7.01,D
29.65326,75.70049,315.54,1.07,1.03,2026-05-03,0417,Terra,MODIS,39,6.1NRT,296.77,6.53,D
29.60913,75.6255,316.41,1.07,1.03,2026-05-03,0417,Terra,MODIS,42,6.1NRT,295.17,10.1,D
29.66364,75.21396,316.72,1.04,1.02,2026-05-03,0417,Terra,MODIS,53,6.1NRT,299.49,5.28,D
29.49463,76.12266,314.6,1.11,1.05,2026-05-03,0417,Terra,MODIS,38,6.1NRT,294.94,5.82,D
29.60564,75.22823,324.49,1.04,1.02,2026-05-03,0417,Terra,MODIS,72,6.1NRT,299.88,13.3,D
29.52079,75.23758,318.1,1.04,1.02,2026-05-03,0417,Terra,MODIS,54,6.1NRT,299.08,7.09,D
29.74291,73.46945,320.5,1,1,2026-05-03,0417,Terra,MODIS,64,6.1NRT,304.31,6.46,D
29.22705,76.78419,322.47,1.2,1.09,2026-05-03,0417,Terra,MODIS,69,6.1NRT,302.02,9.43,D
29.67095,73.64611,324.6,1,1,2026-05-03,0417,Terra,MODIS,72,6.1NRT,304.35,10.37,D
29.50288,74.80393,317.54,1.02,1.01,2026-05-03,0417,Terra,MODIS,39,6.1NRT,299.97,5.52,D
29.21858,76.56898,319.53,1.17,1.08,2026-05-03,0417,Terra,MODIS,51,6.1NRT,299.72,8.33,D
29.61883,73.76022,321.67,1,1,2026-05-03,0417,Terra,MODIS,66,6.1NRT,303.27,7.9,D
29.26019,76.07343,319.31,1.11,1.05,2026-05-03,0417,Terra,MODIS,58,6.1NRT,298.81,6.58,D
29.57559,73.93745,320,1,1,2026-05-03,0417,Terra,MODIS,60,6.1NRT,303.17,6.07,D
29.40431,74.90509,318.8,1.03,1.01,2026-05-03,0417,Terra,MODIS,48,6.1NRT,300.07,7.2,D
29.48973,74.2038,319.39,1,1,2026-05-03,0417,Terra,MODIS,54,6.1NRT,303.13,6.05,D
29.09331,76.7682,322.53,1.2,1.09,2026-05-03,0417,Terra,MODIS,66,6.1NRT,301.7,9.27,D
29.14451,76.27496,328.1,1.14,1.06,2026-05-03,0417,Terra,MODIS,76,6.1NRT,300.82,16.72,D
29.06478,76.76215,321.83,1.2,1.09,2026-05-03,0417,Terra,MODIS,64,6.1NRT,302.28,8.16,D
29.47775,73.97521,319.04,1,1,2026-05-03,0417,Terra,MODIS,52,6.1NRT,301.7,5.6,D
29.05596,76.63785,332.26,1.19,1.08,2026-05-03,0417,Terra,MODIS,81,6.1NRT,301.24,25.08,D
29.45546,73.8003,323.9,1,1,2026-05-03,0417,Terra,MODIS,66,6.1NRT,306.17,8.03,D
29.11532,75.76043,318.81,1.09,1.04,2026-05-03,0417,Terra,MODIS,45,6.1NRT,299.46,6.87,D
29.05368,76.14516,322.42,1.13,1.06,2026-05-03,0417,Terra,MODIS,63,6.1NRT,301.04,9.71,D
29.02247,76.33707,322.07,1.15,1.07,2026-05-03,0417,Terra,MODIS,62,6.1NRT,300.63,8.45,D
28.96882,76.21452,324.27,1.14,1.06,2026-05-03,0417,Terra,MODIS,66,6.1NRT,302.53,10.24,D
29.28953,74.06165,328.59,1,1,2026-05-03,0417,Terra,MODIS,73,6.1NRT,307.21,12.13,D
29.27501,74.16172,323.46,1,1,2026-05-03,0417,Terra,MODIS,57,6.1NRT,306.11,5.89,D
28.974,75.89922,320.31,1.1,1.05,2026-05-03,0417,Terra,MODIS,41,6.1NRT,301.63,6.98,D
28.9283,76.18817,327.21,1.14,1.06,2026-05-03,0417,Terra,MODIS,71,6.1NRT,301.53,16.94,D
28.92941,76.0612,320.16,1.12,1.06,2026-05-03,0417,Terra,MODIS,41,6.1NRT,301.38,7.21,D
28.81034,76.67713,321.9,1.2,1.09,2026-05-03,0417,Terra,MODIS,58,6.1NRT,302.72,7.56,D
28.76695,76.8792,323.96,1.23,1.1,2026-05-03,0417,Terra,MODIS,56,6.1NRT,301.69,15.25,D
28.8533,76.01662,320.82,1.12,1.05,2026-05-03,0417,Terra,MODIS,42,6.1NRT,302.19,7.32,D
29.1409,73.34924,323.9,1,1,2026-05-03,0417,Terra,MODIS,49,6.1NRT,308.91,6.6,D
28.65215,76.57042,338.78,1.19,1.09,2026-05-03,0417,Terra,MODIS,86,6.1NRT,304.98,34.76,D
28.59369,76.80501,322.37,1.23,1.1,2026-05-03,0417,Terra,MODIS,37,6.1NRT,301.7,10.1,D
25.63059,79.43389,327.83,2.05,1.39,2026-05-03,0417,Terra,MODIS,76,6.1NRT,303.49,37.69,D
25.91058,73.96935,330.69,1.02,1.01,2026-05-03,0417,Terra,MODIS,76,6.1NRT,311.61,14.62,D
25.46401,75.77578,322.36,1.2,1.09,2026-05-03,0417,Terra,MODIS,61,6.1NRT,304.27,9.88,D
25.34852,75.79509,322.67,1.21,1.09,2026-05-03,0417,Terra,MODIS,62,6.1NRT,304.92,9.41,D
24.99843,76.54399,317.59,1.35,1.15,2026-05-03,0417,Terra,MODIS,13,6.1NRT,300.62,10.26,D
24.70239,77.8381,328.44,1.65,1.26,2026-05-03,0417,Terra,MODIS,75,6.1NRT,308.39,23.71,D
25.37427,73.03197,323.55,1,1,2026-05-03,0417,Terra,MODIS,57,6.1NRT,308.84,6.44,D
25.35213,72.99852,324.11,1,1,2026-05-03,0417,Terra,MODIS,59,6.1NRT,309.66,7.19,D
23.9403,79.18881,319.78,2.14,1.42,2026-05-03,0417,Terra,MODIS,41,6.1NRT,300.82,16.07,D
24.67172,74.27204,324.45,1.06,1.03,2026-05-03,0417,Terra,MODIS,69,6.1NRT,303.64,12.51,D
24.29815,74.89268,321.31,1.13,1.06,2026-05-03,0417,Terra,MODIS,50,6.1NRT,304.2,8.69,D
23.84325,76.55635,329.34,1.41,1.18,2026-05-03,0417,Terra,MODIS,74,6.1NRT,306.5,21.96,D
23.70872,76.80513,327.49,1.47,1.2,2026-05-03,0417,Terra,MODIS,72,6.1NRT,306.68,17.12,D
23.51259,76.96309,325.34,1.52,1.22,2026-05-03,0417,Terra,MODIS,68,6.1NRT,309.35,11.94,D
23.55897,74.88436,322.23,1.15,1.07,2026-05-03,0417,Terra,MODIS,50,6.1NRT,307.84,8.39,D
23.03362,76.41048,324.07,1.42,1.18,2026-05-03,0417,Terra,MODIS,64,6.1NRT,310.27,10.88,D
23.03139,76.42383,325.26,1.43,1.18,2026-05-03,0417,Terra,MODIS,67,6.1NRT,310.55,13.13,D
23.06786,75.45458,324.76,1.25,1.11,2026-05-03,0417,Terra,MODIS,60,6.1NRT,310.88,11.02,D
23.50837,72.06441,325.21,1,1,2026-05-03,0417,Terra,MODIS,63,6.1NRT,311.33,7.42,D
22.81058,75.32784,323.73,1.24,1.11,2026-05-03,0417,Terra,MODIS,57,6.1NRT,311.15,8.5,D
22.80869,75.33947,326.56,1.24,1.11,2026-05-03,0417,Terra,MODIS,67,6.1NRT,311.37,12.69,D
23.47496,69.3886,323.29,1.22,1.1,2026-05-03,0417,Terra,MODIS,37,6.1NRT,307.41,9.32,D
23.47352,69.40031,327.16,1.22,1.1,2026-05-03,0417,Terra,MODIS,71,6.1NRT,307.51,14.82,D
23.46526,69.38728,324,1.22,1.1,2026-05-03,0417,Terra,MODIS,51,6.1NRT,306.95,10.87,D
23.46383,69.399,326.86,1.22,1.1,2026-05-03,0417,Terra,MODIS,71,6.1NRT,307.33,14.75,D
22.23859,75.80164,335.66,1.34,1.15,2026-05-03,0417,Terra,MODIS,82,6.1NRT,310.18,32.21,D
22.23647,75.81425,325.12,1.35,1.15,2026-05-03,0417,Terra,MODIS,63,6.1NRT,310.24,11.93,D
22.20485,75.44774,324.36,1.28,1.12,2026-05-03,0417,Terra,MODIS,59,6.1NRT,309.08,10.37,D
22.82581,71.13261,323.32,1.03,1.01,2026-05-03,0417,Terra,MODIS,58,6.1NRT,310.74,7.86,D
22.67506,71.3607,330.74,1.02,1.01,2026-05-03,0417,Terra,MODIS,75,6.1NRT,311.4,15.89,D
22.58322,72.01798,324.54,1,1,2026-05-03,0417,Terra,MODIS,63,6.1NRT,312.44,5.81,D
21.2755,79.39842,336.33,2.53,1.53,2026-05-03,0417,Terra,MODIS,83,6.1NRT,309.25,74.46,D
18.55883,77.76118,323.55,2.16,1.43,2026-05-03,0419,Terra,MODIS,63,6.1NRT,306.72,19.85,D
20.0487,76.67348,327.73,1.68,1.27,2026-05-03,0419,Terra,MODIS,66,6.1NRT,313.13,17.09,D
18.55732,77.75536,326.42,2.16,1.43,2026-05-03,0419,Terra,MODIS,66,6.1NRT,307.22,29.03,D
17.87024,75.02837,323.48,1.41,1.18,2026-05-03,0419,Terra,MODIS,62,6.1NRT,307.89,15.23,D
15.16759,76.74763,325.69,2.11,1.41,2026-05-03,0419,Terra,MODIS,75,6.1NRT,304.78,32.74,D
15.16435,76.76656,324.22,2.12,1.41,2026-05-03,0419,Terra,MODIS,72,6.1NRT,305.06,26.06,D
15.24119,75.69281,318.16,1.75,1.3,2026-05-03,0419,Terra,MODIS,48,6.1NRT,300.3,17.29,D
14.27294,79.44871,319.24,3.57,1.77,2026-05-03,0419,Terra,MODIS,67,6.1NRT,294.76,59.22,D
14.2783,79.44186,321.76,3.57,1.77,2026-05-03,0419,Terra,MODIS,72,6.1NRT,294.52,77.38,D
21.38238,74.60184,321.44,1.18,1.08,2026-05-03,0419,Terra,MODIS,50,6.1NRT,308.12,7.98,D
22.07573,73.21491,328.14,1.03,1.02,2026-05-03,0419,Terra,MODIS,72,6.1NRT,307,16.16,D
12.54554,79.95649,321.31,1.63,1.26,2026-05-03,1011,Aqua,MODIS,56,6.1NRT,304.06,12.06,D
12.30689,77.28671,325.18,1.1,1.05,2026-05-03,1011,Aqua,MODIS,39,6.1NRT,307.89,8.94,D
12.31603,77.28527,327.5,1.1,1.05,2026-05-03,1011,Aqua,MODIS,53,6.1NRT,309.27,12.59,D
12.32516,77.28379,325.73,1.1,1.05,2026-05-03,1011,Aqua,MODIS,37,6.1NRT,308.43,10.44,D
12.06976,75.24095,316.43,1,1,2026-05-03,1011,Aqua,MODIS,59,6.1NRT,289.81,7.7,D
12.41897,77.16761,324.86,1.1,1.04,2026-05-03,1011,Aqua,MODIS,74,6.1NRT,305.98,12.56,D
9.27041,77.94153,334.16,1.1,1.05,2026-05-03,1011,Aqua,MODIS,86,6.1NRT,306.1,18.45,D
12.29602,79.90752,327.06,1.6,1.25,2026-05-03,1011,Aqua,MODIS,61,6.1NRT,303.58,24.16,D
12.31071,79.93456,326.44,1.61,1.25,2026-05-03,1011,Aqua,MODIS,60,6.1NRT,302.83,21.95,D
12.28816,79.76559,323.52,1.56,1.23,2026-05-03,1011,Aqua,MODIS,61,6.1NRT,303.42,13.8,D
18.15367,78.14371,328.17,1.46,1.19,2026-05-03,1013,Aqua,MODIS,45,6.1NRT,308.3,15.89,D
18.16757,78.16902,345.16,1.47,1.2,2026-05-03,1013,Aqua,MODIS,77,6.1NRT,311.33,60.59,D
18.17578,78.17451,341.23,1.47,1.2,2026-05-03,1013,Aqua,MODIS,85,6.1NRT,311.61,47.22,D
18.27182,77.79675,333.65,1.39,1.17,2026-05-03,1013,Aqua,MODIS,72,6.1NRT,314.64,23.01,D
18.27019,77.78405,331,1.39,1.17,2026-05-03,1013,Aqua,MODIS,66,6.1NRT,314.77,15.99,D
18.35687,78.21162,334.39,1.49,1.2,2026-05-03,1013,Aqua,MODIS,68,6.1NRT,312.92,25.88,D
18.31039,77.86301,334.16,1.41,1.17,2026-05-03,1013,Aqua,MODIS,73,6.1NRT,311.88,28.39,D
18.38021,78.25741,330.4,1.5,1.21,2026-05-03,1013,Aqua,MODIS,36,6.1NRT,313.15,19.85,D
18.37852,78.24367,332.71,1.5,1.21,2026-05-03,1013,Aqua,MODIS,44,6.1NRT,312.77,23.37,D
18.54106,77.74014,332.76,1.39,1.17,2026-05-03,1013,Aqua,MODIS,70,6.1NRT,315.05,18.64,D
13.19939,78.79153,332.28,1.38,1.16,2026-05-03,1013,Aqua,MODIS,72,6.1NRT,307.71,26.3,D
13.11167,77.98034,320.28,1.22,1.1,2026-05-03,1013,Aqua,MODIS,44,6.1NRT,301.53,10.95,D
13.56318,79.13567,323.95,1.47,1.2,2026-05-03,1013,Aqua,MODIS,68,6.1NRT,306.28,12.92,D
14.02384,79.40086,321.6,1.56,1.23,2026-05-03,1013,Aqua,MODIS,62,6.1NRT,299.94,14.6,D
13.58067,74.70967,315.14,1,1,2026-05-03,1013,Aqua,MODIS,48,6.1NRT,294.03,4.68,D
14.42689,75.31503,321.5,1.01,1,2026-05-03,1013,Aqua,MODIS,54,6.1NRT,303.76,8.81,D
15.01127,78.5823,327.78,1.41,1.18,2026-05-03,1013,Aqua,MODIS,66,6.1NRT,306.49,12.24,D
15.54789,78.84649,325.48,1.5,1.21,2026-05-03,1013,Aqua,MODIS,59,6.1NRT,299.85,17.24,D
15.55846,78.84512,321.02,1.5,1.21,2026-05-03,1013,Aqua,MODIS,20,6.1NRT,298.84,9.44,D
15.22033,75.69174,327.82,1.03,1.01,2026-05-03,1013,Aqua,MODIS,35,6.1NRT,309.46,14.06,D
15.23045,75.69951,324.74,1.03,1.01,2026-05-03,1013,Aqua,MODIS,40,6.1NRT,308.22,9.49,D
15.22915,75.69039,334.67,1.03,1.01,2026-05-03,1013,Aqua,MODIS,79,6.1NRT,311.75,22.57,D
15.8589,79.48915,322.76,1.69,1.28,2026-05-03,1013,Aqua,MODIS,55,6.1NRT,292.46,13.71,D
15.65606,77.79945,327.32,1.28,1.12,2026-05-03,1013,Aqua,MODIS,51,6.1NRT,306.72,12.43,D
15.18296,74.04832,318.56,1.01,1.01,2026-05-03,1013,Aqua,MODIS,33,6.1NRT,304.94,5.36,D
16.27649,76.99392,328.96,1.18,1.08,2026-05-03,1013,Aqua,MODIS,65,6.1NRT,313.37,10.15,D
15.87778,74.04551,324.98,1.01,1,2026-05-03,1013,Aqua,MODIS,58,6.1NRT,305.89,11.77,D
16.35336,76.59431,327.68,1.13,1.06,2026-05-03,1013,Aqua,MODIS,59,6.1NRT,311.6,9.39,D
16.62623,75.18749,325.21,1.02,1.01,2026-05-03,1013,Aqua,MODIS,24,6.1NRT,312.8,7.15,D
17.74425,79.99345,330.14,1.97,1.37,2026-05-03,1013,Aqua,MODIS,59,6.1NRT,296.54,48.24,D
18.53942,77.72742,333.89,1.39,1.17,2026-05-03,1013,Aqua,MODIS,73,6.1NRT,317.13,19.24,D
18.62623,78.1566,331.65,1.49,1.2,2026-05-03,1013,Aqua,MODIS,69,6.1NRT,311.67,21.9,D
18.63085,78.15022,328.14,1.49,1.2,2026-05-03,1013,Aqua,MODIS,56,6.1NRT,312.33,14.3,D
18.73789,77.92439,328.09,1.44,1.19,2026-05-03,1013,Aqua,MODIS,53,6.1NRT,312.64,12.51,D
18.21117,74.0043,344.98,1,1,2026-05-03,1013,Aqua,MODIS,89,6.1NRT,314.62,32.85,D
18.24462,74.11079,342.29,1,1,2026-05-03,1013,Aqua,MODIS,65,6.1NRT,311,30.09,D
18.24328,74.10168,339.91,1,1,2026-05-03,1013,Aqua,MODIS,55,6.1NRT,313.1,25.64,D
18.82963,78.01409,336.65,1.46,1.2,2026-05-03,1013,Aqua,MODIS,78,6.1NRT,314.78,33,D
18.6107,75.04568,333.52,1.03,1.02,2026-05-03,1013,Aqua,MODIS,74,6.1NRT,316.12,13.64,D
19.45599,79.8812,325.61,2.05,1.39,2026-05-03,1013,Aqua,MODIS,42,6.1NRT,307.49,18.35,D
19.05152,75.02231,331.84,1.04,1.02,2026-05-03,1013,Aqua,MODIS,69,6.1NRT,317,11.12,D
19.24285,75.94157,327.85,1.12,1.06,2026-05-03,1013,Aqua,MODIS,36,6.1NRT,315.29,10.2,D
19.21685,73.8092,338.46,1,1,2026-05-03,1015,Aqua,MODIS,83,6.1NRT,311.59,24.7,D
19.72609,72.74464,330.35,1.02,1.01,2026-05-03,1015,Aqua,MODIS,70,6.1NRT,308.11,16.66,D
19.72465,72.73524,326.6,1.02,1.01,2026-05-03,1015,Aqua,MODIS,59,6.1NRT,308.91,12.88,D
20.22091,76.18068,343.06,1.18,1.08,2026-05-03,1015,Aqua,MODIS,85,6.1NRT,317.93,35.12,D
20.56754,75.65743,333.37,1.12,1.06,2026-05-03,1015,Aqua,MODIS,66,6.1NRT,318.09,12.01,D
20.55074,73.50375,331.25,1,1,2026-05-03,1015,Aqua,MODIS,69,6.1NRT,315.75,12.11,D
20.61245,73.72478,327.55,1,1,2026-05-03,1015,Aqua,MODIS,47,6.1NRT,317.01,7.88,D
20.92008,75.89398,354.95,1.16,1.07,2026-05-03,1015,Aqua,MODIS,96,6.1NRT,321.13,62.14,D
20.91866,75.88312,333.84,1.16,1.07,2026-05-03,1015,Aqua,MODIS,67,6.1NRT,320.41,12.28,D
20.67345,73.9618,327.9,1.01,1,2026-05-03,1015,Aqua,MODIS,49,6.1NRT,316.27,7.8,D
20.61293,73.54446,328.48,1,1,2026-05-03,1015,Aqua,MODIS,58,6.1NRT,314.37,8.06,D
20.62164,73.543,329.83,1,1,2026-05-03,1015,Aqua,MODIS,66,6.1NRT,315.88,9.82,D
21.27438,78.13771,334.71,1.62,1.25,2026-05-03,1015,Aqua,MODIS,46,6.1NRT,315.74,28.32,D
20.82522,74.56859,366.38,1.04,1.02,2026-05-03,1015,Aqua,MODIS,100,6.1NRT,322.74,87.11,D
20.82389,74.55898,347.84,1.03,1.02,2026-05-03,1015,Aqua,MODIS,91,6.1NRT,323.47,37.75,D
19.73054,77.62289,354.73,1.42,1.18,2026-05-03,1015,Aqua,MODIS,84,6.1NRT,314.23,91.14,D
21.07921,76.40981,332.66,1.24,1.11,2026-05-03,1015,Aqua,MODIS,66,6.1NRT,317.57,15.53,D
20.83409,74.5672,342.77,1.04,1.02,2026-05-03,1015,Aqua,MODIS,86,6.1NRT,319.77,28.59,D
20.83275,74.55759,347.12,1.03,1.02,2026-05-03,1015,Aqua,MODIS,90,6.1NRT,321.86,37.18,D
20.70688,73.55056,344.07,1,1,2026-05-03,1015,Aqua,MODIS,88,6.1NRT,315.97,32.64,D
20.72835,73.57539,331.1,1,1,2026-05-03,1015,Aqua,MODIS,69,6.1NRT,316.15,12.42,D
20.72701,73.56615,327.94,1,1,2026-05-03,1015,Aqua,MODIS,59,6.1NRT,315.45,8.31,D
20.84668,73.51199,333.37,1,1,2026-05-03,1015,Aqua,MODIS,75,6.1NRT,315.99,15.44,D
20.95414,73.6108,331.75,1,1,2026-05-03,1015,Aqua,MODIS,71,6.1NRT,315.56,14.16,D
21.68715,78.2187,334.12,1.67,1.27,2026-05-03,1015,Aqua,MODIS,76,6.1NRT,312.3,30.38,D
21.66081,76.82094,332.18,1.34,1.15,2026-05-03,1015,Aqua,MODIS,67,6.1NRT,317.42,14.13,D
21.97336,79.35685,329.83,2.04,1.39,2026-05-03,1015,Aqua,MODIS,50,6.1NRT,310.28,28.72,D
21.95218,77.01945,332.62,1.39,1.17,2026-05-03,1015,Aqua,MODIS,68,6.1NRT,317.1,14.2,D
21.98384,77.18852,330.14,1.43,1.18,2026-05-03,1015,Aqua,MODIS,29,6.1NRT,314.34,14.63,D
21.99584,77.20042,331.25,1.43,1.18,2026-05-03,1015,Aqua,MODIS,52,6.1NRT,313.85,16.74,D
21.99417,77.18714,338.21,1.43,1.18,2026-05-03,1015,Aqua,MODIS,80,6.1NRT,314.32,33.23,D
21.99159,77.19518,337.42,1.43,1.18,2026-05-03,1015,Aqua,MODIS,79,6.1NRT,313.83,31.49,D
21.93257,75.4521,331.2,1.14,1.06,2026-05-03,1015,Aqua,MODIS,62,6.1NRT,315.91,6,D
21.37446,71.08488,331.35,1.12,1.06,2026-05-03,1015,Aqua,MODIS,72,6.1NRT,317.17,14.32,D
22.21357,76.91181,328.99,1.38,1.16,2026-05-03,1015,Aqua,MODIS,63,6.1NRT,315.84,15.29,D
22.06972,75.31071,332.71,1.12,1.06,2026-05-03,1015,Aqua,MODIS,69,6.1NRT,319.86,10.98,D
22.06832,75.30022,338.46,1.12,1.06,2026-05-03,1015,Aqua,MODIS,80,6.1NRT,321.18,21.53,D
22.16526,75.96421,331.84,1.21,1.09,2026-05-03,1015,Aqua,MODIS,64,6.1NRT,318.67,16.04,D
21.89476,73.78503,339.71,1.01,1,2026-05-03,1015,Aqua,MODIS,83,6.1NRT,315.48,22.97,D
21.89342,73.77563,329.83,1.01,1,2026-05-03,1015,Aqua,MODIS,66,6.1NRT,316.54,8.76,D
22.21387,75.85898,331.7,1.2,1.09,2026-05-03,1015,Aqua,MODIS,69,6.1NRT,320.85,11.66,D
22.20193,75.40339,333.56,1.14,1.06,2026-05-03,1015,Aqua,MODIS,71,6.1NRT,318.92,12.88,D
22.98524,76.30651,337.29,1.3,1.13,2026-05-03,1015,Aqua,MODIS,79,6.1NRT,314.27,25.43,D
22.90262,75.05997,329.89,1.12,1.05,2026-05-03,1015,Aqua,MODIS,57,6.1NRT,316.99,9.03,D
22.58834,72.08336,355.01,1.02,1.01,2026-05-03,1015,Aqua,MODIS,96,6.1NRT,318.53,53.05,D
19.5068,73.20814,328.34,1.01,1,2026-05-03,1015,Aqua,MODIS,62,6.1NRT,316.07,7.34,D
20.16285,79.18421,333.37,1.86,1.33,2026-05-03,1015,Aqua,MODIS,41,6.1NRT,307.92,48.31,D
20.33025,79.53633,328.81,1.99,1.38,2026-05-03,1015,Aqua,MODIS,62,6.1NRT,311.27,26.34,D
22.64834,72.06271,333.98,1.02,1.01,2026-05-03,1015,Aqua,MODIS,74,6.1NRT,317.41,12.48,D
19.88991,75.15133,328.84,1.06,1.03,2026-05-03,1015,Aqua,MODIS,56,6.1NRT,317.03,8.17,D
19.71414,73.15421,331.25,1.01,1,2026-05-03,1015,Aqua,MODIS,72,6.1NRT,314.36,12.11,D
19.79117,73.49139,328.06,1,1,2026-05-03,1015,Aqua,MODIS,62,6.1NRT,312.87,10.1,D
19.78981,73.48219,329.58,1,1,2026-05-03,1015,Aqua,MODIS,67,6.1NRT,314.09,11.75,D
19.46348,74.02236,330.75,1,1,2026-05-03,1015,Aqua,MODIS,71,6.1NRT,310.88,13.12,D
19.44823,74.43851,331.7,1.01,1.01,2026-05-03,1015,Aqua,MODIS,71,6.1NRT,317.05,11.46,D
19.37845,74.21841,340.5,1.01,1,2026-05-03,1015,Aqua,MODIS,85,6.1NRT,317.14,24.49,D
19.21948,73.37875,327.92,1,1,2026-05-03,1015,Aqua,MODIS,31,6.1NRT,314.21,7.4,D
19.2025,73.32492,326.7,1.01,1,2026-05-03,1015,Aqua,MODIS,49,6.1NRT,313.38,8.93,D
19.21076,73.38021,330.09,1,1,2026-05-03,1015,Aqua,MODIS,36,6.1NRT,313.68,9.46,D
19.12567,73.0532,326,1.01,1.01,2026-05-03,1015,Aqua,MODIS,38,6.1NRT,310.96,9.46,D
19.21551,73.80004,328.65,1,1,2026-05-03,1015,Aqua,MODIS,65,6.1NRT,312.69,10.8,D
24.35705,75.91644,328.06,1.28,1.12,2026-05-03,1017,Aqua,MODIS,54,6.1NRT,312.76,10.42,D
22.50762,70.74836,342.1,1.13,1.06,2026-05-03,1017,Aqua,MODIS,85,6.1NRT,313.31,32.31,D
23.21313,75.30871,328.85,1.15,1.07,2026-05-03,1017,Aqua,MODIS,49,6.1NRT,315.22,9.86,D
23.62273,77.84533,332.62,1.67,1.27,2026-05-03,1017,Aqua,MODIS,73,6.1NRT,309.8,29.24,D
23.62587,77.8541,328.83,1.68,1.27,2026-05-03,1017,Aqua,MODIS,53,6.1NRT,308.72,19.69,D
23.54328,74.89815,327.36,1.12,1.05,2026-05-03,1017,Aqua,MODIS,46,6.1NRT,309.98,8.49,D
24.02544,76.37289,328.83,1.35,1.15,2026-05-03,1017,Aqua,MODIS,52,6.1NRT,310.51,11.97,D
23.72559,73.85741,333.23,1.03,1.02,2026-05-03,1017,Aqua,MODIS,72,6.1NRT,313.97,15.19,D
23.46861,69.39153,327.87,1.28,1.12,2026-05-03,1017,Aqua,MODIS,62,6.1NRT,309.63,13.33,D
24.77842,77.04292,326.94,1.53,1.22,2026-05-03,1017,Aqua,MODIS,54,6.1NRT,308.92,12.14,D
24.88807,76.59789,342.73,1.43,1.18,2026-05-03,1017,Aqua,MODIS,86,6.1NRT,317.05,44.2,D
24.97398,76.45437,332.33,1.41,1.17,2026-05-03,1017,Aqua,MODIS,71,6.1NRT,316.53,16.2,D
25.00348,76.35474,331.3,1.39,1.17,2026-05-03,1017,Aqua,MODIS,56,6.1NRT,314.94,14.96,D
25.07126,76.68622,331.4,1.46,1.19,2026-05-03,1017,Aqua,MODIS,68,6.1NRT,313.39,18.1,D
25.00982,76.08241,333.14,1.34,1.15,2026-05-03,1017,Aqua,MODIS,72,6.1NRT,317.55,16.63,D
25.03874,76.23641,330.19,1.37,1.16,2026-05-03,1017,Aqua,MODIS,62,6.1NRT,312.85,11.92,D
25.01983,76.08094,343.1,1.34,1.15,2026-05-03,1017,Aqua,MODIS,87,6.1NRT,317.61,39.65,D
24.92065,74.02656,334.35,1.06,1.03,2026-05-03,1017,Aqua,MODIS,76,6.1NRT,314.75,16.45,D
24.91927,74.01641,330.19,1.06,1.03,2026-05-03,1017,Aqua,MODIS,66,6.1NRT,315,9.96,D
24.91721,73.93382,330.14,1.06,1.03,2026-05-03,1017,Aqua,MODIS,66,6.1NRT,316.04,9.46,D
25.26876,76.44856,337.75,1.42,1.18,2026-05-03,1017,Aqua,MODIS,80,6.1NRT,316.86,29.33,D
25.22564,76.01187,337.67,1.33,1.14,2026-05-03,1017,Aqua,MODIS,76,6.1NRT,316.16,27.1,D
25.27357,76.06339,331.99,1.34,1.15,2026-05-03,1017,Aqua,MODIS,60,6.1NRT,317.43,14.93,D
25.27047,76.03764,331.2,1.34,1.15,2026-05-03,1017,Aqua,MODIS,35,6.1NRT,314.58,12.19,D
25.2398,75.785,335.56,1.29,1.13,2026-05-03,1017,Aqua,MODIS,77,6.1NRT,315.82,23.89,D
25.26807,75.934,331.99,1.32,1.14,2026-05-03,1017,Aqua,MODIS,51,6.1NRT,317.72,14.54,D
25.38816,76.41071,337.63,1.42,1.18,2026-05-03,1017,Aqua,MODIS,80,6.1NRT,316.07,27.72,D
25.36992,76.26273,336.65,1.39,1.17,2026-05-03,1017,Aqua,MODIS,74,6.1NRT,312.6,28.51,D
25.10851,73.50458,326.8,1.03,1.01,2026-05-03,1017,Aqua,MODIS,29,6.1NRT,312.91,8.91,D
25.11805,73.44305,357.09,1.03,1.01,2026-05-03,1017,Aqua,MODIS,98,6.1NRT,316.03,61.42,D
25.33214,74.97606,330.4,1.17,1.08,2026-05-03,1017,Aqua,MODIS,67,6.1NRT,315.93,10.81,D
25.12689,73.44168,331.94,1.03,1.01,2026-05-03,1017,Aqua,MODIS,69,6.1NRT,315.72,11.86,D
25.15889,73.47664,330.04,1.03,1.01,2026-05-03,1017,Aqua,MODIS,61,6.1NRT,314.27,9.72,D
25.87926,78.38443,328.19,1.97,1.37,2026-05-03,1017,Aqua,MODIS,68,6.1NRT,309.28,24.86,D
25.87557,78.39703,326.5,1.98,1.37,2026-05-03,1017,Aqua,MODIS,41,6.1NRT,307.83,17.72,D
25.97939,78.34507,327.61,1.96,1.37,2026-05-03,1017,Aqua,MODIS,66,6.1NRT,309.11,18.69,D
25.32931,72.9791,335.96,1.01,1.01,2026-05-03,1017,Aqua,MODIS,76,6.1NRT,316.51,16.5,D
25.32793,72.96941,330.04,1.01,1,2026-05-03,1017,Aqua,MODIS,59,6.1NRT,315.5,8.01,D
25.36197,73.08282,330.7,1.01,1.01,2026-05-03,1017,Aqua,MODIS,62,6.1NRT,316.01,9.68,D
26.01797,78.20113,328.86,1.92,1.35,2026-05-03,1017,Aqua,MODIS,69,6.1NRT,308.85,22.21,D
26.35593,78.17103,332.09,1.93,1.36,2026-05-03,1017,Aqua,MODIS,76,6.1NRT,308.08,32.82,D
27.67105,77.21574,332.86,1.73,1.29,2026-05-03,1017,Aqua,MODIS,78,6.1NRT,305.04,34.95,D
27.66943,77.21022,334.07,1.73,1.29,2026-05-03,1017,Aqua,MODIS,80,6.1NRT,304.89,37.82,D
28.19257,76.86954,325.12,1.66,1.27,2026-05-03,1017,Aqua,MODIS,62,6.1NRT,305.63,14.81,D
28.63857,76.44476,326.08,1.58,1.24,2026-05-03,1017,Aqua,MODIS,63,6.1NRT,304.3,18.93,D
28.71961,76.98065,320.79,1.72,1.29,2026-05-03,1017,Aqua,MODIS,45,6.1NRT,302.75,12.36,D
28.64975,76.3485,328.05,1.56,1.23,2026-05-03,1017,Aqua,MODIS,68,6.1NRT,305.59,20.87,D
28.6906,76.49552,325.37,1.6,1.24,2026-05-03,1017,Aqua,MODIS,60,6.1NRT,303.56,16.01,D
28.71408,76.50829,325.56,1.6,1.25,2026-05-03,1017,Aqua,MODIS,63,6.1NRT,304.96,17.23,D
28.88756,76.74032,324.04,1.67,1.27,2026-05-03,1017,Aqua,MODIS,63,6.1NRT,302.57,18.06,D
28.88573,76.7238,324.02,1.66,1.27,2026-05-03,1017,Aqua,MODIS,63,6.1NRT,302.74,17.84,D
29.03841,76.75729,326.64,1.68,1.27,2026-05-03,1017,Aqua,MODIS,72,6.1NRT,303.24,23.88,D
29.04595,76.72242,321.18,1.67,1.27,2026-05-03,1017,Aqua,MODIS,56,6.1NRT,302.49,11.42,D
29.0372,76.2152,320.6,1.55,1.23,2026-05-03,1017,Aqua,MODIS,30,6.1NRT,301.76,8.39,D
29.03553,76.19984,321.88,1.54,1.22,2026-05-03,1017,Aqua,MODIS,50,6.1NRT,302.63,10.92,D
29.13061,76.77302,322.67,1.69,1.28,2026-05-03,1017,Aqua,MODIS,64,6.1NRT,303.33,14.71,D
29.15844,76.82058,323.2,1.7,1.28,2026-05-03,1017,Aqua,MODIS,65,6.1NRT,303.72,15.69,D
29.11753,76.25069,322.31,1.56,1.23,2026-05-03,1017,Aqua,MODIS,55,6.1NRT,302.74,11.97,D
29.12161,76.24316,321.88,1.56,1.23,2026-05-03,1017,Aqua,MODIS,54,6.1NRT,302.62,10.54,D
29.09169,75.7763,327.7,1.45,1.19,2026-05-03,1017,Aqua,MODIS,69,6.1NRT,303.58,22.45,D
29.09007,75.76186,331.5,1.45,1.19,2026-05-03,1017,Aqua,MODIS,76,6.1NRT,303.61,30.37,D
29.1021,75.77475,331.55,1.45,1.19,2026-05-03,1017,Aqua,MODIS,76,6.1NRT,303.1,31.32,D
29.22323,76.56805,323.17,1.64,1.26,2026-05-03,1017,Aqua,MODIS,63,6.1NRT,304.14,15.02,D
29.19313,76.29621,322.82,1.57,1.24,2026-05-03,1017,Aqua,MODIS,59,6.1NRT,302.94,13.38,D
29.23622,76.06523,328.96,1.52,1.22,2026-05-03,1017,Aqua,MODIS,73,6.1NRT,303.44,26.26,D
29.24759,75.88123,324.66,1.48,1.2,2026-05-03,1017,Aqua,MODIS,62,6.1NRT,302.35,17.48,D
29.36938,76.43591,328.98,1.62,1.25,2026-05-03,1017,Aqua,MODIS,75,6.1NRT,304.43,26.98,D
29.36763,76.4198,329.52,1.61,1.25,2026-05-03,1017,Aqua,MODIS,76,6.1NRT,305.1,28.68,D
29.31961,75.9848,321.02,1.51,1.21,2026-05-03,1017,Aqua,MODIS,43,6.1NRT,302.9,10.77,D
29.59341,76.60841,321.83,1.67,1.27,2026-05-03,1017,Aqua,MODIS,65,6.1NRT,304.74,13.79,D
29.36196,74.53039,330.35,1.24,1.11,2026-05-03,1017,Aqua,MODIS,73,6.1NRT,307.51,16.8,D
29.35972,74.35632,332.42,1.21,1.1,2026-05-03,1017,Aqua,MODIS,76,6.1NRT,307.51,19.98,D
29.36386,74.36237,327.52,1.22,1.1,2026-05-03,1017,Aqua,MODIS,67,6.1NRT,308.04,12.25,D
29.36239,74.35027,328.65,1.21,1.1,2026-05-03,1017,Aqua,MODIS,70,6.1NRT,307.21,14.05,D
29.6199,76.12487,326.86,1.55,1.23,2026-05-03,1017,Aqua,MODIS,73,6.1NRT,304.55,21.35,D
29.61818,76.10936,323.41,1.55,1.23,2026-05-03,1017,Aqua,MODIS,65,6.1NRT,304.66,14.04,D
29.5634,75.4433,322.94,1.4,1.17,2026-05-03,1017,Aqua,MODIS,57,6.1NRT,303.37,12.2,D
29.47529,74.43687,325.71,1.23,1.1,2026-05-03,1017,Aqua,MODIS,65,6.1NRT,306.44,10.73,D
29.62156,75.60106,323.25,1.44,1.19,2026-05-03,1017,Aqua,MODIS,62,6.1NRT,302.68,13.55,D
29.65994,75.84882,321.78,1.49,1.21,2026-05-03,1017,Aqua,MODIS,60,6.1NRT,303.42,10.64,D
29.67305,75.68179,327.37,1.46,1.19,2026-05-03,1017,Aqua,MODIS,57,6.1NRT,302.35,22.39,D
29.75982,76.35544,324.18,1.62,1.25,2026-05-03,1017,Aqua,MODIS,70,6.1NRT,305.26,18.21,D
29.81669,76.66737,322.96,1.7,1.28,2026-05-03,1017,Aqua,MODIS,70,6.1NRT,304.25,15.26,D
29.77857,75.81067,321.59,1.49,1.21,2026-05-03,1017,Aqua,MODIS,59,6.1NRT,302.73,10.7,D
29.78231,75.74969,321.21,1.48,1.2,2026-05-03,1017,Aqua,MODIS,58,6.1NRT,299.39,12.12,D
29.79676,74.99815,334.62,1.33,1.14,2026-05-03,1017,Aqua,MODIS,81,6.1NRT,303.78,32.95,D
29.74423,74.38789,320.25,1.23,1.1,2026-05-03,1017,Aqua,MODIS,39,6.1NRT,298.05,7.58,D
29.93009,75.6255,325.48,1.46,1.19,2026-05-03,1017,Aqua,MODIS,70,6.1NRT,303.42,19.19,D
29.86505,75.06414,322.9,1.35,1.15,2026-05-03,1017,Aqua,MODIS,60,6.1NRT,303.57,10.99,D
30.0281,75.76955,324.5,1.49,1.21,2026-05-03,1017,Aqua,MODIS,69,6.1NRT,303.17,14.58,D
30.02642,75.75458,323.05,1.49,1.21,2026-05-03,1017,Aqua,MODIS,66,6.1NRT,303.08,11.85,D
30.07109,76.05932,326.43,1.56,1.23,2026-05-03,1017,Aqua,MODIS,73,6.1NRT,304.98,19.96,D
30.06857,75.74834,330.45,1.49,1.21,2026-05-03,1017,Aqua,MODIS,78,6.1NRT,304.13,27.33,D
30.07457,75.75699,326.26,1.49,1.21,2026-05-03,1017,Aqua,MODIS,72,6.1NRT,303.21,18.34,D
30.07294,75.74199,324.09,1.49,1.21,2026-05-03,1017,Aqua,MODIS,68,6.1NRT,304.13,13.41,D
29.97432,74.77767,327.79,1.3,1.13,2026-05-03,1017,Aqua,MODIS,65,6.1NRT,299.09,21.25,D
30.13762,76.14027,332.86,1.58,1.24,2026-05-03,1017,Aqua,MODIS,82,6.1NRT,306.18,34.93,D
30.12202,75.25685,324.29,1.39,1.17,2026-05-03,1017,Aqua,MODIS,68,6.1NRT,305.56,11.18,D
30.03097,74.47455,327.57,1.25,1.11,2026-05-03,1017,Aqua,MODIS,73,6.1NRT,300.68,17.81,D
30.21423,75.99425,334.07,1.55,1.23,2026-05-03,1017,Aqua,MODIS,82,6.1NRT,305.61,37.78,D
30.12269,75.17176,327.41,1.38,1.16,2026-05-03,1017,Aqua,MODIS,73,6.1NRT,304.37,17.78,D
30.21196,75.77586,328.37,1.5,1.21,2026-05-03,1017,Aqua,MODIS,76,6.1NRT,305.27,21.19,D
30.23787,75.91187,325.05,1.54,1.22,2026-05-03,1017,Aqua,MODIS,54,6.1NRT,305.32,13.99,D
30.09503,74.59364,326.51,1.28,1.12,2026-05-03,1017,Aqua,MODIS,71,6.1NRT,302.8,15.23,D
30.22694,75.53184,326.63,1.45,1.19,2026-05-03,1017,Aqua,MODIS,73,6.1NRT,306.12,16.28,D
30.24076,75.55956,326.67,1.46,1.19,2026-05-03,1017,Aqua,MODIS,73,6.1NRT,306.49,15.83,D
30.21707,75.3573,336.22,1.42,1.18,2026-05-03,1017,Aqua,MODIS,84,6.1NRT,305.88,36.37,D
30.26808,75.85459,324.71,1.53,1.22,2026-05-03,1017,Aqua,MODIS,69,6.1NRT,306.07,13.8,D
30.23711,75.56915,325.69,1.46,1.19,2026-05-03,1017,Aqua,MODIS,71,6.1NRT,305.61,13.29,D
30.2234,75.35048,323.76,1.42,1.18,2026-05-03,1017,Aqua,MODIS,60,6.1NRT,304.81,10.48,D
30.2075,75.20947,324.58,1.39,1.17,2026-05-03,1017,Aqua,MODIS,68,6.1NRT,305.6,11.92,D
30.19962,75.14001,322.69,1.37,1.16,2026-05-03,1017,Aqua,MODIS,63,6.1NRT,303.78,9.4,D
30.23852,75.39178,324.2,1.42,1.18,2026-05-03,1017,Aqua,MODIS,68,6.1NRT,305.59,11.06,D
30.2161,75.19395,341.91,1.39,1.17,2026-05-03,1017,Aqua,MODIS,89,6.1NRT,305.54,49.86,D
30.21452,75.18003,372.32,1.38,1.16,2026-05-03,1017,Aqua,MODIS,100,6.1NRT,308.61,174.73,D
30.1476,74.60563,323.28,1.28,1.12,2026-05-03,1017,Aqua,MODIS,64,6.1NRT,301.27,10.61,D
30.22469,75.17846,327.62,1.38,1.16,2026-05-03,1017,Aqua,MODIS,74,6.1NRT,304.57,16.2,D
30.359,76.29313,327.19,1.63,1.26,2026-05-03,1017,Aqua,MODIS,74,6.1NRT,303.72,24.91,D
30.05612,73.70308,325.71,1.15,1.07,2026-05-03,1017,Aqua,MODIS,72,6.1NRT,303.01,11.24,D
30.296,75.6204,324.69,1.47,1.2,2026-05-03,1017,Aqua,MODIS,69,6.1NRT,306.35,13.52,D
30.33027,75.82986,324.7,1.52,1.22,2026-05-03,1017,Aqua,MODIS,69,6.1NRT,306.12,13.47,D
30.28974,75.47208,326.68,1.44,1.19,2026-05-03,1017,Aqua,MODIS,73,6.1NRT,305.15,17.48,D
30.33575,75.78251,334.57,1.51,1.21,2026-05-03,1017,Aqua,MODIS,83,6.1NRT,306.4,36.78,D
30.39974,76.01866,327.42,1.57,1.23,2026-05-03,1017,Aqua,MODIS,74,6.1NRT,304.22,24.44,D
30.42947,76.1934,327,1.61,1.25,2026-05-03,1017,Aqua,MODIS,74,6.1NRT,302.73,25.94,D
30.35198,75.48567,326.38,1.45,1.19,2026-05-03,1017,Aqua,MODIS,72,6.1NRT,305.83,15.25,D
30.39575,75.78252,328.07,1.51,1.21,2026-05-03,1017,Aqua,MODIS,75,6.1NRT,305.69,22.38,D
30.39406,75.76728,327.25,1.51,1.21,2026-05-03,1017,Aqua,MODIS,74,6.1NRT,306.13,20.32,D
30.31902,75.01691,322.35,1.36,1.15,2026-05-03,1017,Aqua,MODIS,62,6.1NRT,304.05,8.68,D
30.31104,74.94899,327.25,1.34,1.15,2026-05-03,1017,Aqua,MODIS,73,6.1NRT,304.81,16.57,D
30.41389,75.65685,327.35,1.49,1.2,2026-05-03,1017,Aqua,MODIS,74,6.1NRT,306,18.18,D
30.38688,75.42127,326.08,1.44,1.19,2026-05-03,1017,Aqua,MODIS,71,6.1NRT,305.86,15.14,D
30.45409,75.82064,322.57,1.53,1.22,2026-05-03,1017,Aqua,MODIS,64,6.1NRT,305.06,11.69,D
30.3891,75.26077,327.26,1.4,1.17,2026-05-03,1017,Aqua,MODIS,73,6.1NRT,304.72,18.53,D
30.31736,74.66408,324.49,1.29,1.13,2026-05-03,1017,Aqua,MODIS,67,6.1NRT,303.92,11.1,D
30.42393,75.60394,325.8,1.48,1.2,2026-05-03,1017,Aqua,MODIS,71,6.1NRT,305.49,14.82,D
30.3855,75.25552,326.23,1.4,1.17,2026-05-03,1017,Aqua,MODIS,72,6.1NRT,304.92,15,D
30.4492,75.73782,324.63,1.51,1.21,2026-05-03,1017,Aqua,MODIS,69,6.1NRT,306.1,13.61,D
30.44755,75.72263,323.84,1.5,1.21,2026-05-03,1017,Aqua,MODIS,68,6.1NRT,305.87,11.96,D
30.45813,75.72106,327.83,1.5,1.21,2026-05-03,1017,Aqua,MODIS,71,6.1NRT,305.94,19.23,D
30.40439,75.23822,324.8,1.4,1.17,2026-05-03,1017,Aqua,MODIS,70,6.1NRT,305.66,13.41,D
30.34009,74.68137,352.88,1.3,1.13,2026-05-03,1017,Aqua,MODIS,96,6.1NRT,305.09,78.58,D
30.34997,74.67979,327.35,1.3,1.13,2026-05-03,1017,Aqua,MODIS,73,6.1NRT,304.53,15.77,D
30.33302,74.53729,324.58,1.28,1.12,2026-05-03,1017,Aqua,MODIS,68,6.1NRT,302.89,12.33,D
30.451,75.4649,324.56,1.45,1.19,2026-05-03,1017,Aqua,MODIS,69,6.1NRT,305.03,12.82,D
30.44656,75.33312,329.52,1.42,1.18,2026-05-03,1017,Aqua,MODIS,77,6.1NRT,305.84,22.2,D
30.49453,75.38443,323.61,1.43,1.18,2026-05-03,1017,Aqua,MODIS,67,6.1NRT,305.27,10.84,D
30.33405,74.02302,323.15,1.2,1.09,2026-05-03,1017,Aqua,MODIS,66,6.1NRT,303.49,9.56,D
30.51154,75.46395,325.47,1.45,1.19,2026-05-03,1017,Aqua,MODIS,72,6.1NRT,305.19,14.79,D
30.50992,75.44931,333.93,1.45,1.19,2026-05-03,1017,Aqua,MODIS,83,6.1NRT,305.71,33.47,D
30.50346,75.39107,327.28,1.44,1.19,2026-05-03,1017,Aqua,MODIS,64,6.1NRT,305.54,16.69,D
30.46999,75.09315,324,1.38,1.16,2026-05-03,1017,Aqua,MODIS,69,6.1NRT,306.1,10.93,D
30.46841,75.07928,330.14,1.37,1.16,2026-05-03,1017,Aqua,MODIS,78,6.1NRT,306.25,22.46,D
30.34356,74.02143,325.21,1.2,1.09,2026-05-03,1017,Aqua,MODIS,70,6.1NRT,302.5,11.69,D
30.5122,75.37502,325.8,1.43,1.18,2026-05-03,1017,Aqua,MODIS,72,6.1NRT,305.78,14.07,D
30.44871,74.81904,324.89,1.33,1.14,2026-05-03,1017,Aqua,MODIS,70,6.1NRT,305.59,11.98,D
30.58586,75.94697,322.39,1.56,1.23,2026-05-03,1017,Aqua,MODIS,67,6.1NRT,304.11,12.8,D
30.52418,75.38792,334.8,1.44,1.19,2026-05-03,1017,Aqua,MODIS,83,6.1NRT,305.89,34.27,D
30.52255,75.37344,324.4,1.43,1.18,2026-05-03,1017,Aqua,MODIS,56,6.1NRT,305.12,10.96,D
30.37209,74.01669,324.7,1.2,1.09,2026-05-03,1017,Aqua,MODIS,69,6.1NRT,303.56,10.86,D
30.3706,74.00462,322.47,1.2,1.09,2026-05-03,1017,Aqua,MODIS,64,6.1NRT,303.5,7.71,D
30.5416,75.35586,323.61,1.43,1.18,2026-05-03,1017,Aqua,MODIS,68,6.1NRT,304.66,10.14,D
30.52032,75.17069,326.87,1.39,1.17,2026-05-03,1017,Aqua,MODIS,74,6.1NRT,306.11,16.14,D
30.48657,74.8815,329.58,1.34,1.15,2026-05-03,1017,Aqua,MODIS,77,6.1NRT,306.01,20.2,D
30.38659,73.97737,325.08,1.2,1.09,2026-05-03,1017,Aqua,MODIS,70,6.1NRT,304.81,11.36,D
30.61673,75.83126,338.87,1.54,1.22,2026-05-03,1017,Aqua,MODIS,87,6.1NRT,304.84,52.74,D
30.59263,75.61768,331.15,1.49,1.2,2026-05-03,1017,Aqua,MODIS,80,6.1NRT,305.37,28.57,D
30.59093,75.60268,334.53,1.48,1.2,2026-05-03,1017,Aqua,MODIS,83,6.1NRT,305.84,36.99,D
30.57737,75.48389,331.15,1.46,1.19,2026-05-03,1017,Aqua,MODIS,80,6.1NRT,305.55,27.86,D
30.57569,75.46921,323.88,1.46,1.19,2026-05-03,1017,Aqua,MODIS,69,6.1NRT,305.93,12.51,D
30.50696,74.79625,324.19,1.32,1.14,2026-05-03,1017,Aqua,MODIS,68,6.1NRT,303.66,12.44,D
30.60798,75.32543,326.26,1.43,1.18,2026-05-03,1017,Aqua,MODIS,74,6.1NRT,304.22,17.71,D
30.60636,75.31103,328.41,1.42,1.18,2026-05-03,1017,Aqua,MODIS,77,6.1NRT,304.67,22.15,D
30.57955,74.98608,325.35,1.36,1.16,2026-05-03,1017,Aqua,MODIS,72,6.1NRT,305.48,13.64,D
30.627,75.30789,336.39,1.42,1.18,2026-05-03,1017,Aqua,MODIS,85,6.1NRT,305.32,40.29,D
30.62535,75.29351,327.39,1.42,1.18,2026-05-03,1017,Aqua,MODIS,76,6.1NRT,304.59,19.83,D
30.52207,74.4162,324.73,1.26,1.12,2026-05-03,1017,Aqua,MODIS,69,6.1NRT,306.29,10.73,D
30.56191,74.58038,322.96,1.29,1.13,2026-05-03,1017,Aqua,MODIS,66,6.1NRT,304.58,8.4,D
30.55321,74.3465,333.65,1.25,1.11,2026-05-03,1017,Aqua,MODIS,82,6.1NRT,305.48,25.89,D
30.55165,74.33389,328.57,1.25,1.11,2026-05-03,1017,Aqua,MODIS,76,6.1NRT,305.27,16.49,D
30.5558,74.33917,332.47,1.25,1.11,2026-05-03,1017,Aqua,MODIS,81,6.1NRT,305.84,23.77,D
30.53704,74.10094,323.15,1.22,1.1,2026-05-03,1017,Aqua,MODIS,67,6.1NRT,304.89,9.15,D
30.61138,74.2276,334.44,1.24,1.11,2026-05-03,1017,Aqua,MODIS,83,6.1NRT,306.6,26.51,D
30.64284,74.40274,326.15,1.26,1.12,2026-05-03,1017,Aqua,MODIS,72,6.1NRT,306.68,11.95,D
30.62724,74.27612,336.26,1.24,1.11,2026-05-03,1017,Aqua,MODIS,84,6.1NRT,307.32,29.53,D
30.62103,74.22602,327.53,1.24,1.11,2026-05-03,1017,Aqua,MODIS,75,6.1NRT,306.25,13.91,D
30.62658,74.16889,328.79,1.23,1.1,2026-05-03,1017,Aqua,MODIS,76,6.1NRT,305.38,16.6,D
30.62509,74.15648,326.88,1.23,1.1,2026-05-03,1017,Aqua,MODIS,34,6.1NRT,305.27,13.16,D
30.6846,74.57497,330.3,1.29,1.13,2026-05-03,1017,Aqua,MODIS,79,6.1NRT,305.75,19.2,D
30.63471,74.15489,328.08,1.23,1.1,2026-05-03,1017,Aqua,MODIS,67,6.1NRT,303.92,16.93,D
30.74026,74.87888,326.83,1.35,1.15,2026-05-03,1017,Aqua,MODIS,75,6.1NRT,304.49,16.63,D
30.74336,74.64598,325.74,1.31,1.13,2026-05-03,1017,Aqua,MODIS,73,6.1NRT,305.12,13.86,D
30.79274,74.53732,327.91,1.29,1.13,2026-05-03,1017,Aqua,MODIS,76,6.1NRT,304.89,14.85,D
30.83808,74.66444,326.24,1.31,1.14,2026-05-03,1017,Aqua,MODIS,74,6.1NRT,305.21,12.79,D
30.82702,74.5719,341.95,1.3,1.13,2026-05-03,1017,Aqua,MODIS,89,6.1NRT,306.66,43.6,D
30.82545,74.55876,325.76,1.3,1.13,2026-05-03,1017,Aqua,MODIS,56,6.1NRT,304.92,9.54,D
30.8369,74.57031,325.94,1.3,1.13,2026-05-03,1017,Aqua,MODIS,49,6.1NRT,304.23,10.03,D
30.85665,74.56715,327.35,1.3,1.13,2026-05-03,1017,Aqua,MODIS,48,6.1NRT,305.22,13.12,D
30.85796,74.57482,328.06,1.3,1.13,2026-05-03,1017,Aqua,MODIS,56,6.1NRT,305.08,14.77,D
30.87399,74.62613,330.8,1.31,1.14,2026-05-03,1017,Aqua,MODIS,80,6.1NRT,305.52,21.92,D
30.86631,74.56007,324.01,1.3,1.13,2026-05-03,1017,Aqua,MODIS,56,6.1NRT,304.47,9.62,D
30.86849,74.49301,323.83,1.29,1.13,2026-05-03,1017,Aqua,MODIS,70,6.1NRT,305.14,10.03,D
30.86695,74.47998,325.34,1.29,1.13,2026-05-03,1017,Aqua,MODIS,73,6.1NRT,305.14,12.49,D
30.93788,74.73859,330.25,1.33,1.14,2026-05-03,1017,Aqua,MODIS,80,6.1NRT,303.12,24.53,D
31.03471,74.6889,322.46,1.33,1.14,2026-05-03,1017,Aqua,MODIS,63,6.1NRT,304.17,9.28,D
31.0331,74.67546,323.67,1.32,1.14,2026-05-03,1017,Aqua,MODIS,71,6.1NRT,304.72,11.32,D
31.04307,74.67387,328.93,1.32,1.14,2026-05-03,1017,Aqua,MODIS,78,6.1NRT,304.17,20.56,D
31.50256,74.95058,322.09,1.39,1.17,2026-05-03,1019,Aqua,MODIS,68,6.1NRT,303.44,13.2,D
32.48218,74.78587,321.8,1.4,1.17,2026-05-03,1019,Aqua,MODIS,69,6.1NRT,305.16,10.41,D
32.47461,74.90575,324.89,1.43,1.18,2026-05-03,1019,Aqua,MODIS,38,6.1NRT,306.25,12.87,D
32.42566,75.30431,322.5,1.51,1.21,2026-05-03,1019,Aqua,MODIS,63,6.1NRT,305.04,12.29,D
32.40063,75.3138,325.93,1.51,1.21,2026-05-03,1019,Aqua,MODIS,75,6.1NRT,303.7,20.12,D
31.42817,75.18769,326.42,1.44,1.19,2026-05-03,1019,Aqua,MODIS,0,6.1NRT,299.89,25.1,D
32.60986,74.83436,327.31,1.42,1.18,2026-05-03,1019,Aqua,MODIS,77,6.1NRT,306.03,18.96,D
32.52652,74.80844,323.64,1.41,1.18,2026-05-03,1019,Aqua,MODIS,72,6.1NRT,305.8,12.65,D
20.96776,86.00169,309.22,1.31,1.13,2026-05-03,1509,Terra,MODIS,66,6.1NRT,297.86,8.84,N
20.96773,86.00808,309.89,1.31,1.13,2026-05-03,1509,Terra,MODIS,63,6.1NRT,298.14,9.35,N
18.55386,77.73369,315.57,1.79,1.31,2026-05-03,1509,Terra,MODIS,90,6.1NRT,294.6,25.23,N
18.55656,77.74993,307.38,1.79,1.31,2026-05-03,1509,Terra,MODIS,64,6.1NRT,294.6,11.07,N
17.61137,83.20218,308.02,1,1,2026-05-03,1509,Terra,MODIS,72,6.1NRT,296.36,4.91,N
23.77553,77.1915,310.25,1.56,1.23,2026-05-03,1512,Terra,MODIS,78,6.1NRT,296.57,10.97,N
22.68435,79.89461,308.77,1.13,1.06,2026-05-03,1512,Terra,MODIS,67,6.1NRT,297.6,6.02,N
22.21306,76.85257,309.04,1.77,1.3,2026-05-03,1512,Terra,MODIS,64,6.1NRT,298,13.45,N
22.22252,76.84422,308.02,1.77,1.3,2026-05-03,1512,Terra,MODIS,37,6.1NRT,297.55,11.26,N
22.72281,79.35363,319.87,1.2,1.09,2026-05-03,1512,Terra,MODIS,99,6.1NRT,298.38,18.69,N
23.16525,82.33981,314.16,1,1,2026-05-03,1512,Terra,MODIS,89,6.1NRT,297.09,10.44,N
23.73599,86.4354,307.81,1.51,1.21,2026-05-03,1512,Terra,MODIS,32,6.1NRT,293.6,9.71,N
23.76471,86.40231,306.34,1.51,1.21,2026-05-03,1512,Terra,MODIS,38,6.1NRT,292.44,6.58,N
23.78093,86.20658,309.33,1.46,1.2,2026-05-03,1512,Terra,MODIS,77,6.1NRT,295.08,11.52,N
22.62498,76.88908,313.98,1.72,1.29,2026-05-03,1512,Terra,MODIS,84,6.1NRT,297.78,21.45,N
22.62217,76.87301,312.76,1.73,1.29,2026-05-03,1512,Terra,MODIS,81,6.1NRT,297.3,19.44,N
22.59941,75.35904,310.22,2.23,1.45,2026-05-03,1512,Terra,MODIS,69,6.1NRT,299.59,18.86,N
22.59568,75.33842,309.84,2.24,1.45,2026-05-03,1512,Terra,MODIS,67,6.1NRT,299.59,18.22,N
22.5999,75.35348,314.04,2.23,1.45,2026-05-03,1512,Terra,MODIS,84,6.1NRT,299.57,27.26,N
24.2026,82.71283,308.67,1.02,1.01,2026-05-03,1512,Terra,MODIS,66,6.1NRT,297.97,5.11,N
23.62375,78.34212,304.91,1.32,1.14,2026-05-03,1512,Terra,MODIS,62,6.1NRT,293.91,7.01,N
23.23121,75.77966,312.55,2.02,1.38,2026-05-03,1512,Terra,MODIS,82,6.1NRT,299.06,19.47,N
23.58727,77.80003,305.27,1.43,1.18,2026-05-03,1512,Terra,MODIS,34,6.1NRT,290.93,5.15,N
23.24981,75.81464,327.11,2,1.38,2026-05-03,1512,Terra,MODIS,100,6.1NRT,299.46,58.59,N
23.23565,75.77343,316.25,2.02,1.38,2026-05-03,1512,Terra,MODIS,91,6.1NRT,299.09,27.33,N
23.60397,77.79105,306.8,1.43,1.18,2026-05-03,1512,Terra,MODIS,53,6.1NRT,294.66,7.26,N
23.25451,75.80835,322.58,2,1.38,2026-05-03,1512,Terra,MODIS,100,6.1NRT,299.13,44.35,N
23.62773,77.86936,320.14,1.42,1.18,2026-05-03,1512,Terra,MODIS,100,6.1NRT,296.8,23.47,N
23.35442,75.88334,311.11,1.97,1.37,2026-05-03,1512,Terra,MODIS,78,6.1NRT,299.39,14.22,N
23.72454,77.8299,307.97,1.42,1.18,2026-05-03,1512,Terra,MODIS,73,6.1NRT,297.17,6.99,N
23.71818,77.53493,308.86,1.48,1.2,2026-05-03,1512,Terra,MODIS,75,6.1NRT,298.12,8.76,N
23.74912,77.65733,325.26,1.46,1.19,2026-05-03,1512,Terra,MODIS,100,6.1NRT,296.15,35.05,N
23.74687,77.64363,310.51,1.46,1.19,2026-05-03,1512,Terra,MODIS,80,6.1NRT,296.67,10.94,N
23.75273,77.61402,338.55,1.46,1.2,2026-05-03,1512,Terra,MODIS,100,6.1NRT,298.36,65.22,N
23.75503,77.65044,310.47,1.46,1.19,2026-05-03,1512,Terra,MODIS,70,6.1NRT,296.26,11.38,N
23.75035,77.62302,312.61,1.46,1.19,2026-05-03,1512,Terra,MODIS,85,6.1NRT,297.2,12.32,N
23.748,77.60925,319.29,1.46,1.2,2026-05-03,1512,Terra,MODIS,98,6.1NRT,297.86,22.45,N
23.76073,77.62096,313.27,1.46,1.19,2026-05-03,1512,Terra,MODIS,86,6.1NRT,297.67,13.31,N
23.75838,77.60718,318.58,1.46,1.2,2026-05-03,1512,Terra,MODIS,97,6.1NRT,297.73,21.26,N
23.91535,78.11007,314.52,1.35,1.15,2026-05-03,1512,Terra,MODIS,72,6.1NRT,289.66,22.01,N
23.97527,78.42104,307.03,1.29,1.13,2026-05-03,1512,Terra,MODIS,70,6.1NRT,294.56,6.73,N
23.77873,77.18459,306.94,1.56,1.23,2026-05-03,1512,Terra,MODIS,67,6.1NRT,296.62,7.37,N
23.66832,75.90477,312.12,1.93,1.36,2026-05-03,1512,Terra,MODIS,79,6.1NRT,298.51,17.61,N
23.97744,77.55088,313.07,1.46,1.2,2026-05-03,1512,Terra,MODIS,85,6.1NRT,296.64,14.22,N
23.66879,75.77133,310.29,1.98,1.37,2026-05-03,1512,Terra,MODIS,72,6.1NRT,298.34,14.84,N
23.6413,75.33845,307.74,2.13,1.42,2026-05-03,1512,Terra,MODIS,57,6.1NRT,297.72,12.27,N
23.65583,75.3289,312.76,2.13,1.42,2026-05-03,1512,Terra,MODIS,80,6.1NRT,297.66,22.75,N
24.15382,78.05731,307.34,1.35,1.15,2026-05-03,1512,Terra,MODIS,68,6.1NRT,296.79,7.23,N
23.9228,76.41702,311.9,1.76,1.3,2026-05-03,1512,Terra,MODIS,78,6.1NRT,298.26,14.52,N
23.9212,76.41172,314.73,1.76,1.3,2026-05-03,1512,Terra,MODIS,86,6.1NRT,298.37,19.82,N
24.91591,82.6694,306.98,1.03,1.01,2026-05-03,1512,Terra,MODIS,54,6.1NRT,296.89,4.64,N
23.82662,75.549,309.38,2.04,1.39,2026-05-03,1512,Terra,MODIS,65,6.1NRT,298.75,14.51,N
24.25806,77.93787,315.58,1.37,1.16,2026-05-03,1512,Terra,MODIS,91,6.1NRT,297.15,16.84,N
25.02706,82.31956,308.82,1.01,1.01,2026-05-03,1512,Terra,MODIS,64,6.1NRT,297.69,5.47,N
24.61199,77.46431,306.96,1.45,1.19,2026-05-03,1512,Terra,MODIS,57,6.1NRT,295.86,8.07,N
25.14525,79.77217,307.56,1.08,1.04,2026-05-03,1512,Terra,MODIS,57,6.1NRT,281.7,8.53,N
24.55525,76.05807,310.99,1.81,1.32,2026-05-03,1512,Terra,MODIS,75,6.1NRT,300.57,12.64,N
24.80539,77.2544,323.58,1.48,1.2,2026-05-03,1512,Terra,MODIS,100,6.1NRT,297.68,32.35,N
24.80266,77.26377,310.45,1.48,1.2,2026-05-03,1512,Terra,MODIS,75,6.1NRT,297.46,11.58,N
24.80023,77.24972,311.82,1.48,1.2,2026-05-03,1512,Terra,MODIS,80,6.1NRT,297.13,13.37,N
24.9298,77.08388,309.67,1.51,1.21,2026-05-03,1512,Terra,MODIS,72,6.1NRT,297.82,11.18,N
24.94032,77.08164,310.94,1.51,1.21,2026-05-03,1512,Terra,MODIS,76,6.1NRT,297.74,12.35,N
25.00692,77.30957,308.57,1.46,1.19,2026-05-03,1512,Terra,MODIS,66,6.1NRT,296.77,10.05,N
24.9808,76.16739,311.81,1.74,1.29,2026-05-03,1512,Terra,MODIS,77,6.1NRT,298.17,15.65,N
25.56813,79.75376,313.23,1.07,1.03,2026-05-03,1512,Terra,MODIS,83,6.1NRT,283.07,12.33,N
24.97958,76.16203,315.27,1.74,1.29,2026-05-03,1512,Terra,MODIS,88,6.1NRT,298.08,21.73,N
25.0947,76.4871,312,1.65,1.26,2026-05-03,1512,Terra,MODIS,79,6.1NRT,299.38,13.95,N
25.2934,76.22766,321.75,1.7,1.28,2026-05-03,1512,Terra,MODIS,100,6.1NRT,297.66,34.48,N
25.79809,79.19857,302.24,1.12,1.05,2026-05-03,1512,Terra,MODIS,36,6.1NRT,284.52,4.26,N
25.79643,79.18784,306.35,1.12,1.05,2026-05-03,1512,Terra,MODIS,64,6.1NRT,284.04,7.23,N
25.31019,76.25743,307.38,1.69,1.28,2026-05-03,1512,Terra,MODIS,66,6.1NRT,297.19,8.54,N
25.82565,79.19337,305.56,1.12,1.05,2026-05-03,1512,Terra,MODIS,60,6.1NRT,285.9,6.06,N
25.39507,76.54819,308.97,1.61,1.25,2026-05-03,1512,Terra,MODIS,72,6.1NRT,297.2,10.37,N
25.33773,76.21797,307.91,1.7,1.28,2026-05-03,1512,Terra,MODIS,68,6.1NRT,297.22,9.74,N
25.36255,76.16183,311.86,1.71,1.28,2026-05-03,1512,Terra,MODIS,81,6.1NRT,298.19,14.15,N
25.3711,76.2717,310.63,1.68,1.27,2026-05-03,1512,Terra,MODIS,76,6.1NRT,298.44,11.47,N
25.36479,76.17257,308.08,1.71,1.28,2026-05-03,1512,Terra,MODIS,70,6.1NRT,297.75,9.03,N
26.50385,78.44531,312.82,1.19,1.08,2026-05-03,1512,Terra,MODIS,80,6.1NRT,298.29,9.86,N
20.96326,85.18445,314.03,1.18,1.08,2026-05-03,1512,Terra,MODIS,78,6.1NRT,300.18,11.22,N
20.96194,85.17344,311.46,1.18,1.08,2026-05-03,1512,Terra,MODIS,35,6.1NRT,300.37,8.18,N
20.97141,85.17213,320.46,1.18,1.08,2026-05-03,1512,Terra,MODIS,100,6.1NRT,300.27,18.38,N
21.07603,85.03982,310.12,1.16,1.07,2026-05-03,1512,Terra,MODIS,72,6.1NRT,300.04,7.93,N
20.33551,79.53522,316.81,1.26,1.12,2026-05-03,1512,Terra,MODIS,93,6.1NRT,300.61,15.09,N
20.33368,79.52345,311.45,1.26,1.12,2026-05-03,1512,Terra,MODIS,78,6.1NRT,299.55,8.5,N
20.69308,79.32542,313.94,1.28,1.12,2026-05-03,1512,Terra,MODIS,82,6.1NRT,300.25,11.03,N
20.94912,80.16702,311.8,1.15,1.07,2026-05-03,1512,Terra,MODIS,69,6.1NRT,299.66,7.11,N
21.55569,77.41475,305.86,1.66,1.27,2026-05-03,1512,Terra,MODIS,18,6.1NRT,295.35,8.27,N
21.93404,79.42041,306.66,1.22,1.1,2026-05-03,1512,Terra,MODIS,62,6.1NRT,295.7,5.71,N
21.92139,79.34045,310.22,1.23,1.1,2026-05-03,1512,Terra,MODIS,76,6.1NRT,295.47,9.67,N
21.93099,79.33871,311.43,1.23,1.1,2026-05-03,1512,Terra,MODIS,65,6.1NRT,295.58,11.96,N
21.92839,79.1965,311.82,1.25,1.11,2026-05-03,1512,Terra,MODIS,81,6.1NRT,294.66,12.14,N
21.92654,79.18478,307.2,1.25,1.11,2026-05-03,1512,Terra,MODIS,64,6.1NRT,294.84,7.47,N
22.00099,79.53587,306.04,1.2,1.09,2026-05-03,1512,Terra,MODIS,58,6.1NRT,295.89,5.29,N
21.99926,79.52468,307.49,1.2,1.09,2026-05-03,1512,Terra,MODIS,65,6.1NRT,296.47,6.38,N
21.94956,79.20459,310.18,1.25,1.11,2026-05-03,1512,Terra,MODIS,75,6.1NRT,293.44,10.18,N
21.95434,78.90479,309.5,1.3,1.13,2026-05-03,1512,Terra,MODIS,72,6.1NRT,297.66,8.9,N
22.03199,79.26736,308.86,1.24,1.11,2026-05-03,1512,Terra,MODIS,70,6.1NRT,294.9,9.13,N
22.07608,79.42374,309.96,1.21,1.09,2026-05-03,1512,Terra,MODIS,43,6.1NRT,291.34,11.25,N
22.10025,79.42464,306.98,1.21,1.09,2026-05-03,1512,Terra,MODIS,33,6.1NRT,292.86,7.03,N
22.08624,79.27479,306.41,1.23,1.1,2026-05-03,1512,Terra,MODIS,42,6.1NRT,293.03,8.03,N
22.01575,78.83697,309.27,1.31,1.14,2026-05-03,1512,Terra,MODIS,70,6.1NRT,295.08,10.21,N
22.13359,79.13449,313.25,1.25,1.11,2026-05-03,1512,Terra,MODIS,84,6.1NRT,295.21,12.87,N
22.26727,79.65121,314.14,1.17,1.08,2026-05-03,1512,Terra,MODIS,86,6.1NRT,296.77,11.8,N
22.26557,79.64024,322.91,1.17,1.08,2026-05-03,1512,Terra,MODIS,100,6.1NRT,296.89,22.39,N
22.30935,79.7998,310.01,1.15,1.07,2026-05-03,1512,Terra,MODIS,74,6.1NRT,297.78,7.33,N
22.30213,79.6898,307.61,1.17,1.08,2026-05-03,1512,Terra,MODIS,55,6.1NRT,296.41,4.64,N
22.30046,79.67889,320.09,1.17,1.08,2026-05-03,1512,Terra,MODIS,100,6.1NRT,298.5,18.03,N
22.27847,79.5357,308.39,1.19,1.08,2026-05-03,1512,Terra,MODIS,58,6.1NRT,295.97,6.91,N
22.30982,79.67715,313.66,1.17,1.08,2026-05-03,1512,Terra,MODIS,73,6.1NRT,298.21,10.72,N
22.4007,80.21706,306.5,1.1,1.05,2026-05-03,1512,Terra,MODIS,59,6.1NRT,296.27,4.41,N
22.40894,80.15606,312.72,1.11,1.05,2026-05-03,1512,Terra,MODIS,83,6.1NRT,295.89,10.35,N
22.33941,79.20429,306.34,1.24,1.1,2026-05-03,1512,Terra,MODIS,54,6.1NRT,295.24,6.17,N
22.57625,79.85448,310.68,1.14,1.06,2026-05-03,1512,Terra,MODIS,74,6.1NRT,297.75,7.65,N
22.6185,79.94501,310.13,1.13,1.06,2026-05-03,1512,Terra,MODIS,73,6.1NRT,298.14,6.68,N
22.20164,76.98917,310.04,1.73,1.29,2026-05-03,1512,Terra,MODIS,69,6.1NRT,295.78,17.49,N
30.73231,74.29233,303.05,1.78,1.31,2026-05-03,1514,Terra,MODIS,53,6.1NRT,292.72,8.3,N
30.68,74.38577,305.2,1.76,1.3,2026-05-03,1514,Terra,MODIS,62,6.1NRT,293.65,9.32,N
29.48074,77.98725,316.74,1.14,1.07,2026-05-03,1514,Terra,MODIS,94,6.1NRT,294.5,16.68,N
22.23692,79.38245,309.47,1.03,1.01,2026-05-03,2222,Aqua,MODIS,77,6.1NRT,293.1,9.05,N
22.10484,79.52076,302.96,1.04,1.02,2026-05-03,2222,Aqua,MODIS,52,6.1NRT,292.28,4.6,N
23.75376,77.62151,311.11,1.03,1.01,2026-05-03,2222,Aqua,MODIS,82,6.1NRT,293.02,10.07,N
23.78018,76.91864,309.71,1.07,1.03,2026-05-03,2222,Aqua,MODIS,78,6.1NRT,295.85,8.66,N
23.38031,77.77096,306.05,1.02,1.01,2026-05-03,2222,Aqua,MODIS,67,6.1NRT,296,5.24,N
21.92142,83.35503,305.31,1.69,1.28,2026-05-03,2222,Aqua,MODIS,64,6.1NRT,295.08,9.41,N
23.16375,82.34066,300.17,1.37,1.16,2026-05-03,2222,Aqua,MODIS,8,6.1NRT,286.99,8.22,N
22.09599,79.51917,305.61,1.04,1.02,2026-05-03,2222,Aqua,MODIS,65,6.1NRT,292.5,6.26,N
22.06212,79.50308,303.8,1.04,1.02,2026-05-03,2222,Aqua,MODIS,57,6.1NRT,293.04,5.07,N
22.06019,79.26933,306.01,1.03,1.01,2026-05-03,2222,Aqua,MODIS,66,6.1NRT,293.41,6.49,N
20.95023,80.18005,307.56,1.12,1.06,2026-05-03,2222,Aqua,MODIS,69,6.1NRT,297.09,5.98,N
21.83164,72.01261,333.47,2.02,1.39,2026-05-03,2222,Aqua,MODIS,100,6.1NRT,297.02,86.08,N
21.82947,72.03149,310.9,2.02,1.38,2026-05-03,2222,Aqua,MODIS,79,6.1NRT,296.83,20.3,N
21.80738,72.00955,309.44,2.02,1.39,2026-05-03,2222,Aqua,MODIS,76,6.1NRT,295.99,18.76,N
21.81951,72.01109,323.83,2.02,1.39,2026-05-03,2222,Aqua,MODIS,100,6.1NRT,296.73,53.28,N
21.74948,83.84322,309.11,1.85,1.33,2026-05-03,2222,Aqua,MODIS,62,6.1NRT,294.32,15.6,N
21.75051,83.854,304.27,1.85,1.33,2026-05-03,2222,Aqua,MODIS,19,6.1NRT,294.07,8.61,N
15.18176,76.67178,309.87,1,1,2026-05-03,2225,Aqua,MODIS,78,6.1NRT,293.25,6.51,N
15.1804,76.68076,306.99,1,1,2026-05-03,2225,Aqua,MODIS,36,6.1NRT,294.18,4.68,N
19.76465,78.07513,302.2,1,1,2026-05-03,2225,Aqua,MODIS,47,6.1NRT,283.55,4.07,N
21.10411,72.64489,321.65,1.77,1.3,2026-05-03,2225,Aqua,MODIS,100,6.1NRT,297.37,40.33,N
25.37754,84.14788,321.87,1.3,1.13,2026-05-04,0317,Terra,MODIS,69,6.1NRT,301.08,12.41,D
19.74985,78.63205,322.52,2.69,1.57,2026-05-04,0319,Terra,MODIS,55,6.1NRT,302.08,26.79,D
23.64991,85.44114,317.12,1.08,1.04,2026-05-04,0319,Terra,MODIS,61,6.1NRT,301.82,6.55,D
22.37991,87.28268,316.75,1,1,2026-05-04,0319,Terra,MODIS,45,6.1NRT,300.35,7.34,D
22.36392,87.01914,314.08,1,1,2026-05-04,0319,Terra,MODIS,61,6.1NRT,300.03,6.42,D
21.74513,83.84541,320.96,1.22,1.1,2026-05-04,0319,Terra,MODIS,58,6.1NRT,301.52,8.06,D
20.96524,86.00826,316.16,1.01,1,2026-05-04,0319,Terra,MODIS,58,6.1NRT,297.51,7.33,D
21.07931,85.0379,320.01,1.07,1.03,2026-05-04,0319,Terra,MODIS,68,6.1NRT,302.54,8.76,D
20.9685,85.17757,326.6,1.05,1.03,2026-05-04,0319,Terra,MODIS,59,6.1NRT,302.48,14.2,D
20.95343,85.0135,321.94,1.07,1.03,2026-05-04,0319,Terra,MODIS,68,6.1NRT,302.43,9.79,D
20.86404,84.99388,318.18,1.07,1.03,2026-05-04,0319,Terra,MODIS,57,6.1NRT,301.52,7.29,D
19.74366,78.62534,323.23,2.69,1.57,2026-05-04,0319,Terra,MODIS,70,6.1NRT,303.61,30.97,D
20.49045,84.89751,315.13,1.07,1.03,2026-05-04,0319,Terra,MODIS,43,6.1NRT,301.22,8.27,D
24.96738,83.38614,321.38,1.43,1.18,2026-05-04,0319,Terra,MODIS,63,6.1NRT,300.15,15.21,D
30.10378,75.16756,319.16,3.97,1.85,2026-05-04,0453,Terra,MODIS,62,6.1NRT,297.97,54.5,D
30.36094,74.78008,320.26,3.68,1.8,2026-05-04,0453,Terra,MODIS,64,6.1NRT,298.95,48.2,D
30.62155,74.72416,319.09,3.6,1.78,2026-05-04,0453,Terra,MODIS,61,6.1NRT,298.37,42.67,D
30.63162,74.73402,320.89,3.6,1.78,2026-05-04,0453,Terra,MODIS,64,6.1NRT,298.35,50.96,D
31.75699,74.74247,315.14,3.37,1.73,2026-05-04,0453,Terra,MODIS,57,6.1NRT,291.5,37.93,D
33.14225,74.18478,305.91,2.86,1.61,2026-05-04,0453,Terra,MODIS,18,6.1NRT,288.35,13.07,D
33.14623,74.19151,305.85,2.86,1.61,2026-05-04,0453,Terra,MODIS,39,6.1NRT,288.93,12.16,D
30.09508,75.17036,317.21,3.97,1.85,2026-05-04,0453,Terra,MODIS,54,6.1NRT,297.55,40.57,D
30.10403,75.13187,316.84,3.95,1.85,2026-05-04,0453,Terra,MODIS,52,6.1NRT,297.75,40.35,D
21.81859,72.01463,326.8,3.75,1.81,2026-05-04,0457,Terra,MODIS,71,6.1NRT,300.88,92.71,D
21.81217,72.01842,322.7,3.75,1.81,2026-05-04,0457,Terra,MODIS,45,6.1NRT,300.59,56.65,D
16.33931,80.68476,329.73,3.39,1.74,2026-05-04,0913,Aqua,MODIS,45,6.1NRT,290.2,87.13,D
16.31153,80.69477,328.44,3.39,1.74,2026-05-04,0913,Aqua,MODIS,57,6.1NRT,290.78,71.77,D
16.30942,80.69108,327.7,3.39,1.74,2026-05-04,0913,Aqua,MODIS,66,6.1NRT,290.66,70.78,D
16.35861,80.70439,339.03,3.37,1.73,2026-05-04,0913,Aqua,MODIS,0,6.1NRT,291.95,175.18,D
17.14864,80.2348,325.81,3.53,1.77,2026-05-04,0913,Aqua,MODIS,65,6.1NRT,297.47,67.12,D
17.15119,80.2625,323.42,3.51,1.76,2026-05-04,0913,Aqua,MODIS,67,6.1NRT,297.17,51.19,D
23.67677,86.39497,322.93,1.05,1.02,2026-05-04,0915,Aqua,MODIS,54,6.1NRT,304.87,12.05,D
23.68566,86.39332,318.6,1.05,1.02,2026-05-04,0915,Aqua,MODIS,31,6.1NRT,303.52,6.97,D
23.7621,86.4031,325.63,1.05,1.02,2026-05-04,0915,Aqua,MODIS,68,6.1NRT,304.75,12.2,D
23.77833,86.38986,323.32,1.05,1.02,2026-05-04,0915,Aqua,MODIS,67,6.1NRT,303.75,10.41,D
23.77795,86.20976,323.4,1.06,1.03,2026-05-04,0915,Aqua,MODIS,73,6.1NRT,304.21,12.5,D
20.95747,85.17888,324.5,1.28,1.12,2026-05-04,0915,Aqua,MODIS,60,6.1NRT,305.51,12.99,D
20.95943,85.19061,323.1,1.28,1.12,2026-05-04,0915,Aqua,MODIS,70,6.1NRT,304.47,11.57,D
20.78549,85.26055,322.06,1.28,1.12,2026-05-04,0915,Aqua,MODIS,69,6.1NRT,303.55,10.36,D
19.36972,80.90543,324.15,2.8,1.6,2026-05-04,0915,Aqua,MODIS,57,6.1NRT,295.82,61.88,D
19.21976,80.97978,332.9,2.79,1.6,2026-05-04,0915,Aqua,MODIS,83,6.1NRT,295.45,111.35,D
19.22558,80.97123,323.26,2.79,1.6,2026-05-04,0915,Aqua,MODIS,70,6.1NRT,295.31,56.45,D
19.2121,80.97555,331.79,2.79,1.6,2026-05-04,0915,Aqua,MODIS,81,6.1NRT,296.18,100.78,D
20.96524,85.16508,326.72,1.29,1.13,2026-05-04,0915,Aqua,MODIS,35,6.1NRT,305.08,15.17,D
20.16599,79.18229,326.83,3.64,1.79,2026-05-04,0915,Aqua,MODIS,44,6.1NRT,305.7,55.38,D
22.72906,85.34839,316.31,1.19,1.08,2026-05-04,0915,Aqua,MODIS,55,6.1NRT,299.42,9.01,D
22.72729,85.33775,325.77,1.19,1.08,2026-05-04,0915,Aqua,MODIS,76,6.1NRT,299.07,21.02,D
22.42316,79.6929,339.19,2.96,1.64,2026-05-04,0915,Aqua,MODIS,86,6.1NRT,309.66,113.95,D
24.31787,78.94772,324.92,3.03,1.66,2026-05-04,0917,Aqua,MODIS,62,6.1NRT,304.51,32.87,D
25.03033,87.37714,315.57,1,1,2026-05-04,0917,Aqua,MODIS,56,6.1NRT,299.72,6.05,D
25.37226,85.50706,321.36,1.09,1.04,2026-05-04,0917,Aqua,MODIS,70,6.1NRT,302.54,8.81,D
25.1723,83.80763,338.54,1.32,1.14,2026-05-04,0917,Aqua,MODIS,89,6.1NRT,303.73,42.7,D
26.21554,78.95957,322.57,2.73,1.58,2026-05-04,0917,Aqua,MODIS,62,6.1NRT,301.86,28.05,D
32.04439,75.30762,317.49,3.49,1.76,2026-05-04,0920,Aqua,MODIS,65,6.1NRT,298.17,35.3,D
31.21959,75.00774,319.41,3.85,1.83,2026-05-04,0920,Aqua,MODIS,37,6.1NRT,297.66,46.5,D
31.05936,74.73622,321.18,4.05,1.87,2026-05-04,0920,Aqua,MODIS,73,6.1NRT,297.46,61.89,D
31.06886,74.77544,320.76,4.03,1.86,2026-05-04,0920,Aqua,MODIS,73,6.1NRT,297.59,60.01,D
30.98271,74.63296,318.02,4.14,1.88,2026-05-04,0920,Aqua,MODIS,63,6.1NRT,298.08,42.39,D
30.81082,74.34571,317.53,4.38,1.93,2026-05-04,0920,Aqua,MODIS,43,6.1NRT,297.15,41.66,D
30.70277,74.33622,322.84,4.41,1.93,2026-05-04,0920,Aqua,MODIS,74,6.1NRT,298.72,62.27,D
30.62785,74.41108,323.29,4.38,1.93,2026-05-04,0920,Aqua,MODIS,74,6.1NRT,300.16,61.11,D
30.62335,74.42064,323.85,4.38,1.93,2026-05-04,0920,Aqua,MODIS,74,6.1NRT,300.23,69.43,D
30.07388,75.08002,321.67,4.08,1.87,2026-05-04,0920,Aqua,MODIS,71,6.1NRT,298.73,52.24,D
27.37801,95.33608,310.95,1.01,1,2026-05-04,1414,Terra,MODIS,81,6.1NRT,292.36,8.95,N
19.40145,74.91231,309.52,1.09,1.04,2026-05-04,1548,Terra,MODIS,68,6.1NRT,299.4,6.17,N
15.17798,76.65519,311.1,1.19,1.09,2026-05-04,1548,Terra,MODIS,75,6.1NRT,296.06,8.65,N
15.83283,78.50813,307.46,1.6,1.25,2026-05-04,1548,Terra,MODIS,67,6.1NRT,290.92,10.37,N
15.83109,78.4936,308.21,1.6,1.25,2026-05-04,1548,Terra,MODIS,70,6.1NRT,290.66,11.53,N
16.05005,77.36208,305.88,1.35,1.15,2026-05-04,1548,Terra,MODIS,57,6.1NRT,294.29,5.97,N
17.25209,80.29736,310.91,2.3,1.47,2026-05-04,1548,Terra,MODIS,80,6.1NRT,295.88,23.09,N
17.65888,76.10455,310.98,1.19,1.08,2026-05-04,1548,Terra,MODIS,75,6.1NRT,299.16,8.8,N
18.31712,76.88068,307.66,1.34,1.15,2026-05-04,1548,Terra,MODIS,57,6.1NRT,297.53,7.6,N
18.69522,75.00221,308.34,1.08,1.04,2026-05-04,1548,Terra,MODIS,62,6.1NRT,297.9,5,N
18.68179,73.03797,312.42,1,1,2026-05-04,1548,Terra,MODIS,81,6.1NRT,300.5,7.37,N
22.11531,77.07735,307.47,1.55,1.23,2026-05-04,1550,Terra,MODIS,54,6.1NRT,296.02,10.36,N
22.2318,76.90915,312.47,1.52,1.22,2026-05-04,1550,Terra,MODIS,78,6.1NRT,298.13,14.77,N
21.63426,71.52689,313.68,1.03,1.01,2026-05-04,1550,Terra,MODIS,81,6.1NRT,302.56,6.7,N
21.83913,72.64548,309.33,1,1,2026-05-04,1550,Terra,MODIS,59,6.1NRT,298.57,5.07,N
23.05121,75.44812,307.42,1.26,1.11,2026-05-04,1550,Terra,MODIS,66,6.1NRT,295.86,7.12,N
23.04981,75.4362,312.65,1.26,1.11,2026-05-04,1550,Terra,MODIS,83,6.1NRT,296.04,12.26,N
19.81223,75.75871,309.27,1.2,1.09,2026-05-04,1550,Terra,MODIS,63,6.1NRT,299.07,5.59,N
19.58791,73.94617,307.35,1.02,1.01,2026-05-04,1550,Terra,MODIS,57,6.1NRT,296.74,5.81,N
19.92988,75.77541,307.87,1.21,1.09,2026-05-04,1550,Terra,MODIS,55,6.1NRT,297.76,5.02,N
19.95729,75.60217,310.43,1.18,1.08,2026-05-04,1550,Terra,MODIS,70,6.1NRT,299.39,6.55,N
20.07891,75.25423,309.76,1.14,1.06,2026-05-04,1550,Terra,MODIS,68,6.1NRT,298.11,6.78,N
20.95871,80.16468,310.36,2.54,1.53,2026-05-04,1550,Terra,MODIS,73,6.1NRT,297.23,21.77,N
23.58574,75.22775,311.14,1.24,1.11,2026-05-04,1550,Terra,MODIS,81,6.1NRT,295.45,11.23,N
23.59285,75.37215,309.7,1.26,1.12,2026-05-04,1550,Terra,MODIS,78,6.1NRT,294.73,10.39,N
23.43708,75.27277,305.34,1.24,1.11,2026-05-04,1550,Terra,MODIS,59,6.1NRT,295.31,5.39,N
23.16356,75.62291,315.84,1.29,1.13,2026-05-04,1550,Terra,MODIS,91,6.1NRT,295.26,17.13,N
22.92242,70.10542,313.91,1.12,1.05,2026-05-04,1550,Terra,MODIS,81,6.1NRT,299.68,9.7,N
21.86556,78.36259,305.1,1.91,1.35,2026-05-04,1550,Terra,MODIS,49,6.1NRT,294.7,12.12,N
22.02492,79.13676,308.48,2.19,1.44,2026-05-04,1550,Terra,MODIS,71,6.1NRT,294.89,20.36,N
22.02609,79.13004,308.63,2.19,1.44,2026-05-04,1550,Terra,MODIS,72,6.1NRT,294.79,19.62,N
21.87151,76.52721,311.49,1.42,1.18,2026-05-04,1550,Terra,MODIS,74,6.1NRT,299.02,10.28,N
22.18558,75.49432,325.56,1.06,1.03,2026-05-05,0357,Terra,MODIS,70,6.1NRT,306.62,9.1,D
22.35015,79.86629,328.33,1.19,1.09,2026-05-05,0357,Terra,MODIS,76,6.1NRT,306.84,15.69,D
22.35192,79.8551,325.58,1.19,1.08,2026-05-05,0357,Terra,MODIS,71,6.1NRT,306.51,11.25,D
23.19314,75.39629,319.46,1.09,1.04,2026-05-05,0357,Terra,MODIS,50,6.1NRT,293.78,12.47,D
22.98691,77.05222,326.34,1,1,2026-05-05,0357,Terra,MODIS,67,6.1NRT,309.6,8.45,D
23.17351,75.68136,323.67,1.07,1.03,2026-05-05,0357,Terra,MODIS,71,6.1NRT,302.73,9.55,D
23.17483,75.67122,318.07,1.07,1.03,2026-05-05,0357,Terra,MODIS,40,6.1NRT,299.85,3.92,D
23.27082,75.64037,331.33,1.07,1.03,2026-05-05,0357,Terra,MODIS,80,6.1NRT,301.29,19.97,D
23.27215,75.63016,335.21,1.07,1.03,2026-05-05,0357,Terra,MODIS,84,6.1NRT,301.1,26.06,D
23.27989,75.64178,323.73,1.07,1.03,2026-05-05,0357,Terra,MODIS,70,6.1NRT,301.42,10.32,D
23.28123,75.63153,326.6,1.07,1.03,2026-05-05,0357,Terra,MODIS,74,6.1NRT,301.23,14.4,D
23.29537,75.66486,321.07,1.07,1.03,2026-05-05,0357,Terra,MODIS,55,6.1NRT,300.63,7.42,D
23.49276,75.63417,328.62,1.07,1.03,2026-05-05,0357,Terra,MODIS,75,6.1NRT,303.54,16.19,D
23.47419,75.98174,323.17,1.05,1.02,2026-05-05,0357,Terra,MODIS,64,6.1NRT,304.33,8.52,D
23.61096,74.94029,323.46,1.15,1.07,2026-05-05,0357,Terra,MODIS,66,6.1NRT,304.82,9.41,D
23.41219,76.50326,321.13,1.02,1.01,2026-05-05,0357,Terra,MODIS,50,6.1NRT,304.85,6.85,D
23.4733,76.3998,323.27,1.02,1.01,2026-05-05,0357,Terra,MODIS,63,6.1NRT,304.67,8.01,D
23.47463,76.39006,332.48,1.02,1.01,2026-05-05,0357,Terra,MODIS,80,6.1NRT,304.28,19.71,D
23.3831,77.63398,320.6,1,1,2026-05-05,0357,Terra,MODIS,42,6.1NRT,306.81,5.56,D
23.4002,77.94958,328.78,1.01,1,2026-05-05,0357,Terra,MODIS,76,6.1NRT,310.27,12.13,D
23.59432,76.92451,324.17,1.01,1,2026-05-05,0357,Terra,MODIS,67,6.1NRT,306.01,7.51,D
24.00517,75.52026,324.66,1.1,1.04,2026-05-05,0357,Terra,MODIS,59,6.1NRT,306.72,9.12,D
23.53429,78.91296,320.11,1.06,1.03,2026-05-05,0357,Terra,MODIS,56,6.1NRT,304.82,6.34,D
23.63136,79.0046,320.84,1.06,1.03,2026-05-05,0357,Terra,MODIS,60,6.1NRT,304.47,6.11,D
23.65373,79.0397,326.87,1.06,1.03,2026-05-05,0357,Terra,MODIS,76,6.1NRT,305.99,12.77,D
25.34958,73.08053,320.08,1.55,1.23,2026-05-05,0357,Terra,MODIS,64,6.1NRT,299.82,11.78,D
25.35123,73.06544,322.18,1.55,1.23,2026-05-05,0357,Terra,MODIS,69,6.1NRT,299.82,15.67,D
25.50501,72.99905,321.8,1.58,1.24,2026-05-05,0357,Terra,MODIS,68,6.1NRT,300.23,14.72,D
25.3736,78.16702,323.7,1,1,2026-05-05,0357,Terra,MODIS,74,6.1NRT,302.6,9.65,D
25.71733,76.00119,327.39,1.09,1.04,2026-05-05,0357,Terra,MODIS,77,6.1NRT,309.22,13.09,D
25.57204,79.61952,319.33,1.07,1.03,2026-05-05,0357,Terra,MODIS,61,6.1NRT,300.57,7.42,D
25.57365,79.6092,319.42,1.07,1.03,2026-05-05,0357,Terra,MODIS,62,6.1NRT,300.88,7.34,D
25.73335,79.65591,322.97,1.07,1.03,2026-05-05,0357,Terra,MODIS,70,6.1NRT,301.59,10.49,D
25.79107,79.64079,327.77,1.07,1.03,2026-05-05,0357,Terra,MODIS,78,6.1NRT,302.05,15.91,D
25.7909,80.11311,321.7,1.11,1.05,2026-05-05,0357,Terra,MODIS,70,6.1NRT,302.06,8.28,D
22.33762,75.87384,333.94,1.04,1.02,2026-05-05,0357,Terra,MODIS,83,6.1NRT,300.81,21.11,D
21.89821,79.49292,330.14,1.16,1.07,2026-05-05,0357,Terra,MODIS,77,6.1NRT,307.42,19.62,D
21.30628,83.17283,318.36,2.05,1.39,2026-05-05,0357,Terra,MODIS,53,6.1NRT,297.03,15.81,D
22.29316,77.05486,325.91,1,1,2026-05-05,0357,Terra,MODIS,70,6.1NRT,309.06,10.87,D
22.18668,79.01518,326.24,1.09,1.04,2026-05-05,0357,Terra,MODIS,71,6.1NRT,307.85,11.11,D
22.18826,79.00491,333.47,1.09,1.04,2026-05-05,0357,Terra,MODIS,81,6.1NRT,307.24,21.69,D
22.71668,75.72489,316.94,1.05,1.03,2026-05-05,0357,Terra,MODIS,29,6.1NRT,293.09,8.2,D
22.19675,79.54304,329.1,1.15,1.07,2026-05-05,0357,Terra,MODIS,77,6.1NRT,307.97,16.29,D
22.56786,77.06973,330.14,1,1,2026-05-05,0357,Terra,MODIS,78,6.1NRT,308.35,19.37,D
22.56921,77.06029,327.54,1,1,2026-05-05,0357,Terra,MODIS,75,6.1NRT,307.08,14.8,D
22.33762,79.23495,325.24,1.11,1.05,2026-05-05,0357,Terra,MODIS,71,6.1NRT,307.45,9.37,D
22.76254,76.33789,322.57,1.02,1.01,2026-05-05,0357,Terra,MODIS,64,6.1NRT,305.65,6.67,D
22.18426,75.50435,324.92,1.06,1.03,2026-05-05,0357,Terra,MODIS,68,6.1NRT,306.27,8.72,D
22.67012,77.06323,325.93,1,1,2026-05-05,0357,Terra,MODIS,73,6.1NRT,310.18,8.55,D
22.17056,76.95197,324.73,1,1,2026-05-05,0357,Terra,MODIS,68,6.1NRT,305.75,10.63,D
22.1719,76.94254,337.92,1,1,2026-05-05,0357,Terra,MODIS,85,6.1NRT,308,27.43,D
15.40746,78.53695,320.73,1.24,1.11,2026-05-05,0400,Terra,MODIS,54,6.1NRT,302.15,7.93,D
16.19454,74.83933,322.19,1.02,1.01,2026-05-05,0400,Terra,MODIS,66,6.1NRT,303.32,11.18,D
15.9478,77.48997,326.59,1.09,1.04,2026-05-05,0400,Terra,MODIS,71,6.1NRT,304.88,13.46,D
15.8343,78.35973,326.07,1.2,1.09,2026-05-05,0400,Terra,MODIS,71,6.1NRT,301.68,11.98,D
15.88688,78.36373,321.82,1.2,1.09,2026-05-05,0400,Terra,MODIS,54,6.1NRT,301.4,7.95,D
15.92505,78.37003,326.18,1.2,1.09,2026-05-05,0400,Terra,MODIS,62,6.1NRT,302.19,14.89,D
16.07456,77.87212,327.06,1.13,1.06,2026-05-05,0400,Terra,MODIS,73,6.1NRT,305.71,12.27,D
16.07612,77.86192,327.95,1.13,1.06,2026-05-05,0400,Terra,MODIS,74,6.1NRT,307.05,13.41,D
16.30204,77.09866,324.07,1.05,1.02,2026-05-05,0400,Terra,MODIS,65,6.1NRT,302.5,10.44,D
16.3853,77.28452,320.31,1.06,1.03,2026-05-05,0400,Terra,MODIS,30,6.1NRT,303.64,4.14,D
16.47412,77.43024,321.22,1.07,1.03,2026-05-05,0400,Terra,MODIS,48,6.1NRT,304.74,6.35,D
16.50946,78.39761,323.99,1.18,1.08,2026-05-05,0400,Terra,MODIS,65,6.1NRT,305.13,12.27,D
16.51115,78.38687,327.53,1.18,1.08,2026-05-05,0400,Terra,MODIS,72,6.1NRT,305.31,17.47,D
16.838,76.85334,327.57,1.03,1.01,2026-05-05,0400,Terra,MODIS,70,6.1NRT,310.92,9.97,D
16.9923,76.49477,328.47,1.01,1,2026-05-05,0400,Terra,MODIS,71,6.1NRT,309.26,13.02,D
16.7787,78.29066,324.8,1.16,1.07,2026-05-05,0400,Terra,MODIS,65,6.1NRT,305.4,14.04,D
18.46136,75.37518,324.71,1.02,1.01,2026-05-05,0400,Terra,MODIS,65,6.1NRT,310.81,8.24,D
18.65201,77.82012,327.2,1.06,1.03,2026-05-05,0400,Terra,MODIS,58,6.1NRT,310.53,10.27,D
18.63268,78.13107,326.44,1.09,1.04,2026-05-05,0400,Terra,MODIS,67,6.1NRT,309,12.41,D
18.6942,77.84706,325.67,1.06,1.03,2026-05-05,0400,Terra,MODIS,64,6.1NRT,308.82,9.36,D
18.69567,77.83728,331.82,1.06,1.03,2026-05-05,0400,Terra,MODIS,77,6.1NRT,309.98,17.43,D
18.63878,78.32523,324.97,1.11,1.05,2026-05-05,0400,Terra,MODIS,64,6.1NRT,308.46,11.5,D
18.68656,78.26016,325.46,1.1,1.05,2026-05-05,0400,Terra,MODIS,56,6.1NRT,310.15,10.4,D
18.73853,78.1039,325.34,1.09,1.04,2026-05-05,0400,Terra,MODIS,64,6.1NRT,307.12,13.42,D
19.07122,75.82481,324.02,1.01,1,2026-05-05,0400,Terra,MODIS,59,6.1NRT,308.67,7.63,D
12.30422,78.42012,314.87,1.35,1.15,2026-05-05,0400,Terra,MODIS,63,6.1NRT,296.24,8.22,D
13.37743,74.98914,315.04,1,1,2026-05-05,0400,Terra,MODIS,69,6.1NRT,296.35,6.74,D
14.11513,78.46049,320.66,1.28,1.12,2026-05-05,0400,Terra,MODIS,65,6.1NRT,300.17,9.44,D
14.56531,77.88197,322.46,1.17,1.08,2026-05-05,0400,Terra,MODIS,51,6.1NRT,302.22,9.69,D
14.67581,77.22242,322.53,1.09,1.04,2026-05-05,0400,Terra,MODIS,64,6.1NRT,303.99,7.12,D
14.67729,77.21262,324.88,1.09,1.04,2026-05-05,0400,Terra,MODIS,70,6.1NRT,304.39,9.47,D
15.16172,76.75263,326.02,1.04,1.02,2026-05-05,0400,Terra,MODIS,71,6.1NRT,305,12.09,D
15.00103,78.51537,329.81,1.25,1.11,2026-05-05,0400,Terra,MODIS,77,6.1NRT,303.04,16.34,D
15.03029,78.52013,323.31,1.25,1.11,2026-05-05,0400,Terra,MODIS,54,6.1NRT,301.07,7.15,D
15.08909,78.60592,322.4,1.27,1.12,2026-05-05,0400,Terra,MODIS,64,6.1NRT,302.95,9.86,D
15.19826,78.22492,325.59,1.2,1.09,2026-05-05,0400,Terra,MODIS,62,6.1NRT,304.45,11.03,D
18.81408,77.90945,328.41,1.07,1.03,2026-05-05,0400,Terra,MODIS,67,6.1NRT,312.04,11.81,D
18.81557,77.89964,330.37,1.07,1.03,2026-05-05,0400,Terra,MODIS,65,6.1NRT,311.58,14.08,D
18.89427,77.92888,330.97,1.07,1.03,2026-05-05,0400,Terra,MODIS,76,6.1NRT,313.75,13.92,D
18.92745,77.95448,328.28,1.07,1.03,2026-05-05,0400,Terra,MODIS,66,6.1NRT,312.44,10.62,D
19.23669,76.935,324.46,1.01,1,2026-05-05,0400,Terra,MODIS,60,6.1NRT,308.25,7.28,D
19.23697,77.86337,327.12,1.06,1.03,2026-05-05,0400,Terra,MODIS,67,6.1NRT,311.93,7.98,D
19.92026,73.61308,328.41,1.23,1.1,2026-05-05,0400,Terra,MODIS,75,6.1NRT,307.78,19.07,D
19.54283,76.983,328.85,1.01,1,2026-05-05,0400,Terra,MODIS,68,6.1NRT,310.53,10.57,D
19.93338,74.22324,320.57,1.14,1.06,2026-05-05,0400,Terra,MODIS,53,6.1NRT,305.67,8.22,D
19.58258,78.20407,327.11,1.08,1.04,2026-05-05,0400,Terra,MODIS,64,6.1NRT,310.31,10.37,D
19.9127,76.27225,326.04,1,1,2026-05-05,0400,Terra,MODIS,62,6.1NRT,308.92,7.58,D
20.00747,76.25494,325.99,1,1,2026-05-05,0400,Terra,MODIS,62,6.1NRT,308.81,8.48,D
19.82554,77.57328,328.39,1.03,1.01,2026-05-05,0400,Terra,MODIS,65,6.1NRT,311.63,8.07,D
20.00109,76.94425,324.48,1,1,2026-05-05,0400,Terra,MODIS,47,6.1NRT,308.04,6.21,D
20.11637,77.54204,327.51,1.02,1.01,2026-05-05,0400,Terra,MODIS,58,6.1NRT,310.53,8.94,D
19.98094,79.38607,326.85,1.21,1.09,2026-05-05,0400,Terra,MODIS,67,6.1NRT,304.55,16.56,D
20.06573,79.21973,326.53,1.18,1.08,2026-05-05,0400,Terra,MODIS,62,6.1NRT,304.02,18.51,D
20.48773,77.22199,328.89,1.01,1,2026-05-05,0400,Terra,MODIS,67,6.1NRT,305.56,11.68,D
21.76838,72.09563,321.3,1.62,1.25,2026-05-05,0400,Terra,MODIS,44,6.1NRT,305.05,13.32,D
21.16755,77.24066,325.39,1,1,2026-05-05,0400,Terra,MODIS,57,6.1NRT,310.25,7.01,D
21.32101,76.35408,324.45,1.01,1,2026-05-05,0400,Terra,MODIS,58,6.1NRT,307.28,9.26,D
21.32233,76.34465,326.9,1.01,1,2026-05-05,0400,Terra,MODIS,66,6.1NRT,307.82,12.24,D
21.72179,74.39221,324.31,1.17,1.08,2026-05-05,0400,Terra,MODIS,62,6.1NRT,303.82,10.79,D
21.65031,76.71622,330.37,1,1,2026-05-05,0400,Terra,MODIS,73,6.1NRT,309.19,14.57,D
22.06068,75.7426,327.46,1.04,1.02,2026-05-05,0400,Terra,MODIS,69,6.1NRT,307.51,9.87,D
22.14929,75.06642,321.22,1.1,1.05,2026-05-05,0400,Terra,MODIS,34,6.1NRT,298.67,6.18,D
15.37721,78.19964,324.19,1.19,1.09,2026-05-05,0400,Terra,MODIS,68,6.1NRT,303.24,10.85,D
18.36018,77.68884,332.95,1.1,1.04,2026-05-05,0952,Aqua,MODIS,65,6.1NRT,314.99,17.71,D
18.36175,77.6988,330.35,1.09,1.04,2026-05-05,0952,Aqua,MODIS,57,6.1NRT,314.39,12.14,D
18.50141,78.60246,326.87,1.02,1.01,2026-05-05,0952,Aqua,MODIS,40,6.1NRT,308.07,10.47,D
18.21169,78.15934,335.07,1.06,1.03,2026-05-05,0952,Aqua,MODIS,74,6.1NRT,314.14,19.9,D
18.21319,78.16894,333.28,1.06,1.03,2026-05-05,0952,Aqua,MODIS,72,6.1NRT,312.94,16.68,D
14.7744,79.59919,328.42,1.02,1.01,2026-05-05,0952,Aqua,MODIS,76,6.1NRT,303.71,12.07,D
14.77303,79.59008,329.16,1.02,1.01,2026-05-05,0952,Aqua,MODIS,77,6.1NRT,303.33,12.86,D
15.90312,80.1643,325.75,1,1,2026-05-05,0952,Aqua,MODIS,72,6.1NRT,304.31,9.71,D
15.91365,80.1569,327.1,1,1,2026-05-05,0952,Aqua,MODIS,74,6.1NRT,303.61,11.29,D
15.92995,80.02515,330.85,1,1,2026-05-05,0952,Aqua,MODIS,79,6.1NRT,305.3,15.64,D
16.15032,80.71487,327.4,1.01,1,2026-05-05,0952,Aqua,MODIS,43,6.1NRT,303.01,9.24,D
16.14901,80.70575,325.98,1.01,1,2026-05-05,0952,Aqua,MODIS,50,6.1NRT,304.28,7.86,D
16.05801,80.08119,330.6,1,1,2026-05-05,0952,Aqua,MODIS,70,6.1NRT,305.4,14.61,D
16.14855,80.64061,343.31,1.01,1,2026-05-05,0952,Aqua,MODIS,90,6.1NRT,304.03,33.39,D
16.14723,80.63152,347.12,1.01,1,2026-05-05,0952,Aqua,MODIS,92,6.1NRT,305.12,40.46,D
16.17577,80.76691,331.3,1.01,1.01,2026-05-05,0952,Aqua,MODIS,79,6.1NRT,303.74,15.46,D
16.17181,80.73951,324,1.01,1.01,2026-05-05,0952,Aqua,MODIS,68,6.1NRT,302.73,6.78,D
16.17049,80.73038,323.71,1.01,1.01,2026-05-05,0952,Aqua,MODIS,67,6.1NRT,302.62,6.51,D
16.15862,80.64834,327.31,1.01,1,2026-05-05,0952,Aqua,MODIS,67,6.1NRT,303.37,9.44,D
16.1573,80.63924,327.99,1.01,1,2026-05-05,0952,Aqua,MODIS,75,6.1NRT,303.25,9.52,D
16.15598,80.63013,339.87,1.01,1,2026-05-05,0952,Aqua,MODIS,87,6.1NRT,304.05,26.37,D
16.17011,80.65013,328.79,1.01,1,2026-05-05,0952,Aqua,MODIS,76,6.1NRT,303.87,11.52,D
16.1688,80.64102,328.24,1.01,1,2026-05-05,0952,Aqua,MODIS,76,6.1NRT,304.31,10.67,D
16.17494,80.62144,326.81,1.01,1,2026-05-05,0952,Aqua,MODIS,66,6.1NRT,304.36,7.58,D
16.22351,80.77245,324.14,1.01,1.01,2026-05-05,0952,Aqua,MODIS,16,6.1NRT,298.51,9,D
16.24675,80.68472,326.16,1.01,1,2026-05-05,0952,Aqua,MODIS,68,6.1NRT,304.8,7.7,D
16.58207,76.55169,344.49,1.32,1.14,2026-05-05,0952,Aqua,MODIS,89,6.1NRT,315.2,47.98,D
16.58607,76.51416,332.33,1.33,1.14,2026-05-05,0952,Aqua,MODIS,73,6.1NRT,313.72,20.3,D
17.2132,80.52069,324.41,1.01,1.01,2026-05-05,0952,Aqua,MODIS,62,6.1NRT,304.23,7.83,D
17.21537,80.47341,323.62,1.01,1,2026-05-05,0952,Aqua,MODIS,62,6.1NRT,303.39,6.95,D
17.18102,80.23579,327.32,1,1,2026-05-05,0952,Aqua,MODIS,71,6.1NRT,303.37,11.95,D
17.18468,80.07699,326.97,1,1,2026-05-05,0952,Aqua,MODIS,70,6.1NRT,304,11.31,D
16.73132,77.10168,329.37,1.22,1.1,2026-05-05,0952,Aqua,MODIS,46,6.1NRT,314.46,9.08,D
17.26488,80.55384,325.72,1.01,1.01,2026-05-05,0952,Aqua,MODIS,70,6.1NRT,302.91,12.33,D
17.38735,80.50904,330.04,1.01,1.01,2026-05-05,0952,Aqua,MODIS,77,6.1NRT,304.83,14.54,D
17.25303,80.284,327.19,1.01,1,2026-05-05,0952,Aqua,MODIS,62,6.1NRT,304.33,10.23,D
17.36525,80.23145,325.92,1,1,2026-05-05,0952,Aqua,MODIS,68,6.1NRT,305.13,8.69,D
16.2719,80.71159,327.8,1.01,1.01,2026-05-05,0952,Aqua,MODIS,54,6.1NRT,304.13,8.77,D
16.28067,80.71021,340.46,1.01,1.01,2026-05-05,0952,Aqua,MODIS,88,6.1NRT,303.77,26.83,D
16.60844,80.41958,328.22,1.01,1,2026-05-05,0952,Aqua,MODIS,26,6.1NRT,304.02,10.01,D
16.55515,80.69589,328.66,1.01,1.01,2026-05-05,0952,Aqua,MODIS,73,6.1NRT,300.98,14.3,D
16.25105,79.25439,324.75,1.02,1.01,2026-05-05,0952,Aqua,MODIS,67,6.1NRT,301.36,10.02,D
16.2982,80.70747,330.3,1.01,1.01,2026-05-05,0952,Aqua,MODIS,73,6.1NRT,301.45,10.99,D
16.34817,80.68095,331.7,1.01,1.01,2026-05-05,0952,Aqua,MODIS,78,6.1NRT,303.68,14.31,D
17.58738,79.79583,322.65,1,1,2026-05-05,0952,Aqua,MODIS,50,6.1NRT,305.14,6.12,D
17.80675,80.09309,328.22,1,1,2026-05-05,0952,Aqua,MODIS,72,6.1NRT,306.4,11.15,D
17.81462,79.45128,335.43,1,1,2026-05-05,0952,Aqua,MODIS,82,6.1NRT,309.95,19.85,D
17.69608,78.60188,328.88,1.03,1.02,2026-05-05,0952,Aqua,MODIS,69,6.1NRT,311.6,10.72,D
18.02769,79.70247,342.88,1,1,2026-05-05,0952,Aqua,MODIS,89,6.1NRT,307.82,33.7,D
12.36238,79.79832,312.01,1.04,1.02,2026-05-05,0952,Aqua,MODIS,53,6.1NRT,274.75,7.09,D
12.7579,79.78609,318.48,1.03,1.02,2026-05-05,0952,Aqua,MODIS,65,6.1NRT,287.06,9.36,D
14.05443,79.47661,323.48,1.03,1.02,2026-05-05,0952,Aqua,MODIS,46,6.1NRT,301.46,8.96,D
14.62677,79.96902,328.36,1.01,1,2026-05-05,0952,Aqua,MODIS,76,6.1NRT,302.52,13.92,D
17.1138,80.29053,327.14,1,1,2026-05-05,0952,Aqua,MODIS,71,6.1NRT,302.85,11.99,D
17.11248,80.28142,350.45,1,1,2026-05-05,0952,Aqua,MODIS,94,6.1NRT,304.13,50.2,D
17.1146,80.2345,335.52,1,1,2026-05-05,0952,Aqua,MODIS,82,6.1NRT,305.19,22.57,D
16.56027,76.54331,327.6,1.33,1.14,2026-05-05,0952,Aqua,MODIS,42,6.1NRT,311.5,12.24,D
16.55828,76.53141,327.4,1.33,1.14,2026-05-05,0952,Aqua,MODIS,55,6.1NRT,310.82,13.05,D
16.58426,80.19141,335.74,1,1,2026-05-05,0952,Aqua,MODIS,84,6.1NRT,306.22,19.04,D
16.39274,78.37435,326.52,1.07,1.03,2026-05-05,0952,Aqua,MODIS,60,6.1NRT,306.89,11.49,D
16.27032,76.84879,327.86,1.28,1.12,2026-05-05,0952,Aqua,MODIS,55,6.1NRT,312.3,12.5,D
16.84908,80.4344,324.52,1.01,1,2026-05-05,0952,Aqua,MODIS,68,6.1NRT,303.79,8.96,D
16.84779,79.91818,325.08,1,1,2026-05-05,0952,Aqua,MODIS,65,6.1NRT,302.55,8.84,D
16.94809,80.42242,326.29,1.01,1,2026-05-05,0952,Aqua,MODIS,65,6.1NRT,305.59,9.31,D
16.98161,80.38242,326.83,1.01,1,2026-05-05,0952,Aqua,MODIS,71,6.1NRT,305.33,7.62,D
16.46076,76.6947,328.75,1.3,1.13,2026-05-05,0952,Aqua,MODIS,45,6.1NRT,313.71,12.44,D
16.72703,78.2589,346.89,1.08,1.04,2026-05-05,0952,Aqua,MODIS,91,6.1NRT,311.13,44.4,D
16.4885,76.67221,335.47,1.31,1.13,2026-05-05,0952,Aqua,MODIS,78,6.1NRT,314.97,22.63,D
16.48468,76.52668,335.56,1.33,1.14,2026-05-05,0952,Aqua,MODIS,79,6.1NRT,313.32,27.36,D
18.02635,79.69336,327.76,1,1,2026-05-05,0952,Aqua,MODIS,71,6.1NRT,307.08,11.19,D
17.63786,80.1418,337.84,1,1,2026-05-05,0952,Aqua,MODIS,84,6.1NRT,306.54,24.17,D
18.07977,79.93674,332.52,1,1,2026-05-05,0952,Aqua,MODIS,69,6.1NRT,308.69,17.27,D
18.17343,78.15165,331.4,1.06,1.03,2026-05-05,0952,Aqua,MODIS,72,6.1NRT,314.8,12.3,D
18.12645,77.78869,328.31,1.09,1.04,2026-05-05,0952,Aqua,MODIS,65,6.1NRT,311.49,12.58,D
19.63487,78.3764,342.91,1.02,1.01,2026-05-05,0952,Aqua,MODIS,75,6.1NRT,315.95,30.27,D
19.6326,82.96077,326.41,1.36,1.16,2026-05-05,0952,Aqua,MODIS,79,6.1NRT,302.47,22.36,D
19.59423,82.97182,318.1,1.36,1.16,2026-05-05,0952,Aqua,MODIS,68,6.1NRT,300.29,9.66,D
19.08836,79.73685,326.57,1,1,2026-05-05,0952,Aqua,MODIS,62,6.1NRT,308.05,7.91,D
19.22965,81.14429,343.89,1.08,1.04,2026-05-05,0952,Aqua,MODIS,90,6.1NRT,304.68,46.08,D
18.79035,78.18958,330.9,1.04,1.02,2026-05-05,0952,Aqua,MODIS,54,6.1NRT,313.48,11.52,D
18.77704,78.16254,328.68,1.05,1.02,2026-05-05,0952,Aqua,MODIS,57,6.1NRT,312.61,9.26,D
18.81487,78.46674,334.35,1.03,1.01,2026-05-05,0952,Aqua,MODIS,76,6.1NRT,316.19,15.41,D
18.81631,78.47611,335.78,1.03,1.01,2026-05-05,0952,Aqua,MODIS,78,6.1NRT,315.94,17.41,D
17.4679,80.36841,327.54,1.01,1,2026-05-05,0952,Aqua,MODIS,72,6.1NRT,304.88,10.25,D
17.51803,80.52988,324.77,1.02,1.01,2026-05-05,0952,Aqua,MODIS,65,6.1NRT,304.8,8.25,D
17.55972,80.61127,323.78,1.02,1.01,2026-05-05,0952,Aqua,MODIS,61,6.1NRT,304.68,7.17,D
17.5584,80.602,323.3,1.02,1.01,2026-05-05,0952,Aqua,MODIS,61,6.1NRT,304.04,6.41,D
17.70835,81.61442,316.93,1.1,1.04,2026-05-05,0952,Aqua,MODIS,42,6.1NRT,295.47,6.48,D
17.41926,80.4193,329,1.01,1,2026-05-05,0952,Aqua,MODIS,75,6.1NRT,304.3,13.77,D
17.4206,80.42852,330.19,1.01,1,2026-05-05,0952,Aqua,MODIS,76,6.1NRT,306.7,14.81,D
18.68338,77.85683,332.23,1.07,1.03,2026-05-05,0952,Aqua,MODIS,45,6.1NRT,308.91,17.68,D
18.63976,77.81413,347.9,1.08,1.04,2026-05-05,0952,Aqua,MODIS,91,6.1NRT,315.47,43.68,D
18.6413,77.82395,335.16,1.08,1.04,2026-05-05,0952,Aqua,MODIS,68,6.1NRT,313.6,19.09,D
18.68228,78.14526,332.23,1.05,1.02,2026-05-05,0952,Aqua,MODIS,69,6.1NRT,312.38,15.98,D
18.63737,77.97498,328.9,1.06,1.03,2026-05-05,0952,Aqua,MODIS,38,6.1NRT,310.98,11.45,D
18.72367,78.60978,331.45,1.02,1.01,2026-05-05,0952,Aqua,MODIS,71,6.1NRT,315.04,11.98,D
18.72508,78.6191,333,1.02,1.01,2026-05-05,0952,Aqua,MODIS,74,6.1NRT,315.37,14.07,D
18.5962,78.43539,330.9,1.03,1.01,2026-05-05,0952,Aqua,MODIS,70,6.1NRT,313.66,11.9,D
21.37376,81.53843,335.34,1.18,1.08,2026-05-05,0954,Aqua,MODIS,80,6.1NRT,308.22,23.53,D
30.40384,76.04657,321.39,1.01,1,2026-05-05,0954,Aqua,MODIS,53,6.1NRT,304.31,5.56,D
30.40842,76.07681,323.22,1.01,1,2026-05-05,0954,Aqua,MODIS,67,6.1NRT,307.78,7.86,D
30.36927,76.01865,323.86,1.01,1,2026-05-05,0954,Aqua,MODIS,69,6.1NRT,307.51,6.88,D
30.14535,74.70428,324.8,1.08,1.04,2026-05-05,0954,Aqua,MODIS,67,6.1NRT,306.35,11.52,D
29.86776,73.34347,323.79,1.25,1.11,2026-05-05,0954,Aqua,MODIS,64,6.1NRT,306.84,14.18,D
30.32662,76.15203,321.68,1,1,2026-05-05,0954,Aqua,MODIS,64,6.1NRT,305.64,6.2,D
30.19782,76.16971,327.97,1.01,1,2026-05-05,0954,Aqua,MODIS,76,6.1NRT,306.43,11.47,D
30.03198,75.21339,323.11,1.05,1.02,2026-05-05,0954,Aqua,MODIS,57,6.1NRT,304.79,8.57,D
30.18565,76.32729,324.29,1,1,2026-05-05,0954,Aqua,MODIS,71,6.1NRT,306.31,7.23,D
30.11383,76.22343,325.29,1,1,2026-05-05,0954,Aqua,MODIS,72,6.1NRT,307.13,8.01,D
29.90411,75.10533,323.2,1.06,1.03,2026-05-05,0954,Aqua,MODIS,14,6.1NRT,302.32,10.64,D
29.9124,76.53394,323.03,1,1,2026-05-05,0954,Aqua,MODIS,69,6.1NRT,304.19,8.28,D
29.56319,74.55178,326.86,1.11,1.05,2026-05-05,0954,Aqua,MODIS,67,6.1NRT,308.18,10.95,D
29.565,74.56281,325.6,1.11,1.05,2026-05-05,0954,Aqua,MODIS,63,6.1NRT,307.43,9.03,D
29.53942,74.69334,327.36,1.1,1.05,2026-05-05,0954,Aqua,MODIS,66,6.1NRT,309.77,11.71,D
29.54121,74.70424,326.83,1.1,1.05,2026-05-05,0954,Aqua,MODIS,56,6.1NRT,309.2,11.51,D
29.38269,74.02145,328.49,1.18,1.08,2026-05-05,0954,Aqua,MODIS,58,6.1NRT,311.72,11.53,D
29.53705,75.13194,328.96,1.06,1.03,2026-05-05,0954,Aqua,MODIS,53,6.1NRT,307.24,16.42,D
29.41031,74.86813,329.58,1.09,1.04,2026-05-05,0954,Aqua,MODIS,66,6.1NRT,309.9,12.6,D
29.41206,74.8789,324.63,1.09,1.04,2026-05-05,0954,Aqua,MODIS,40,6.1NRT,308.56,7.34,D
29.12691,76.29783,326.06,1.01,1,2026-05-05,0954,Aqua,MODIS,71,6.1NRT,307.62,10.17,D
29.09695,76.30005,322.97,1.01,1,2026-05-05,0954,Aqua,MODIS,50,6.1NRT,304.77,7.39,D
28.90453,76.3713,325.6,1.01,1,2026-05-05,0954,Aqua,MODIS,68,6.1NRT,307.8,7.74,D
28.86287,76.46721,326.56,1.01,1,2026-05-05,0954,Aqua,MODIS,71,6.1NRT,306.14,10.12,D
28.24413,76.90624,331.79,1,1,2026-05-05,0954,Aqua,MODIS,81,6.1NRT,301.14,19.46,D
26.69041,77.9096,323.85,1,1,2026-05-05,0954,Aqua,MODIS,65,6.1NRT,304.09,8.34,D
26.60439,78.81108,319.07,1.04,1.02,2026-05-05,0954,Aqua,MODIS,65,6.1NRT,299.97,7.42,D
26.43224,78.25043,320.36,1.01,1,2026-05-05,0954,Aqua,MODIS,67,6.1NRT,302.53,5.83,D
26.25641,79.71288,315.4,1.1,1.05,2026-05-05,0954,Aqua,MODIS,34,6.1NRT,290.61,12.6,D
26.09336,79.45627,327.08,1.07,1.03,2026-05-05,0954,Aqua,MODIS,79,6.1NRT,297.18,18.49,D
26.09476,79.46663,336.39,1.07,1.03,2026-05-05,0954,Aqua,MODIS,87,6.1NRT,298.22,32.3,D
25.60383,76.54288,331.2,1.04,1.02,2026-05-05,0954,Aqua,MODIS,77,6.1NRT,313.53,12.77,D
25.54986,76.31559,331.35,1.06,1.03,2026-05-05,0954,Aqua,MODIS,72,6.1NRT,308.69,17.47,D
25.99111,79.86176,326.44,1.11,1.05,2026-05-05,0954,Aqua,MODIS,56,6.1NRT,302.58,14.5,D
25.45527,76.47424,333.14,1.05,1.02,2026-05-05,0954,Aqua,MODIS,53,6.1NRT,313.06,14.73,D
25.3931,76.2642,333.56,1.06,1.03,2026-05-05,0954,Aqua,MODIS,80,6.1NRT,313.41,15.6,D
25.39469,76.27436,332.81,1.06,1.03,2026-05-05,0954,Aqua,MODIS,79,6.1NRT,312.62,14.08,D
25.34519,76.2526,331.2,1.07,1.03,2026-05-05,0954,Aqua,MODIS,77,6.1NRT,311.13,13.06,D
25.64658,78.24074,331.6,1,1,2026-05-05,0954,Aqua,MODIS,77,6.1NRT,308.16,13.13,D
25.63647,78.23264,338.62,1,1,2026-05-05,0954,Aqua,MODIS,85,6.1NRT,311.47,22.86,D
25.63786,78.24229,332.38,1,1,2026-05-05,0954,Aqua,MODIS,69,6.1NRT,309.61,13.37,D
25.29237,76.26842,339.39,1.07,1.03,2026-05-05,0954,Aqua,MODIS,86,6.1NRT,313.81,23.84,D
25.29397,76.27859,339.67,1.06,1.03,2026-05-05,0954,Aqua,MODIS,77,6.1NRT,312.73,24.71,D
25.63111,78.5867,325.34,1.01,1.01,2026-05-05,0954,Aqua,MODIS,47,6.1NRT,306.53,9.69,D
25.28253,76.32269,332.71,1.06,1.03,2026-05-05,0954,Aqua,MODIS,74,6.1NRT,313.22,14.3,D
25.63969,79.44783,334.26,1.06,1.03,2026-05-05,0954,Aqua,MODIS,81,6.1NRT,309.19,17.96,D
25.64247,79.46829,330.95,1.06,1.03,2026-05-05,0954,Aqua,MODIS,76,6.1NRT,307.44,13.09,D
25.65498,79.56079,326.64,1.07,1.03,2026-05-05,0954,Aqua,MODIS,69,6.1NRT,307.23,7.83,D
25.25697,76.98888,335.78,1.02,1.01,2026-05-05,0954,Aqua,MODIS,82,6.1NRT,312.22,19.92,D
25.18226,76.86752,328.92,1.03,1.01,2026-05-05,0954,Aqua,MODIS,72,6.1NRT,310.32,9.76,D
25.19285,76.93616,334.48,1.02,1.01,2026-05-05,0954,Aqua,MODIS,80,6.1NRT,312.03,16.77,D
25.10878,76.87804,328.66,1.03,1.01,2026-05-05,0954,Aqua,MODIS,71,6.1NRT,312.41,8.99,D
25.12124,77.07684,326.78,1.02,1.01,2026-05-05,0954,Aqua,MODIS,66,6.1NRT,309.65,7.98,D
25.10983,77.17884,325.16,1.01,1.01,2026-05-05,0954,Aqua,MODIS,61,6.1NRT,309.57,8.3,D
24.9898,76.99692,327.26,1.02,1.01,2026-05-05,0954,Aqua,MODIS,68,6.1NRT,310.26,8.31,D
24.49221,75.07276,336.82,1.23,1.1,2026-05-05,0954,Aqua,MODIS,83,6.1NRT,310.13,30.3,D
24.6865,76.77976,339.07,1.04,1.02,2026-05-05,0954,Aqua,MODIS,85,6.1NRT,308.33,27.45,D
24.6084,77.47686,321.14,1.01,1,2026-05-05,0954,Aqua,MODIS,44,6.1NRT,304.65,5.18,D
24.10837,74.70674,328.83,1.3,1.13,2026-05-05,0954,Aqua,MODIS,67,6.1NRT,311.92,9.84,D
23.82518,75.68177,330.3,1.17,1.08,2026-05-05,0954,Aqua,MODIS,62,6.1NRT,313.66,11.77,D
23.66795,75.9157,333.52,1.14,1.07,2026-05-05,0954,Aqua,MODIS,74,6.1NRT,318.03,13.74,D
23.59163,77.74543,329.52,1.01,1,2026-05-05,0954,Aqua,MODIS,56,6.1NRT,311.62,7.58,D
23.59306,77.75495,342.4,1.01,1,2026-05-05,0954,Aqua,MODIS,86,6.1NRT,311.9,27.41,D
23.71865,78.97754,341.87,1.01,1.01,2026-05-05,0954,Aqua,MODIS,86,6.1NRT,316.42,25.54,D
23.71807,79.03657,331.2,1.01,1.01,2026-05-05,0954,Aqua,MODIS,72,6.1NRT,312.77,11.15,D
23.40551,77.59869,327.52,1.02,1.01,2026-05-05,0954,Aqua,MODIS,14,6.1NRT,312.17,6.68,D
23.57053,78.85882,343.57,1.01,1,2026-05-05,0954,Aqua,MODIS,88,6.1NRT,313.13,30.44,D
23.5719,78.86832,346.02,1.01,1,2026-05-05,0954,Aqua,MODIS,90,6.1NRT,313.41,35.03,D
23.05716,76.32732,331.99,1.11,1.05,2026-05-05,0954,Aqua,MODIS,65,6.1NRT,314.34,10.93,D
23.20604,77.27112,333.42,1.03,1.02,2026-05-05,0954,Aqua,MODIS,65,6.1NRT,315.46,11.25,D
23.44384,79.26492,358.78,1.02,1.01,2026-05-05,0954,Aqua,MODIS,99,6.1NRT,317.17,65.17,D
23.44521,79.27455,331.79,1.02,1.01,2026-05-05,0954,Aqua,MODIS,74,6.1NRT,314.69,11.14,D
23.43505,79.26638,362.86,1.02,1.01,2026-05-05,0954,Aqua,MODIS,100,6.1NRT,317.05,75.69,D
23.43641,79.27602,342.36,1.02,1.01,2026-05-05,0954,Aqua,MODIS,87,6.1NRT,313.51,27.22,D
23.23925,80.03977,325.79,1.07,1.03,2026-05-05,0954,Aqua,MODIS,67,6.1NRT,309.28,10.09,D
23.24062,80.04982,325.61,1.07,1.03,2026-05-05,0954,Aqua,MODIS,67,6.1NRT,309.06,9.26,D
22.60409,77.03497,328.84,1.06,1.03,2026-05-05,0954,Aqua,MODIS,56,6.1NRT,311.71,7.3,D
22.25986,75.55057,333.42,1.24,1.11,2026-05-05,0954,Aqua,MODIS,71,6.1NRT,317.89,12.1,D
22.24169,75.8186,336.26,1.21,1.09,2026-05-05,0954,Aqua,MODIS,78,6.1NRT,318.2,19.02,D
22.32208,77.01387,326.61,1.07,1.03,2026-05-05,0954,Aqua,MODIS,59,6.1NRT,309.51,9.35,D
22.24461,78.37665,330.35,1,1,2026-05-05,0954,Aqua,MODIS,73,6.1NRT,311.32,12.67,D
22.29945,79.52003,332.81,1.02,1.01,2026-05-05,0954,Aqua,MODIS,45,6.1NRT,306.7,20.36,D
22.30274,79.60757,324.81,1.02,1.01,2026-05-05,0954,Aqua,MODIS,42,6.1NRT,301.53,12.79,D
22.07254,78.28429,325.56,1,1,2026-05-05,0954,Aqua,MODIS,51,6.1NRT,311.38,8.13,D
21.98731,78.83813,329.99,1,1,2026-05-05,0954,Aqua,MODIS,68,6.1NRT,314.32,8.91,D
22.03903,79.19379,328.79,1.01,1,2026-05-05,0954,Aqua,MODIS,66,6.1NRT,310.41,9.89,D
21.30491,77.38553,330.5,1.06,1.03,2026-05-05,0954,Aqua,MODIS,54,6.1NRT,316.85,8.73,D
21.40139,78.87006,330.65,1,1,2026-05-05,0954,Aqua,MODIS,72,6.1NRT,313.82,8.91,D
21.73978,81.44704,328.42,1.18,1.08,2026-05-05,0954,Aqua,MODIS,71,6.1NRT,309.97,7.97,D
21.2743,79.91873,323.94,1.03,1.01,2026-05-05,0954,Aqua,MODIS,45,6.1NRT,305.04,8.16,D
21.02296,78.69248,335.25,1,1,2026-05-05,0954,Aqua,MODIS,72,6.1NRT,310.72,21.46,D
21.37233,81.5274,330.14,1.18,1.08,2026-05-05,0954,Aqua,MODIS,49,6.1NRT,309.4,14.18,D
20.58478,79.22514,326.77,1,1,2026-05-05,0954,Aqua,MODIS,24,6.1NRT,307.81,12.65,D
19.50148,74.04443,326.61,1.75,1.3,2026-05-05,0954,Aqua,MODIS,64,6.1NRT,309.17,21.76,D
31.73674,75.38148,325.36,1.02,1.01,2026-05-05,0956,Aqua,MODIS,75,6.1NRT,306.44,8.62,D
31.90649,75.39669,331.75,1.01,1.01,2026-05-05,0956,Aqua,MODIS,82,6.1NRT,307.61,16.84,D
31.89618,75.38826,324.17,1.01,1.01,2026-05-05,0956,Aqua,MODIS,72,6.1NRT,307.41,7.7,D
31.80107,74.83789,326.16,1.04,1.02,2026-05-05,0956,Aqua,MODIS,74,6.1NRT,307.53,9.66,D
31.76953,74.81206,329.05,1.04,1.02,2026-05-05,0956,Aqua,MODIS,59,6.1NRT,309.89,12.82,D
31.68398,74.68272,323.41,1.05,1.02,2026-05-05,0956,Aqua,MODIS,38,6.1NRT,304.27,8.77,D
31.68568,74.69337,324.86,1.05,1.02,2026-05-05,0956,Aqua,MODIS,66,6.1NRT,303.82,9.32,D
31.68667,74.81403,322.18,1.04,1.02,2026-05-05,0956,Aqua,MODIS,61,6.1NRT,304.89,6.02,D
31.77045,75.34631,322.52,1.02,1.01,2026-05-05,0956,Aqua,MODIS,70,6.1NRT,305.24,7.52,D
30.3614,75.36079,323.46,1.03,1.02,2026-05-05,0956,Aqua,MODIS,66,6.1NRT,306.71,8.31,D
30.46143,75.82044,324.01,1.01,1.01,2026-05-05,0956,Aqua,MODIS,69,6.1NRT,306.48,7.34,D
30.45987,75.8103,328.36,1.01,1.01,2026-05-05,0956,Aqua,MODIS,76,6.1NRT,307.69,12.23,D
30.52991,76.21247,323.34,1,1,2026-05-05,0956,Aqua,MODIS,65,6.1NRT,306.77,10.87,D
30.39597,75.28367,322.32,1.04,1.02,2026-05-05,0956,Aqua,MODIS,63,6.1NRT,307.14,6.09,D
30.5302,76.03584,326.5,1.01,1,2026-05-05,0956,Aqua,MODIS,73,6.1NRT,308.4,9.57,D
30.53956,75.83945,327.5,1.01,1.01,2026-05-05,0956,Aqua,MODIS,68,6.1NRT,308.69,10.97,D
30.53423,75.74625,328.73,1.01,1.01,2026-05-05,0956,Aqua,MODIS,76,6.1NRT,310.48,10.79,D
30.53109,75.7259,330.95,1.02,1.01,2026-05-05,0956,Aqua,MODIS,72,6.1NRT,310.57,12.8,D
30.45103,75.15753,322.46,1.04,1.02,2026-05-05,0956,Aqua,MODIS,63,6.1NRT,306.49,8.07,D
30.56356,75.76112,330.09,1.01,1.01,2026-05-05,0956,Aqua,MODIS,78,6.1NRT,308.56,12.23,D
30.61187,75.78252,326.33,1.01,1.01,2026-05-05,0956,Aqua,MODIS,72,6.1NRT,308.64,8.2,D
30.63112,75.83573,328.67,1.01,1,2026-05-05,0956,Aqua,MODIS,56,6.1NRT,310.04,11.5,D
30.63984,75.83392,335.87,1.01,1,2026-05-05,0956,Aqua,MODIS,84,6.1NRT,309,21.37,D
30.62038,75.64896,334.57,1.02,1.01,2026-05-05,0956,Aqua,MODIS,83,6.1NRT,309.85,19.46,D
30.6188,75.63875,336.95,1.02,1.01,2026-05-05,0956,Aqua,MODIS,85,6.1NRT,309.88,22.87,D
30.64482,75.74902,324.06,1.01,1.01,2026-05-05,0956,Aqua,MODIS,56,6.1NRT,306.41,7.36,D
30.64326,75.73885,323.19,1.01,1.01,2026-05-05,0956,Aqua,MODIS,42,6.1NRT,306.06,6.57,D
30.58273,75.34931,325.79,1.03,1.01,2026-05-05,0956,Aqua,MODIS,66,6.1NRT,305.85,8.82,D
30.65355,75.7472,327.75,1.01,1.01,2026-05-05,0956,Aqua,MODIS,63,6.1NRT,306.86,12.11,D
30.59449,75.2504,325.98,1.04,1.02,2026-05-05,0956,Aqua,MODIS,65,6.1NRT,307.77,10.94,D
30.59286,75.24,325.47,1.04,1.02,2026-05-05,0956,Aqua,MODIS,57,6.1NRT,306.27,10.37,D
30.57919,75.03751,324.3,1.05,1.02,2026-05-05,0956,Aqua,MODIS,68,6.1NRT,308.78,7.83,D
30.62905,75.29664,328.87,1.03,1.02,2026-05-05,0956,Aqua,MODIS,76,6.1NRT,307.84,14.41,D
30.67136,75.37744,333.65,1.03,1.01,2026-05-05,0956,Aqua,MODIS,82,6.1NRT,306.98,21.64,D
30.70255,75.40278,325.46,1.03,1.01,2026-05-05,0956,Aqua,MODIS,52,6.1NRT,306.38,10.45,D
30.67722,75.18321,324.35,1.04,1.02,2026-05-05,0956,Aqua,MODIS,70,6.1NRT,306.77,8.28,D
30.80445,75.64036,323.01,1.02,1.01,2026-05-05,0956,Aqua,MODIS,69,6.1NRT,301.84,11.81,D
30.71529,75.07201,328.12,1.04,1.02,2026-05-05,0956,Aqua,MODIS,77,6.1NRT,305.09,13.7,D
30.73444,74.90432,320.04,1.06,1.03,2026-05-05,0956,Aqua,MODIS,60,6.1NRT,300.59,8.39,D
30.9678,75.38156,323.6,1.02,1.01,2026-05-05,0956,Aqua,MODIS,46,6.1NRT,301.87,9.71,D
30.92871,74.95907,319.14,1.05,1.02,2026-05-05,0956,Aqua,MODIS,55,6.1NRT,301.57,5.83,D
31.08573,75.91575,320.83,1.01,1,2026-05-05,0956,Aqua,MODIS,37,6.1NRT,303.54,6.2,D
31.10245,75.88491,325.73,1.01,1,2026-05-05,0956,Aqua,MODIS,74,6.1NRT,306.34,11.84,D
31.07869,75.43667,323.99,1.02,1.01,2026-05-05,0956,Aqua,MODIS,73,6.1NRT,305.15,9.96,D
31.06374,75.10777,322.22,1.04,1.02,2026-05-05,0956,Aqua,MODIS,17,6.1NRT,304.16,8.93,D
31.14364,75.2034,320.9,1.03,1.01,2026-05-05,0956,Aqua,MODIS,64,6.1NRT,304.31,7.6,D
31.33793,75.01299,327.37,1.04,1.02,2026-05-05,0956,Aqua,MODIS,77,6.1NRT,306.05,12.94,D
31.37596,75.08047,319.2,1.03,1.02,2026-05-05,0956,Aqua,MODIS,48,6.1NRT,301.52,5.59,D
31.48524,75.72795,323.13,1.01,1,2026-05-05,0956,Aqua,MODIS,74,6.1NRT,306.7,8.67,D
31.48368,75.71775,342.14,1.01,1,2026-05-05,0956,Aqua,MODIS,91,6.1NRT,306.73,35.15,D
31.48501,75.43185,323.94,1.02,1.01,2026-05-05,0956,Aqua,MODIS,57,6.1NRT,305.9,9.15,D
31.48343,75.42156,322.35,1.02,1.01,2026-05-05,0956,Aqua,MODIS,43,6.1NRT,305.55,7.72,D
31.59993,75.50134,327.25,1.01,1.01,2026-05-05,0956,Aqua,MODIS,78,6.1NRT,303.48,16.34,D
31.54417,75.08578,323.68,1.03,1.01,2026-05-05,0956,Aqua,MODIS,59,6.1NRT,305.2,11.41,D
31.62683,75.55917,325.96,1.01,1,2026-05-05,0956,Aqua,MODIS,67,6.1NRT,304.34,10.91,D
31.5357,74.85958,330.09,1.04,1.02,2026-05-05,0956,Aqua,MODIS,80,6.1NRT,308.97,14.4,D
31.61385,75.12454,323.08,1.03,1.01,2026-05-05,0956,Aqua,MODIS,71,6.1NRT,307.57,6.64,D
31.60469,75.00769,322.29,1.03,1.02,2026-05-05,0956,Aqua,MODIS,69,6.1NRT,307.37,6.86,D
31.65376,75.19627,323.1,1.02,1.01,2026-05-05,0956,Aqua,MODIS,69,6.1NRT,307,6.32,D
31.72707,75.55342,327.31,1.01,1,2026-05-05,0956,Aqua,MODIS,43,6.1NRT,302.06,12.18,D
31.66378,75.08649,322.05,1.03,1.01,2026-05-05,0956,Aqua,MODIS,69,6.1NRT,307.09,5.96,D
31.60879,74.73919,327.3,1.05,1.02,2026-05-05,0956,Aqua,MODIS,76,6.1NRT,308.21,12.16,D
31.61007,74.5172,319.97,1.07,1.03,2026-05-05,0956,Aqua,MODIS,47,6.1NRT,303.38,7.35,D
31.68256,74.97421,324.42,1.03,1.02,2026-05-05,0956,Aqua,MODIS,72,6.1NRT,308.34,8.12,D
31.73516,75.37117,324.64,1.02,1.01,2026-05-05,0956,Aqua,MODIS,74,6.1NRT,306.78,7.81,D
32.7825,74.58421,329.99,1.04,1.02,2026-05-05,0956,Aqua,MODIS,79,6.1NRT,308.67,16.99,D
32.78419,74.59486,333.75,1.04,1.02,2026-05-05,0956,Aqua,MODIS,83,6.1NRT,308.18,21.58,D
32.77538,74.59686,329.94,1.04,1.02,2026-05-05,0956,Aqua,MODIS,63,6.1NRT,309.29,14.49,D
32.77707,74.6075,330.35,1.04,1.02,2026-05-05,0956,Aqua,MODIS,65,6.1NRT,308.43,14.53,D
32.77876,74.61813,330.75,1.04,1.02,2026-05-05,0956,Aqua,MODIS,68,6.1NRT,307.71,15.14,D
32.75775,74.60083,325.91,1.04,1.02,2026-05-05,0956,Aqua,MODIS,65,6.1NRT,308.86,10.97,D
32.75945,74.61147,327.51,1.04,1.02,2026-05-05,0956,Aqua,MODIS,74,6.1NRT,309.11,12.38,D
32.48079,74.8515,323.04,1.03,1.01,2026-05-05,0956,Aqua,MODIS,62,6.1NRT,306.67,6.98,D
32.10797,75.38386,323.61,1.01,1.01,2026-05-05,0956,Aqua,MODIS,71,6.1NRT,306.9,9.34,D
32.06415,75.15797,322.1,1.02,1.01,2026-05-05,0956,Aqua,MODIS,67,6.1NRT,306.99,6.84,D
32.06576,75.16836,323.18,1.02,1.01,2026-05-05,0956,Aqua,MODIS,69,6.1NRT,306.12,8.1,D
32.0826,75.336,338.21,1.01,1.01,2026-05-05,0956,Aqua,MODIS,86,6.1NRT,304.24,28.38,D
32.06356,75.32943,336.61,1.01,1.01,2026-05-05,0956,Aqua,MODIS,86,6.1NRT,307.44,23.42,D
32.05483,75.33131,324.77,1.01,1.01,2026-05-05,0956,Aqua,MODIS,57,6.1NRT,305.69,8.28,D
32.01485,75.37749,340.34,1.01,1.01,2026-05-05,0956,Aqua,MODIS,89,6.1NRT,307.55,30.33,D
32.05088,75.61398,331.45,1.01,1,2026-05-05,0956,Aqua,MODIS,82,6.1NRT,307.47,17.14,D
31.94983,75.01601,323.67,1.03,1.01,2026-05-05,0956,Aqua,MODIS,26,6.1NRT,303.29,9.68,D
31.99819,75.32777,327.29,1.01,1.01,2026-05-05,0956,Aqua,MODIS,76,6.1NRT,308.43,10.57,D
31.98946,75.32965,325.71,1.01,1.01,2026-05-05,0956,Aqua,MODIS,54,6.1NRT,309.15,8.65,D
31.96241,75.27139,321.27,1.02,1.01,2026-05-05,0956,Aqua,MODIS,67,6.1NRT,305.06,5.94,D
31.87639,74.78181,321.38,1.04,1.02,2026-05-05,0956,Aqua,MODIS,52,6.1NRT,305.59,4.73,D
31.92617,75.09677,341.23,1.02,1.01,2026-05-05,0956,Aqua,MODIS,89,6.1NRT,304.06,34.44,D
31.96409,75.39906,324.04,1.01,1.01,2026-05-05,0956,Aqua,MODIS,68,6.1NRT,307.03,7.83,D
31.97831,75.49166,327.21,1.01,1,2026-05-05,0956,Aqua,MODIS,51,6.1NRT,305.74,13.78,D
31.91353,75.13183,328.58,1.02,1.01,2026-05-05,0956,Aqua,MODIS,31,6.1NRT,307.34,12.44,D
31.91516,75.14223,329.78,1.02,1.01,2026-05-05,0956,Aqua,MODIS,42,6.1NRT,307.19,13.84,D
31.82718,74.6563,324.47,1.05,1.02,2026-05-05,0956,Aqua,MODIS,36,6.1NRT,308.23,10.46,D
31.82887,74.66696,336.18,1.05,1.02,2026-05-05,0956,Aqua,MODIS,85,6.1NRT,308.23,26.49,D
31.84085,74.91634,326.56,1.04,1.02,2026-05-05,0956,Aqua,MODIS,75,6.1NRT,308.35,11.34,D
31.8425,74.92684,324.09,1.03,1.02,2026-05-05,0956,Aqua,MODIS,71,6.1NRT,308.18,8.53,D
31.65118,74.94851,324.7,1.04,1.02,2026-05-05,0956,Aqua,MODIS,73,6.1NRT,309.16,8.62,D
31.92783,75.47716,329.68,1.01,1,2026-05-05,0956,Aqua,MODIS,80,6.1NRT,306.9,14.93,D
21.99869,79.17061,304.94,2.82,1.6,2026-05-05,1452,Terra,MODIS,62,6.1NRT,293.65,22.26,N
25.03086,87.37204,303.83,1.01,1.01,2026-05-05,1452,Terra,MODIS,57,6.1NRT,291.42,3.91,N
23.78344,86.20588,306.3,1.01,1.01,2026-05-05,1452,Terra,MODIS,67,6.1NRT,295.49,4.56,N
21.07763,85.03745,308.16,1.16,1.07,2026-05-05,1452,Terra,MODIS,74,6.1NRT,294.1,8.26,N
23.66525,87.15047,305.47,1,1,2026-05-05,1452,Terra,MODIS,62,6.1NRT,294.81,4.74,N
23.67918,86.39276,310.9,1.01,1,2026-05-05,1452,Terra,MODIS,80,6.1NRT,296.29,8.04,N
23.71666,86.44855,306.78,1.01,1,2026-05-05,1452,Terra,MODIS,18,6.1NRT,295.79,4.38,N
23.68227,86.08127,308.38,1.02,1.01,2026-05-05,1452,Terra,MODIS,74,6.1NRT,295.11,5.99,N
23.74158,86.43455,307.22,1.01,1,2026-05-05,1452,Terra,MODIS,30,6.1NRT,295.62,4.61,N
23.76382,86.40143,315,1.01,1,2026-05-05,1452,Terra,MODIS,90,6.1NRT,296.07,10.05,N
23.78,86.38889,312.41,1.01,1,2026-05-05,1452,Terra,MODIS,84,6.1NRT,296.04,8.11,N
23.77596,86.3602,306.08,1.01,1,2026-05-05,1452,Terra,MODIS,27,6.1NRT,295.15,3.81,N
23.79514,86.35109,309.46,1.01,1,2026-05-05,1452,Terra,MODIS,77,6.1NRT,295.93,6.57,N
23.77466,86.20737,306.67,1.01,1.01,2026-05-05,1452,Terra,MODIS,69,6.1NRT,296.07,4.78,N
23.17212,82.34702,302.48,1.08,1.04,2026-05-05,2159,Aqua,MODIS,49,6.1NRT,291.81,5.57,N
23.68608,86.39574,311.02,1.12,1.05,2026-05-05,2159,Aqua,MODIS,53,6.1NRT,292.7,11.31,N
23.74484,86.43417,305.97,1.12,1.05,2026-05-05,2159,Aqua,MODIS,44,6.1NRT,294.15,5.52,N
22.33662,82.57957,303.05,1.04,1.02,2026-05-05,2159,Aqua,MODIS,53,6.1NRT,291.96,4.42,N
19.1052,82.17188,300.97,1.02,1.01,2026-05-05,2201,Aqua,MODIS,35,6.1NRT,290.74,4.56,N
27.78729,95.79193,303.85,1.15,1.07,2026-05-06,0258,Terra,MODIS,37,6.1NRT,287.79,2.73,D
20.96137,85.18423,314.65,2.12,1.41,2026-05-06,0300,Terra,MODIS,61,6.1NRT,297.67,17.03,D
20.95946,85.17707,314.5,2.12,1.41,2026-05-06,0300,Terra,MODIS,25,6.1NRT,297.6,15.62,D
20.96337,85.16436,314.74,2.12,1.42,2026-05-06,0300,Terra,MODIS,61,6.1NRT,297.73,16.72,D
31.10399,76.06953,318.24,1.98,1.37,2026-05-06,0434,Terra,MODIS,75,6.1NRT,300.92,16.97,D
23.45119,77.61005,324.6,3.82,1.83,2026-05-06,0436,Terra,MODIS,52,6.1NRT,307.24,50.62,D
23.68803,78.5783,324.35,4.44,1.94,2026-05-06,0436,Terra,MODIS,62,6.1NRT,306.16,78.52,D
23.2609,68.79269,325.47,1.04,1.02,2026-05-06,0436,Terra,MODIS,66,6.1NRT,309.31,9.51,D
24.35163,93.16228,312.4,1,1,2026-05-06,0854,Aqua,MODIS,59,6.1NRT,290.8,7.56,D
20.95942,85.16747,315.95,3.26,1.71,2026-05-06,0854,Aqua,MODIS,51,6.1NRT,296.83,28.1,D
24.35022,93.15277,356.28,1,1,2026-05-06,0854,Aqua,MODIS,93,6.1NRT,294.7,72.97,D
25.10764,92.96733,334.35,1,1,2026-05-06,0854,Aqua,MODIS,87,6.1NRT,296.85,29.81,D
25.10623,92.95779,346.49,1,1,2026-05-06,0854,Aqua,MODIS,94,6.1NRT,297.47,50.4,D
23.10085,93.40212,318.28,1,1,2026-05-06,0854,Aqua,MODIS,71,6.1NRT,298.94,11.09,D
19.08907,73.48874,352.53,1.35,1.15,2026-05-06,1030,Aqua,MODIS,95,6.1NRT,315.18,73.81,D
16.11869,73.98852,323.07,1.32,1.14,2026-05-06,1030,Aqua,MODIS,46,6.1NRT,307.39,13.89,D
19.01058,73.19261,326.32,1.29,1.13,2026-05-06,1030,Aqua,MODIS,56,6.1NRT,308.41,11.41,D
19.08749,73.47645,329.83,1.34,1.15,2026-05-06,1030,Aqua,MODIS,68,6.1NRT,314.63,12.2,D
15.92051,74.11305,330.55,1.34,1.15,2026-05-06,1030,Aqua,MODIS,71,6.1NRT,304.36,31.2,D
21.88003,72.7002,335.61,1.31,1.14,2026-05-06,1032,Aqua,MODIS,77,6.1NRT,315.35,23.68,D
23.25563,68.78156,327.86,1,1,2026-05-06,1032,Aqua,MODIS,57,6.1NRT,311.25,9.51,D
23.45936,69.8604,334.12,1.03,1.01,2026-05-06,1032,Aqua,MODIS,75,6.1NRT,319.23,11.19,D
23.60189,69.18658,332.42,1,1,2026-05-06,1032,Aqua,MODIS,75,6.1NRT,315.59,10.93,D
23.60051,69.17709,335.29,1,1,2026-05-06,1032,Aqua,MODIS,79,6.1NRT,314.86,15.37,D
23.66764,69.31568,331.3,1.01,1,2026-05-06,1032,Aqua,MODIS,69,6.1NRT,314.22,9.56,D
23.67774,69.3237,341.91,1.01,1,2026-05-06,1032,Aqua,MODIS,87,6.1NRT,312.92,24.82,D
23.67638,69.31418,344.67,1.01,1,2026-05-06,1032,Aqua,MODIS,89,6.1NRT,315.19,30.35,D
23.67501,69.30466,332.23,1.01,1,2026-05-06,1032,Aqua,MODIS,57,6.1NRT,315,10.29,D
23.68511,69.31268,357.66,1.01,1,2026-05-06,1032,Aqua,MODIS,98,6.1NRT,314.34,58.21,D
23.68374,69.30315,344.42,1.01,1,2026-05-06,1032,Aqua,MODIS,89,6.1NRT,314.77,29.03,D
25.10044,76.10118,335.38,2.54,1.53,2026-05-06,1032,Aqua,MODIS,81,6.1NRT,313.09,68.6,D
25.09904,76.11849,332.76,2.55,1.54,2026-05-06,1032,Aqua,MODIS,77,6.1NRT,311.89,54.52,D
25.09673,76.09402,328.59,2.54,1.53,2026-05-06,1032,Aqua,MODIS,70,6.1NRT,312.36,33.73,D
21.10532,72.63606,325.99,1.27,1.12,2026-05-06,1032,Aqua,MODIS,46,6.1NRT,308.73,15.19,D
19.61395,73.20192,325.08,1.31,1.14,2026-05-06,1032,Aqua,MODIS,43,6.1NRT,307.29,6.41,D
19.61553,73.2141,326.63,1.31,1.14,2026-05-06,1032,Aqua,MODIS,56,6.1NRT,309.33,9.25,D
23.18642,69.63963,330.45,1.01,1.01,2026-05-06,1032,Aqua,MODIS,68,6.1NRT,312.59,10.79,D
30.05362,75.26077,323.68,2.57,1.54,2026-05-06,1034,Aqua,MODIS,62,6.1NRT,302.71,29.26,D
30.59109,75.51253,323.8,2.73,1.58,2026-05-06,1034,Aqua,MODIS,48,6.1NRT,300.6,37.18,D
31.2351,74.81154,324.51,2.48,1.52,2026-05-06,1034,Aqua,MODIS,69,6.1NRT,303.27,28.55,D
32.77779,74.54607,321.84,2.49,1.52,2026-05-06,1034,Aqua,MODIS,46,6.1NRT,301.01,25.21,D
29.25087,75.89062,323.83,2.79,1.6,2026-05-06,1034,Aqua,MODIS,56,6.1NRT,302.68,35.87,D
29.57178,74.52264,326.35,2.24,1.45,2026-05-06,1034,Aqua,MODIS,65,6.1NRT,304,28.16,D
29.97882,75.76173,323.65,2.79,1.6,2026-05-06,1034,Aqua,MODIS,60,6.1NRT,303.81,28.64,D
30.16273,76.5836,325.86,3.21,1.7,2026-05-06,1034,Aqua,MODIS,68,6.1NRT,302.24,59.86,D
20.40182,78.23108,310.78,1,1,2026-05-06,1529,Terra,MODIS,81,6.1NRT,299.66,4.62,N
15.67871,78.83231,315.12,1,1,2026-05-06,1529,Terra,MODIS,89,6.1NRT,295.83,10.36,N
15.6887,78.84001,307.63,1,1,2026-05-06,1529,Terra,MODIS,64,6.1NRT,296.28,4.39,N
15.68745,78.83099,326.5,1,1,2026-05-06,1529,Terra,MODIS,100,6.1NRT,296.15,21.41,N
15.33826,76.27718,308.45,1.2,1.09,2026-05-06,1529,Terra,MODIS,63,6.1NRT,297.3,5.84,N
15.76179,78.44355,310.87,1,1,2026-05-06,1529,Terra,MODIS,35,6.1NRT,294.47,6.94,N
16.84058,80.49722,314.2,1.09,1.04,2026-05-06,1529,Terra,MODIS,84,6.1NRT,297.25,9.57,N
17.20711,80.19888,316.34,1.07,1.03,2026-05-06,1529,Terra,MODIS,90,6.1NRT,298.48,11.66,N
17.24471,80.27731,314.32,1.08,1.04,2026-05-06,1529,Terra,MODIS,85,6.1NRT,297.97,9.69,N
17.25761,80.30565,309.35,1.08,1.04,2026-05-06,1529,Terra,MODIS,65,6.1NRT,298.1,5.2,N
17.26544,80.29445,309.81,1.08,1.04,2026-05-06,1529,Terra,MODIS,67,6.1NRT,297.96,5.57,N
17.52003,80.77296,311.84,1.14,1.06,2026-05-06,1529,Terra,MODIS,78,6.1NRT,297.88,7.83,N
17.83385,79.92027,308.39,1.06,1.03,2026-05-06,1529,Terra,MODIS,65,6.1NRT,297.66,5.14,N
18.46722,77.92601,314.09,1,1,2026-05-06,1529,Terra,MODIS,84,6.1NRT,299.15,7.97,N
18.55152,77.7215,310.27,1.01,1,2026-05-06,1529,Terra,MODIS,68,6.1NRT,299.32,5.48,N
18.55021,77.71227,310.91,1.01,1,2026-05-06,1529,Terra,MODIS,71,6.1NRT,299.32,5.68,N
18.60185,77.76072,309.15,1.01,1,2026-05-06,1529,Terra,MODIS,61,6.1NRT,298.18,5.17,N
18.49611,76.95384,316.72,1.05,1.02,2026-05-06,1529,Terra,MODIS,92,6.1NRT,298.88,12.03,N
18.70007,77.73936,310.49,1.01,1,2026-05-06,1529,Terra,MODIS,69,6.1NRT,299.79,5.77,N
18.72816,77.87631,308.67,1,1,2026-05-06,1529,Terra,MODIS,53,6.1NRT,298.66,4.28,N
19.74297,79.87434,309.57,1.09,1.04,2026-05-06,1529,Terra,MODIS,71,6.1NRT,296.82,5.66,N
19.53349,78.14664,316.28,1,1,2026-05-06,1529,Terra,MODIS,90,6.1NRT,297.4,10.55,N
19.53222,78.13741,316.07,1,1,2026-05-06,1529,Terra,MODIS,90,6.1NRT,297.7,10.4,N
19.6351,78.36701,317.31,1,1,2026-05-06,1529,Terra,MODIS,93,6.1NRT,299.69,10.03,N
19.63384,78.35773,309.59,1,1,2026-05-06,1529,Terra,MODIS,65,6.1NRT,299.45,3.87,N
19.65074,78.39664,311.88,1,1,2026-05-06,1529,Terra,MODIS,77,6.1NRT,299.21,6.17,N
19.64056,78.19018,314.22,1,1,2026-05-06,1529,Terra,MODIS,85,6.1NRT,298.67,8.89,N
20.97247,86.00326,304.96,2.96,1.64,2026-05-06,1529,Terra,MODIS,55,6.1NRT,294.14,17.19,N
19.48757,74.01528,306.17,1.43,1.18,2026-05-06,1529,Terra,MODIS,51,6.1NRT,295.75,5.83,N
20.96844,85.1687,311.57,2.55,1.54,2026-05-06,1529,Terra,MODIS,81,6.1NRT,295.7,29.97,N
20.96321,85.16358,307.33,2.55,1.54,2026-05-06,1529,Terra,MODIS,42,6.1NRT,295.67,16.45,N
20.17667,75.9364,320.53,1.1,1.05,2026-05-06,1529,Terra,MODIS,100,6.1NRT,297.28,17.3,N
21.74473,83.84476,309.62,2.07,1.4,2026-05-06,1529,Terra,MODIS,78,6.1NRT,295.99,20.01,N
21.74806,83.8386,310.07,2.07,1.4,2026-05-06,1529,Terra,MODIS,79,6.1NRT,295.8,19.49,N
21.71885,78.15969,305.68,1.01,1,2026-05-06,1529,Terra,MODIS,58,6.1NRT,293.77,5.75,N
21.89618,79.22793,309.55,1.08,1.04,2026-05-06,1529,Terra,MODIS,78,6.1NRT,293.51,9.57,N
22.11794,79.08989,310.85,1.07,1.03,2026-05-06,1529,Terra,MODIS,81,6.1NRT,295.16,9.89,N
22.11664,79.07984,308.41,1.07,1.03,2026-05-06,1529,Terra,MODIS,74,6.1NRT,294.08,7.93,N
22.15046,79.27063,315.01,1.09,1.04,2026-05-06,1529,Terra,MODIS,90,6.1NRT,295.26,13.8,N
21.80243,75.92692,309.87,1.06,1.03,2026-05-06,1529,Terra,MODIS,66,6.1NRT,298.29,6.31,N
21.81142,75.92538,314.39,1.06,1.03,2026-05-06,1529,Terra,MODIS,84,6.1NRT,298.37,9.51,N
22.32436,79.12252,307.02,1.08,1.04,2026-05-06,1529,Terra,MODIS,67,6.1NRT,293.85,7.38,N
22.15588,76.90247,307.29,1.01,1,2026-05-06,1529,Terra,MODIS,54,6.1NRT,296.72,5.26,N
22.27035,77.66314,307.6,1,1,2026-05-06,1529,Terra,MODIS,62,6.1NRT,296.88,4.85,N
22.22905,76.89419,313.43,1.01,1,2026-05-06,1529,Terra,MODIS,82,6.1NRT,297.05,9.44,N
22.54739,79.21249,310.4,1.09,1.04,2026-05-06,1529,Terra,MODIS,77,6.1NRT,296.99,8.28,N
22.34103,77.0334,316.63,1,1,2026-05-06,1529,Terra,MODIS,92,6.1NRT,296.28,12.59,N
22.33971,77.02397,313.96,1,1,2026-05-06,1529,Terra,MODIS,84,6.1NRT,297.05,10.28,N
22.34051,76.9659,307.89,1,1,2026-05-06,1529,Terra,MODIS,60,6.1NRT,296.38,5.49,N
22.5648,76.53118,311.4,1.02,1.01,2026-05-06,1529,Terra,MODIS,66,6.1NRT,296.52,8.94,N
22.75813,77.05575,309.02,1,1,2026-05-06,1529,Terra,MODIS,69,6.1NRT,296.95,6.12,N
22.7664,76.98672,311.34,1,1,2026-05-06,1529,Terra,MODIS,78,6.1NRT,298.85,6.49,N
22.94648,76.87092,309.58,1,1,2026-05-06,1529,Terra,MODIS,71,6.1NRT,298.15,6.03,N
23.10504,76.55965,307.06,1.01,1,2026-05-06,1529,Terra,MODIS,61,6.1NRT,296.78,5.27,N
23.44533,78.81844,309.08,1.07,1.03,2026-05-06,1529,Terra,MODIS,72,6.1NRT,295.75,7.37,N
23.40813,78.16944,305.56,1.03,1.01,2026-05-06,1529,Terra,MODIS,55,6.1NRT,295.03,5.12,N
23.29875,77.21979,312.65,1,1,2026-05-06,1529,Terra,MODIS,83,6.1NRT,296.46,9.44,N
23.54789,79.04784,307.35,1.09,1.04,2026-05-06,1529,Terra,MODIS,66,6.1NRT,296.21,5.63,N
23.26286,76.8964,311.28,1,1,2026-05-06,1529,Terra,MODIS,78,6.1NRT,296.46,8.27,N
23.55702,79.04649,307.28,1.09,1.04,2026-05-06,1529,Terra,MODIS,66,6.1NRT,296.32,5.56,N
23.09833,75.4389,315.81,1.08,1.04,2026-05-06,1529,Terra,MODIS,90,6.1NRT,298.4,12.3,N
23.09683,75.42871,320.64,1.08,1.04,2026-05-06,1529,Terra,MODIS,100,6.1NRT,297.9,17.31,N
23.10619,75.43163,314.55,1.08,1.04,2026-05-06,1529,Terra,MODIS,87,6.1NRT,298.09,11.02,N
23.11615,75.25102,308.63,1.1,1.04,2026-05-06,1529,Terra,MODIS,67,6.1NRT,297.65,6.26,N
23.58412,78.39626,321.14,1.04,1.02,2026-05-06,1529,Terra,MODIS,100,6.1NRT,294.26,18.79,N
23.58283,78.38637,304.77,1.04,1.02,2026-05-06,1529,Terra,MODIS,52,6.1NRT,294.52,5.23,N
23.69939,79.08737,314.02,1.1,1.05,2026-05-06,1529,Terra,MODIS,87,6.1NRT,295.64,12.51,N
23.47334,77.34357,317.13,1,1,2026-05-06,1529,Terra,MODIS,94,6.1NRT,296.13,13.34,N
23.46038,77.2487,312.39,1,1,2026-05-06,1529,Terra,MODIS,82,6.1NRT,297.19,8.83,N
23.6379,78.31102,309.11,1.04,1.02,2026-05-06,1529,Terra,MODIS,73,6.1NRT,295.72,7.34,N
23.49924,77.2714,308.97,1,1,2026-05-06,1529,Terra,MODIS,71,6.1NRT,295.67,6.57,N
23.61351,78.05537,309.93,1.02,1.01,2026-05-06,1529,Terra,MODIS,75,6.1NRT,295.95,7.7,N
23.81244,78.88406,305.28,1.08,1.04,2026-05-06,1529,Terra,MODIS,57,6.1NRT,295.17,5.22,N
23.64969,76.89452,321.13,1,1,2026-05-06,1529,Terra,MODIS,100,6.1NRT,296.25,16.67,N
23.64837,76.88503,308.51,1,1,2026-05-06,1529,Terra,MODIS,69,6.1NRT,296.26,6.24,N
23.68072,76.77639,307.7,1,1,2026-05-06,1529,Terra,MODIS,65,6.1NRT,297.63,5.46,N
24.30394,77.50059,306.22,1.01,1,2026-05-06,1531,Terra,MODIS,60,6.1NRT,295.87,5.35,N
24.21645,75.81159,312.19,1.03,1.01,2026-05-06,1531,Terra,MODIS,80,6.1NRT,296.87,9.24,N
23.5914,75.39731,308.34,1.07,1.03,2026-05-06,1531,Terra,MODIS,64,6.1NRT,298.13,5.16,N
25.08858,77.09983,310.72,1,1,2026-05-06,1531,Terra,MODIS,77,6.1NRT,296.25,7.59,N
24.26319,75.88367,311.22,1.03,1.01,2026-05-06,1531,Terra,MODIS,77,6.1NRT,296.34,8.27,N
23.54901,75.30045,308.61,1.08,1.04,2026-05-06,1531,Terra,MODIS,65,6.1NRT,296.71,6.14,N
23.6004,75.39569,308.74,1.07,1.03,2026-05-06,1531,Terra,MODIS,66,6.1NRT,298.06,5.48,N
23.69259,75.6412,311.31,1.05,1.02,2026-05-06,1531,Terra,MODIS,77,6.1NRT,297.98,7.26,N
23.69111,75.63124,315.18,1.05,1.02,2026-05-06,1531,Terra,MODIS,89,6.1NRT,297.72,10.67,N
23.99413,77.52049,316.95,1.01,1,2026-05-06,1531,Terra,MODIS,93,6.1NRT,295.55,13.07,N
23.71356,75.411,308.16,1.07,1.03,2026-05-06,1531,Terra,MODIS,64,6.1NRT,297.97,4.89,N
23.58683,75.36683,307.34,1.07,1.03,2026-05-06,1531,Terra,MODIS,59,6.1NRT,297.17,4.79,N
23.91335,76.60776,309.85,1,1,2026-05-06,1531,Terra,MODIS,74,6.1NRT,296.2,7.35,N
24.08725,76.59527,319.02,1,1,2026-05-06,1531,Terra,MODIS,98,6.1NRT,298.2,13.81,N
24.07023,75.57005,310.38,1.05,1.02,2026-05-06,1531,Terra,MODIS,73,6.1NRT,297.83,7.22,N
29.6099,74.45006,307.57,1.03,1.01,2026-05-06,1531,Terra,MODIS,70,6.1NRT,296.86,6.29,N
25.71184,76.11888,308.35,1.01,1,2026-05-06,1531,Terra,MODIS,66,6.1NRT,297.87,5.51,N
25.64552,76.17654,311.2,1,1,2026-05-06,1531,Terra,MODIS,77,6.1NRT,298.15,6.91,N
25.33627,76.54136,307.15,1,1,2026-05-06,1531,Terra,MODIS,61,6.1NRT,297.12,5.06,N
25.21315,76.19335,309.44,1.01,1,2026-05-06,1531,Terra,MODIS,72,6.1NRT,295.87,6.9,N
25.34745,77.79259,320.13,1.03,1.01,2026-05-06,1531,Terra,MODIS,100,6.1NRT,296.56,16.64,N
25.08727,77.0902,321.06,1,1,2026-05-06,1531,Terra,MODIS,100,6.1NRT,296.49,16.43,N
31.7023,75.60311,304.1,1.01,1,2026-05-06,1533,Terra,MODIS,58,6.1NRT,291.08,5.64,N
32.18281,75.52904,301.9,1.01,1,2026-05-06,1533,Terra,MODIS,45,6.1NRT,291.89,3.74,N
32.15886,75.41705,305.23,1,1,2026-05-06,1533,Terra,MODIS,63,6.1NRT,291.86,5.44,N
32.16024,75.42737,302.07,1,1,2026-05-06,1533,Terra,MODIS,42,6.1NRT,291.66,3.62,N
32.06739,75.35573,302.64,1,1,2026-05-06,1533,Terra,MODIS,50,6.1NRT,291.95,4.48,N
32.20357,75.4827,309.6,1.01,1,2026-05-06,1533,Terra,MODIS,53,6.1NRT,292.33,7.58,N
32.19757,75.50504,327.73,1.01,1,2026-05-06,1533,Terra,MODIS,100,6.1NRT,293.46,23.79,N
32.16899,75.4257,302.34,1,1,2026-05-06,1533,Terra,MODIS,27,6.1NRT,291.33,3.63,N
21.1097,72.64415,318.94,1.05,1.03,2026-05-06,2240,Aqua,MODIS,97,6.1NRT,300.28,14.49,N
20.76692,75.11872,316.82,1.03,1.01,2026-05-06,2240,Aqua,MODIS,94,6.1NRT,294.64,14.51,N
22.06796,76.87257,301.17,1.16,1.07,2026-05-06,2240,Aqua,MODIS,38,6.1NRT,290.75,3.94,N
15.08058,78.58868,306.15,2,1.38,2026-05-06,2240,Aqua,MODIS,67,6.1NRT,294.14,13.45,N
24.0273,79.12975,346.78,1.28,1.12,2026-05-07,0336,Terra,MODIS,92,6.1NRT,309.63,60.39,D
24.47932,77.68365,324.72,1.6,1.25,2026-05-07,0336,Terra,MODIS,64,6.1NRT,309.82,15.51,D
24.39442,78.78873,328.52,1.35,1.15,2026-05-07,0336,Terra,MODIS,73,6.1NRT,306.21,19.28,D
24.39396,78.78217,323.47,1.35,1.15,2026-05-07,0336,Terra,MODIS,59,6.1NRT,306.63,12.33,D
24.73459,76.24226,324.21,2.04,1.39,2026-05-07,0336,Terra,MODIS,61,6.1NRT,308.59,18.44,D
24.75513,76.28428,325.34,2.03,1.39,2026-05-07,0336,Terra,MODIS,29,6.1NRT,308.87,18.41,D
24.77297,76.27246,324.94,2.04,1.39,2026-05-07,0336,Terra,MODIS,68,6.1NRT,308.58,18.7,D
24.3906,80.06328,329.62,1.15,1.07,2026-05-07,0336,Terra,MODIS,78,6.1NRT,306.81,17.91,D
24.39201,80.0522,327.92,1.15,1.07,2026-05-07,0336,Terra,MODIS,76,6.1NRT,306.75,15.25,D
24.5091,79.35159,330.42,1.26,1.11,2026-05-07,0336,Terra,MODIS,78,6.1NRT,301.87,26.4,D
24.5106,79.33947,334.93,1.26,1.11,2026-05-07,0336,Terra,MODIS,83,6.1NRT,302.18,34.89,D
24.51166,79.34616,346.93,1.26,1.11,2026-05-07,0336,Terra,MODIS,92,6.1NRT,302.9,63.34,D
23.82492,84.57564,320.38,1.11,1.05,2026-05-07,0336,Terra,MODIS,63,6.1NRT,305.83,8.28,D
24.765,77.87854,323.93,1.57,1.23,2026-05-07,0336,Terra,MODIS,58,6.1NRT,306.06,16.33,D
25.02732,76.70708,323.16,1.91,1.35,2026-05-07,0336,Terra,MODIS,65,6.1NRT,306.33,16.78,D
24.61113,80.56704,321.88,1.1,1.05,2026-05-07,0336,Terra,MODIS,69,6.1NRT,304.14,8.27,D
25.09576,77.15546,346.54,1.78,1.31,2026-05-07,0336,Terra,MODIS,92,6.1NRT,307.92,92.42,D
22.05892,77.67353,322.01,1.49,1.2,2026-05-07,0336,Terra,MODIS,53,6.1NRT,305.24,11.85,D
25.17701,77.67935,325.07,1.64,1.26,2026-05-07,0336,Terra,MODIS,72,6.1NRT,300.88,22.74,D
25.32792,83.38454,320.58,1.01,1,2026-05-07,0336,Terra,MODIS,62,6.1NRT,305.73,5.88,D
25.32934,83.37482,322.64,1.01,1,2026-05-07,0336,Terra,MODIS,67,6.1NRT,305.9,8.16,D
28.79866,76.83057,319.14,2.1,1.41,2026-05-07,0336,Terra,MODIS,60,6.1NRT,299.22,15.58,D
29.38935,75.12664,320.35,2.83,1.61,2026-05-07,0336,Terra,MODIS,64,6.1NRT,302.96,25.42,D
29.6726,76.30669,319.24,2.35,1.48,2026-05-07,0336,Terra,MODIS,65,6.1NRT,299.02,20.89,D
29.73032,76.09318,321.84,2.44,1.51,2026-05-07,0336,Terra,MODIS,70,6.1NRT,299.58,32.43,D
22.78948,77.45648,324.55,1.57,1.24,2026-05-07,0336,Terra,MODIS,51,6.1NRT,307.72,15.3,D
21.83741,84.38792,316.19,1.15,1.07,2026-05-07,0336,Terra,MODIS,59,6.1NRT,304.36,6.52,D
21.76418,84.02178,318.83,1.11,1.05,2026-05-07,0336,Terra,MODIS,65,6.1NRT,304.9,8.2,D
21.74624,83.84352,324.95,1.09,1.04,2026-05-07,0336,Terra,MODIS,75,6.1NRT,305.81,13.24,D
21.73712,83.8419,321.3,1.09,1.04,2026-05-07,0336,Terra,MODIS,48,6.1NRT,305.53,9.15,D
22.33323,79.46599,325.08,1.17,1.08,2026-05-07,0336,Terra,MODIS,70,6.1NRT,310.9,7.68,D
22.24705,79.00211,325.01,1.24,1.11,2026-05-07,0336,Terra,MODIS,70,6.1NRT,309.26,10.55,D
21.99552,79.07208,326.67,1.22,1.1,2026-05-07,0336,Terra,MODIS,73,6.1NRT,307.39,15.32,D
21.9941,79.0836,328.43,1.22,1.1,2026-05-07,0336,Terra,MODIS,76,6.1NRT,308.54,18.29,D
25.10729,77.15681,352.67,1.78,1.31,2026-05-07,0336,Terra,MODIS,96,6.1NRT,308.06,122.34,D
22.05734,77.68752,322.2,1.48,1.2,2026-05-07,0336,Terra,MODIS,54,6.1NRT,304.36,12.18,D
22.05255,77.68075,328.38,1.48,1.2,2026-05-07,0336,Terra,MODIS,72,6.1NRT,305.18,24.38,D
21.31192,83.10912,324.19,1.04,1.02,2026-05-07,0336,Terra,MODIS,48,6.1NRT,309.15,7.76,D
22.57837,79.63218,327.87,1.16,1.07,2026-05-07,0336,Terra,MODIS,64,6.1NRT,309.84,13.32,D
23.03711,75.41509,329.77,2.23,1.45,2026-05-07,0336,Terra,MODIS,73,6.1NRT,310.8,34.73,D
22.68411,79.89605,324.65,1.13,1.06,2026-05-07,0336,Terra,MODIS,68,6.1NRT,311.86,8.57,D
23.26049,75.38741,327.34,2.26,1.46,2026-05-07,0336,Terra,MODIS,67,6.1NRT,311.98,24.44,D
23.24981,76.60731,325.45,1.83,1.33,2026-05-07,0336,Terra,MODIS,63,6.1NRT,310.71,15.43,D
23.0453,79.57151,330.6,1.18,1.08,2026-05-07,0336,Terra,MODIS,77,6.1NRT,305.75,25.13,D
23.0467,79.56029,320.39,1.18,1.08,2026-05-07,0336,Terra,MODIS,49,6.1NRT,304.91,10.89,D
23.37607,77.32195,328.44,1.64,1.26,2026-05-07,0336,Terra,MODIS,69,6.1NRT,311.22,18.23,D
23.37847,77.31229,325.79,1.64,1.26,2026-05-07,0336,Terra,MODIS,59,6.1NRT,311.18,12.94,D
22.04018,83.73574,323.46,1.07,1.03,2026-05-07,0336,Terra,MODIS,73,6.1NRT,305.48,12.83,D
23.30171,78.106,324.25,1.45,1.19,2026-05-07,0336,Terra,MODIS,56,6.1NRT,309.24,12.3,D
23.4057,78.18246,326.99,1.43,1.18,2026-05-07,0336,Terra,MODIS,65,6.1NRT,311.22,15.13,D
23.56989,76.91461,326.66,1.76,1.3,2026-05-07,0336,Terra,MODIS,63,6.1NRT,312.03,15.89,D
23.42994,78.58345,328.95,1.35,1.15,2026-05-07,0336,Terra,MODIS,71,6.1NRT,309.83,20.57,D
23.45,79.26814,332.31,1.24,1.1,2026-05-07,0336,Terra,MODIS,77,6.1NRT,313.17,21.33,D
23.68279,77.24056,324.99,1.68,1.27,2026-05-07,0336,Terra,MODIS,56,6.1NRT,308.3,14.55,D
23.45974,79.26942,348.99,1.24,1.1,2026-05-07,0336,Terra,MODIS,93,6.1NRT,313.48,59.09,D
23.46119,79.25758,335.34,1.24,1.11,2026-05-07,0336,Terra,MODIS,81,6.1NRT,311.4,26.06,D
23.6372,78.04142,326.96,1.47,1.2,2026-05-07,0336,Terra,MODIS,64,6.1NRT,311.61,13.89,D
23.57624,78.89851,325.88,1.3,1.13,2026-05-07,0336,Terra,MODIS,64,6.1NRT,311.92,11.94,D
23.58956,78.78571,329.44,1.32,1.14,2026-05-07,0336,Terra,MODIS,72,6.1NRT,311.52,19.01,D
23.16137,82.34132,320.81,1,1,2026-05-07,0336,Terra,MODIS,41,6.1NRT,307.07,7.37,D
23.77224,78.08596,332.39,1.47,1.2,2026-05-07,0336,Terra,MODIS,76,6.1NRT,313.09,26.37,D
23.72086,78.96256,327.23,1.29,1.13,2026-05-07,0336,Terra,MODIS,68,6.1NRT,313.03,12.97,D
24.13815,76.37063,324.91,1.96,1.37,2026-05-07,0336,Terra,MODIS,62,6.1NRT,310.1,18.36,D
24.14005,76.35182,349.33,1.97,1.37,2026-05-07,0336,Terra,MODIS,93,6.1NRT,312.28,121.32,D
23.81065,79.98627,324.85,1.15,1.07,2026-05-07,0336,Terra,MODIS,65,6.1NRT,307.89,11.95,D
24.33913,75.90112,329.29,2.14,1.42,2026-05-07,0336,Terra,MODIS,64,6.1NRT,310.03,39.17,D
24.34069,75.90839,325.68,2.14,1.42,2026-05-07,0336,Terra,MODIS,58,6.1NRT,309.52,25.44,D
24.02583,79.14194,327.29,1.28,1.12,2026-05-07,0336,Terra,MODIS,69,6.1NRT,308.91,17.21,D
21.85436,76.12411,327.91,1.9,1.35,2026-05-07,0338,Terra,MODIS,69,6.1NRT,310.11,19.81,D
22.15208,76.07252,327.96,1.94,1.36,2026-05-07,0338,Terra,MODIS,72,6.1NRT,307.27,25.43,D
22.14685,76.06497,324.87,1.94,1.36,2026-05-07,0338,Terra,MODIS,63,6.1NRT,307.43,16.06,D
15.17003,78.53233,330.46,1.1,1.05,2026-05-07,0338,Terra,MODIS,80,6.1NRT,303.98,19.74,D
15.32037,78.01485,319.27,1.17,1.08,2026-05-07,0338,Terra,MODIS,34,6.1NRT,296.5,7.24,D
15.37229,78.20358,322.95,1.15,1.07,2026-05-07,0338,Terra,MODIS,69,6.1NRT,303.4,9.55,D
15.42945,79.13493,321.71,1.05,1.02,2026-05-07,0338,Terra,MODIS,54,6.1NRT,302.87,8.9,D
15.86234,77.83291,327.67,1.21,1.1,2026-05-07,0338,Terra,MODIS,69,6.1NRT,300.69,19.6,D
15.8771,77.97495,323.54,1.19,1.09,2026-05-07,0338,Terra,MODIS,72,6.1NRT,301.39,11.46,D
16.60376,76.51283,322.51,1.5,1.21,2026-05-07,0338,Terra,MODIS,54,6.1NRT,300.81,14.03,D
16.99843,80.25349,318.21,1.01,1,2026-05-07,0338,Terra,MODIS,39,6.1NRT,300.18,7.99,D
16.95025,80.65868,325.85,1,1,2026-05-07,0338,Terra,MODIS,76,6.1NRT,303.06,12.75,D
17.14127,79.75674,317.45,1.04,1.02,2026-05-07,0338,Terra,MODIS,39,6.1NRT,299.74,6.73,D
17.68068,77.3482,319.63,1.37,1.16,2026-05-07,0338,Terra,MODIS,52,6.1NRT,301.49,8.84,D
17.29465,80.30671,318.94,1.01,1.01,2026-05-07,0338,Terra,MODIS,46,6.1NRT,301.22,8.31,D
17.30965,82.1929,314.04,1.04,1.02,2026-05-07,0338,Terra,MODIS,53,6.1NRT,298.78,5.91,D
17.35852,82.35718,316.91,1.05,1.02,2026-05-07,0338,Terra,MODIS,56,6.1NRT,299.58,7.54,D
17.70604,80.00175,319.99,1.03,1.01,2026-05-07,0338,Terra,MODIS,58,6.1NRT,300.41,8.37,D
17.77458,79.50365,323.17,1.06,1.03,2026-05-07,0338,Terra,MODIS,67,6.1NRT,301.89,12.06,D
17.78273,79.5108,320.72,1.06,1.03,2026-05-07,0338,Terra,MODIS,55,6.1NRT,300.61,7.52,D
17.78403,79.50105,322.19,1.06,1.03,2026-05-07,0338,Terra,MODIS,62,6.1NRT,301.57,9.7,D
17.9329,79.55868,319.62,1.06,1.03,2026-05-07,0338,Terra,MODIS,33,6.1NRT,300.86,8.99,D
17.70831,81.67947,317.1,1.01,1.01,2026-05-07,0338,Terra,MODIS,61,6.1NRT,298.51,8.7,D
17.70966,81.67022,320.8,1.01,1,2026-05-07,0338,Terra,MODIS,70,6.1NRT,298.63,12.07,D
21.34009,81.26305,328.43,1.01,1,2026-05-07,0338,Terra,MODIS,77,6.1NRT,309.2,11.18,D
21.84869,76.12952,331.33,1.9,1.35,2026-05-07,0338,Terra,MODIS,75,6.1NRT,310.59,28.93,D
21.84248,76.12267,331.42,1.9,1.35,2026-05-07,0338,Terra,MODIS,76,6.1NRT,310.61,29.58,D
20.60026,84.48126,317.65,1.2,1.09,2026-05-07,0338,Terra,MODIS,60,6.1NRT,302.47,8.3,D
21.33144,79.24285,335.3,1.17,1.08,2026-05-07,0338,Terra,MODIS,83,6.1NRT,306.72,25.66,D
20.99439,81.29045,323.79,1.01,1,2026-05-07,0338,Terra,MODIS,71,6.1NRT,308.18,6.1,D
21.16346,79.49345,323.29,1.14,1.06,2026-05-07,0338,Terra,MODIS,64,6.1NRT,305.94,7.43,D
20.17496,79.93855,319.79,1.07,1.03,2026-05-07,0338,Terra,MODIS,56,6.1NRT,301.63,6.75,D
20.03978,79.71169,320.96,1.09,1.04,2026-05-07,0338,Terra,MODIS,42,6.1NRT,301.9,7.32,D
20.4096,75.8719,327.29,1.9,1.35,2026-05-07,0338,Terra,MODIS,68,6.1NRT,307.05,23.99,D
19.75198,79.8661,324.92,1.07,1.03,2026-05-07,0338,Terra,MODIS,75,6.1NRT,302.29,11.67,D
19.75063,79.87603,332.39,1.07,1.03,2026-05-07,0338,Terra,MODIS,83,6.1NRT,302.6,21.99,D
20.18372,75.93869,325.81,1.86,1.33,2026-05-07,0338,Terra,MODIS,66,6.1NRT,307.87,18.57,D
19.81732,78.12425,330.88,1.3,1.13,2026-05-07,0338,Terra,MODIS,77,6.1NRT,301.89,21.83,D
19.80734,78.12297,328.1,1.3,1.13,2026-05-07,0338,Terra,MODIS,73,6.1NRT,301.83,15.89,D
19.60056,79.4828,326.33,1.1,1.05,2026-05-07,0338,Terra,MODIS,71,6.1NRT,297.36,17.04,D
19.09603,82.16953,316.54,1.02,1.01,2026-05-07,0338,Terra,MODIS,65,6.1NRT,301.1,6.63,D
19.20101,79.64735,322.55,1.08,1.04,2026-05-07,0338,Terra,MODIS,69,6.1NRT,301.78,8.11,D
18.73591,77.88004,323.99,1.31,1.13,2026-05-07,0338,Terra,MODIS,65,6.1NRT,303.39,10.97,D
18.69688,77.7824,320.9,1.32,1.14,2026-05-07,0338,Terra,MODIS,42,6.1NRT,301.24,7.18,D
18.60764,78.41175,329.58,1.21,1.09,2026-05-07,0338,Terra,MODIS,77,6.1NRT,304.39,20.65,D
18.36571,78.86232,319.22,1.14,1.07,2026-05-07,0338,Terra,MODIS,53,6.1NRT,302.03,7.34,D
13.59205,76.35438,324.22,1.4,1.17,2026-05-07,0340,Terra,MODIS,76,6.1NRT,300.06,18.4,D
13.58499,76.34733,319.18,1.4,1.17,2026-05-07,0340,Terra,MODIS,55,6.1NRT,299.94,10.48,D
15.0618,78.58238,323.85,1.1,1.04,2026-05-07,0340,Terra,MODIS,67,6.1NRT,303.76,8.52,D
15.03427,78.5212,333.39,1.1,1.05,2026-05-07,0340,Terra,MODIS,82,6.1NRT,305.14,21.21,D
14.9974,78.51611,326.09,1.1,1.05,2026-05-07,0340,Terra,MODIS,73,6.1NRT,304.75,10.08,D
14.83521,79.5725,324.21,1.02,1.01,2026-05-07,0340,Terra,MODIS,70,6.1NRT,302.05,9.41,D
15.07221,78.64441,324.27,1.09,1.04,2026-05-07,0340,Terra,MODIS,54,6.1NRT,302,11.79,D
14.33121,78.2729,321.43,1.11,1.05,2026-05-07,0340,Terra,MODIS,64,6.1NRT,303.17,7.45,D
13.22642,79.80041,317.09,1,1,2026-05-07,0340,Terra,MODIS,43,6.1NRT,297.77,7.8,D
15.89236,80.12785,322.12,1.9,1.35,2026-05-07,0930,Aqua,MODIS,39,6.1NRT,300.58,15.09,D
17.72872,80.35952,323.03,1.68,1.27,2026-05-07,0930,Aqua,MODIS,41,6.1NRT,301.27,19.06,D
18.07164,81.53784,326.97,1.37,1.16,2026-05-07,0930,Aqua,MODIS,76,6.1NRT,302.35,23.14,D
17.82953,79.87144,326.45,1.82,1.32,2026-05-07,0930,Aqua,MODIS,67,6.1NRT,299.24,28.73,D
17.82667,79.85506,328,1.82,1.32,2026-05-07,0930,Aqua,MODIS,75,6.1NRT,303.75,32.72,D
18.6706,83.75439,318.77,1.05,1.02,2026-05-07,0930,Aqua,MODIS,67,6.1NRT,298.69,10.03,D
18.76313,83.81017,320.84,1.04,1.02,2026-05-07,0930,Aqua,MODIS,47,6.1NRT,301.13,11.86,D
19.67685,84.02766,315.83,1.02,1.01,2026-05-07,0930,Aqua,MODIS,62,6.1NRT,299.58,8.03,D
18.69523,78.76685,325.06,2.12,1.41,2026-05-07,0930,Aqua,MODIS,52,6.1NRT,303.34,35.73,D
19.67545,84.01849,314.55,1.02,1.01,2026-05-07,0930,Aqua,MODIS,58,6.1NRT,298.37,6.93,D
19.66984,83.92252,319.81,1.02,1.01,2026-05-07,0930,Aqua,MODIS,67,6.1NRT,298.05,13.43,D
19.91815,83.91041,335.65,1.02,1.01,2026-05-07,0930,Aqua,MODIS,87,6.1NRT,303.16,27.87,D
19.9167,83.90094,328.84,1.02,1.01,2026-05-07,0930,Aqua,MODIS,82,6.1NRT,303.94,18.28,D
16.11096,80.78828,336.52,1.68,1.27,2026-05-07,0930,Aqua,MODIS,85,6.1NRT,300.83,54.51,D
16.16178,80.74074,332.71,1.68,1.28,2026-05-07,0930,Aqua,MODIS,82,6.1NRT,294.94,47.4,D
16.15914,80.72564,322.49,1.69,1.28,2026-05-07,0930,Aqua,MODIS,46,6.1NRT,295.52,22.07,D
17.35018,80.85417,321.27,1.57,1.24,2026-05-07,0930,Aqua,MODIS,53,6.1NRT,302.16,13.28,D
25.32798,83.38412,328.49,1,1,2026-05-07,0932,Aqua,MODIS,75,6.1NRT,306.4,9.94,D
25.46066,83.6004,325.88,1,1,2026-05-07,0932,Aqua,MODIS,72,6.1NRT,306.21,8.37,D
25.40835,83.24561,326,1,1,2026-05-07,0932,Aqua,MODIS,72,6.1NRT,305.3,9.55,D
25.54281,83.64787,324.46,1,1,2026-05-07,0932,Aqua,MODIS,67,6.1NRT,305.42,7.72,D
25.47551,81.80991,323.24,1.07,1.03,2026-05-07,0932,Aqua,MODIS,29,6.1NRT,306.72,9.69,D
25.47885,81.71425,338.42,1.07,1.03,2026-05-07,0932,Aqua,MODIS,87,6.1NRT,310.07,27.86,D
25.48782,81.71248,335.69,1.07,1.03,2026-05-07,0932,Aqua,MODIS,84,6.1NRT,309.48,23.1,D
25.49563,81.70549,324.68,1.07,1.03,2026-05-07,0932,Aqua,MODIS,69,6.1NRT,308.77,10.34,D
25.81252,79.66895,325.38,1.33,1.14,2026-05-07,0932,Aqua,MODIS,76,6.1NRT,303.92,16.78,D
26.93942,82.71655,325.82,1,1,2026-05-07,0932,Aqua,MODIS,75,6.1NRT,300.95,13.42,D
26.93797,82.70682,320.49,1,1,2026-05-07,0932,Aqua,MODIS,58,6.1NRT,300.46,8,D
25.31928,83.3857,326.88,1,1,2026-05-07,0932,Aqua,MODIS,73,6.1NRT,306.74,7.79,D
20.07608,81.01263,323.88,1.37,1.16,2026-05-07,0932,Aqua,MODIS,55,6.1NRT,307.82,13.35,D
21.35575,84.37968,319.84,1,1,2026-05-07,0932,Aqua,MODIS,54,6.1NRT,306.8,6.91,D
21.21333,83.23767,327.51,1.04,1.02,2026-05-07,0932,Aqua,MODIS,25,6.1NRT,303.36,15.42,D
20.78199,80.24664,324.4,1.5,1.21,2026-05-07,0932,Aqua,MODIS,61,6.1NRT,308.99,13.86,D
20.77964,80.23293,326.32,1.5,1.21,2026-05-07,0932,Aqua,MODIS,67,6.1NRT,308.76,17.82,D
21.57109,85.14443,342.43,1.01,1.01,2026-05-07,0932,Aqua,MODIS,90,6.1NRT,286.74,47.56,D
21.56974,85.13495,315.03,1.01,1.01,2026-05-07,0932,Aqua,MODIS,48,6.1NRT,283.83,12.53,D
21.62566,83.9452,325.81,1.01,1,2026-05-07,0932,Aqua,MODIS,0,6.1NRT,312.12,7.3,D
21.70106,83.88707,331.25,1.01,1,2026-05-07,0932,Aqua,MODIS,60,6.1NRT,309.03,16.65,D
21.73907,83.84193,328.09,1.01,1,2026-05-07,0932,Aqua,MODIS,69,6.1NRT,310.93,10.73,D
22.23396,85.33968,322.87,1.03,1.01,2026-05-07,0932,Aqua,MODIS,72,6.1NRT,307.1,10.77,D
21.84423,80.85442,325.6,1.31,1.14,2026-05-07,0932,Aqua,MODIS,60,6.1NRT,311.73,11.55,D
22.74187,85.26839,312.96,1.03,1.01,2026-05-07,0932,Aqua,MODIS,21,6.1NRT,297.5,7.11,D
22.79841,81.11929,342.73,1.23,1.1,2026-05-07,0932,Aqua,MODIS,89,6.1NRT,311.84,47.1,D
23.0519,81.28994,325.56,1.19,1.09,2026-05-07,0932,Aqua,MODIS,67,6.1NRT,310.62,12.9,D
23.05002,81.27863,325.52,1.2,1.09,2026-05-07,0932,Aqua,MODIS,59,6.1NRT,309.71,13.18,D
23.99776,82.79012,323.86,1.03,1.01,2026-05-07,0932,Aqua,MODIS,57,6.1NRT,307.89,9.57,D
23.60732,80.30029,329.68,1.33,1.14,2026-05-07,0932,Aqua,MODIS,75,6.1NRT,310.73,21.7,D
23.71126,80.7902,326.03,1.24,1.11,2026-05-07,0932,Aqua,MODIS,70,6.1NRT,308.83,13.8,D
23.96692,79.99147,328.27,1.37,1.16,2026-05-07,0932,Aqua,MODIS,72,6.1NRT,308.05,18.23,D
24.21155,80.76596,342.91,1.22,1.1,2026-05-07,0932,Aqua,MODIS,89,6.1NRT,310.24,45.56,D
24.20964,80.75441,326.84,1.23,1.1,2026-05-07,0932,Aqua,MODIS,72,6.1NRT,308.91,13.64,D
25.19784,84.34374,327.21,1.02,1.01,2026-05-07,0932,Aqua,MODIS,64,6.1NRT,303.92,12.67,D
25.20661,84.34222,330.7,1.02,1.01,2026-05-07,0932,Aqua,MODIS,79,6.1NRT,302.41,15.67,D
25.35469,84.99948,320.92,1.05,1.03,2026-05-07,0932,Aqua,MODIS,60,6.1NRT,303.79,7,D
28.08915,81.33217,324.95,1.05,1.02,2026-05-07,0934,Aqua,MODIS,81,6.1NRT,298.92,17.12,D
28.38061,81.11977,316.99,1.06,1.03,2026-05-07,0934,Aqua,MODIS,71,6.1NRT,300.91,8.08,D
30.04299,74.47581,324.43,2.42,1.5,2026-05-07,0934,Aqua,MODIS,63,6.1NRT,308.11,24.08,D
30.06746,74.15603,323.13,2.54,1.53,2026-05-07,0934,Aqua,MODIS,59,6.1NRT,307.74,25.54,D
30.17244,74.58281,323.7,2.36,1.48,2026-05-07,0934,Aqua,MODIS,65,6.1NRT,306.99,23.66,D
30.47963,74.84123,323.15,2.23,1.45,2026-05-07,0934,Aqua,MODIS,64,6.1NRT,301.26,29.52,D
30.48067,74.83389,319.86,2.23,1.45,2026-05-07,0934,Aqua,MODIS,51,6.1NRT,301.27,17.44,D
30.51817,74.6349,322.49,2.29,1.47,2026-05-07,0934,Aqua,MODIS,64,6.1NRT,305.38,23.19,D
31.06537,74.81591,321.94,2.16,1.43,2026-05-07,0934,Aqua,MODIS,68,6.1NRT,301.24,22.97,D
31.47117,74.6533,319.23,2.17,1.43,2026-05-07,0934,Aqua,MODIS,22,6.1NRT,299,12.93,D
20.97303,85.17399,307.51,2.48,1.52,2026-05-07,1431,Terra,MODIS,5,6.1NRT,295.52,24.23,N
23.76084,86.39769,305.9,1.76,1.3,2026-05-07,1431,Terra,MODIS,30,6.1NRT,294.56,12.07,N
23.78166,86.38794,304.18,1.76,1.3,2026-05-07,1431,Terra,MODIS,23,6.1NRT,293.87,9.72,N
21.10984,72.64492,311.51,1.61,1.25,2026-05-07,1609,Terra,MODIS,74,6.1NRT,300.43,13.29,N
22.92845,70.10545,313.54,1.18,1.08,2026-05-07,1609,Terra,MODIS,81,6.1NRT,300.52,10.55,N
23.70196,76.19836,305.3,3.23,1.7,2026-05-07,1609,Terra,MODIS,53,6.1NRT,294.41,21.86,N
23.70132,76.19156,307.3,3.23,1.7,2026-05-07,1609,Terra,MODIS,65,6.1NRT,294.57,29.3,N
24.15323,75.47167,305.85,2.88,1.62,2026-05-07,1609,Terra,MODIS,59,6.1NRT,293.84,21.34,N
23.79516,86.35875,301.47,1.31,1.13,2026-05-07,2138,Aqua,MODIS,28,6.1NRT,291.41,5.76,N
31.84511,75.00896,320.16,1,1,2026-05-08,0414,Terra,MODIS,68,6.1NRT,301.03,8.12,D
25.02966,82.04733,318.56,3.21,1.7,2026-05-08,0414,Terra,MODIS,70,6.1NRT,298.73,38.55,D
25.02892,82.05366,318.52,3.21,1.7,2026-05-08,0414,Terra,MODIS,65,6.1NRT,298.95,36.61,D
28.36372,76.89563,319.84,1.23,1.1,2026-05-08,0414,Terra,MODIS,29,6.1NRT,302.52,7.86,D
28.65832,76.46916,321.31,1.16,1.07,2026-05-08,0414,Terra,MODIS,53,6.1NRT,305.28,8.91,D
28.67507,76.42519,325.78,1.16,1.07,2026-05-08,0414,Terra,MODIS,68,6.1NRT,305.37,14.25,D
28.62844,76.85812,320.16,1.22,1.1,2026-05-08,0414,Terra,MODIS,54,6.1NRT,304.79,7.6,D
28.74313,76.45754,321.79,1.16,1.07,2026-05-08,0414,Terra,MODIS,58,6.1NRT,304.54,9.11,D
28.79264,76.36756,320.43,1.15,1.07,2026-05-08,0414,Terra,MODIS,53,6.1NRT,305.29,7.3,D
28.95494,75.93661,319.51,1.1,1.04,2026-05-08,0414,Terra,MODIS,45,6.1NRT,302.85,7.66,D
28.96258,76.58096,318.71,1.17,1.08,2026-05-08,0414,Terra,MODIS,51,6.1NRT,303.03,6.73,D
29.10492,76.05196,320.96,1.1,1.05,2026-05-08,0414,Terra,MODIS,58,6.1NRT,304.21,8.66,D
29.11294,76.04877,320.06,1.1,1.05,2026-05-08,0414,Terra,MODIS,55,6.1NRT,303.31,7.01,D
29.36823,74.44907,323.08,1.01,1,2026-05-08,0414,Terra,MODIS,53,6.1NRT,306.71,7.39,D
29.14078,76.11125,321.42,1.11,1.05,2026-05-08,0414,Terra,MODIS,62,6.1NRT,303.35,9.08,D
29.53491,73.47075,325.22,1.01,1,2026-05-08,0414,Terra,MODIS,67,6.1NRT,309.21,8.89,D
29.41644,74.55119,326.87,1.01,1,2026-05-08,0414,Terra,MODIS,71,6.1NRT,308.34,11.64,D
29.20185,76.07282,319.05,1.1,1.05,2026-05-08,0414,Terra,MODIS,54,6.1NRT,302.52,7.16,D
29.47495,74.47504,321.38,1.01,1,2026-05-08,0414,Terra,MODIS,55,6.1NRT,306.72,6.65,D
29.15873,76.63446,319.68,1.17,1.08,2026-05-08,0414,Terra,MODIS,59,6.1NRT,301.63,9.11,D
29.16062,76.62289,324.53,1.17,1.07,2026-05-08,0414,Terra,MODIS,71,6.1NRT,302.03,15.26,D
29.49718,74.76581,320,1.01,1.01,2026-05-08,0414,Terra,MODIS,49,6.1NRT,305.32,7.57,D
29.49384,74.84869,322.2,1.02,1.01,2026-05-08,0414,Terra,MODIS,60,6.1NRT,304.96,10.36,D
29.49536,74.83853,319.09,1.02,1.01,2026-05-08,0414,Terra,MODIS,37,6.1NRT,304.01,7.37,D
29.47966,75.00332,320.17,1.02,1.01,2026-05-08,0414,Terra,MODIS,52,6.1NRT,305.1,6.37,D
29.33938,76.0281,320.9,1.1,1.04,2026-05-08,0414,Terra,MODIS,62,6.1NRT,302.85,9.39,D
29.58593,74.47122,328.38,1,1,2026-05-08,0414,Terra,MODIS,74,6.1NRT,306.98,14.55,D
29.39567,75.84935,320.76,1.08,1.04,2026-05-08,0414,Terra,MODIS,61,6.1NRT,303.49,8.12,D
29.62839,74.42751,320.98,1,1,2026-05-08,0414,Terra,MODIS,54,6.1NRT,306.86,6.12,D
29.59511,74.79044,322.61,1.01,1.01,2026-05-08,0414,Terra,MODIS,62,6.1NRT,305.77,8.29,D
29.49585,75.50285,319.65,1.05,1.02,2026-05-08,0414,Terra,MODIS,55,6.1NRT,304.22,7.07,D
29.6911,74.56949,321.48,1.01,1,2026-05-08,0414,Terra,MODIS,58,6.1NRT,306.62,6.23,D
29.50049,76.06213,319.66,1.1,1.04,2026-05-08,0414,Terra,MODIS,59,6.1NRT,302.8,7.6,D
29.61386,75.45721,319.13,1.05,1.02,2026-05-08,0414,Terra,MODIS,51,6.1NRT,304.48,5.8,D
29.73516,75.02915,327.9,1.02,1.01,2026-05-08,0414,Terra,MODIS,74,6.1NRT,306.43,13.87,D
29.73671,75.01891,322.63,1.02,1.01,2026-05-08,0414,Terra,MODIS,63,6.1NRT,306.14,7.8,D
29.64226,75.75179,320.8,1.07,1.03,2026-05-08,0414,Terra,MODIS,61,6.1NRT,304.86,6.98,D
29.65626,75.72167,325.7,1.06,1.03,2026-05-08,0414,Terra,MODIS,72,6.1NRT,304.71,13.17,D
29.80012,75.02068,321.03,1.02,1.01,2026-05-08,0414,Terra,MODIS,58,6.1NRT,306.33,6.43,D
29.95672,74.21435,322.43,1,1,2026-05-08,0414,Terra,MODIS,65,6.1NRT,306.68,7.53,D
30.05054,73.54832,320.45,1.01,1,2026-05-08,0414,Terra,MODIS,50,6.1NRT,303.51,8.81,D
29.79498,75.72319,323.23,1.06,1.03,2026-05-08,0414,Terra,MODIS,68,6.1NRT,304.79,9.94,D
30.03826,74.08477,321.98,1,1,2026-05-08,0414,Terra,MODIS,64,6.1NRT,305.81,8.87,D
30.0397,74.0747,322.56,1,1,2026-05-08,0414,Terra,MODIS,65,6.1NRT,305.92,9.6,D
29.73459,76.21932,318.05,1.1,1.05,2026-05-08,0414,Terra,MODIS,57,6.1NRT,303.13,6.02,D
29.9091,75.7038,320.65,1.06,1.03,2026-05-08,0414,Terra,MODIS,62,6.1NRT,304.97,6.8,D
30.11743,74.31866,323.06,1,1,2026-05-08,0414,Terra,MODIS,68,6.1NRT,306.22,8.62,D
30.11889,74.30858,325.2,1,1,2026-05-08,0414,Terra,MODIS,72,6.1NRT,306.51,10.83,D
29.83422,76.23493,318.85,1.1,1.05,2026-05-08,0414,Terra,MODIS,61,6.1NRT,303.21,6.74,D
30.01659,75.12385,321.1,1.02,1.01,2026-05-08,0414,Terra,MODIS,61,6.1NRT,304.95,6.89,D
30.05274,75.00432,319.69,1.02,1.01,2026-05-08,0414,Terra,MODIS,56,6.1NRT,304.55,5.51,D
29.95153,76.14036,319.48,1.09,1.04,2026-05-08,0414,Terra,MODIS,62,6.1NRT,303.44,7.03,D
30.19576,74.78637,323.77,1.01,1,2026-05-08,0414,Terra,MODIS,69,6.1NRT,305.64,9.24,D
30.19555,74.84908,319.68,1.01,1,2026-05-08,0414,Terra,MODIS,57,6.1NRT,304.74,5.9,D
30.21053,74.74743,320.32,1.01,1,2026-05-08,0414,Terra,MODIS,60,6.1NRT,305.12,5.89,D
30.04369,76.14323,325.79,1.09,1.04,2026-05-08,0414,Terra,MODIS,75,6.1NRT,304.25,13.7,D
30.24445,75.20226,320.32,1.02,1.01,2026-05-08,0414,Terra,MODIS,63,6.1NRT,304.4,7.14,D
30.31689,75.27556,319.43,1.03,1.01,2026-05-08,0414,Terra,MODIS,61,6.1NRT,303.4,6.94,D
30.32574,75.27731,325.74,1.03,1.01,2026-05-08,0414,Terra,MODIS,74,6.1NRT,303.84,13.13,D
30.25843,75.89832,319.38,1.06,1.03,2026-05-08,0414,Terra,MODIS,62,6.1NRT,303.2,6.14,D
30.26011,75.88761,320.31,1.06,1.03,2026-05-08,0414,Terra,MODIS,65,6.1NRT,303.49,7.32,D
30.3978,75.17059,319.21,1.02,1.01,2026-05-08,0414,Terra,MODIS,61,6.1NRT,303.36,6.41,D
30.19936,76.62549,321.81,1.13,1.06,2026-05-08,0414,Terra,MODIS,70,6.1NRT,300.12,12.03,D
30.49192,75.09975,323.82,1.02,1.01,2026-05-08,0414,Terra,MODIS,71,6.1NRT,303.4,10.15,D
30.26776,76.59895,321.06,1.13,1.06,2026-05-08,0414,Terra,MODIS,69,6.1NRT,301.29,9.97,D
30.32126,76.66371,321.92,1.13,1.06,2026-05-08,0414,Terra,MODIS,70,6.1NRT,300.65,11.65,D
30.32312,76.65234,319.76,1.13,1.06,2026-05-08,0414,Terra,MODIS,66,6.1NRT,300.21,9.19,D
30.57197,75.12193,318.75,1.02,1.01,2026-05-08,0414,Terra,MODIS,60,6.1NRT,303.34,5.69,D
30.69632,74.84707,319.45,1.01,1,2026-05-08,0414,Terra,MODIS,64,6.1NRT,303.56,5.48,D
30.66982,75.14724,321.65,1.02,1.01,2026-05-08,0414,Terra,MODIS,68,6.1NRT,303.1,8.2,D
30.75096,75.22266,318.77,1.02,1.01,2026-05-08,0414,Terra,MODIS,62,6.1NRT,302.25,6.72,D
30.74919,75.59691,322.16,1.04,1.02,2026-05-08,0414,Terra,MODIS,69,6.1NRT,301.69,10.19,D
30.78241,75.68544,319.57,1.04,1.02,2026-05-08,0414,Terra,MODIS,65,6.1NRT,300.18,9.42,D
30.72548,76.51777,318.36,1.11,1.05,2026-05-08,0414,Terra,MODIS,67,6.1NRT,299.08,8.31,D
31.02645,75.11526,319.76,1.01,1.01,2026-05-08,0414,Terra,MODIS,66,6.1NRT,302.28,6.48,D
31.05504,74.98363,319.02,1.01,1,2026-05-08,0414,Terra,MODIS,65,6.1NRT,302.87,6.06,D
31.10424,74.70953,320.84,1,1,2026-05-08,0414,Terra,MODIS,56,6.1NRT,302.43,9.77,D
31.08991,75.05375,318.09,1.01,1,2026-05-08,0414,Terra,MODIS,62,6.1NRT,302.32,5.33,D
31.09142,75.04349,327.03,1.01,1,2026-05-08,0414,Terra,MODIS,78,6.1NRT,302.66,14.83,D
31.18597,74.65842,321.16,1,1,2026-05-08,0414,Terra,MODIS,69,6.1NRT,302.56,8.29,D
31.06165,75.55544,320.25,1.03,1.01,2026-05-08,0414,Terra,MODIS,70,6.1NRT,301.99,7.59,D
31.06801,75.51369,321.54,1.03,1.01,2026-05-08,0414,Terra,MODIS,71,6.1NRT,301.8,8.83,D
31.23993,75.10635,316.46,1.01,1,2026-05-08,0414,Terra,MODIS,43,6.1NRT,300.45,6,D
31.28239,75.1253,325.15,1.01,1,2026-05-08,0414,Terra,MODIS,0,6.1NRT,301.27,14.72,D
31.30579,75.04119,318.51,1.01,1,2026-05-08,0414,Terra,MODIS,64,6.1NRT,301.92,5.67,D
31.40211,74.62847,318.72,1,1,2026-05-08,0414,Terra,MODIS,65,6.1NRT,302.23,5.83,D
31.35427,75.01902,318.69,1.01,1,2026-05-08,0414,Terra,MODIS,64,6.1NRT,301.08,6.25,D
31.3621,75.21116,319.83,1.01,1.01,2026-05-08,0414,Terra,MODIS,64,6.1NRT,300.66,9.97,D
31.45027,74.68573,323.14,1,1,2026-05-08,0414,Terra,MODIS,73,6.1NRT,302.7,9.54,D
31.50916,74.97739,320.36,1,1,2026-05-08,0414,Terra,MODIS,68,6.1NRT,301.09,8.02,D
31.52545,74.92782,322.6,1,1,2026-05-08,0414,Terra,MODIS,72,6.1NRT,302.23,9.68,D
31.55455,74.97572,317.97,1,1,2026-05-08,0414,Terra,MODIS,62,6.1NRT,301.53,5.98,D
31.56667,75.15341,316.47,1.01,1,2026-05-08,0414,Terra,MODIS,59,6.1NRT,300.62,5.16,D
31.57507,75.21877,317.15,1.01,1,2026-05-08,0414,Terra,MODIS,58,6.1NRT,300.25,5.85,D
31.66567,74.97181,318.23,1,1,2026-05-08,0414,Terra,MODIS,63,6.1NRT,301.1,6.11,D
31.67295,74.98381,325.61,1,1,2026-05-08,0414,Terra,MODIS,76,6.1NRT,300.85,13.28,D
31.75243,74.63673,319.32,1,1,2026-05-08,0414,Terra,MODIS,65,6.1NRT,302.78,5.89,D
31.73292,74.89649,318.16,1,1,2026-05-08,0414,Terra,MODIS,62,6.1NRT,301.45,5.68,D
31.78741,74.70669,320.91,1,1,2026-05-08,0414,Terra,MODIS,68,6.1NRT,302.16,7.44,D
31.80065,74.6144,318.33,1,1,2026-05-08,0414,Terra,MODIS,63,6.1NRT,300.38,6.5,D
31.80212,74.60414,316.85,1,1,2026-05-08,0414,Terra,MODIS,58,6.1NRT,300.55,5.38,D
31.79618,74.70838,325.16,1,1,2026-05-08,0414,Terra,MODIS,75,6.1NRT,302.42,11.98,D
31.81666,74.70773,329.81,1,1,2026-05-08,0414,Terra,MODIS,80,6.1NRT,302.92,17.28,D
31.7701,75.0895,320.71,1.01,1,2026-05-08,0414,Terra,MODIS,69,6.1NRT,301.19,7.94,D
31.8837,74.80511,318.86,1,1,2026-05-08,0414,Terra,MODIS,55,6.1NRT,302.26,6.6,D
31.90438,75.11185,318.62,1.01,1,2026-05-08,0414,Terra,MODIS,64,6.1NRT,300.87,5.88,D
31.90255,75.18581,323.46,1.01,1,2026-05-08,0414,Terra,MODIS,74,6.1NRT,301.35,11.44,D
31.90407,75.17549,318.14,1.01,1,2026-05-08,0414,Terra,MODIS,64,6.1NRT,301.4,5.96,D
31.91582,75.35427,320.22,1.01,1.01,2026-05-08,0414,Terra,MODIS,69,6.1NRT,299.78,8.89,D
31.9801,75.1647,319.66,1.01,1,2026-05-08,0414,Terra,MODIS,68,6.1NRT,301.63,6.88,D
32.02155,75.06674,333.73,1,1,2026-05-08,0414,Terra,MODIS,85,6.1NRT,302.07,24.05,D
32.12243,75.00835,316.12,1,1,2026-05-08,0414,Terra,MODIS,61,6.1NRT,300.78,4.93,D
33.7967,74.92893,308.45,1,1,2026-05-08,0414,Terra,MODIS,52,6.1NRT,297.3,5.22,D
25.65542,76.00587,321.83,1.21,1.09,2026-05-08,0417,Terra,MODIS,56,6.1NRT,306.01,8.7,D
25.38444,76.28339,327.98,1.26,1.12,2026-05-08,0417,Terra,MODIS,73,6.1NRT,310.01,15.37,D
25.36401,76.40545,328.96,1.28,1.12,2026-05-08,0417,Terra,MODIS,74,6.1NRT,310.2,16.37,D
25.24364,76.31843,326.25,1.28,1.12,2026-05-08,0417,Terra,MODIS,59,6.1NRT,310.36,13.08,D
25.36227,73.08372,330.69,1,1,2026-05-08,0417,Terra,MODIS,73,6.1NRT,313.37,13.24,D
24.75588,76.77165,323.89,1.38,1.16,2026-05-08,0417,Terra,MODIS,62,6.1NRT,309.22,10.88,D
24.6812,76.91488,327.97,1.41,1.18,2026-05-08,0417,Terra,MODIS,72,6.1NRT,310.48,16.36,D
24.67894,76.92835,325.62,1.42,1.18,2026-05-08,0417,Terra,MODIS,68,6.1NRT,310.59,11.56,D
25.2754,72.98338,327.6,1,1,2026-05-08,0417,Terra,MODIS,66,6.1NRT,312.35,9.12,D
25.27402,72.99303,326.83,1,1,2026-05-08,0417,Terra,MODIS,64,6.1NRT,312.61,8.28,D
24.63053,77.08775,324.41,1.45,1.19,2026-05-08,0417,Terra,MODIS,65,6.1NRT,308.91,12.15,D
24.63801,76.6813,323.95,1.37,1.16,2026-05-08,0417,Terra,MODIS,61,6.1NRT,309.73,11.04,D
23.68694,78.68327,322.41,1.95,1.36,2026-05-08,0417,Terra,MODIS,58,6.1NRT,305.77,18.16,D
23.91653,77.14625,326.36,1.51,1.21,2026-05-08,0417,Terra,MODIS,64,6.1NRT,308.51,17.47,D
23.80178,77.71904,324.74,1.66,1.27,2026-05-08,0417,Terra,MODIS,60,6.1NRT,309.56,14.67,D
23.70699,78.25883,324.64,1.82,1.32,2026-05-08,0417,Terra,MODIS,63,6.1NRT,308.52,16.4,D
24.36736,74.18764,326.11,1.05,1.02,2026-05-08,0417,Terra,MODIS,62,6.1NRT,313.37,7.89,D
23.59548,78.67598,330.83,1.96,1.37,2026-05-08,0417,Terra,MODIS,77,6.1NRT,303.4,43.21,D
24.00582,76.20979,325.91,1.31,1.14,2026-05-08,0417,Terra,MODIS,57,6.1NRT,311.25,11.02,D
23.61373,77.60331,334.56,1.64,1.26,2026-05-08,0417,Terra,MODIS,80,6.1NRT,311.18,38.59,D
23.39488,77.92547,328.24,1.75,1.3,2026-05-08,0417,Terra,MODIS,71,6.1NRT,309.99,24.67,D
23.3336,77.81154,325.12,1.72,1.29,2026-05-08,0417,Terra,MODIS,58,6.1NRT,309.77,16.75,D
23.59767,75.37266,328.66,1.2,1.09,2026-05-08,0417,Terra,MODIS,66,6.1NRT,314.22,12.25,D
23.49112,75.24746,332.13,1.18,1.08,2026-05-08,0417,Terra,MODIS,74,6.1NRT,312.47,18.7,D
23.43592,73.68076,331.73,1.03,1.02,2026-05-08,0417,Terra,MODIS,74,6.1NRT,314.45,15.1,D
23.63678,70.95916,330.14,1.06,1.03,2026-05-08,0417,Terra,MODIS,73,6.1NRT,313.77,12.69,D
22.83563,75.23348,332.44,1.21,1.09,2026-05-08,0417,Terra,MODIS,75,6.1NRT,313.74,19.25,D
22.60317,74.11034,324.71,1.08,1.04,2026-05-08,0417,Terra,MODIS,57,6.1NRT,312.18,8.54,D
21.72109,78.13405,325.7,1.95,1.36,2026-05-08,0417,Terra,MODIS,69,6.1NRT,305.35,27.46,D
22.74094,70.49148,326.69,1.09,1.04,2026-05-08,0417,Terra,MODIS,60,6.1NRT,310.9,11.63,D
22.10496,72.16767,336.22,1,1,2026-05-08,0417,Terra,MODIS,81,6.1NRT,315.46,18.8,D
21.76978,72.00894,326.45,1,1,2026-05-08,0417,Terra,MODIS,60,6.1NRT,312.56,9.06,D
20.8184,77.68492,326.47,1.89,1.34,2026-05-08,0417,Terra,MODIS,69,6.1NRT,306.48,22.78,D
21.10479,72.63716,324.26,1.01,1.01,2026-05-08,0417,Terra,MODIS,45,6.1NRT,305.52,9.03,D
21.1034,72.64661,329.62,1.01,1.01,2026-05-08,0417,Terra,MODIS,56,6.1NRT,305.47,15.17,D
18.76686,79.97276,317.59,3.09,1.67,2026-05-08,0417,Terra,MODIS,29,6.1NRT,298.89,34.8,D
18.76602,79.96584,316.83,3.09,1.67,2026-05-08,0417,Terra,MODIS,41,6.1NRT,298.54,33.58,D
24.48389,93.53899,313.18,1.7,1.28,2026-05-08,0833,Aqua,MODIS,60,6.1NRT,295.6,18.42,D
24.99852,93.80545,321.04,1.6,1.24,2026-05-08,0833,Aqua,MODIS,67,6.1NRT,289.94,34.12,D
25.94658,94.08071,320.29,1.46,1.2,2026-05-08,0833,Aqua,MODIS,77,6.1NRT,292.97,25.89,D
26.17456,93.23448,321.06,1.65,1.26,2026-05-08,0833,Aqua,MODIS,79,6.1NRT,296.94,28.11,D
27.18749,95.64421,321.7,1.15,1.07,2026-05-08,0833,Aqua,MODIS,78,6.1NRT,297.99,18.6,D
27.26826,95.74686,317.83,1.13,1.06,2026-05-08,0833,Aqua,MODIS,72,6.1NRT,297.25,11.36,D
27.43752,96.09505,318.29,1.09,1.04,2026-05-08,0833,Aqua,MODIS,67,6.1NRT,293.39,12.26,D
12.68539,77.991,321.17,1.03,1.01,2026-05-08,1006,Aqua,MODIS,61,6.1NRT,295.93,8.79,D
14.17623,77.30612,335.87,1.01,1.01,2026-05-08,1006,Aqua,MODIS,83,6.1NRT,309.53,19.02,D
14.17492,77.29707,332.66,1.01,1.01,2026-05-08,1006,Aqua,MODIS,79,6.1NRT,309.25,14.42,D
14.61889,79.97124,322.77,1.33,1.14,2026-05-08,1006,Aqua,MODIS,67,6.1NRT,286.5,22.22,D
14.10523,76.07368,325.22,1.01,1,2026-05-08,1006,Aqua,MODIS,70,6.1NRT,303.32,8.2,D
14.95462,78.71463,323.34,1.14,1.07,2026-05-08,1006,Aqua,MODIS,57,6.1NRT,298.34,15.28,D
14.9639,78.71317,343.86,1.14,1.07,2026-05-08,1006,Aqua,MODIS,90,6.1NRT,298.73,49.13,D
14.96255,78.70321,337.5,1.14,1.06,2026-05-08,1006,Aqua,MODIS,85,6.1NRT,299.83,35.92,D
15.06353,79.09455,319.97,1.2,1.09,2026-05-08,1006,Aqua,MODIS,55,6.1NRT,297.68,11.65,D
15.11627,78.13937,335.69,1.08,1.04,2026-05-08,1006,Aqua,MODIS,72,6.1NRT,302.86,24.56,D
15.44308,78.29239,324.88,1.1,1.05,2026-05-08,1006,Aqua,MODIS,61,6.1NRT,304.42,9.14,D
15.6268,78.48907,331.99,1.13,1.06,2026-05-08,1006,Aqua,MODIS,80,6.1NRT,306.5,15.4,D
16.21886,79.85745,334.07,1.38,1.16,2026-05-08,1006,Aqua,MODIS,80,6.1NRT,296.03,37.18,D
15.67345,74.39055,318.52,1.1,1.05,2026-05-08,1006,Aqua,MODIS,42,6.1NRT,297.44,10.25,D
16.39267,77.36459,324.83,1.04,1.02,2026-05-08,1006,Aqua,MODIS,26,6.1NRT,306.67,7.41,D
16.51013,77.41805,333.19,1.05,1.02,2026-05-08,1009,Aqua,MODIS,79,6.1NRT,308.51,15.91,D
16.98546,80.8709,336.44,1.67,1.27,2026-05-08,1009,Aqua,MODIS,85,6.1NRT,298.69,56.08,D
16.98884,80.87901,327,1.67,1.27,2026-05-08,1009,Aqua,MODIS,73,6.1NRT,298.51,28.94,D
16.98701,80.86382,325.38,1.67,1.27,2026-05-08,1009,Aqua,MODIS,71,6.1NRT,298.36,24.46,D
16.35545,75.89115,331.1,1,1,2026-05-08,1009,Aqua,MODIS,0,6.1NRT,304.87,15.46,D
16.89922,76.83967,333.93,1.02,1.01,2026-05-08,1009,Aqua,MODIS,78,6.1NRT,313.7,12.27,D
17.62934,79.77273,327.68,1.42,1.18,2026-05-08,1009,Aqua,MODIS,59,6.1NRT,300.31,22.35,D
17.73645,79.33491,330.7,1.34,1.15,2026-05-08,1009,Aqua,MODIS,77,6.1NRT,304.9,23.18,D
17.36966,74.21661,325.44,1.08,1.04,2026-05-08,1009,Aqua,MODIS,52,6.1NRT,304.07,14.46,D
18.2195,78.17998,325.8,1.17,1.07,2026-05-08,1009,Aqua,MODIS,65,6.1NRT,307.19,9.43,D
18.50545,78.43544,326.73,1.21,1.09,2026-05-08,1009,Aqua,MODIS,61,6.1NRT,309.12,12.06,D
18.51968,77.73831,331.89,1.12,1.05,2026-05-08,1009,Aqua,MODIS,77,6.1NRT,306.77,17.39,D
17.92584,73.4569,333.04,1.14,1.07,2026-05-08,1009,Aqua,MODIS,75,6.1NRT,304.3,24.14,D
17.9842,73.53545,325.84,1.13,1.06,2026-05-08,1009,Aqua,MODIS,65,6.1NRT,305.31,15.88,D
18.97354,79.42592,322.94,1.41,1.18,2026-05-08,1009,Aqua,MODIS,37,6.1NRT,305.56,9.49,D
19.41623,78.50452,330.8,1.25,1.11,2026-05-08,1009,Aqua,MODIS,75,6.1NRT,308.79,15.48,D
18.71215,73.27254,328.37,1.14,1.06,2026-05-08,1009,Aqua,MODIS,73,6.1NRT,305.99,13.82,D
19.34741,73.07227,337.71,1.15,1.07,2026-05-08,1009,Aqua,MODIS,83,6.1NRT,308.11,27.55,D
21.20365,79.54811,330.45,1.55,1.23,2026-05-08,1009,Aqua,MODIS,69,6.1NRT,313.3,16.75,D
21.73901,83.83573,321.62,3.32,1.72,2026-05-08,1009,Aqua,MODIS,60,6.1NRT,302.05,43.48,D
20.62205,73.62634,330.09,1.06,1.03,2026-05-08,1009,Aqua,MODIS,67,6.1NRT,312.25,11.2,D
20.66648,73.55778,331.35,1.06,1.03,2026-05-08,1009,Aqua,MODIS,71,6.1NRT,311.76,12.08,D
20.66915,73.39893,328.38,1.08,1.04,2026-05-08,1009,Aqua,MODIS,60,6.1NRT,313.58,10.41,D
20.70272,73.49477,327.4,1.07,1.03,2026-05-08,1009,Aqua,MODIS,54,6.1NRT,311.82,7.34,D
20.93807,73.52078,334.07,1.06,1.03,2026-05-08,1009,Aqua,MODIS,74,6.1NRT,310.76,18.89,D
20.93655,73.51099,332.62,1.06,1.03,2026-05-08,1009,Aqua,MODIS,71,6.1NRT,309.85,16.65,D
20.88291,72.81618,331.05,1.13,1.06,2026-05-08,1009,Aqua,MODIS,54,6.1NRT,310.09,19.43,D
21.70907,77.3247,331.15,1.15,1.07,2026-05-08,1009,Aqua,MODIS,49,6.1NRT,314.23,10.5,D
21.69923,77.24999,337.75,1.14,1.07,2026-05-08,1009,Aqua,MODIS,82,6.1NRT,319.82,19.51,D
22.23347,75.56415,336.74,1.02,1.01,2026-05-08,1009,Aqua,MODIS,77,6.1NRT,319.79,12.32,D
22.34303,76.281,332.28,1.06,1.03,2026-05-08,1009,Aqua,MODIS,72,6.1NRT,315.21,10.15,D
21.87798,72.09018,330.55,1.19,1.09,2026-05-08,1009,Aqua,MODIS,46,6.1NRT,315.75,10.6,D
21.87615,72.0791,331.7,1.19,1.09,2026-05-08,1009,Aqua,MODIS,57,6.1NRT,315.64,12.93,D
23.09473,80.13882,327.36,1.82,1.32,2026-05-08,1009,Aqua,MODIS,72,6.1NRT,306.66,21.78,D
22.11499,72.16853,333.93,1.17,1.08,2026-05-08,1009,Aqua,MODIS,66,6.1NRT,319.7,12.05,D
23.4541,79.8784,326.62,1.76,1.3,2026-05-08,1009,Aqua,MODIS,71,6.1NRT,309.38,23.1,D
23.45515,79.88817,326.84,1.77,1.3,2026-05-08,1009,Aqua,MODIS,53,6.1NRT,310.04,24.22,D
23.44729,78.30337,330.55,1.37,1.16,2026-05-08,1009,Aqua,MODIS,71,6.1NRT,311.04,15.97,D
23.44567,78.29046,334.67,1.37,1.16,2026-05-08,1009,Aqua,MODIS,78,6.1NRT,312.88,24.55,D
23.54688,77.71717,334.48,1.27,1.12,2026-05-08,1009,Aqua,MODIS,73,6.1NRT,315.28,17.94,D
23.61349,77.59058,344.56,1.25,1.11,2026-05-08,1009,Aqua,MODIS,88,6.1NRT,316.82,42.73,D
23.09656,72.34451,337.92,1.12,1.05,2026-05-08,1009,Aqua,MODIS,78,6.1NRT,317.09,22.35,D
23.5797,75.35458,351.29,1.02,1.01,2026-05-08,1009,Aqua,MODIS,92,6.1NRT,315.32,47.72,D
23.43615,73.67843,336.04,1.02,1.01,2026-05-08,1009,Aqua,MODIS,75,6.1NRT,319.61,16.19,D
24.46004,80.58128,328,2.05,1.39,2026-05-08,1009,Aqua,MODIS,69,6.1NRT,308.08,28.61,D
23.73185,74.23721,330.09,1,1,2026-05-08,1009,Aqua,MODIS,56,6.1NRT,318.3,8.51,D
23.73045,74.22775,335.29,1,1,2026-05-08,1009,Aqua,MODIS,74,6.1NRT,319.08,15.39,D
23.78237,74.3196,332.81,1,1,2026-05-08,1009,Aqua,MODIS,67,6.1NRT,320.07,9.8,D
23.18794,69.64207,330.45,1.6,1.25,2026-05-08,1009,Aqua,MODIS,48,6.1NRT,316.18,22.19,D
24.09958,74.08315,333.42,1,1,2026-05-08,1009,Aqua,MODIS,72,6.1NRT,319.44,10.62,D
25.07568,82.03397,324.2,2.69,1.57,2026-05-08,1009,Aqua,MODIS,65,6.1NRT,304.39,32.5,D
24.87963,79.85221,326.09,1.84,1.33,2026-05-08,1009,Aqua,MODIS,67,6.1NRT,307.09,14.41,D
24.8777,79.83466,329.47,1.83,1.33,2026-05-08,1009,Aqua,MODIS,74,6.1NRT,307.83,24.69,D
24.1753,74.29356,330.95,1,1,2026-05-08,1009,Aqua,MODIS,64,6.1NRT,319.3,8.74,D
24.3245,74.49439,333.28,1,1,2026-05-08,1009,Aqua,MODIS,39,6.1NRT,317.66,10.78,D
24.40519,74.08754,335.96,1,1,2026-05-08,1009,Aqua,MODIS,77,6.1NRT,319.48,14.79,D
24.54394,73.77663,327.05,1,1,2026-05-08,1009,Aqua,MODIS,51,6.1NRT,313.66,6.95,D
24.91164,76.11024,332.71,1.1,1.05,2026-05-08,1009,Aqua,MODIS,71,6.1NRT,316.61,10.65,D
25.25444,76.41316,331,1.14,1.06,2026-05-08,1009,Aqua,MODIS,69,6.1NRT,314,10.64,D
25.2488,76.36954,330.6,1.13,1.06,2026-05-08,1009,Aqua,MODIS,61,6.1NRT,315.57,11.09,D
25.26731,76.2231,335.96,1.12,1.05,2026-05-08,1009,Aqua,MODIS,77,6.1NRT,315,17.54,D
25.30825,75.98304,334.94,1.1,1.04,2026-05-08,1009,Aqua,MODIS,76,6.1NRT,316.2,16.04,D
25.34975,76.22616,332.76,1.12,1.06,2026-05-08,1009,Aqua,MODIS,73,6.1NRT,315.63,13.36,D
25.31735,75.98155,332.38,1.1,1.04,2026-05-08,1009,Aqua,MODIS,71,6.1NRT,315.4,11.65,D
25.46387,76.53663,334.07,1.16,1.07,2026-05-08,1009,Aqua,MODIS,72,6.1NRT,315.18,16.42,D
25.46244,76.52548,336.18,1.16,1.07,2026-05-08,1009,Aqua,MODIS,79,6.1NRT,315.94,19.77,D
25.43802,75.91225,336.52,1.09,1.04,2026-05-08,1009,Aqua,MODIS,79,6.1NRT,314.44,20.25,D
25.4366,75.90178,340.38,1.09,1.04,2026-05-08,1009,Aqua,MODIS,84,6.1NRT,314.45,26.94,D
25.49041,75.75941,330.6,1.08,1.04,2026-05-08,1009,Aqua,MODIS,65,6.1NRT,313.56,12.49,D
25.25019,73.60818,328.95,1,1,2026-05-08,1009,Aqua,MODIS,54,6.1NRT,315.61,9.88,D
25.71512,76.61076,348.32,1.18,1.08,2026-05-08,1009,Aqua,MODIS,92,6.1NRT,310.09,49.15,D
25.71364,76.59944,341.27,1.18,1.08,2026-05-08,1009,Aqua,MODIS,86,6.1NRT,313.09,33.04,D
25.96824,78.33964,326.8,1.5,1.21,2026-05-08,1009,Aqua,MODIS,67,6.1NRT,306.46,14.59,D
25.26348,72.97221,330.75,1.03,1.01,2026-05-08,1009,Aqua,MODIS,47,6.1NRT,317.79,8.3,D
25.28106,72.96887,335.34,1.03,1.01,2026-05-08,1009,Aqua,MODIS,73,6.1NRT,318.64,14.34,D
25.3166,73.08292,330.7,1.02,1.01,2026-05-08,1009,Aqua,MODIS,60,6.1NRT,317.12,8.67,D
30.33864,74.49959,324.59,1.07,1.03,2026-05-08,1011,Aqua,MODIS,59,6.1NRT,307.11,6.83,D
28.97253,76.66127,323.36,1.3,1.13,2026-05-08,1011,Aqua,MODIS,55,6.1NRT,305.94,8.15,D
29.0329,76.74422,322.36,1.31,1.14,2026-05-08,1011,Aqua,MODIS,51,6.1NRT,304.96,8.56,D
29.10593,76.8478,330.14,1.33,1.14,2026-05-08,1011,Aqua,MODIS,76,6.1NRT,304.09,22.69,D
29.27688,76.74154,324.54,1.32,1.14,2026-05-08,1011,Aqua,MODIS,66,6.1NRT,305.82,11.41,D
29.28793,75.99121,326.89,1.21,1.09,2026-05-08,1011,Aqua,MODIS,65,6.1NRT,308.77,12.03,D
29.28643,75.97921,335.69,1.2,1.09,2026-05-08,1011,Aqua,MODIS,81,6.1NRT,310.07,27.5,D
29.33777,75.89211,324.92,1.19,1.09,2026-05-08,1011,Aqua,MODIS,56,6.1NRT,308.39,8.98,D
29.58511,76.24965,328.24,1.25,1.11,2026-05-08,1011,Aqua,MODIS,72,6.1NRT,306.21,16.16,D
29.44566,74.79238,328.22,1.08,1.04,2026-05-08,1011,Aqua,MODIS,54,6.1NRT,313.84,8.46,D
29.56713,75.66648,329.52,1.17,1.08,2026-05-08,1011,Aqua,MODIS,71,6.1NRT,310.88,14.01,D
29.58416,75.498,327.67,1.15,1.07,2026-05-08,1011,Aqua,MODIS,66,6.1NRT,310.2,11.29,D
29.46093,74.48988,327.95,1.05,1.03,2026-05-08,1011,Aqua,MODIS,56,6.1NRT,313.78,7.25,D
29.63673,75.53622,327.44,1.16,1.07,2026-05-08,1011,Aqua,MODIS,66,6.1NRT,309.2,10.79,D
29.44731,74.05165,329.68,1.03,1.01,2026-05-08,1011,Aqua,MODIS,62,6.1NRT,312.97,9.53,D
29.67257,75.7032,328.44,1.18,1.08,2026-05-08,1011,Aqua,MODIS,70,6.1NRT,308.57,14.16,D
29.6711,75.69143,324.26,1.18,1.08,2026-05-08,1011,Aqua,MODIS,56,6.1NRT,308.08,7.87,D
29.62534,75.25331,328.89,1.12,1.06,2026-05-08,1011,Aqua,MODIS,67,6.1NRT,309.78,12.31,D
29.62391,75.24209,330.09,1.12,1.06,2026-05-08,1011,Aqua,MODIS,70,6.1NRT,310.23,14,D
29.64428,75.18143,325.19,1.12,1.05,2026-05-08,1011,Aqua,MODIS,50,6.1NRT,309.39,7.31,D
29.51553,74.21832,332.76,1.04,1.02,2026-05-08,1011,Aqua,MODIS,72,6.1NRT,314.38,13.08,D
29.84752,76.7373,322.12,1.34,1.15,2026-05-08,1011,Aqua,MODIS,61,6.1NRT,303.68,9.94,D
29.52439,74.21671,331.79,1.04,1.02,2026-05-08,1011,Aqua,MODIS,65,6.1NRT,314.65,11.93,D
29.85274,76.69549,322.13,1.34,1.15,2026-05-08,1011,Aqua,MODIS,61,6.1NRT,303.97,9.82,D
29.77912,76.09177,323.98,1.24,1.1,2026-05-08,1011,Aqua,MODIS,61,6.1NRT,306.29,8.84,D
29.58609,74.60231,336.31,1.06,1.03,2026-05-08,1011,Aqua,MODIS,79,6.1NRT,313.37,20.44,D
29.58466,74.59171,333.47,1.06,1.03,2026-05-08,1011,Aqua,MODIS,74,6.1NRT,312.48,15.9,D
29.54211,74.21349,336.78,1.04,1.02,2026-05-08,1011,Aqua,MODIS,79,6.1NRT,311,20.08,D
29.77992,75.94171,328.75,1.21,1.1,2026-05-08,1011,Aqua,MODIS,72,6.1NRT,307.7,14.97,D
29.74566,75.47008,327.9,1.15,1.07,2026-05-08,1011,Aqua,MODIS,66,6.1NRT,307.81,11.47,D
29.85644,76.04714,322.79,1.23,1.1,2026-05-08,1011,Aqua,MODIS,55,6.1NRT,305.14,7.28,D
29.88582,75.86249,325.96,1.21,1.09,2026-05-08,1011,Aqua,MODIS,65,6.1NRT,307.54,9.44,D
29.96668,76.20184,323.31,1.26,1.11,2026-05-08,1011,Aqua,MODIS,60,6.1NRT,305.74,8.47,D
29.82967,75.04623,331.55,1.11,1.05,2026-05-08,1011,Aqua,MODIS,72,6.1NRT,311.86,14.06,D
29.97197,75.73111,325.62,1.19,1.09,2026-05-08,1011,Aqua,MODIS,63,6.1NRT,307.71,10,D
29.86,74.85421,327.69,1.09,1.04,2026-05-08,1011,Aqua,MODIS,59,6.1NRT,310.18,8.98,D
29.93328,75.27393,329.89,1.13,1.06,2026-05-08,1011,Aqua,MODIS,70,6.1NRT,310.77,13.15,D
29.9468,74.88934,327.8,1.1,1.04,2026-05-08,1011,Aqua,MODIS,62,6.1NRT,311.44,9.31,D
30.03248,75.04413,325.39,1.11,1.05,2026-05-08,1011,Aqua,MODIS,52,6.1NRT,308.34,8.34,D
30.01636,74.9222,331.05,1.1,1.05,2026-05-08,1011,Aqua,MODIS,71,6.1NRT,309.46,15.57,D
29.9594,74.35249,325.25,1.05,1.02,2026-05-08,1011,Aqua,MODIS,42,6.1NRT,309.76,7.03,D
30.24103,76.52127,324.81,1.32,1.14,2026-05-08,1011,Aqua,MODIS,67,6.1NRT,304.02,13.93,D
30.04814,74.95518,328.42,1.1,1.05,2026-05-08,1011,Aqua,MODIS,66,6.1NRT,309.86,10.89,D
30.12409,75.47621,325.3,1.16,1.07,2026-05-08,1011,Aqua,MODIS,61,6.1NRT,308.41,9.6,D
29.99575,74.487,329.99,1.06,1.03,2026-05-08,1011,Aqua,MODIS,69,6.1NRT,311.71,10.39,D
30.19468,75.96707,326.23,1.23,1.1,2026-05-08,1011,Aqua,MODIS,68,6.1NRT,305.88,11.42,D
30.14825,75.59217,326.45,1.18,1.08,2026-05-08,1011,Aqua,MODIS,66,6.1NRT,306.94,12.51,D
30.29795,76.74612,326.73,1.36,1.16,2026-05-08,1011,Aqua,MODIS,72,6.1NRT,303.27,18.6,D
30.29635,76.73242,324.02,1.36,1.16,2026-05-08,1011,Aqua,MODIS,66,6.1NRT,303.59,13.15,D
30.0395,74.67691,325.88,1.08,1.04,2026-05-08,1011,Aqua,MODIS,56,6.1NRT,310.04,8.06,D
30.11972,75.21804,327.33,1.13,1.06,2026-05-08,1011,Aqua,MODIS,65,6.1NRT,309.05,9.77,D
30.23165,75.94843,324.56,1.23,1.1,2026-05-08,1011,Aqua,MODIS,64,6.1NRT,306.51,9.05,D
30.04348,74.50027,330.09,1.07,1.03,2026-05-08,1011,Aqua,MODIS,69,6.1NRT,310.52,12.54,D
29.95901,73.82088,329.78,1.02,1.01,2026-05-08,1011,Aqua,MODIS,69,6.1NRT,313.7,9.05,D
30.15786,75.17112,328.34,1.13,1.06,2026-05-08,1011,Aqua,MODIS,69,6.1NRT,309,11.57,D
30.0873,74.48683,327.6,1.07,1.03,2026-05-08,1011,Aqua,MODIS,54,6.1NRT,310.28,8.22,D
30.20163,75.29192,338.91,1.14,1.07,2026-05-08,1011,Aqua,MODIS,85,6.1NRT,307.78,29.43,D
30.09342,74.46389,330.55,1.06,1.03,2026-05-08,1011,Aqua,MODIS,72,6.1NRT,310.33,11.93,D
30.26585,75.72563,325.42,1.2,1.09,2026-05-08,1011,Aqua,MODIS,65,6.1NRT,307.45,9.82,D
30.20946,75.27886,328.35,1.14,1.07,2026-05-08,1011,Aqua,MODIS,44,6.1NRT,308.4,11.4,D
30.11241,74.53709,333.42,1.07,1.03,2026-05-08,1011,Aqua,MODIS,77,6.1NRT,310.13,17.27,D
30.21475,75.17294,324.92,1.13,1.06,2026-05-08,1011,Aqua,MODIS,46,6.1NRT,307.82,6.87,D
30.06155,74.02853,327.41,1.03,1.02,2026-05-08,1011,Aqua,MODIS,65,6.1NRT,309.47,11.18,D
30.34677,76.14151,321.42,1.26,1.12,2026-05-08,1011,Aqua,MODIS,52,6.1NRT,303.94,9.09,D
30.23139,75.2283,325.96,1.14,1.06,2026-05-08,1011,Aqua,MODIS,63,6.1NRT,308.44,9.08,D
30.1553,74.65076,334.35,1.08,1.04,2026-05-08,1011,Aqua,MODIS,78,6.1NRT,310.06,18.98,D
30.15385,74.63995,339.07,1.08,1.04,2026-05-08,1011,Aqua,MODIS,84,6.1NRT,310.03,27.19,D
30.36753,76.22937,321.91,1.28,1.12,2026-05-08,1011,Aqua,MODIS,57,6.1NRT,303.73,8.7,D
30.1818,74.77976,331.5,1.09,1.04,2026-05-08,1011,Aqua,MODIS,74,6.1NRT,309.78,15.3,D
30.17597,74.73606,335.12,1.09,1.04,2026-05-08,1011,Aqua,MODIS,79,6.1NRT,311.1,20.61,D
30.2564,75.21717,331.05,1.14,1.06,2026-05-08,1011,Aqua,MODIS,75,6.1NRT,308.99,16.59,D
30.22096,74.86738,325.8,1.1,1.05,2026-05-08,1011,Aqua,MODIS,62,6.1NRT,309.01,8.45,D
30.21666,74.83429,332.62,1.1,1.04,2026-05-08,1011,Aqua,MODIS,77,6.1NRT,309.98,17.21,D
30.45545,76.61182,324.12,1.35,1.15,2026-05-08,1011,Aqua,MODIS,66,6.1NRT,303.02,14.93,D
30.2609,75.03121,324.5,1.12,1.05,2026-05-08,1011,Aqua,MODIS,54,6.1NRT,309.06,9.25,D
30.44175,76.40959,321.69,1.31,1.14,2026-05-08,1011,Aqua,MODIS,58,6.1NRT,303.46,8.78,D
30.24397,74.82949,326.98,1.1,1.04,2026-05-08,1011,Aqua,MODIS,65,6.1NRT,309.14,9.82,D
30.42738,76.04404,324.13,1.25,1.11,2026-05-08,1011,Aqua,MODIS,64,6.1NRT,303.59,12.35,D
30.31535,75.16044,328.74,1.13,1.06,2026-05-08,1011,Aqua,MODIS,70,6.1NRT,307.56,13.86,D
30.46068,76.23363,323.2,1.28,1.12,2026-05-08,1011,Aqua,MODIS,62,6.1NRT,303.8,11.07,D
30.50317,76.50273,325.32,1.33,1.14,2026-05-08,1011,Aqua,MODIS,69,6.1NRT,304.53,13.95,D
30.50162,76.48933,324.6,1.33,1.14,2026-05-08,1011,Aqua,MODIS,67,6.1NRT,305.06,12.45,D
30.51315,76.50115,327.26,1.33,1.14,2026-05-08,1011,Aqua,MODIS,72,6.1NRT,304.25,17.11,D
30.5116,76.48775,336.99,1.33,1.14,2026-05-08,1011,Aqua,MODIS,84,6.1NRT,304.87,36.79,D
30.4838,76.25076,326.25,1.29,1.13,2026-05-08,1011,Aqua,MODIS,70,6.1NRT,304.05,15.81,D
30.48227,76.23781,326.48,1.28,1.12,2026-05-08,1011,Aqua,MODIS,71,6.1NRT,304.49,16.19,D
30.2554,74.4333,325.43,1.06,1.03,2026-05-08,1011,Aqua,MODIS,62,6.1NRT,309.08,8.11,D
30.36417,75.12315,325.32,1.13,1.06,2026-05-08,1011,Aqua,MODIS,63,6.1NRT,307.78,9.16,D
30.42656,75.53966,330.04,1.18,1.08,2026-05-08,1011,Aqua,MODIS,75,6.1NRT,306.63,16.72,D
30.38999,75.17694,332.57,1.14,1.06,2026-05-08,1011,Aqua,MODIS,78,6.1NRT,306.6,20.94,D
30.56983,76.46494,323.38,1.32,1.14,2026-05-08,1011,Aqua,MODIS,64,6.1NRT,304.34,10.6,D
30.43832,75.40514,326.71,1.16,1.07,2026-05-08,1011,Aqua,MODIS,68,6.1NRT,307.37,11.76,D
30.43302,75.23318,325.97,1.14,1.07,2026-05-08,1011,Aqua,MODIS,66,6.1NRT,308.03,10.43,D
30.33722,74.48882,329.21,1.07,1.03,2026-05-08,1011,Aqua,MODIS,73,6.1NRT,306.99,13.24,D
30.46999,75.45303,333.23,1.17,1.08,2026-05-08,1011,Aqua,MODIS,79,6.1NRT,307.24,21.1,D
30.43651,75.18563,333.23,1.14,1.06,2026-05-08,1011,Aqua,MODIS,79,6.1NRT,307.48,21.18,D
30.38855,74.66821,325.61,1.09,1.04,2026-05-08,1011,Aqua,MODIS,64,6.1NRT,308.18,8.42,D
30.5061,75.43488,324.64,1.17,1.08,2026-05-08,1011,Aqua,MODIS,58,6.1NRT,307.2,8.75,D
30.38256,74.41476,328.07,1.07,1.03,2026-05-08,1011,Aqua,MODIS,70,6.1NRT,308.66,12.4,D
30.56264,75.73133,323.65,1.21,1.09,2026-05-08,1011,Aqua,MODIS,62,6.1NRT,306.03,8.35,D
30.50251,75.25666,328.12,1.15,1.07,2026-05-08,1011,Aqua,MODIS,71,6.1NRT,308.23,12.89,D
30.59991,75.95228,325.46,1.24,1.11,2026-05-08,1011,Aqua,MODIS,67,6.1NRT,305.59,11.3,D
30.49867,75.02959,328.82,1.12,1.06,2026-05-08,1011,Aqua,MODIS,73,6.1NRT,308.16,15.22,D
30.46289,74.75039,324.29,1.1,1.04,2026-05-08,1011,Aqua,MODIS,62,6.1NRT,306.13,7.73,D
30.49924,74.9603,343.68,1.12,1.05,2026-05-08,1011,Aqua,MODIS,89,6.1NRT,307.46,38.79,D
30.4221,74.36904,321.56,1.06,1.03,2026-05-08,1011,Aqua,MODIS,40,6.1NRT,305.68,5.48,D
30.59322,75.63391,325.01,1.2,1.09,2026-05-08,1011,Aqua,MODIS,61,6.1NRT,306.34,8.59,D
30.49258,74.83574,324.93,1.1,1.05,2026-05-08,1011,Aqua,MODIS,62,6.1NRT,307.87,9.22,D
30.51761,74.9571,326.06,1.12,1.05,2026-05-08,1011,Aqua,MODIS,47,6.1NRT,306.37,9.39,D
30.65912,76.01414,321.61,1.25,1.11,2026-05-08,1011,Aqua,MODIS,49,6.1NRT,303.17,7.92,D
30.61522,75.65495,333.79,1.2,1.09,2026-05-08,1011,Aqua,MODIS,80,6.1NRT,306.18,24.63,D
30.60923,75.60661,324.81,1.2,1.09,2026-05-08,1011,Aqua,MODIS,64,6.1NRT,306.56,8.49,D
30.62473,75.65337,325.84,1.2,1.09,2026-05-08,1011,Aqua,MODIS,67,6.1NRT,305.75,11.39,D
30.54765,75.04426,324.53,1.13,1.06,2026-05-08,1011,Aqua,MODIS,58,6.1NRT,305.13,7.47,D
30.405,73.97245,327.8,1.04,1.02,2026-05-08,1011,Aqua,MODIS,71,6.1NRT,308.91,10.1,D
30.57306,75.16824,328.82,1.14,1.06,2026-05-08,1011,Aqua,MODIS,73,6.1NRT,305.25,14.28,D
30.57158,75.15676,323.55,1.14,1.06,2026-05-08,1011,Aqua,MODIS,44,6.1NRT,305.97,7.51,D
30.64832,75.68665,322.88,1.21,1.09,2026-05-08,1011,Aqua,MODIS,58,6.1NRT,304.63,8.92,D
30.6468,75.67448,321.65,1.21,1.09,2026-05-08,1011,Aqua,MODIS,52,6.1NRT,303.78,7.12,D
30.56462,75.02972,345.88,1.12,1.06,2026-05-08,1011,Aqua,MODIS,91,6.1NRT,305.18,44.16,D
30.63657,75.5163,326.31,1.18,1.08,2026-05-08,1011,Aqua,MODIS,68,6.1NRT,307.25,10.16,D
30.63506,75.50437,337.71,1.18,1.08,2026-05-08,1011,Aqua,MODIS,84,6.1NRT,307.68,29.5,D
30.57384,75.02813,330.55,1.12,1.06,2026-05-08,1011,Aqua,MODIS,76,6.1NRT,305.47,16.5,D
30.56205,74.93786,327.34,1.12,1.05,2026-05-08,1011,Aqua,MODIS,68,6.1NRT,307.67,11.19,D
30.56058,74.92663,327.35,1.11,1.05,2026-05-08,1011,Aqua,MODIS,65,6.1NRT,306.37,11.04,D
30.44163,74.0406,324.09,1.04,1.02,2026-05-08,1011,Aqua,MODIS,39,6.1NRT,307.71,6.71,D
30.68588,75.83084,328.53,1.23,1.1,2026-05-08,1011,Aqua,MODIS,73,6.1NRT,305.44,17.9,D
30.58306,75.02653,325.31,1.12,1.06,2026-05-08,1011,Aqua,MODIS,65,6.1NRT,305.29,9.81,D
30.44906,74.02851,324.82,1.04,1.02,2026-05-08,1011,Aqua,MODIS,60,6.1NRT,306.96,7.79,D
30.57906,74.8595,326.2,1.11,1.05,2026-05-08,1011,Aqua,MODIS,68,6.1NRT,307.58,10.01,D
30.57328,74.60074,337.5,1.08,1.04,2026-05-08,1011,Aqua,MODIS,84,6.1NRT,308.75,25.6,D
30.57184,74.58982,326.66,1.08,1.04,2026-05-08,1011,Aqua,MODIS,70,6.1NRT,307.78,8.85,D
30.5148,74.09586,324.75,1.05,1.02,2026-05-08,1011,Aqua,MODIS,65,6.1NRT,308.43,7.1,D
30.5105,74.06433,325.88,1.04,1.02,2026-05-08,1011,Aqua,MODIS,68,6.1NRT,309.03,9.1,D
30.65412,75.0773,326.31,1.13,1.06,2026-05-08,1011,Aqua,MODIS,69,6.1NRT,308.06,10.23,D
30.55849,74.28315,324.4,1.06,1.03,2026-05-08,1011,Aqua,MODIS,64,6.1NRT,307.47,7.38,D
30.53689,74.12418,325.22,1.05,1.02,2026-05-08,1011,Aqua,MODIS,66,6.1NRT,307.07,8.06,D
30.67923,74.92796,325.55,1.12,1.05,2026-05-08,1011,Aqua,MODIS,62,6.1NRT,307.69,9.15,D
30.67779,74.91669,324.61,1.12,1.05,2026-05-08,1011,Aqua,MODIS,51,6.1NRT,306.07,8.36,D
30.77241,75.51757,320.25,1.19,1.08,2026-05-08,1011,Aqua,MODIS,42,6.1NRT,301.99,8.37,D
30.71407,74.97968,330.19,1.12,1.06,2026-05-08,1011,Aqua,MODIS,76,6.1NRT,306.51,14.9,D
30.62888,74.33024,325.13,1.06,1.03,2026-05-08,1011,Aqua,MODIS,67,6.1NRT,307.09,7.41,D
30.80249,74.94611,325.92,1.12,1.06,2026-05-08,1011,Aqua,MODIS,70,6.1NRT,306.89,9.26,D
30.89827,75.55125,319.41,1.2,1.09,2026-05-08,1011,Aqua,MODIS,43,6.1NRT,303.34,8.4,D
30.84635,75.06676,325.13,1.14,1.06,2026-05-08,1011,Aqua,MODIS,69,6.1NRT,307.51,8.52,D
30.7644,74.44274,326.62,1.07,1.03,2026-05-08,1011,Aqua,MODIS,71,6.1NRT,306.49,11,D
30.83488,74.90574,327.7,1.12,1.05,2026-05-08,1011,Aqua,MODIS,73,6.1NRT,308.13,11.14,D
30.82457,74.82694,327.76,1.11,1.05,2026-05-08,1011,Aqua,MODIS,73,6.1NRT,309.02,11.39,D
30.89633,75.26588,321.8,1.16,1.07,2026-05-08,1011,Aqua,MODIS,62,6.1NRT,304.48,7.05,D
30.94511,75.42707,323.78,1.18,1.08,2026-05-08,1011,Aqua,MODIS,66,6.1NRT,304.77,11.49,D
30.93274,74.81854,328.53,1.11,1.05,2026-05-08,1011,Aqua,MODIS,75,6.1NRT,307.51,12.22,D
30.92269,74.74004,325.32,1.1,1.05,2026-05-08,1011,Aqua,MODIS,69,6.1NRT,305.23,9.43,D
30.99416,75.23058,323.03,1.16,1.07,2026-05-08,1011,Aqua,MODIS,67,6.1NRT,304.71,7.76,D
30.97428,74.99703,328.21,1.13,1.06,2026-05-08,1011,Aqua,MODIS,76,6.1NRT,305.43,13.42,D
30.95299,74.75756,328.12,1.11,1.05,2026-05-08,1011,Aqua,MODIS,75,6.1NRT,306.1,12.14,D
30.9665,74.7896,331.94,1.11,1.05,2026-05-08,1011,Aqua,MODIS,80,6.1NRT,306.32,18.52,D
30.96505,74.77837,325.22,1.11,1.05,2026-05-08,1011,Aqua,MODIS,70,6.1NRT,306.08,8.84,D
31.01528,75.09589,322.21,1.14,1.07,2026-05-08,1011,Aqua,MODIS,65,6.1NRT,304.51,7.58,D
31.14614,76.07339,319.76,1.28,1.12,2026-05-08,1011,Aqua,MODIS,57,6.1NRT,300.94,9.86,D
31.01422,75.01354,326.65,1.13,1.06,2026-05-08,1011,Aqua,MODIS,70,6.1NRT,304.88,11.43,D
31.01274,75.00207,326.13,1.13,1.06,2026-05-08,1011,Aqua,MODIS,51,6.1NRT,304.73,9.98,D
31.02792,75.04646,332.62,1.14,1.06,2026-05-08,1011,Aqua,MODIS,81,6.1NRT,306.3,21.44,D
31.02348,75.01194,324.1,1.13,1.06,2026-05-08,1011,Aqua,MODIS,69,6.1NRT,304.88,8.77,D
30.95016,74.45268,325.07,1.08,1.04,2026-05-08,1011,Aqua,MODIS,67,6.1NRT,305.83,10.76,D
31.06263,75.24288,321.73,1.16,1.07,2026-05-08,1011,Aqua,MODIS,63,6.1NRT,303.6,9.44,D
31.06113,75.23112,323.02,1.16,1.07,2026-05-08,1011,Aqua,MODIS,67,6.1NRT,304.04,11.2,D
31.06477,75.14098,324.03,1.15,1.07,2026-05-08,1011,Aqua,MODIS,70,6.1NRT,305.05,8.69,D
31.05083,74.95448,323.52,1.13,1.06,2026-05-08,1011,Aqua,MODIS,32,6.1NRT,304.79,7.68,D
31.08927,75.18455,323.51,1.16,1.07,2026-05-08,1011,Aqua,MODIS,65,6.1NRT,304.13,12.36,D
31.08781,75.17283,322.54,1.16,1.07,2026-05-08,1011,Aqua,MODIS,48,6.1NRT,303.93,10.09,D
31.02386,74.6706,331.15,1.1,1.05,2026-05-08,1011,Aqua,MODIS,80,6.1NRT,306.69,16.66,D
31.07076,74.96272,325.28,1.13,1.06,2026-05-08,1011,Aqua,MODIS,69,6.1NRT,306.35,10.08,D
31.10987,74.7634,326.13,1.11,1.05,2026-05-08,1011,Aqua,MODIS,69,6.1NRT,304.52,13.51,D
31.27283,75.10473,320.99,1.15,1.07,2026-05-08,1011,Aqua,MODIS,0,6.1NRT,303.74,7.57,D
31.32276,75.04829,322.43,1.15,1.07,2026-05-08,1011,Aqua,MODIS,68,6.1NRT,304.58,7.56,D
31.5648,75.46407,321.02,1.21,1.09,2026-05-08,1011,Aqua,MODIS,44,6.1NRT,301.12,9.48,D
31.54467,75.21982,322.34,1.17,1.08,2026-05-08,1011,Aqua,MODIS,62,6.1NRT,304.12,9.97,D
31.52756,75.00535,322.76,1.15,1.07,2026-05-08,1011,Aqua,MODIS,69,6.1NRT,303.39,9.41,D
31.5529,74.90578,323.45,1.14,1.06,2026-05-08,1011,Aqua,MODIS,68,6.1NRT,304.44,7.41,D
31.54436,74.76614,324.12,1.12,1.06,2026-05-08,1011,Aqua,MODIS,70,6.1NRT,305.09,8.91,D
31.53875,74.65091,325.16,1.11,1.05,2026-05-08,1011,Aqua,MODIS,50,6.1NRT,303.12,13.28,D
31.62748,75.15118,320.73,1.17,1.08,2026-05-08,1011,Aqua,MODIS,58,6.1NRT,301.57,7.42,D
31.65368,75.20771,323.77,1.18,1.08,2026-05-08,1011,Aqua,MODIS,70,6.1NRT,301.24,10.63,D
31.68983,75.18925,322.72,1.17,1.08,2026-05-08,1011,Aqua,MODIS,53,6.1NRT,303,9.53,D
31.70409,75.15016,325.1,1.17,1.08,2026-05-08,1011,Aqua,MODIS,71,6.1NRT,302.66,13.38,D
31.75236,75.49554,327.33,1.22,1.1,2026-05-08,1011,Aqua,MODIS,77,6.1NRT,301.96,18.08,D
31.70947,75.1424,327.08,1.17,1.08,2026-05-08,1011,Aqua,MODIS,76,6.1NRT,302.15,15.52,D
31.73566,75.19904,327.17,1.18,1.08,2026-05-08,1011,Aqua,MODIS,76,6.1NRT,302.07,15.68,D
31.73319,75.1018,323.73,1.17,1.07,2026-05-08,1011,Aqua,MODIS,70,6.1NRT,302,10.22,D
31.73171,75.08991,321.7,1.16,1.07,2026-05-08,1011,Aqua,MODIS,42,6.1NRT,303.59,8.41,D
31.69823,74.74995,324.32,1.12,1.06,2026-05-08,1011,Aqua,MODIS,70,6.1NRT,305,8.45,D
31.73555,74.96865,333.28,1.15,1.07,2026-05-08,1011,Aqua,MODIS,82,6.1NRT,304.87,24.53,D
31.73406,74.95692,329.52,1.15,1.07,2026-05-08,1011,Aqua,MODIS,78,6.1NRT,303.93,18.31,D
31.74486,74.96703,342.66,1.15,1.07,2026-05-08,1011,Aqua,MODIS,90,6.1NRT,303.59,42.61,D
31.74337,74.9553,328.47,1.15,1.07,2026-05-08,1011,Aqua,MODIS,77,6.1NRT,302.76,16.68,D
31.76317,75.03603,323.67,1.16,1.07,2026-05-08,1011,Aqua,MODIS,53,6.1NRT,303.32,12.04,D
31.74403,74.81248,323.58,1.13,1.06,2026-05-08,1011,Aqua,MODIS,68,6.1NRT,303.86,9.14,D
31.80167,75.07223,325.08,1.16,1.07,2026-05-08,1011,Aqua,MODIS,72,6.1NRT,302.69,12.88,D
31.80019,75.06035,321.27,1.16,1.07,2026-05-08,1011,Aqua,MODIS,57,6.1NRT,302.75,8.25,D
31.81547,75.10634,323.44,1.17,1.08,2026-05-08,1011,Aqua,MODIS,52,6.1NRT,304.05,9.99,D
31.81399,75.09441,325.98,1.17,1.08,2026-05-08,1011,Aqua,MODIS,74,6.1NRT,303.9,13.63,D
31.80366,75.01134,321.91,1.16,1.07,2026-05-08,1011,Aqua,MODIS,42,6.1NRT,302.87,9.69,D
31.84662,75.12537,321.72,1.17,1.08,2026-05-08,1011,Aqua,MODIS,53,6.1NRT,303.03,9.16,D
31.78876,74.66973,324.59,1.12,1.05,2026-05-08,1011,Aqua,MODIS,63,6.1NRT,303.43,10.81,D
31.84551,75.04035,323.11,1.16,1.07,2026-05-08,1011,Aqua,MODIS,68,6.1NRT,301.91,11.75,D
31.87633,75.13248,326.31,1.17,1.08,2026-05-08,1011,Aqua,MODIS,58,6.1NRT,303.32,14.73,D
31.87481,75.12051,325.79,1.17,1.08,2026-05-08,1011,Aqua,MODIS,73,6.1NRT,302.58,14.53,D
31.8593,74.79161,323.78,1.13,1.06,2026-05-08,1011,Aqua,MODIS,69,6.1NRT,302.2,10.44,D
31.90258,74.7603,317.73,1.13,1.06,2026-05-08,1011,Aqua,MODIS,46,6.1NRT,300.9,5.44,D
31.97257,75.08454,324.41,1.17,1.08,2026-05-08,1011,Aqua,MODIS,51,6.1NRT,302.73,11.47,D
31.94382,74.85996,319.58,1.14,1.07,2026-05-08,1011,Aqua,MODIS,31,6.1NRT,302.64,8.26,D
31.99105,75.03915,324.59,1.17,1.07,2026-05-08,1011,Aqua,MODIS,67,6.1NRT,301.77,13.99,D
32.05304,75.15108,322.18,1.18,1.08,2026-05-08,1011,Aqua,MODIS,51,6.1NRT,300.87,10.79,D
32.82084,74.46925,319.29,1.12,1.06,2026-05-08,1011,Aqua,MODIS,65,6.1NRT,302.92,8.55,D
17.24897,80.24696,305.33,1.29,1.13,2026-05-08,1509,Terra,MODIS,61,6.1NRT,293.31,5.43,N
17.20165,80.26705,305.84,1.29,1.13,2026-05-08,1509,Terra,MODIS,64,6.1NRT,293.23,6.35,N
16.55515,80.41335,314.73,1.29,1.13,2026-05-08,1509,Terra,MODIS,89,6.1NRT,289.24,14.97,N
22.03982,83.72584,308.96,1.04,1.02,2026-05-08,1509,Terra,MODIS,76,6.1NRT,295.14,6.24,N
21.01258,77.95054,313.33,1.58,1.24,2026-05-08,1509,Terra,MODIS,81,6.1NRT,298.46,15.4,N
21.75962,83.84312,310.52,1.05,1.02,2026-05-08,1509,Terra,MODIS,67,6.1NRT,296.52,6.03,N
21.75068,83.84447,311.19,1.05,1.02,2026-05-08,1509,Terra,MODIS,81,6.1NRT,296.89,6.79,N
21.74045,83.836,309.96,1.04,1.02,2026-05-08,1509,Terra,MODIS,77,6.1NRT,296.73,5.86,N
21.74173,83.84581,311.14,1.05,1.02,2026-05-08,1509,Terra,MODIS,81,6.1NRT,296.91,7.06,N
20.96339,85.18204,308.78,1.16,1.07,2026-05-08,1509,Terra,MODIS,49,6.1NRT,289.43,9.95,N
20.7896,85.26349,307.53,1.17,1.08,2026-05-08,1509,Terra,MODIS,16,6.1NRT,295.66,6.63,N
19.09585,82.16536,311.6,1.02,1.01,2026-05-08,1509,Terra,MODIS,83,6.1NRT,295.08,9.49,N
18.07648,79.9469,311.27,1.31,1.13,2026-05-08,1509,Terra,MODIS,79,6.1NRT,295.93,11.26,N
21.8788,79.21617,309.76,1.27,1.12,2026-05-08,1509,Terra,MODIS,77,6.1NRT,293.3,12.24,N
21.79012,78.33922,305.72,1.45,1.19,2026-05-08,1509,Terra,MODIS,57,6.1NRT,295.32,7.38,N
21.59018,77.12402,308.84,1.77,1.3,2026-05-08,1509,Terra,MODIS,68,6.1NRT,297.39,10.54,N
21.59104,77.1346,307.95,1.77,1.3,2026-05-08,1509,Terra,MODIS,64,6.1NRT,297.21,10.03,N
22.20953,79.55226,308.58,1.21,1.09,2026-05-08,1509,Terra,MODIS,75,6.1NRT,292.89,10.38,N
22.38699,80.22603,304.6,1.11,1.05,2026-05-08,1509,Terra,MODIS,61,6.1NRT,294.44,5.47,N
22.22466,76.9113,308.92,1.78,1.31,2026-05-08,1509,Terra,MODIS,67,6.1NRT,296.44,11.06,N
22.22176,76.89478,312.06,1.79,1.31,2026-05-08,1509,Terra,MODIS,79,6.1NRT,297.37,15.84,N
22.3078,77.32464,306.48,1.66,1.27,2026-05-08,1509,Terra,MODIS,55,6.1NRT,296.25,8.99,N
22.30515,77.30918,305.62,1.66,1.27,2026-05-08,1509,Terra,MODIS,48,6.1NRT,295.57,8.54,N
22.64522,79.25336,306.29,1.23,1.1,2026-05-08,1509,Terra,MODIS,60,6.1NRT,294.99,6.45,N
22.27843,77.01918,308.4,1.75,1.3,2026-05-08,1509,Terra,MODIS,64,6.1NRT,295.76,11.74,N
23.16354,82.3376,311.15,1,1,2026-05-08,1509,Terra,MODIS,82,6.1NRT,296.6,7.92,N
23.73684,86.4336,307.43,1.49,1.2,2026-05-08,1509,Terra,MODIS,70,6.1NRT,293.5,10.95,N
22.4134,76.99642,311.37,1.74,1.29,2026-05-08,1509,Terra,MODIS,77,6.1NRT,297,15.83,N
22.5469,76.89507,305.59,1.76,1.3,2026-05-08,1509,Terra,MODIS,50,6.1NRT,295.37,8.59,N
22.04109,83.73564,311.78,1.04,1.02,2026-05-08,1509,Terra,MODIS,83,6.1NRT,296.24,8.36,N
16.21059,80.57888,308.23,1.28,1.12,2026-05-08,1509,Terra,MODIS,71,6.1NRT,294.71,8.15,N
15.84337,78.5968,306.56,1.77,1.3,2026-05-08,1509,Terra,MODIS,63,6.1NRT,290.55,10.63,N
22.70428,77.06796,313.66,1.7,1.28,2026-05-08,1509,Terra,MODIS,43,6.1NRT,294.04,24.82,N
21.92504,83.34526,307.23,1.02,1.01,2026-05-08,1509,Terra,MODIS,50,6.1NRT,292.52,5.39,N
21.01011,77.93588,313.32,1.59,1.24,2026-05-08,1509,Terra,MODIS,81,6.1NRT,298.03,15.97,N
23.41364,77.95969,308.69,1.43,1.18,2026-05-08,1509,Terra,MODIS,72,6.1NRT,295.51,10.41,N
23.71083,79.37083,312.26,1.18,1.08,2026-05-08,1509,Terra,MODIS,82,6.1NRT,296.34,10.02,N
17.92427,79.69866,308.09,1.36,1.16,2026-05-08,1509,Terra,MODIS,69,6.1NRT,296.73,6.86,N
17.9333,79.82323,306.47,1.34,1.15,2026-05-08,1509,Terra,MODIS,60,6.1NRT,295.97,5.74,N
17.51494,80.77851,305.65,1.19,1.09,2026-05-08,1509,Terra,MODIS,60,6.1NRT,293.61,6.04,N
17.06163,80.23091,308.95,1.3,1.13,2026-05-08,1509,Terra,MODIS,76,6.1NRT,291.78,9.76,N
16.74266,78.64821,308.36,1.69,1.28,2026-05-08,1509,Terra,MODIS,71,6.1NRT,295.86,9.56,N
26.22781,80.82414,310.44,1.01,1,2026-05-08,1512,Terra,MODIS,77,6.1NRT,297.62,7.23,N
25.65186,76.34403,316.87,1.67,1.27,2026-05-08,1512,Terra,MODIS,93,6.1NRT,297.89,25.67,N
24.68764,76.79727,311.74,1.62,1.25,2026-05-08,1512,Terra,MODIS,80,6.1NRT,298.25,13.63,N
24.68492,76.78185,309.91,1.63,1.26,2026-05-08,1512,Terra,MODIS,75,6.1NRT,298.07,10.96,N
24.68353,76.78841,309.85,1.63,1.26,2026-05-08,1512,Terra,MODIS,74,6.1NRT,298.28,10.24,N
24.55246,77.14917,308.56,1.55,1.23,2026-05-08,1512,Terra,MODIS,71,6.1NRT,297.51,8.07,N
24.55721,77.13946,310.57,1.55,1.23,2026-05-08,1512,Terra,MODIS,79,6.1NRT,296.92,10.99,N
25.0676,82.03132,314.51,1,1,2026-05-08,1512,Terra,MODIS,88,6.1NRT,296.17,10.32,N
25.06891,82.04095,310.19,1,1,2026-05-08,1512,Terra,MODIS,75,6.1NRT,296.11,6.86,N
25.17352,83.25709,306.43,1.06,1.03,2026-05-08,1512,Terra,MODIS,63,6.1NRT,295.63,5.21,N
25.17483,83.26727,313.73,1.06,1.03,2026-05-08,1512,Terra,MODIS,86,6.1NRT,295.88,10.92,N
25.00322,82.03812,306.47,1,1,2026-05-08,1512,Terra,MODIS,61,6.1NRT,295.55,4.76,N
25.00453,82.04774,308.4,1,1,2026-05-08,1512,Terra,MODIS,69,6.1NRT,295.68,5.91,N
25.0131,82.24351,306.68,1.01,1,2026-05-08,1512,Terra,MODIS,62,6.1NRT,296.32,4.31,N
24.96779,81.9752,305.73,1,1,2026-05-08,1512,Terra,MODIS,57,6.1NRT,295.29,4.6,N
24.30766,77.88562,307.97,1.4,1.17,2026-05-08,1512,Terra,MODIS,69,6.1NRT,296.95,7.63,N
24.31038,77.89133,307.27,1.4,1.17,2026-05-08,1512,Terra,MODIS,68,6.1NRT,297.03,6.83,N
23.67388,74.96303,314.82,2.31,1.47,2026-05-08,1512,Terra,MODIS,88,6.1NRT,297.51,31.49,N
23.71441,76.74406,311.21,1.71,1.28,2026-05-08,1512,Terra,MODIS,79,6.1NRT,297.27,15.57,N
23.64181,77.72684,310.02,1.47,1.2,2026-05-08,1512,Terra,MODIS,45,6.1NRT,297.15,10.37,N
23.59492,78.17783,310.97,1.38,1.16,2026-05-08,1512,Terra,MODIS,79,6.1NRT,296.63,11.07,N
23.53274,78.05455,308.96,1.41,1.17,2026-05-08,1512,Terra,MODIS,35,6.1NRT,294.1,11.9,N
23.67978,86.39845,302.89,1.95,1.36,2026-05-08,2214,Aqua,MODIS,52,6.1NRT,292.26,13.53,N
23.77515,86.21464,301.96,1.88,1.34,2026-05-08,2214,Aqua,MODIS,46,6.1NRT,291.13,11.43,N
23.16486,82.3484,303.84,1.12,1.05,2026-05-08,2216,Aqua,MODIS,57,6.1NRT,293.74,5.63,N
23.1666,82.33794,307.2,1.11,1.05,2026-05-08,2216,Aqua,MODIS,71,6.1NRT,294.34,7.89,N
21.19091,81.42109,304.56,1.07,1.03,2026-05-08,2216,Aqua,MODIS,61,6.1NRT,294.47,4.92,N
20.96555,85.18247,306.61,1.81,1.32,2026-05-08,2216,Aqua,MODIS,44,6.1NRT,289.16,19.4,N
20.96855,85.16595,307.11,1.8,1.32,2026-05-08,2216,Aqua,MODIS,43,6.1NRT,291.56,19.04,N
21.75013,83.84597,306.79,1.41,1.18,2026-05-08,2216,Aqua,MODIS,42,6.1NRT,288.96,11.94,N
22.03844,83.73445,306.25,1.37,1.16,2026-05-08,2216,Aqua,MODIS,67,6.1NRT,294.57,9.63,N
23.12365,77.62647,305.19,1.16,1.07,2026-05-08,2216,Aqua,MODIS,18,6.1NRT,294.94,5.38,N
15.18211,76.67486,305.96,1.07,1.03,2026-05-08,2218,Aqua,MODIS,38,6.1NRT,294.52,4.66,N
23.68817,87.12046,313.5,1,1,2026-05-09,0317,Terra,MODIS,58,6.1NRT,298.32,5.37,D
23.68731,86.39532,315.14,1.02,1.01,2026-05-09,0317,Terra,MODIS,0,6.1NRT,298.99,6.99,D
23.67842,86.39391,316.3,1.02,1.01,2026-05-09,0317,Terra,MODIS,0,6.1NRT,299.51,8.32,D
22.75799,88.30743,312.45,1.03,1.02,2026-05-09,0317,Terra,MODIS,53,6.1NRT,298.28,5.08,D
23.33258,83.63272,318.15,1.34,1.15,2026-05-09,0317,Terra,MODIS,57,6.1NRT,302.78,9.26,D
23.73661,86.43298,319.74,1.02,1.01,2026-05-09,0317,Terra,MODIS,48,6.1NRT,300.36,9.52,D
23.77637,86.20874,320.88,1.03,1.02,2026-05-09,0317,Terra,MODIS,74,6.1NRT,299.29,13.74,D
23.76035,86.40292,321.57,1.02,1.01,2026-05-09,0317,Terra,MODIS,45,6.1NRT,299.68,10.57,D
23.66521,87.15577,314.68,1,1,2026-05-09,0317,Terra,MODIS,65,6.1NRT,297.88,7.21,D
23.79499,86.34834,315.46,1.03,1.01,2026-05-09,0317,Terra,MODIS,31,6.1NRT,296.85,6.26,D
20.96798,85.17912,325.98,1.06,1.03,2026-05-09,0319,Terra,MODIS,43,6.1NRT,303.08,12.97,D
19.63634,79.93191,317.61,2.17,1.43,2026-05-09,0319,Terra,MODIS,64,6.1NRT,296.09,16.67,D
20.96027,85.16785,323.83,1.06,1.03,2026-05-09,0319,Terra,MODIS,40,6.1NRT,304.12,11.41,D
20.95311,85.01368,322.46,1.08,1.04,2026-05-09,0319,Terra,MODIS,69,6.1NRT,303.17,11.74,D
16.18402,80.5826,322.17,1.73,1.29,2026-05-09,0319,Terra,MODIS,66,6.1NRT,299.05,17.09,D
17.28536,82.24448,321.17,1.37,1.16,2026-05-09,0319,Terra,MODIS,70,6.1NRT,298.94,17.2,D
20.88325,84.98683,318.18,1.08,1.04,2026-05-09,0319,Terra,MODIS,49,6.1NRT,302.97,7.94,D
20.86368,84.99426,319.24,1.08,1.04,2026-05-09,0319,Terra,MODIS,55,6.1NRT,302.56,8.59,D
20.75858,85.29682,317.84,1.05,1.02,2026-05-09,0319,Terra,MODIS,58,6.1NRT,302.44,7.64,D
17.61199,83.20444,322.44,1.21,1.09,2026-05-09,0319,Terra,MODIS,25,6.1NRT,302.92,10.7,D
20.96576,86.01179,318.83,1.01,1.01,2026-05-09,0319,Terra,MODIS,66,6.1NRT,301.5,8.71,D
20.95168,86.04835,321.39,1.01,1.01,2026-05-09,0319,Terra,MODIS,67,6.1NRT,300.96,10.22,D
21.07914,85.03796,321.01,1.08,1.04,2026-05-09,0319,Terra,MODIS,66,6.1NRT,303.99,11.02,D
16.32358,80.69761,323.54,4.57,1.96,2026-05-09,0909,Aqua,MODIS,72,6.1NRT,293.78,90.78,D
25.3531,81.11389,326.13,2.64,1.56,2026-05-09,0909,Aqua,MODIS,66,6.1NRT,306.08,28.06,D
25.07941,82.05785,324.18,2.29,1.46,2026-05-09,0909,Aqua,MODIS,55,6.1NRT,303.2,27.35,D
25.38345,91.10547,337.92,1.1,1.04,2026-05-09,0909,Aqua,MODIS,89,6.1NRT,299.35,39.06,D
18.69365,80.16891,321.99,4.44,1.94,2026-05-09,0909,Aqua,MODIS,0,6.1NRT,302.19,68.56,D
18.76745,79.97221,322.36,4.57,1.96,2026-05-09,0909,Aqua,MODIS,34,6.1NRT,302.18,80.91,D
25.31494,91.20839,313.15,1.11,1.05,2026-05-09,0909,Aqua,MODIS,62,6.1NRT,297.04,8.41,D
25.39745,91.0711,321.58,1.09,1.04,2026-05-09,0909,Aqua,MODIS,76,6.1NRT,297.81,14.06,D
25.44333,91.06735,313.53,1.1,1.04,2026-05-09,0909,Aqua,MODIS,52,6.1NRT,297.25,7.63,D
25.56074,90.91407,311.41,1.08,1.04,2026-05-09,0909,Aqua,MODIS,59,6.1NRT,296.96,6.02,D
25.31632,83.3881,353.19,1.81,1.32,2026-05-09,0909,Aqua,MODIS,96,6.1NRT,305.83,125.84,D
25.31735,83.39915,336.35,1.81,1.32,2026-05-09,0909,Aqua,MODIS,84,6.1NRT,305.09,50.63,D
25.31407,83.38206,346.95,1.81,1.32,2026-05-09,0909,Aqua,MODIS,92,6.1NRT,305.78,94.79,D
25.31714,91.15493,320.54,1.1,1.05,2026-05-09,0909,Aqua,MODIS,74,6.1NRT,297.34,14.5,D
25.35345,91.08958,380.23,1.1,1.04,2026-05-09,0909,Aqua,MODIS,100,6.1NRT,299.37,169.38,D
24.21032,91.77519,315.25,1.14,1.06,2026-05-09,0909,Aqua,MODIS,61,6.1NRT,299.08,8.47,D
24.20888,91.76437,319.48,1.14,1.06,2026-05-09,0909,Aqua,MODIS,70,6.1NRT,299.32,12.93,D
23.73397,86.43305,322.91,1.23,1.1,2026-05-09,0909,Aqua,MODIS,39,6.1NRT,305.31,12.66,D
23.77598,86.3886,322.83,1.24,1.11,2026-05-09,0909,Aqua,MODIS,18,6.1NRT,304.29,11.2,D
23.77954,86.21072,317.9,1.27,1.12,2026-05-09,0909,Aqua,MODIS,65,6.1NRT,302.93,9.63,D
25.1957,92.50834,324.02,1.28,1.12,2026-05-09,0909,Aqua,MODIS,78,6.1NRT,298.49,22.09,D
25.16782,92.20741,311.5,1.23,1.1,2026-05-09,0909,Aqua,MODIS,52,6.1NRT,298.37,5.53,D
25.18693,92.20362,312.97,1.23,1.1,2026-05-09,0909,Aqua,MODIS,60,6.1NRT,298.01,7.3,D
25.19762,91.57182,313.79,1.14,1.07,2026-05-09,0909,Aqua,MODIS,61,6.1NRT,298.5,8.2,D
25.27848,91.215,318.25,1.11,1.05,2026-05-09,0909,Aqua,MODIS,71,6.1NRT,297.17,11.61,D
24.10576,92.23441,313.13,1.2,1.09,2026-05-09,0909,Aqua,MODIS,55,6.1NRT,299.28,6.29,D
25.27712,91.2047,311.68,1.1,1.05,2026-05-09,0909,Aqua,MODIS,39,6.1NRT,297.67,5.38,D
19.83389,80.8334,323.37,3.73,1.81,2026-05-09,0909,Aqua,MODIS,71,6.1NRT,296.64,96.72,D
23.39142,91.70937,314.83,1.11,1.05,2026-05-09,0909,Aqua,MODIS,60,6.1NRT,301.01,6.45,D
23.74883,92.70184,328.41,1.26,1.11,2026-05-09,0909,Aqua,MODIS,81,6.1NRT,299.7,28.17,D
22.73613,85.31765,324.06,1.5,1.21,2026-05-09,0909,Aqua,MODIS,70,6.1NRT,300.17,25.29,D
24.23686,93.42544,314.32,1.41,1.18,2026-05-09,0909,Aqua,MODIS,61,6.1NRT,297.18,13.15,D
25.35204,91.07891,357.53,1.09,1.04,2026-05-09,0909,Aqua,MODIS,99,6.1NRT,302.1,84.09,D
25.38483,91.11583,336.65,1.1,1.05,2026-05-09,0909,Aqua,MODIS,88,6.1NRT,296.94,37.47,D
16.32647,80.69272,322.68,4.57,1.96,2026-05-09,0909,Aqua,MODIS,52,6.1NRT,294.05,80.31,D
17.56948,80.4628,320.48,4.47,1.94,2026-05-09,0909,Aqua,MODIS,60,6.1NRT,299.27,55.04,D
17.57324,80.45815,320.36,4.47,1.94,2026-05-09,0909,Aqua,MODIS,46,6.1NRT,298.9,54.53,D
20.79792,73.64493,324.63,2.86,1.61,2026-05-09,1047,Aqua,MODIS,53,6.1NRT,306.75,29.89,D
21.28582,70.85149,334.35,1.78,1.31,2026-05-09,1047,Aqua,MODIS,75,6.1NRT,312.61,32.09,D
21.68083,74.16135,328.38,3.23,1.7,2026-05-09,1047,Aqua,MODIS,59,6.1NRT,310.91,44.5,D
31.72248,74.79388,320.85,4.71,1.99,2026-05-09,1049,Aqua,MODIS,43,6.1NRT,298.38,70.57,D
26.85116,94.82663,310.63,1.04,1.02,2026-05-09,1412,Terra,MODIS,81,6.1NRT,293.5,8.83,N
17.14245,80.07966,307.47,2.16,1.43,2026-05-09,1546,Terra,MODIS,66,6.1NRT,294.86,14.7,N
15.17374,76.65626,310.48,1.18,1.08,2026-05-09,1546,Terra,MODIS,31,6.1NRT,297.92,5.51,N
19.60073,74.92999,313.35,1.08,1.04,2026-05-09,1548,Terra,MODIS,83,6.1NRT,298.01,9.73,N
21.92519,78.38052,306.84,1.88,1.34,2026-05-09,1548,Terra,MODIS,42,6.1NRT,289.83,22.12,N
21.53681,75.34296,309.59,1.18,1.08,2026-05-09,1548,Terra,MODIS,58,6.1NRT,299.57,5.69,N
21.10252,72.64584,322.57,1,1,2026-05-09,1548,Terra,MODIS,92,6.1NRT,302.65,0,N
21.09263,73.80146,315.16,1.02,1.01,2026-05-09,1548,Terra,MODIS,84,6.1NRT,302.16,8.35,N
20.32422,75.42955,308.5,1.16,1.07,2026-05-09,1548,Terra,MODIS,64,6.1NRT,297.49,6.6,N
20.31906,75.43611,310.07,1.16,1.07,2026-05-09,1548,Terra,MODIS,73,6.1NRT,297.01,7.67,N
20.25996,75.85357,308.82,1.21,1.09,2026-05-09,1548,Terra,MODIS,67,6.1NRT,297.78,7.44,N
18.4896,74.39066,305.83,1.03,1.01,2026-05-09,1548,Terra,MODIS,35,6.1NRT,282.93,7.01,N
18.73947,74.68079,306.47,1.05,1.02,2026-05-09,1548,Terra,MODIS,64,6.1NRT,292.35,4.43,N
18.66549,77.76485,310.7,1.53,1.22,2026-05-09,1548,Terra,MODIS,77,6.1NRT,298.42,10.6,N
18.12483,78.22144,309.02,1.62,1.25,2026-05-09,1548,Terra,MODIS,75,6.1NRT,295.65,12.31,N
21.58665,70.07647,312.75,1.18,1.08,2026-05-09,1548,Terra,MODIS,72,6.1NRT,301.39,8.67,N
23.56573,76.22203,310.53,1.4,1.17,2026-05-09,1550,Terra,MODIS,76,6.1NRT,297.43,9.73,N
23.55755,75.10311,316.41,1.2,1.09,2026-05-09,1550,Terra,MODIS,91,6.1NRT,299.82,12.62,N
23.76624,75.74287,314.47,1.31,1.14,2026-05-09,1550,Terra,MODIS,86,6.1NRT,297.02,14.45,N
23.94213,76.40951,311.81,1.46,1.19,2026-05-09,1550,Terra,MODIS,79,6.1NRT,296.81,13.75,N
24.12869,77.52488,309.55,1.75,1.3,2026-05-09,1550,Terra,MODIS,75,6.1NRT,297.77,16.91,N
23.52323,72.39408,320.57,1,1,2026-05-09,1550,Terra,MODIS,100,6.1NRT,301.62,14.47,N
23.99686,75.44183,311.44,1.27,1.12,2026-05-09,1550,Terra,MODIS,75,6.1NRT,298.02,10,N
24.14617,75.94561,313.06,1.37,1.16,2026-05-09,1550,Terra,MODIS,82,6.1NRT,299.12,11.5,N
24.1458,75.95254,309.41,1.37,1.16,2026-05-09,1550,Terra,MODIS,67,6.1NRT,299.36,7.67,N
24.75731,79.83939,309.97,2.64,1.56,2026-05-09,1550,Terra,MODIS,75,6.1NRT,295.26,26.82,N
24.38131,75.00037,311.02,1.21,1.1,2026-05-09,1550,Terra,MODIS,71,6.1NRT,298.84,8.32,N
24.67931,77.11555,311.86,1.66,1.27,2026-05-09,1550,Terra,MODIS,78,6.1NRT,297.47,19.02,N
24.76763,76.87615,309.18,1.6,1.25,2026-05-09,1550,Terra,MODIS,67,6.1NRT,298.8,10.62,N
25.04116,77.19248,315.96,1.7,1.28,2026-05-09,1550,Terra,MODIS,90,6.1NRT,298.77,24.73,N
25.24865,77.64578,317.44,1.85,1.33,2026-05-09,1550,Terra,MODIS,94,6.1NRT,297.63,30.28,N
25.2468,77.62803,310.43,1.84,1.33,2026-05-09,1550,Terra,MODIS,73,6.1NRT,297.39,16.51,N
25.24465,77.63963,322.52,1.85,1.33,2026-05-09,1550,Terra,MODIS,100,6.1NRT,297.75,42.71,N
25.23958,76.91116,309.16,1.64,1.26,2026-05-09,1550,Terra,MODIS,67,6.1NRT,298.88,11.23,N
25.25796,76.85547,310.06,1.62,1.25,2026-05-09,1550,Terra,MODIS,71,6.1NRT,298.92,12.78,N
25.30367,76.41325,309.84,1.52,1.22,2026-05-09,1550,Terra,MODIS,71,6.1NRT,299.19,11.08,N
25.48419,76.28856,313.32,1.5,1.21,2026-05-09,1550,Terra,MODIS,83,6.1NRT,299.99,15.2,N
25.48265,76.27409,314.51,1.49,1.21,2026-05-09,1550,Terra,MODIS,86,6.1NRT,299.71,17.08,N
23.48182,75.2376,325.23,1.22,1.1,2026-05-09,1550,Terra,MODIS,100,6.1NRT,298.25,25.73,N
21.10314,72.64382,321.07,1.16,1.07,2026-05-09,2254,Aqua,MODIS,91,6.1NRT,299.91,0,N
24.09226,77.15804,304.41,2,1.38,2026-05-09,2254,Aqua,MODIS,60,6.1NRT,292.72,16.51,N
24.09484,77.1731,305.29,2,1.38,2026-05-09,2254,Aqua,MODIS,64,6.1NRT,292.95,17.01,N
29.84615,80.08537,309.41,1.02,1.01,2026-05-10,0353,Terra,MODIS,63,6.1NRT,291.13,6.15,D
30.46035,75.28728,318.86,1.34,1.15,2026-05-10,0353,Terra,MODIS,60,6.1NRT,302.25,7.89,D
30.56334,76.22881,317.81,1.2,1.09,2026-05-10,0353,Terra,MODIS,57,6.1NRT,300.17,9.09,D
32.17669,75.48734,312.96,1.37,1.16,2026-05-10,0353,Terra,MODIS,58,6.1NRT,291.09,7.81,D
30.69864,75.51845,323.69,1.31,1.13,2026-05-10,0353,Terra,MODIS,73,6.1NRT,301.36,16.27,D
31.58978,75.64463,318.3,1.32,1.14,2026-05-10,0353,Terra,MODIS,68,6.1NRT,293.54,13.68,D
31.60077,75.18588,315.28,1.4,1.17,2026-05-10,0353,Terra,MODIS,59,6.1NRT,295.37,9.21,D
31.45246,75.78179,312.09,1.29,1.13,2026-05-10,0353,Terra,MODIS,35,6.1NRT,292.34,6.8,D
31.37556,75.28557,314.7,1.37,1.16,2026-05-10,0353,Terra,MODIS,52,6.1NRT,295.29,9.7,D
30.7973,75.80589,319.73,1.26,1.12,2026-05-10,0353,Terra,MODIS,68,6.1NRT,300.88,9.97,D
30.98244,74.69567,322.43,1.47,1.2,2026-05-10,0353,Terra,MODIS,72,6.1NRT,300.91,15.43,D
30.50524,75.94942,325.13,1.23,1.1,2026-05-10,0353,Terra,MODIS,74,6.1NRT,302.23,16.4,D
29.8944,76.56725,319.99,1.14,1.06,2026-05-10,0355,Terra,MODIS,64,6.1NRT,301.62,7.59,D
26.04713,79.69974,323.83,1.06,1.03,2026-05-10,0355,Terra,MODIS,66,6.1NRT,304.93,10.31,D
26.37908,78.34016,322.97,1,1,2026-05-10,0355,Terra,MODIS,62,6.1NRT,306.26,6.9,D
26.03027,80.751,320.81,1.17,1.07,2026-05-10,0355,Terra,MODIS,57,6.1NRT,304.66,7.13,D
26.37599,79.72694,322,1.06,1.03,2026-05-10,0355,Terra,MODIS,61,6.1NRT,303.57,9.6,D
26.4774,79.42808,323.44,1.03,1.02,2026-05-10,0355,Terra,MODIS,65,6.1NRT,304.29,9.81,D
27.7259,77.47841,322.84,1.02,1.01,2026-05-10,0355,Terra,MODIS,63,6.1NRT,306.82,6.55,D
27.75603,78.33204,317.57,1,1,2026-05-10,0355,Terra,MODIS,56,6.1NRT,302.94,5.9,D
27.48122,80.24137,317.5,1.07,1.03,2026-05-10,0355,Terra,MODIS,63,6.1NRT,301.75,6.62,D
28.5968,77.58281,321.78,1.03,1.01,2026-05-10,0355,Terra,MODIS,67,6.1NRT,303.55,9.05,D
28.30914,79.79038,318.47,1.03,1.01,2026-05-10,0355,Terra,MODIS,67,6.1NRT,300.31,8.23,D
28.90275,76.28959,324.01,1.14,1.06,2026-05-10,0355,Terra,MODIS,64,6.1NRT,305.75,10.47,D
28.87489,76.79103,328.62,1.09,1.04,2026-05-10,0355,Terra,MODIS,75,6.1NRT,305.08,16.23,D
28.97547,76.86926,323.93,1.09,1.04,2026-05-10,0355,Terra,MODIS,68,6.1NRT,304.59,9.37,D
29.11092,76.0148,320.85,1.18,1.08,2026-05-10,0355,Terra,MODIS,50,6.1NRT,303.78,8.09,D
29.38445,75.08411,323.82,1.33,1.14,2026-05-10,0355,Terra,MODIS,61,6.1NRT,306.59,11.25,D
29.46705,74.69594,322.08,1.41,1.17,2026-05-10,0355,Terra,MODIS,55,6.1NRT,305.25,11.43,D
29.38322,75.62904,322.36,1.24,1.11,2026-05-10,0355,Terra,MODIS,59,6.1NRT,304.4,10.19,D
29.51784,74.61601,321.25,1.42,1.18,2026-05-10,0355,Terra,MODIS,49,6.1NRT,304.79,9.62,D
29.67152,74.43644,325.04,1.47,1.2,2026-05-10,0355,Terra,MODIS,58,6.1NRT,303.54,14.6,D
29.67655,74.44321,324.46,1.47,1.2,2026-05-10,0355,Terra,MODIS,66,6.1NRT,304.34,14.22,D
29.6781,74.42837,323.14,1.47,1.2,2026-05-10,0355,Terra,MODIS,62,6.1NRT,303.87,11.84,D
29.68682,75.28796,321.01,1.31,1.13,2026-05-10,0355,Terra,MODIS,54,6.1NRT,304.65,8.62,D
29.94763,73.67081,324.39,1.66,1.27,2026-05-10,0355,Terra,MODIS,66,6.1NRT,303.06,15.45,D
29.84934,76.14176,323.38,1.19,1.08,2026-05-10,0355,Terra,MODIS,68,6.1NRT,302.91,12.22,D
29.8543,76.1364,322.15,1.19,1.08,2026-05-10,0355,Terra,MODIS,67,6.1NRT,302.9,9.99,D
30.01394,75.09398,319.2,1.35,1.15,2026-05-10,0355,Terra,MODIS,52,6.1NRT,301.97,8.16,D
30.22768,74.36658,323.87,1.51,1.21,2026-05-10,0355,Terra,MODIS,69,6.1NRT,303.8,16.32,D
30.23162,74.37321,325.78,1.51,1.21,2026-05-10,0355,Terra,MODIS,73,6.1NRT,303.92,19.59,D
30.27055,76.3717,323.06,1.17,1.08,2026-05-10,0355,Terra,MODIS,70,6.1NRT,301.57,12.01,D
25.17366,76.31651,329.25,1.06,1.03,2026-05-10,0357,Terra,MODIS,58,6.1NRT,310.59,11.46,D
24.8423,83.69576,313.38,1.86,1.33,2026-05-10,0357,Terra,MODIS,25,6.1NRT,295.47,10.72,D
25.57713,78.07596,321.5,1,1,2026-05-10,0357,Terra,MODIS,46,6.1NRT,306.17,6.71,D
25.35119,79.53204,328.76,1.06,1.03,2026-05-10,0357,Terra,MODIS,74,6.1NRT,306.85,13.92,D
25.64406,76.58756,328.56,1.05,1.02,2026-05-10,0357,Terra,MODIS,69,6.1NRT,312.22,8.94,D
25.63415,75.96539,323.55,1.1,1.05,2026-05-10,0357,Terra,MODIS,49,6.1NRT,308.72,7.35,D
25.47162,76.70892,332.52,1.04,1.02,2026-05-10,0357,Terra,MODIS,76,6.1NRT,312.11,13.98,D
25.39212,76.54569,337.35,1.05,1.02,2026-05-10,0357,Terra,MODIS,82,6.1NRT,313.31,22.14,D
25.17928,78.00695,325.79,1,1,2026-05-10,0357,Terra,MODIS,62,6.1NRT,308.76,8.64,D
25.37501,76.46445,329.62,1.05,1.02,2026-05-10,0357,Terra,MODIS,70,6.1NRT,314,8.9,D
25.35855,76.16811,326.45,1.07,1.03,2026-05-10,0357,Terra,MODIS,58,6.1NRT,310.05,11.91,D
25.26748,76.85762,335.34,1.03,1.01,2026-05-10,0357,Terra,MODIS,80,6.1NRT,312.74,18.02,D
25.26614,76.86755,336.61,1.03,1.01,2026-05-10,0357,Terra,MODIS,81,6.1NRT,313.13,19.97,D
24.66339,80.73314,329.77,1.21,1.09,2026-05-10,0357,Terra,MODIS,74,6.1NRT,309.1,15.61,D
24.01121,74.61054,329.95,1.22,1.1,2026-05-10,0357,Terra,MODIS,66,6.1NRT,315.73,11.39,D
23.46346,78.68784,324.48,1.04,1.02,2026-05-10,0357,Terra,MODIS,46,6.1NRT,310.16,7.38,D
23.77527,76.64494,334.06,1.02,1.01,2026-05-10,0357,Terra,MODIS,76,6.1NRT,309.1,17.02,D
23.64627,78.38612,324.07,1.02,1.01,2026-05-10,0357,Terra,MODIS,51,6.1NRT,310.58,6.85,D
23.6477,78.37645,328.49,1.02,1.01,2026-05-10,0357,Terra,MODIS,61,6.1NRT,310.58,12.87,D
23.95248,76.29298,327.97,1.04,1.02,2026-05-10,0357,Terra,MODIS,62,6.1NRT,313.72,9.82,D
23.59558,78.85509,327.15,1.04,1.02,2026-05-10,0357,Terra,MODIS,65,6.1NRT,311.7,8.71,D
23.71716,79.02614,324.78,1.05,1.02,2026-05-10,0357,Terra,MODIS,48,6.1NRT,307.72,9.41,D
23.7487,78.8172,324.07,1.04,1.02,2026-05-10,0357,Terra,MODIS,56,6.1NRT,310.03,6.44,D
24.26828,75.56833,325.5,1.11,1.05,2026-05-10,0357,Terra,MODIS,43,6.1NRT,312.01,7.5,D
24.31643,75.6899,346.57,1.1,1.04,2026-05-10,0357,Terra,MODIS,90,6.1NRT,315.4,42.02,D
24.19173,77.37048,330.09,1,1,2026-05-10,0357,Terra,MODIS,70,6.1NRT,314.09,10,D
24.12547,77.89784,327.6,1,1,2026-05-10,0357,Terra,MODIS,66,6.1NRT,311.6,8.9,D
24.12685,77.88828,332.04,1,1,2026-05-10,0357,Terra,MODIS,75,6.1NRT,312.34,14.26,D
24.41892,75.75407,332.04,1.09,1.04,2026-05-10,0357,Terra,MODIS,72,6.1NRT,313.09,15.17,D
24.25386,77.18409,325.53,1.01,1,2026-05-10,0357,Terra,MODIS,53,6.1NRT,312.45,5.89,D
23.99085,79.41239,326.02,1.08,1.04,2026-05-10,0357,Terra,MODIS,68,6.1NRT,309.79,10.9,D
24.02509,79.25082,328.96,1.06,1.03,2026-05-10,0357,Terra,MODIS,73,6.1NRT,304.82,18.92,D
24.47201,77.78867,328.43,1,1,2026-05-10,0357,Terra,MODIS,67,6.1NRT,313.74,8.19,D
24.52819,77.85313,331.51,1,1,2026-05-10,0357,Terra,MODIS,74,6.1NRT,312.57,12.92,D
24.72603,77.10419,325.65,1.01,1.01,2026-05-10,0357,Terra,MODIS,51,6.1NRT,311.87,7.54,D
24.72738,77.09447,326.09,1.01,1.01,2026-05-10,0357,Terra,MODIS,52,6.1NRT,312.62,7.45,D
24.65088,78.03371,334.6,1,1,2026-05-10,0357,Terra,MODIS,80,6.1NRT,310.88,19.2,D
24.81277,77.14408,326.09,1.01,1,2026-05-10,0357,Terra,MODIS,57,6.1NRT,312.23,7.67,D
24.66244,78.82782,323.92,1.03,1.01,2026-05-10,0357,Terra,MODIS,58,6.1NRT,308.25,7.2,D
25.11419,76.27985,333.81,1.06,1.03,2026-05-10,0357,Terra,MODIS,77,6.1NRT,313.51,16.46,D
25.33244,75.45202,324.29,1.15,1.07,2026-05-10,0357,Terra,MODIS,38,6.1NRT,309.75,9.86,D
17.88467,79.52873,325.31,1.29,1.13,2026-05-10,0357,Terra,MODIS,75,6.1NRT,299.93,16.81,D
17.99344,78.96387,317.1,1.2,1.09,2026-05-10,0357,Terra,MODIS,53,6.1NRT,298.95,7.15,D
18.20115,77.78539,319.52,1.06,1.03,2026-05-10,0357,Terra,MODIS,31,6.1NRT,302.3,5.57,D
17.65098,81.37603,318.87,1.74,1.29,2026-05-10,0357,Terra,MODIS,65,6.1NRT,300.69,14,D
18.44159,77.6,323.71,1.04,1.02,2026-05-10,0357,Terra,MODIS,61,6.1NRT,305.67,6.93,D
18.49096,77.70284,324.04,1.05,1.02,2026-05-10,0357,Terra,MODIS,66,6.1NRT,306.35,7.26,D
18.61795,77.77882,343.44,1.05,1.02,2026-05-10,0357,Terra,MODIS,90,6.1NRT,305.18,38.87,D
18.55104,78.28255,325.86,1.1,1.04,2026-05-10,0357,Terra,MODIS,71,6.1NRT,302.82,12.96,D
18.64201,77.80255,321.4,1.05,1.02,2026-05-10,0357,Terra,MODIS,51,6.1NRT,303.15,6.34,D
18.4394,79.19592,322.35,1.22,1.1,2026-05-10,0357,Terra,MODIS,65,6.1NRT,299.81,12.5,D
18.65675,77.76536,324.03,1.05,1.02,2026-05-10,0357,Terra,MODIS,65,6.1NRT,305.99,8.02,D
18.44378,79.19171,323.45,1.21,1.1,2026-05-10,0357,Terra,MODIS,70,6.1NRT,300.1,13.19,D
18.68168,77.78574,323.53,1.05,1.02,2026-05-10,0357,Terra,MODIS,63,6.1NRT,304.53,8.45,D
18.69942,78.74813,328.46,1.14,1.07,2026-05-10,0357,Terra,MODIS,76,6.1NRT,301.05,18.82,D
18.72514,78.64523,320.97,1.13,1.06,2026-05-10,0357,Terra,MODIS,60,6.1NRT,301.32,8.2,D
18.84444,78.11492,322.35,1.07,1.03,2026-05-10,0357,Terra,MODIS,61,6.1NRT,302.14,8.21,D
19.04052,77.9187,320.27,1.05,1.03,2026-05-10,0357,Terra,MODIS,45,6.1NRT,302.82,6.25,D
19.07306,77.82475,322.9,1.05,1.02,2026-05-10,0357,Terra,MODIS,63,6.1NRT,304.79,7.48,D
19.13614,78.0202,324.46,1.06,1.03,2026-05-10,0357,Terra,MODIS,68,6.1NRT,304.05,10.78,D
19.201,77.89761,326.33,1.05,1.02,2026-05-10,0357,Terra,MODIS,71,6.1NRT,305.07,11.4,D
19.20393,77.87829,321.58,1.05,1.02,2026-05-10,0357,Terra,MODIS,56,6.1NRT,304.18,7.11,D
19.20153,78.25973,318.91,1.08,1.04,2026-05-10,0357,Terra,MODIS,39,6.1NRT,302.3,7.04,D
19.20577,78.65114,322.55,1.12,1.05,2026-05-10,0357,Terra,MODIS,66,6.1NRT,302.72,9.02,D
19.32312,77.88385,320.43,1.05,1.02,2026-05-10,0357,Terra,MODIS,48,6.1NRT,304.18,6.44,D
19.32456,77.87424,324.91,1.05,1.02,2026-05-10,0357,Terra,MODIS,59,6.1NRT,303.67,11.52,D
19.74148,75.87889,327.13,1.01,1.01,2026-05-10,0357,Terra,MODIS,58,6.1NRT,310.23,8.94,D
19.64472,78.38506,327.04,1.08,1.04,2026-05-10,0357,Terra,MODIS,73,6.1NRT,306.64,10.58,D
19.65227,78.45837,327.28,1.09,1.04,2026-05-10,0357,Terra,MODIS,70,6.1NRT,307.05,11.63,D
19.68758,78.64767,324.83,1.11,1.05,2026-05-10,0357,Terra,MODIS,69,6.1NRT,305.54,9.7,D
19.75371,78.69653,321.67,1.11,1.05,2026-05-10,0357,Terra,MODIS,58,6.1NRT,304.31,6.23,D
20.25851,76.60308,327.77,1,1,2026-05-10,0357,Terra,MODIS,68,6.1NRT,311.65,8.42,D
20.13282,78.21374,327.77,1.06,1.03,2026-05-10,0357,Terra,MODIS,71,6.1NRT,309.6,8.93,D
20.84556,75.82909,327.17,1.03,1.01,2026-05-10,0357,Terra,MODIS,59,6.1NRT,311.41,7.94,D
20.61574,77.51273,324.11,1.01,1.01,2026-05-10,0357,Terra,MODIS,53,6.1NRT,308.91,9.26,D
21.08179,74.89614,330.97,1.11,1.05,2026-05-10,0357,Terra,MODIS,71,6.1NRT,312.8,12.39,D
21.26042,74.72054,330.09,1.13,1.06,2026-05-10,0357,Terra,MODIS,71,6.1NRT,313.51,11.05,D
21.27931,76.49604,328.17,1.01,1,2026-05-10,0357,Terra,MODIS,66,6.1NRT,312.15,8.82,D
21.28063,76.48661,327.19,1.01,1,2026-05-10,0357,Terra,MODIS,63,6.1NRT,312.63,8.01,D
21.3366,76.40845,324.46,1.01,1,2026-05-10,0357,Terra,MODIS,31,6.1NRT,309.91,6.41,D
21.27257,79.4482,329.58,1.15,1.07,2026-05-10,0357,Terra,MODIS,76,6.1NRT,309.5,13.77,D
21.59039,77.36346,334.77,1,1,2026-05-10,0357,Terra,MODIS,80,6.1NRT,309.35,20.38,D
21.59175,77.35408,328.4,1,1,2026-05-10,0357,Terra,MODIS,69,6.1NRT,310.03,11.86,D
21.59311,77.34469,324.46,1,1,2026-05-10,0357,Terra,MODIS,56,6.1NRT,310.2,7.6,D
21.59446,77.33531,323.57,1,1,2026-05-10,0357,Terra,MODIS,37,6.1NRT,309.81,6.36,D
21.45531,79.11752,322.25,1.11,1.05,2026-05-10,0357,Terra,MODIS,41,6.1NRT,307.98,9.43,D
21.69251,78.23025,324.75,1.03,1.02,2026-05-10,0357,Terra,MODIS,64,6.1NRT,310.43,7.66,D
22.11977,75.18541,325.8,1.1,1.05,2026-05-10,0357,Terra,MODIS,0,6.1NRT,310.83,8.34,D
22.11285,76.27283,326.72,1.02,1.01,2026-05-10,0357,Terra,MODIS,62,6.1NRT,312.4,6,D
22.11416,76.26321,328.43,1.02,1.01,2026-05-10,0357,Terra,MODIS,67,6.1NRT,313.67,7.78,D
22.21393,75.58669,336.06,1.07,1.03,2026-05-10,0357,Terra,MODIS,80,6.1NRT,312.4,20.33,D
22.21525,75.57661,336.06,1.07,1.03,2026-05-10,0357,Terra,MODIS,80,6.1NRT,312.57,20.19,D
22.08997,76.89148,327.72,1,1,2026-05-10,0357,Terra,MODIS,68,6.1NRT,310.85,9.37,D
22.27368,75.55455,328.16,1.07,1.03,2026-05-10,0357,Terra,MODIS,66,6.1NRT,313.56,7.84,D
22.20718,76.92262,326.45,1,1,2026-05-10,0357,Terra,MODIS,67,6.1NRT,309.82,8.76,D
21.94512,79.29358,323.09,1.12,1.05,2026-05-10,0357,Terra,MODIS,65,6.1NRT,307.68,8.41,D
21.97607,79.27746,324.69,1.11,1.05,2026-05-10,0357,Terra,MODIS,71,6.1NRT,309.68,9.11,D
22.32284,76.94749,336.69,1,1,2026-05-10,0357,Terra,MODIS,83,6.1NRT,306.62,26.15,D
22.32417,76.93803,339.62,1,1,2026-05-10,0357,Terra,MODIS,86,6.1NRT,306.06,30.34,D
22.33909,76.95973,322.48,1,1,2026-05-10,0357,Terra,MODIS,51,6.1NRT,306.75,8.71,D
22.63985,75.50028,337.5,1.08,1.04,2026-05-10,0357,Terra,MODIS,81,6.1NRT,310.76,26.82,D
22.6412,75.49007,327.72,1.08,1.04,2026-05-10,0357,Terra,MODIS,61,6.1NRT,310.65,11.31,D
22.12095,79.41248,332.91,1.12,1.06,2026-05-10,0357,Terra,MODIS,82,6.1NRT,307.82,23.27,D
22.56611,76.78532,334.77,1.01,1,2026-05-10,0357,Terra,MODIS,81,6.1NRT,311.2,18.27,D
22.56744,76.77581,328.45,1.01,1,2026-05-10,0357,Terra,MODIS,71,6.1NRT,310.82,9.83,D
21.84592,81.53751,324.43,1.5,1.21,2026-05-10,0357,Terra,MODIS,29,6.1NRT,304.62,15.25,D
21.85278,81.5303,323.92,1.5,1.21,2026-05-10,0357,Terra,MODIS,33,6.1NRT,305.19,14.48,D
22.69108,76.1524,328.75,1.03,1.02,2026-05-10,0357,Terra,MODIS,68,6.1NRT,315,7.71,D
22.59503,76.98038,325.1,1,1,2026-05-10,0357,Terra,MODIS,64,6.1NRT,308.82,7.56,D
22.72616,76.95932,326.41,1,1,2026-05-10,0357,Terra,MODIS,66,6.1NRT,309.02,8.56,D
22.34495,79.65158,320.38,1.15,1.07,2026-05-10,0357,Terra,MODIS,63,6.1NRT,306.2,7.36,D
22.37195,79.76287,334.02,1.16,1.07,2026-05-10,0357,Terra,MODIS,83,6.1NRT,308.72,25.69,D
22.37368,79.75198,337.46,1.16,1.07,2026-05-10,0357,Terra,MODIS,86,6.1NRT,309.03,32.41,D
22.72799,77.46913,323.79,1,1,2026-05-10,0357,Terra,MODIS,52,6.1NRT,309.73,8.15,D
23.07578,75.47056,332.57,1.09,1.04,2026-05-10,0357,Terra,MODIS,71,6.1NRT,314.62,13.91,D
22.83959,77.27112,333.3,1,1,2026-05-10,0357,Terra,MODIS,78,6.1NRT,313.83,15.59,D
22.53146,79.64198,324.38,1.14,1.06,2026-05-10,0357,Terra,MODIS,70,6.1NRT,308.8,11.87,D
23.22534,75.31732,328.88,1.11,1.05,2026-05-10,0357,Terra,MODIS,59,6.1NRT,315.97,8.87,D
22.91475,77.96625,322.69,1.01,1,2026-05-10,0357,Terra,MODIS,34,6.1NRT,308.13,8.42,D
22.97616,77.60632,328.8,1,1,2026-05-10,0357,Terra,MODIS,72,6.1NRT,311.32,9.81,D
23.39364,75.36533,329.48,1.11,1.05,2026-05-10,0357,Terra,MODIS,61,6.1NRT,315.49,10.45,D
23.43944,75.23109,328.57,1.12,1.06,2026-05-10,0357,Terra,MODIS,58,6.1NRT,315.3,9.19,D
23.44084,75.22036,328.67,1.13,1.06,2026-05-10,0357,Terra,MODIS,58,6.1NRT,315.47,9.33,D
23.44645,75.22775,338.03,1.13,1.06,2026-05-10,0357,Terra,MODIS,80,6.1NRT,315.71,23.8,D
23.43163,75.70655,330.92,1.08,1.04,2026-05-10,0357,Terra,MODIS,66,6.1NRT,317,9.33,D
23.5383,75.37762,329.29,1.11,1.05,2026-05-10,0357,Terra,MODIS,61,6.1NRT,315.01,9.76,D
23.51795,76.23539,329.58,1.04,1.02,2026-05-10,0357,Terra,MODIS,62,6.1NRT,313.27,9.59,D
23.18833,78.61195,324.78,1.03,1.02,2026-05-10,0357,Terra,MODIS,64,6.1NRT,310.99,7.59,D
23.06746,79.80506,322.75,1.14,1.07,2026-05-10,0357,Terra,MODIS,59,6.1NRT,308.47,8.08,D
23.33474,78.06764,328.05,1.01,1,2026-05-10,0357,Terra,MODIS,63,6.1NRT,311.66,8.86,D
23.58427,76.29212,337.35,1.04,1.02,2026-05-10,0357,Terra,MODIS,80,6.1NRT,314.73,20.15,D
23.34213,78.0787,328.96,1.01,1,2026-05-10,0357,Terra,MODIS,71,6.1NRT,309.9,10.8,D
23.34354,78.06913,331.82,1.01,1,2026-05-10,0357,Terra,MODIS,76,6.1NRT,310.69,14.11,D
23.48887,77.76762,326.24,1,1,2026-05-10,0357,Terra,MODIS,53,6.1NRT,312.26,6.98,D
23.72535,76.19877,331.06,1.04,1.02,2026-05-10,0357,Terra,MODIS,69,6.1NRT,313.9,11.69,D
23.63862,77.15867,327.14,1,1,2026-05-10,0357,Terra,MODIS,60,6.1NRT,311.41,9.19,D
23.46784,78.59806,324.33,1.03,1.01,2026-05-10,0357,Terra,MODIS,62,6.1NRT,310.39,7.25,D
23.5453,78.07645,327.78,1.01,1,2026-05-10,0357,Terra,MODIS,69,6.1NRT,312.16,9.1,D
18.32746,74.49137,324.45,1.09,1.04,2026-05-10,0400,Terra,MODIS,68,6.1NRT,309.24,7.79,D
17.14733,77.97329,328.25,1.1,1.05,2026-05-10,0400,Terra,MODIS,75,6.1NRT,303.59,15.77,D
16.88997,80.53097,317.21,1.56,1.23,2026-05-10,0400,Terra,MODIS,39,6.1NRT,296.07,13.65,D
17.03354,79.77647,319.15,1.38,1.16,2026-05-10,0400,Terra,MODIS,64,6.1NRT,299.66,8.81,D
17.17489,79.98287,316.96,1.42,1.18,2026-05-10,0400,Terra,MODIS,59,6.1NRT,298.29,8.73,D
10.48256,77.94421,314.2,1.32,1.14,2026-05-10,0400,Terra,MODIS,66,6.1NRT,293.07,8.8,D
12.29785,78.41679,309.63,1.33,1.14,2026-05-10,0400,Terra,MODIS,47,6.1NRT,289.27,6.28,D
14.13502,76.1769,312.66,1.02,1.01,2026-05-10,0400,Terra,MODIS,62,6.1NRT,291.6,4.74,D
14.59807,77.95339,318,1.17,1.07,2026-05-10,0400,Terra,MODIS,66,6.1NRT,290.74,10.6,D
14.91934,78.58661,327.7,1.25,1.11,2026-05-10,0400,Terra,MODIS,79,6.1NRT,281.63,26.14,D
15.20052,78.17973,322.79,1.18,1.08,2026-05-10,0400,Terra,MODIS,46,6.1NRT,291,14.97,D
15.20217,78.16913,320.04,1.18,1.08,2026-05-10,0400,Terra,MODIS,36,6.1NRT,288.56,10.83,D
15.20711,78.13738,327.89,1.17,1.08,2026-05-10,0400,Terra,MODIS,73,6.1NRT,295.46,21.84,D
15.39978,79.13077,316.31,1.33,1.14,2026-05-10,0400,Terra,MODIS,57,6.1NRT,294.66,9.89,D
15.40164,79.11876,320.9,1.33,1.14,2026-05-10,0400,Terra,MODIS,70,6.1NRT,294.66,17.18,D
15.40081,79.12455,325.3,1.33,1.14,2026-05-10,0400,Terra,MODIS,72,6.1NRT,294.77,23.02,D
15.7794,78.46443,325.98,1.2,1.09,2026-05-10,0400,Terra,MODIS,76,6.1NRT,303.16,12.67,D
15.78106,78.45358,327.23,1.2,1.09,2026-05-10,0400,Terra,MODIS,77,6.1NRT,302.09,14.01,D
16.17851,80.56432,323.66,1.62,1.25,2026-05-10,0400,Terra,MODIS,74,6.1NRT,297.03,19.75,D
16.54683,78.27859,320.93,1.15,1.07,2026-05-10,0400,Terra,MODIS,63,6.1NRT,301,7.65,D
16.37207,80.66225,326.9,1.63,1.26,2026-05-10,0400,Terra,MODIS,62,6.1NRT,298.02,25.45,D
16.78144,78.71419,323.27,1.2,1.09,2026-05-10,0400,Terra,MODIS,68,6.1NRT,302.7,8.94,D
17.14583,77.98326,323.25,1.1,1.05,2026-05-10,0400,Terra,MODIS,66,6.1NRT,303.96,9.08,D
15.62051,78.47561,319.9,1.32,1.14,2026-05-10,0945,Aqua,MODIS,25,6.1NRT,291.11,10.84,D
14.53068,79.23707,319.8,1.24,1.1,2026-05-10,0945,Aqua,MODIS,53,6.1NRT,294.99,13.89,D
14.16661,79.91718,319.04,1.15,1.07,2026-05-10,0945,Aqua,MODIS,50,6.1NRT,300.01,7.39,D
15.935,80.08331,311.7,1.08,1.04,2026-05-10,0945,Aqua,MODIS,49,6.1NRT,281.83,5.81,D
21.86995,78.28178,331.7,1.12,1.05,2026-05-10,0947,Aqua,MODIS,68,6.1NRT,318.03,10.76,D
23.95904,79.2713,341.8,1.01,1.01,2026-05-10,0947,Aqua,MODIS,85,6.1NRT,315.47,25.57,D
23.74686,78.54732,333.89,1.05,1.02,2026-05-10,0947,Aqua,MODIS,71,6.1NRT,315.84,13.31,D
23.14738,75.03773,332.38,1.66,1.27,2026-05-10,0947,Aqua,MODIS,66,6.1NRT,317.2,16.83,D
23.58582,77.71168,333.79,1.13,1.06,2026-05-10,0947,Aqua,MODIS,69,6.1NRT,318.03,13.02,D
23.49159,77.25713,331.89,1.19,1.09,2026-05-10,0947,Aqua,MODIS,62,6.1NRT,319.8,11.92,D
23.50962,77.70006,330.95,1.14,1.06,2026-05-10,0947,Aqua,MODIS,58,6.1NRT,317.56,11.27,D
23.60439,78.29209,333.28,1.07,1.03,2026-05-10,0947,Aqua,MODIS,68,6.1NRT,318.09,13.35,D
23.59542,78.29381,342.47,1.07,1.03,2026-05-10,0947,Aqua,MODIS,84,6.1NRT,317.83,29.02,D
23.59701,78.30387,330.75,1.07,1.03,2026-05-10,0947,Aqua,MODIS,47,6.1NRT,316.73,9.24,D
23.63839,78.62509,329.32,1.05,1.02,2026-05-10,0947,Aqua,MODIS,52,6.1NRT,315.08,7.07,D
23.58909,78.8418,332.14,1.03,1.02,2026-05-10,0947,Aqua,MODIS,54,6.1NRT,316.66,8.83,D
23.48158,78.80801,327.82,1.04,1.02,2026-05-10,0947,Aqua,MODIS,48,6.1NRT,314.05,7.24,D
22.17943,71.98999,337.5,2.93,1.63,2026-05-10,0947,Aqua,MODIS,79,6.1NRT,316.72,74.28,D
23.87175,82.72086,326.01,1.19,1.09,2026-05-10,0947,Aqua,MODIS,68,6.1NRT,309.33,9.31,D
23.42252,79.81417,328.59,1,1,2026-05-10,0947,Aqua,MODIS,65,6.1NRT,308.89,12.03,D
22.89678,77.47455,333,1.19,1.08,2026-05-10,0947,Aqua,MODIS,61,6.1NRT,319.72,15.15,D
22.88723,77.53369,330.95,1.18,1.08,2026-05-10,0947,Aqua,MODIS,66,6.1NRT,317.44,14.37,D
23.2499,79.83768,339.63,1,1,2026-05-10,0947,Aqua,MODIS,84,6.1NRT,312.69,24.27,D
23.25131,79.84711,336.74,1,1,2026-05-10,0947,Aqua,MODIS,81,6.1NRT,313.24,19.35,D
23.75955,86.40025,317.51,2.08,1.4,2026-05-10,0947,Aqua,MODIS,45,6.1NRT,298.69,18.49,D
21.97622,74.86068,347.9,1.81,1.32,2026-05-10,0947,Aqua,MODIS,91,6.1NRT,318.42,82.89,D
21.97934,74.87765,339.35,1.8,1.32,2026-05-10,0947,Aqua,MODIS,82,6.1NRT,317.1,45.99,D
22.31011,76.99657,330.75,1.28,1.12,2026-05-10,0947,Aqua,MODIS,58,6.1NRT,313.26,16.92,D
22.74533,80.30045,324.97,1,1,2026-05-10,0947,Aqua,MODIS,0,6.1NRT,308.37,6.27,D
22.1759,76.8665,330.95,1.31,1.14,2026-05-10,0947,Aqua,MODIS,58,6.1NRT,315.16,10.83,D
22.79807,81.12012,324.92,1.02,1.01,2026-05-10,0947,Aqua,MODIS,39,6.1NRT,302.93,11.48,D
22.46094,79.82886,343.53,1.01,1,2026-05-10,0947,Aqua,MODIS,87,6.1NRT,314.79,29.01,D
21.97082,76.93233,337.25,1.31,1.14,2026-05-10,0947,Aqua,MODIS,78,6.1NRT,318.36,21.7,D
21.93766,77.22971,329.47,1.26,1.12,2026-05-10,0947,Aqua,MODIS,58,6.1NRT,314.39,12.19,D
22.41688,80.40084,330.5,1,1,2026-05-10,0947,Aqua,MODIS,71,6.1NRT,315.64,10.38,D
21.86847,77.24873,337.04,1.26,1.12,2026-05-10,0947,Aqua,MODIS,77,6.1NRT,315.05,24.05,D
21.85881,77.25063,331.25,1.26,1.12,2026-05-10,0947,Aqua,MODIS,52,6.1NRT,314.7,13.47,D
22.25103,79.72356,330.09,1.01,1,2026-05-10,0947,Aqua,MODIS,70,6.1NRT,312.79,10.15,D
21.8511,77.26422,330.9,1.26,1.11,2026-05-10,0947,Aqua,MODIS,54,6.1NRT,315.25,12.75,D
22.06085,79.20609,339.87,1.04,1.02,2026-05-10,0947,Aqua,MODIS,84,6.1NRT,318.88,21.76,D
22.06235,79.21576,333.23,1.04,1.02,2026-05-10,0947,Aqua,MODIS,75,6.1NRT,318.8,10.93,D
22.02337,79.02344,330.14,1.05,1.02,2026-05-10,0947,Aqua,MODIS,68,6.1NRT,315.71,9.44,D
21.70412,77.37672,334.03,1.25,1.11,2026-05-10,0947,Aqua,MODIS,72,6.1NRT,317.48,17.97,D
21.97923,79.09713,334.03,1.04,1.02,2026-05-10,0947,Aqua,MODIS,76,6.1NRT,316.13,15.27,D
21.05489,73.77464,326.48,2.28,1.46,2026-05-10,0947,Aqua,MODIS,40,6.1NRT,310.12,22.13,D
21.77333,77.91738,357.12,1.17,1.07,2026-05-10,0947,Aqua,MODIS,98,6.1NRT,319.28,72.31,D
21.7751,77.92825,343.21,1.16,1.07,2026-05-10,0947,Aqua,MODIS,86,6.1NRT,318.12,34.41,D
22.04049,83.73173,325.96,1.29,1.13,2026-05-10,0947,Aqua,MODIS,57,6.1NRT,306.6,13.95,D
21.34247,79.23473,335.69,1.05,1.02,2026-05-10,0947,Aqua,MODIS,78,6.1NRT,316.82,13.45,D
21.31,79.26048,338.05,1.04,1.02,2026-05-10,0947,Aqua,MODIS,81,6.1NRT,316.63,17,D
20.85239,79.8391,334.94,1.02,1.01,2026-05-10,0947,Aqua,MODIS,78,6.1NRT,308.52,24.58,D
21.22005,82.86371,328.97,1.13,1.06,2026-05-10,0947,Aqua,MODIS,73,6.1NRT,309.23,15.28,D
20.95577,85.0139,319.82,1.5,1.21,2026-05-10,0947,Aqua,MODIS,51,6.1NRT,300.7,9.66,D
20.96432,85.17086,332.42,1.54,1.22,2026-05-10,0947,Aqua,MODIS,81,6.1NRT,305.59,35.13,D
19.57758,78.04338,345.47,1.23,1.1,2026-05-10,0947,Aqua,MODIS,90,6.1NRT,313.66,50.1,D
19.5794,78.05457,333.23,1.23,1.1,2026-05-10,0947,Aqua,MODIS,75,6.1NRT,313.52,21.92,D
19.63935,82.9775,317.45,1.11,1.05,2026-05-10,0947,Aqua,MODIS,55,6.1NRT,303.2,6.73,D
19.87424,85.43984,330.09,1.55,1.23,2026-05-10,0947,Aqua,MODIS,81,6.1NRT,297.52,41.58,D
18.78149,78.22232,328.25,1.23,1.1,2026-05-10,0947,Aqua,MODIS,56,6.1NRT,309.29,14.28,D
18.84565,78.91814,338.74,1.13,1.06,2026-05-10,0947,Aqua,MODIS,84,6.1NRT,308.42,29.79,D
18.64083,77.80138,330.65,1.31,1.14,2026-05-10,0947,Aqua,MODIS,33,6.1NRT,309.66,17.06,D
18.56993,77.80245,326.71,1.31,1.14,2026-05-10,0947,Aqua,MODIS,53,6.1NRT,308.2,12.45,D
18.46459,77.91968,326.82,1.3,1.13,2026-05-10,0947,Aqua,MODIS,64,6.1NRT,310.85,13.06,D
18.26312,77.88365,328.47,1.31,1.14,2026-05-10,0947,Aqua,MODIS,50,6.1NRT,311.03,14.65,D
18.499,79.41489,328.1,1.09,1.04,2026-05-10,0947,Aqua,MODIS,59,6.1NRT,310.08,11.83,D
18.50055,79.4248,346.49,1.09,1.04,2026-05-10,0947,Aqua,MODIS,79,6.1NRT,310.56,44.14,D
18.33056,79.05721,322.95,1.13,1.06,2026-05-10,0947,Aqua,MODIS,38,6.1NRT,307.63,6.91,D
18.99929,84.48399,316.4,1.3,1.13,2026-05-10,0947,Aqua,MODIS,53,6.1NRT,298.26,9.9,D
18.29577,79.65442,329.83,1.07,1.03,2026-05-10,0947,Aqua,MODIS,73,6.1NRT,310.85,11.31,D
18.77501,83.73071,324.31,1.17,1.08,2026-05-10,0947,Aqua,MODIS,73,6.1NRT,297.3,20.08,D
18.76992,83.76412,318.54,1.18,1.08,2026-05-10,0947,Aqua,MODIS,61,6.1NRT,299.19,10.85,D
18.15767,79.72052,324.04,1.07,1.03,2026-05-10,0947,Aqua,MODIS,51,6.1NRT,306.55,8.18,D
18.30709,81.3244,321.04,1,1,2026-05-10,0947,Aqua,MODIS,51,6.1NRT,302.93,10.33,D
18.30842,81.33352,330.9,1,1,2026-05-10,0947,Aqua,MODIS,77,6.1NRT,302.06,21.89,D
18.15719,80.6328,326.47,1.01,1.01,2026-05-10,0947,Aqua,MODIS,58,6.1NRT,310.59,7.43,D
18.00753,79.76867,331.35,1.07,1.03,2026-05-10,0947,Aqua,MODIS,76,6.1NRT,308.88,16.07,D
17.8379,79.81008,324.11,1.07,1.03,2026-05-10,0947,Aqua,MODIS,62,6.1NRT,306.54,8.53,D
17.74367,79.74315,329.94,1.07,1.03,2026-05-10,0947,Aqua,MODIS,75,6.1NRT,308.29,15.12,D
17.72575,79.80622,324.83,1.07,1.03,2026-05-10,0947,Aqua,MODIS,64,6.1NRT,307.88,8.99,D
18.24707,83.73408,327.5,1.16,1.07,2026-05-10,0947,Aqua,MODIS,78,6.1NRT,297.56,20.4,D
18.1972,83.48098,320.07,1.13,1.06,2026-05-10,0947,Aqua,MODIS,61,6.1NRT,302.49,7.72,D
18.07062,82.96764,317.73,1.07,1.03,2026-05-10,0947,Aqua,MODIS,62,6.1NRT,298.77,10.16,D
17.54238,79.63903,326.9,1.09,1.04,2026-05-10,0947,Aqua,MODIS,68,6.1NRT,308.37,10.01,D
17.50636,79.70585,324.91,1.08,1.04,2026-05-10,0947,Aqua,MODIS,62,6.1NRT,307.3,8.27,D
17.51255,80.28179,327.96,1.04,1.02,2026-05-10,0947,Aqua,MODIS,70,6.1NRT,309.61,9.44,D
17.51399,80.29124,329.73,1.04,1.02,2026-05-10,0947,Aqua,MODIS,73,6.1NRT,309.92,11.38,D
17.507,80.54146,327.14,1.02,1.01,2026-05-10,0947,Aqua,MODIS,48,6.1NRT,307.72,6.7,D
17.36401,79.86277,328.69,1.07,1.03,2026-05-10,0947,Aqua,MODIS,71,6.1NRT,307.19,13.75,D
17.17793,80.03547,328.93,1.06,1.03,2026-05-10,0947,Aqua,MODIS,73,6.1NRT,308.01,12.35,D
17.16749,80.02738,323.59,1.06,1.03,2026-05-10,0947,Aqua,MODIS,51,6.1NRT,305,6.32,D
17.18809,80.27796,329.32,1.04,1.02,2026-05-10,0947,Aqua,MODIS,74,6.1NRT,307.52,11.58,D
17.18955,80.28739,332.86,1.04,1.02,2026-05-10,0947,Aqua,MODIS,79,6.1NRT,307.06,16.39,D
17.22408,80.64184,324.5,1.02,1.01,2026-05-10,0947,Aqua,MODIS,69,6.1NRT,306.12,6.78,D
17.12036,80.08047,324.72,1.06,1.03,2026-05-10,0947,Aqua,MODIS,51,6.1NRT,303.88,9.42,D
17.12455,80.22644,330.04,1.05,1.02,2026-05-10,0947,Aqua,MODIS,72,6.1NRT,308.79,11.68,D
17.04073,79.80568,325.65,1.08,1.04,2026-05-10,0947,Aqua,MODIS,65,6.1NRT,307.73,8.92,D
17.04523,80.19753,332.9,1.05,1.02,2026-05-10,0947,Aqua,MODIS,75,6.1NRT,306.22,18.96,D
17.05542,80.26401,332.52,1.05,1.02,2026-05-10,0947,Aqua,MODIS,79,6.1NRT,308.04,16.65,D
17.03632,80.19905,338,1.05,1.02,2026-05-10,0947,Aqua,MODIS,80,6.1NRT,304.87,27.21,D
17.0139,80.29038,328.32,1.04,1.02,2026-05-10,0947,Aqua,MODIS,61,6.1NRT,307.1,11.15,D
16.92356,80.30167,327.91,1.05,1.02,2026-05-10,0947,Aqua,MODIS,50,6.1NRT,308.48,10.01,D
16.91759,80.32205,328.13,1.04,1.02,2026-05-10,0947,Aqua,MODIS,48,6.1NRT,307.05,11.21,D
16.49346,78.39954,333.7,1.3,1.13,2026-05-10,0947,Aqua,MODIS,80,6.1NRT,304.87,28.16,D
16.98115,81.67749,318.06,1,1,2026-05-10,0947,Aqua,MODIS,63,6.1NRT,295.24,6.07,D
16.75893,81.24316,314.14,1,1,2026-05-10,0947,Aqua,MODIS,56,6.1NRT,275.46,10.23,D
16.82456,82.17965,313.54,1.01,1,2026-05-10,0947,Aqua,MODIS,47,6.1NRT,285.01,9.64,D
16.37004,80.0785,323.41,1.07,1.03,2026-05-10,0947,Aqua,MODIS,51,6.1NRT,298.12,10.06,D
16.346,80.04279,326.53,1.08,1.04,2026-05-10,0947,Aqua,MODIS,77,6.1NRT,298.19,16.37,D
16.34751,80.05249,321.16,1.08,1.04,2026-05-10,0947,Aqua,MODIS,63,6.1NRT,296.36,9.18,D
16.40936,80.51132,327.04,1.04,1.02,2026-05-10,0947,Aqua,MODIS,79,6.1NRT,301.01,11.48,D
16.17896,79.80079,323.47,1.11,1.05,2026-05-10,0947,Aqua,MODIS,67,6.1NRT,299.05,9.57,D
16.18511,79.84059,318.71,1.1,1.05,2026-05-10,0947,Aqua,MODIS,36,6.1NRT,292.14,6.09,D
16.31803,80.71088,323.09,1.03,1.01,2026-05-10,0947,Aqua,MODIS,74,6.1NRT,285.31,11,D
16.28343,80.60208,316.28,1.04,1.02,2026-05-10,0947,Aqua,MODIS,39,6.1NRT,284.53,6.44,D
16.28485,80.61142,324.96,1.04,1.02,2026-05-10,0947,Aqua,MODIS,76,6.1NRT,284.05,15.62,D
16.2739,80.71821,326.28,1.03,1.01,2026-05-10,0947,Aqua,MODIS,78,6.1NRT,284.31,14.92,D
16.27532,80.72749,321.19,1.03,1.01,2026-05-10,0947,Aqua,MODIS,62,6.1NRT,280.36,9.74,D
16.12892,79.83996,327.28,1.1,1.05,2026-05-10,0947,Aqua,MODIS,78,6.1NRT,286.68,19.11,D
16.26508,80.71967,340.88,1.03,1.01,2026-05-10,0947,Aqua,MODIS,90,6.1NRT,283.48,36.91,D
16.26649,80.72895,328.22,1.03,1.01,2026-05-10,0947,Aqua,MODIS,63,6.1NRT,278.89,17.38,D
16.26191,80.75821,321.38,1.03,1.01,2026-05-10,0947,Aqua,MODIS,40,6.1NRT,279.18,11.78,D
16.25168,80.7504,324.04,1.03,1.01,2026-05-10,0947,Aqua,MODIS,59,6.1NRT,276.39,13.63,D
16.21371,80.69661,325.13,1.03,1.01,2026-05-10,0947,Aqua,MODIS,73,6.1NRT,281.2,15.03,D
30.8017,75.51685,321.41,1.15,1.07,2026-05-10,0949,Aqua,MODIS,61,6.1NRT,302.05,8.93,D
31.8094,74.97023,324.89,1.18,1.08,2026-05-10,0949,Aqua,MODIS,52,6.1NRT,302.67,10.35,D
31.81473,74.68433,321.12,1.22,1.1,2026-05-10,0949,Aqua,MODIS,63,6.1NRT,302.68,7.27,D
31.81258,74.672,321.51,1.22,1.1,2026-05-10,0949,Aqua,MODIS,64,6.1NRT,302.62,8.01,D
30.66668,74.93571,328.14,1.23,1.1,2026-05-10,0949,Aqua,MODIS,74,6.1NRT,306.36,14.65,D
31.79394,74.93652,326.17,1.19,1.08,2026-05-10,0949,Aqua,MODIS,74,6.1NRT,303.75,13.08,D
31.79802,74.9605,333.84,1.18,1.08,2026-05-10,0949,Aqua,MODIS,83,6.1NRT,303.19,24.94,D
31.81621,75.06764,321.48,1.17,1.08,2026-05-10,0949,Aqua,MODIS,50,6.1NRT,302.76,7.13,D
31.75546,74.76918,323.07,1.21,1.09,2026-05-10,0949,Aqua,MODIS,68,6.1NRT,303.02,9.43,D
30.57218,75.2655,324.85,1.19,1.09,2026-05-10,0949,Aqua,MODIS,68,6.1NRT,304.03,10.17,D
30.50322,75.23866,326.78,1.2,1.09,2026-05-10,0949,Aqua,MODIS,70,6.1NRT,306.37,11.82,D
30.69196,76.42343,324.09,1.07,1.03,2026-05-10,0949,Aqua,MODIS,72,6.1NRT,303.04,10.06,D
30.52362,74.9877,327.66,1.23,1.1,2026-05-10,0949,Aqua,MODIS,72,6.1NRT,306.15,13.46,D
30.6416,75.61353,323.36,1.15,1.07,2026-05-10,0949,Aqua,MODIS,53,6.1NRT,303.68,9.77,D
30.5353,74.99773,325.02,1.23,1.1,2026-05-10,0949,Aqua,MODIS,67,6.1NRT,305.52,9.4,D
30.57336,74.98875,325.22,1.23,1.1,2026-05-10,0949,Aqua,MODIS,68,6.1NRT,306.19,10.13,D
30.5689,74.84812,325.56,1.25,1.11,2026-05-10,0949,Aqua,MODIS,61,6.1NRT,305.32,12.57,D
30.77665,76.02631,325.28,1.1,1.05,2026-05-10,0949,Aqua,MODIS,65,6.1NRT,303.6,12.69,D
30.69074,75.50645,326,1.16,1.07,2026-05-10,0949,Aqua,MODIS,72,6.1NRT,303.81,13.46,D
30.51375,75.46941,324.69,1.17,1.08,2026-05-10,0949,Aqua,MODIS,58,6.1NRT,305.45,10.51,D
30.50734,75.46417,324.01,1.17,1.08,2026-05-10,0949,Aqua,MODIS,61,6.1NRT,305.49,8.66,D
30.57195,75.85363,325.17,1.12,1.06,2026-05-10,0949,Aqua,MODIS,67,6.1NRT,304.7,11.7,D
30.58299,75.92087,323.11,1.12,1.05,2026-05-10,0949,Aqua,MODIS,60,6.1NRT,302.18,8.75,D
31.8049,75.05801,325.47,1.17,1.08,2026-05-10,0949,Aqua,MODIS,74,6.1NRT,303.24,12.07,D
31.80691,75.06985,322.44,1.17,1.08,2026-05-10,0949,Aqua,MODIS,63,6.1NRT,303.03,7.83,D
31.80964,75.14281,322.89,1.16,1.07,2026-05-10,0949,Aqua,MODIS,60,6.1NRT,303.3,8.43,D
31.80037,75.145,324.13,1.16,1.07,2026-05-10,0949,Aqua,MODIS,64,6.1NRT,303.57,10.18,D
31.75443,74.93349,337.63,1.19,1.08,2026-05-10,0949,Aqua,MODIS,86,6.1NRT,303.41,34.22,D
31.82132,75.38149,324.74,1.13,1.06,2026-05-10,0949,Aqua,MODIS,73,6.1NRT,299.98,13.62,D
31.72944,75.04443,322.32,1.18,1.08,2026-05-10,0949,Aqua,MODIS,69,6.1NRT,302.62,8.39,D
31.69945,75.03921,322.65,1.18,1.08,2026-05-10,0949,Aqua,MODIS,70,6.1NRT,303.95,8.31,D
31.65055,75.13143,324.09,1.17,1.08,2026-05-10,0949,Aqua,MODIS,43,6.1NRT,303.04,9.38,D
31.65254,75.14323,342.14,1.17,1.08,2026-05-10,0949,Aqua,MODIS,90,6.1NRT,304,41.79,D
31.66046,75.19028,321,1.16,1.07,2026-05-10,0949,Aqua,MODIS,51,6.1NRT,297.33,9.15,D
31.59394,75.08329,323,1.18,1.08,2026-05-10,0949,Aqua,MODIS,68,6.1NRT,302.99,9.1,D
31.59598,75.09515,331.4,1.17,1.08,2026-05-10,0949,Aqua,MODIS,82,6.1NRT,304.14,21.23,D
31.64325,75.54186,321.44,1.12,1.06,2026-05-10,0949,Aqua,MODIS,71,6.1NRT,301.42,8.2,D
31.60129,75.67422,318.75,1.11,1.05,2026-05-10,0949,Aqua,MODIS,67,6.1NRT,297.53,7.24,D
31.60316,75.68546,320.18,1.11,1.05,2026-05-10,0949,Aqua,MODIS,69,6.1NRT,297.75,9.08,D
31.53186,75.43085,325.46,1.14,1.06,2026-05-10,0949,Aqua,MODIS,35,6.1NRT,301.78,12.86,D
31.41853,74.86156,324.87,1.21,1.09,2026-05-10,0949,Aqua,MODIS,73,6.1NRT,304.28,12.14,D
31.51479,75.48901,324.45,1.13,1.06,2026-05-10,0949,Aqua,MODIS,57,6.1NRT,301.89,11.76,D
31.38172,74.81943,322.38,1.22,1.1,2026-05-10,0949,Aqua,MODIS,69,6.1NRT,304.48,8.37,D
31.47185,75.40359,325.17,1.14,1.07,2026-05-10,0949,Aqua,MODIS,75,6.1NRT,302.41,11.99,D
31.47379,75.41511,324.57,1.14,1.06,2026-05-10,0949,Aqua,MODIS,75,6.1NRT,302.87,11.12,D
31.51945,75.68797,320.12,1.11,1.05,2026-05-10,0949,Aqua,MODIS,58,6.1NRT,298.54,8.36,D
31.37766,75.02243,326.41,1.19,1.09,2026-05-10,0949,Aqua,MODIS,76,6.1NRT,303.74,14.67,D
31.44675,75.48107,317.03,1.13,1.06,2026-05-10,0949,Aqua,MODIS,60,6.1NRT,300.29,7.1,D
31.31477,74.85378,323.45,1.22,1.1,2026-05-10,0949,Aqua,MODIS,71,6.1NRT,303.68,10.97,D
31.41677,75.90858,316.19,1.09,1.04,2026-05-10,0949,Aqua,MODIS,61,6.1NRT,300.26,5.96,D
31.41857,75.91963,316.44,1.09,1.04,2026-05-10,0949,Aqua,MODIS,61,6.1NRT,300.35,6.25,D
31.24144,75.02934,323.73,1.2,1.09,2026-05-10,0949,Aqua,MODIS,71,6.1NRT,304.23,11.21,D
31.17391,74.75277,323.61,1.24,1.11,2026-05-10,0949,Aqua,MODIS,70,6.1NRT,305.18,10.7,D
31.20384,74.92493,321.94,1.21,1.09,2026-05-10,0949,Aqua,MODIS,68,6.1NRT,303.92,8.27,D
31.18706,74.94158,330.19,1.21,1.09,2026-05-10,0949,Aqua,MODIS,80,6.1NRT,304.18,20.58,D
31.31841,75.71134,337.75,1.12,1.05,2026-05-10,0949,Aqua,MODIS,88,6.1NRT,302.42,32.55,D
31.18922,75.06664,324.55,1.19,1.09,2026-05-10,0949,Aqua,MODIS,63,6.1NRT,303.38,13.45,D
31.1836,75.06097,354.6,1.2,1.09,2026-05-10,0949,Aqua,MODIS,73,6.1NRT,305.12,77.01,D
31.16807,75.02711,323.94,1.2,1.09,2026-05-10,0949,Aqua,MODIS,27,6.1NRT,301.77,13.21,D
31.15131,75.04362,342.36,1.2,1.09,2026-05-10,0949,Aqua,MODIS,85,6.1NRT,304.08,43.99,D
31.15337,75.05564,325.74,1.2,1.09,2026-05-10,0949,Aqua,MODIS,32,6.1NRT,303.78,12.05,D
31.14603,75.06988,331.1,1.2,1.09,2026-05-10,0949,Aqua,MODIS,61,6.1NRT,304.47,22.75,D
31.0969,74.95582,323.17,1.21,1.09,2026-05-10,0949,Aqua,MODIS,68,6.1NRT,304.74,8.77,D
31.08957,74.97021,323.21,1.21,1.09,2026-05-10,0949,Aqua,MODIS,68,6.1NRT,305.02,8.57,D
31.01583,74.68562,332.57,1.25,1.11,2026-05-10,0949,Aqua,MODIS,81,6.1NRT,306.43,24.73,D
31.09948,75.17435,320.32,1.18,1.08,2026-05-10,0949,Aqua,MODIS,61,6.1NRT,302.22,8.62,D
30.96857,74.64445,321.68,1.26,1.12,2026-05-10,0949,Aqua,MODIS,34,6.1NRT,302.41,8.95,D
30.99274,74.78234,323.44,1.24,1.11,2026-05-10,0949,Aqua,MODIS,67,6.1NRT,304.89,9.03,D
31.04154,75.06361,324.51,1.2,1.09,2026-05-10,0949,Aqua,MODIS,58,6.1NRT,305.08,9.28,D
31.17066,75.88461,320.42,1.1,1.05,2026-05-10,0949,Aqua,MODIS,67,6.1NRT,301.6,7.57,D
31.19431,76.02801,318.52,1.09,1.04,2026-05-10,0949,Aqua,MODIS,56,6.1NRT,301.04,5.41,D
30.89104,74.43613,324.48,1.3,1.13,2026-05-10,0949,Aqua,MODIS,35,6.1NRT,305.64,10.47,D
30.89338,74.4491,324.16,1.3,1.13,2026-05-10,0949,Aqua,MODIS,32,6.1NRT,305.61,9.54,D
30.89087,74.44164,328.54,1.3,1.13,2026-05-10,0949,Aqua,MODIS,57,6.1NRT,305.69,16.14,D
30.98168,75.08318,325.75,1.2,1.09,2026-05-10,0949,Aqua,MODIS,72,6.1NRT,305.28,11.13,D
31.13132,75.97934,321.88,1.1,1.04,2026-05-10,0949,Aqua,MODIS,69,6.1NRT,303.08,8.66,D
30.96171,75.13783,323.08,1.19,1.09,2026-05-10,0949,Aqua,MODIS,67,6.1NRT,304.17,7.82,D
30.98349,75.37833,321.29,1.16,1.07,2026-05-10,0949,Aqua,MODIS,42,6.1NRT,303.04,8.01,D
30.95813,75.28678,325.79,1.17,1.08,2026-05-10,0949,Aqua,MODIS,73,6.1NRT,303.14,13.34,D
30.99986,75.53086,323.59,1.14,1.07,2026-05-10,0949,Aqua,MODIS,66,6.1NRT,302.67,11.32,D
31.06444,75.97159,322.57,1.1,1.04,2026-05-10,0949,Aqua,MODIS,70,6.1NRT,303.34,9.47,D
30.92246,75.22812,326.6,1.18,1.08,2026-05-10,0949,Aqua,MODIS,73,6.1NRT,304.84,12.84,D
30.74972,74.34609,325.41,1.32,1.14,2026-05-10,0949,Aqua,MODIS,55,6.1NRT,306.16,12.62,D
30.8781,75.13931,329.16,1.2,1.09,2026-05-10,0949,Aqua,MODIS,77,6.1NRT,305.74,16.23,D
30.86042,75.09345,332.38,1.2,1.09,2026-05-10,0949,Aqua,MODIS,80,6.1NRT,306.43,21.02,D
24.75221,78.40215,330.09,1.04,1.02,2026-05-10,0949,Aqua,MODIS,65,6.1NRT,314.93,9.43,D
24.57439,76.65695,330.95,1.24,1.11,2026-05-10,0949,Aqua,MODIS,61,6.1NRT,315.59,11.81,D
25.15828,79.60098,327.73,1,1,2026-05-10,0949,Aqua,MODIS,58,6.1NRT,311.81,6.89,D
25.08043,76.97334,345.67,1.17,1.08,2026-05-10,0949,Aqua,MODIS,88,6.1NRT,317.38,39.58,D
25.66197,80.4071,329.63,1.02,1.01,2026-05-10,0949,Aqua,MODIS,61,6.1NRT,311.92,10.9,D
25.46083,78.84951,328.81,1.01,1.01,2026-05-10,0949,Aqua,MODIS,59,6.1NRT,313.54,7.68,D
25.2338,76.95297,332.28,1.17,1.08,2026-05-10,0949,Aqua,MODIS,67,6.1NRT,317.53,12.35,D
25.27249,76.85719,332.52,1.18,1.08,2026-05-10,0949,Aqua,MODIS,68,6.1NRT,318.51,11.88,D
25.19336,76.04073,331.35,1.31,1.14,2026-05-10,0949,Aqua,MODIS,64,6.1NRT,315.79,12.87,D
25.74764,78.47958,330.45,1.02,1.01,2026-05-10,0949,Aqua,MODIS,66,6.1NRT,314.19,8.32,D
25.43386,76.53887,344.32,1.22,1.1,2026-05-10,0949,Aqua,MODIS,87,6.1NRT,318.08,39.79,D
25.46646,76.61596,336,1.21,1.09,2026-05-10,0949,Aqua,MODIS,76,6.1NRT,316.28,19.04,D
25.46453,76.60443,337.38,1.21,1.09,2026-05-10,0949,Aqua,MODIS,78,6.1NRT,316.88,21.78,D
25.73977,78.01456,330.25,1.05,1.02,2026-05-10,0949,Aqua,MODIS,44,6.1NRT,311.8,11.87,D
25.73817,78.00449,344.98,1.05,1.02,2026-05-10,0949,Aqua,MODIS,88,6.1NRT,311.69,36.06,D
25.73657,77.99439,337.84,1.05,1.02,2026-05-10,0949,Aqua,MODIS,80,6.1NRT,312.45,22.46,D
26.01901,79.10577,327.6,1,1,2026-05-10,0949,Aqua,MODIS,48,6.1NRT,310.22,8.43,D
26.51295,82.42818,327.01,1.23,1.1,2026-05-10,0949,Aqua,MODIS,71,6.1NRT,304.6,15.51,D
25.94457,78.37881,333.28,1.03,1.01,2026-05-10,0949,Aqua,MODIS,75,6.1NRT,312.55,13.92,D
25.97167,78.36806,335.61,1.03,1.01,2026-05-10,0949,Aqua,MODIS,79,6.1NRT,312.1,17.55,D
25.68116,76.52979,331.45,1.21,1.09,2026-05-10,0949,Aqua,MODIS,68,6.1NRT,315.71,10.18,D
25.97859,78.12132,342.77,1.04,1.02,2026-05-10,0949,Aqua,MODIS,87,6.1NRT,314.84,28.07,D
25.97703,78.11131,331.84,1.04,1.02,2026-05-10,0949,Aqua,MODIS,72,6.1NRT,315.82,10.34,D
26.00559,78.17775,334.07,1.04,1.02,2026-05-10,0949,Aqua,MODIS,76,6.1NRT,313.25,14.34,D
26.17124,78.88625,325.07,1.01,1,2026-05-10,0949,Aqua,MODIS,43,6.1NRT,308.03,5.07,D
26.21192,78.91845,328.54,1,1,2026-05-10,0949,Aqua,MODIS,66,6.1NRT,312.14,9.14,D
26.41105,80.01987,327.97,1.01,1.01,2026-05-10,0949,Aqua,MODIS,63,6.1NRT,310.32,10.1,D
26.39996,79.94171,327.35,1.01,1,2026-05-10,0949,Aqua,MODIS,67,6.1NRT,310.24,8.31,D
26.00802,77.08649,328.05,1.13,1.06,2026-05-10,0949,Aqua,MODIS,57,6.1NRT,311.65,13.38,D
25.31969,73.08078,334.35,2.07,1.4,2026-05-10,0949,Aqua,MODIS,67,6.1NRT,319.21,32.09,D
26.23348,78.33585,335.43,1.03,1.01,2026-05-10,0949,Aqua,MODIS,79,6.1NRT,312.88,17.35,D
25.32765,73.09213,332.14,2.06,1.4,2026-05-10,0949,Aqua,MODIS,55,6.1NRT,319.22,22.21,D
26.6601,80.48104,325.66,1.04,1.02,2026-05-10,0949,Aqua,MODIS,67,6.1NRT,306.05,10.02,D
26.21128,77.48293,327.63,1.08,1.04,2026-05-10,0949,Aqua,MODIS,54,6.1NRT,310.85,10.1,D
26.56045,79.46184,324.31,1,1,2026-05-10,0949,Aqua,MODIS,52,6.1NRT,307.82,7.57,D
26.65466,80.05471,326.19,1.01,1.01,2026-05-10,0949,Aqua,MODIS,59,6.1NRT,310.57,8.93,D
26.39406,78.29247,332.66,1.03,1.01,2026-05-10,0949,Aqua,MODIS,72,6.1NRT,309.79,14.12,D
26.66343,80.05315,330.95,1.01,1.01,2026-05-10,0949,Aqua,MODIS,76,6.1NRT,309.26,14.25,D
26.63507,79.58086,336.22,1,1,2026-05-10,0949,Aqua,MODIS,82,6.1NRT,310.14,20.87,D
26.63366,79.57115,331.94,1,1,2026-05-10,0949,Aqua,MODIS,76,6.1NRT,310.56,15.32,D
26.85195,80.60091,321.75,1.05,1.02,2026-05-10,0949,Aqua,MODIS,53,6.1NRT,304.19,8.75,D
26.74899,79.42494,332.33,1,1,2026-05-10,0949,Aqua,MODIS,77,6.1NRT,310.95,15.44,D
26.95276,80.13478,325.87,1.02,1.01,2026-05-10,0949,Aqua,MODIS,70,6.1NRT,307.54,9.27,D
27.46234,81.37171,324.9,1.12,1.06,2026-05-10,0949,Aqua,MODIS,45,6.1NRT,305.71,11.79,D
27.46091,81.36072,323.38,1.12,1.06,2026-05-10,0949,Aqua,MODIS,29,6.1NRT,305.1,9.51,D
26.93518,77.6562,329.73,1.05,1.03,2026-05-10,0949,Aqua,MODIS,68,6.1NRT,313.64,8.82,D
27.42447,79.93233,322.95,1.02,1.01,2026-05-10,0949,Aqua,MODIS,61,6.1NRT,307.17,6.83,D
27.62939,79.55294,322.38,1.01,1,2026-05-10,0949,Aqua,MODIS,53,6.1NRT,307.15,7.27,D
27.84921,80.00568,321.21,1.03,1.01,2026-05-10,0949,Aqua,MODIS,44,6.1NRT,305.25,6.59,D
27.87954,79.95352,320.97,1.02,1.01,2026-05-10,0949,Aqua,MODIS,56,6.1NRT,305.36,7.15,D
28.02589,79.67921,322.25,1.01,1.01,2026-05-10,0949,Aqua,MODIS,65,6.1NRT,307.12,7.73,D
27.96454,78.76093,319.89,1,1,2026-05-10,0949,Aqua,MODIS,49,6.1NRT,305.26,6.77,D
28.35068,81.0489,321.29,1.11,1.05,2026-05-10,0949,Aqua,MODIS,0,6.1NRT,302.44,11.98,D
28.26997,79.91019,320.36,1.03,1.01,2026-05-10,0949,Aqua,MODIS,63,6.1NRT,304.39,6.43,D
28.55745,80.39333,319.23,1.06,1.03,2026-05-10,0949,Aqua,MODIS,61,6.1NRT,302.8,7.03,D
28.55011,80.05965,318.99,1.04,1.02,2026-05-10,0949,Aqua,MODIS,60,6.1NRT,300.89,7.09,D
27.92246,75.92307,327.73,1.21,1.09,2026-05-10,0949,Aqua,MODIS,59,6.1NRT,313.35,9.61,D
28.61101,80.23874,318.69,1.05,1.02,2026-05-10,0949,Aqua,MODIS,58,6.1NRT,302.5,8.65,D
28.86798,79.90058,326.48,1.03,1.02,2026-05-10,0949,Aqua,MODIS,76,6.1NRT,303.4,14.22,D
29.15228,79.08332,335.25,1,1,2026-05-10,0949,Aqua,MODIS,86,6.1NRT,303.12,26.48,D
29.40213,78.64981,318.49,1,1,2026-05-10,0949,Aqua,MODIS,63,6.1NRT,303.7,6.6,D
29.84872,80.11172,324.72,1.06,1.03,2026-05-10,0949,Aqua,MODIS,81,6.1NRT,298.74,18.75,D
29.84736,80.10155,312.81,1.06,1.03,2026-05-10,0949,Aqua,MODIS,52,6.1NRT,299.05,6.63,D
29.66142,76.2554,324.95,1.11,1.05,2026-05-10,0949,Aqua,MODIS,61,6.1NRT,305.66,9.93,D
29.76228,76.36377,325.34,1.1,1.04,2026-05-10,0949,Aqua,MODIS,68,6.1NRT,305.9,11.08,D
30.01807,77.55491,319.69,1.02,1.01,2026-05-10,0949,Aqua,MODIS,64,6.1NRT,303.88,6.52,D
30.27676,79.00112,311.78,1.01,1,2026-05-10,0949,Aqua,MODIS,34,6.1NRT,298.14,4.52,D
29.8534,76.23522,326.65,1.11,1.05,2026-05-10,0949,Aqua,MODIS,70,6.1NRT,304.75,13.88,D
29.76689,75.345,331.79,1.21,1.1,2026-05-10,0949,Aqua,MODIS,76,6.1NRT,307.52,18.95,D
29.82512,75.45573,326.74,1.2,1.09,2026-05-10,0949,Aqua,MODIS,66,6.1NRT,308.27,10.02,D
30.01453,76.19893,325.84,1.1,1.05,2026-05-10,0949,Aqua,MODIS,56,6.1NRT,305.6,12.49,D
30.12831,76.78558,321.22,1.05,1.03,2026-05-10,0949,Aqua,MODIS,60,6.1NRT,302.45,9.82,D
30.03754,75.55406,322.97,1.18,1.08,2026-05-10,0949,Aqua,MODIS,28,6.1NRT,303.83,7.43,D
30.26571,76.6565,329.21,1.06,1.03,2026-05-10,0949,Aqua,MODIS,76,6.1NRT,306.52,14.04,D
30.87162,75.21532,339.19,1.19,1.08,2026-05-10,0949,Aqua,MODIS,87,6.1NRT,305.63,35.52,D
30.26401,76.64591,326.73,1.06,1.03,2026-05-10,0949,Aqua,MODIS,72,6.1NRT,307.25,10.7,D
30.25715,76.60349,324.22,1.06,1.03,2026-05-10,0949,Aqua,MODIS,67,6.1NRT,305.48,7.69,D
30.59426,78.3093,313.54,1,1,2026-05-10,0949,Aqua,MODIS,42,6.1NRT,298.55,4.74,D
30.32744,76.06611,324.55,1.11,1.05,2026-05-10,0949,Aqua,MODIS,40,6.1NRT,305.6,9.62,D
30.46452,76.62318,322.57,1.06,1.03,2026-05-10,0949,Aqua,MODIS,59,6.1NRT,304.71,7.12,D
30.14881,74.74863,324.94,1.29,1.13,2026-05-10,0949,Aqua,MODIS,61,6.1NRT,307.88,8.92,D
30.30668,75.6068,326.14,1.16,1.07,2026-05-10,0949,Aqua,MODIS,66,6.1NRT,305.55,11.38,D
30.27589,75.11538,330.35,1.22,1.1,2026-05-10,0949,Aqua,MODIS,75,6.1NRT,303.93,18.33,D
30.36902,75.59901,327.51,1.16,1.07,2026-05-10,0949,Aqua,MODIS,70,6.1NRT,304.09,13.76,D
30.3086,75.13306,326.12,1.22,1.1,2026-05-10,0949,Aqua,MODIS,66,6.1NRT,305.87,11.52,D
30.30438,75.10873,328.02,1.22,1.1,2026-05-10,0949,Aqua,MODIS,71,6.1NRT,306.41,14.95,D
30.35311,75.33503,329.99,1.19,1.09,2026-05-10,0949,Aqua,MODIS,74,6.1NRT,306.2,18.78,D
30.35153,75.2111,334.03,1.21,1.09,2026-05-10,0949,Aqua,MODIS,80,6.1NRT,306.6,27.04,D
30.4323,75.63244,324.13,1.15,1.07,2026-05-10,0949,Aqua,MODIS,61,6.1NRT,302.26,9.56,D
30.57937,75.95638,323.39,1.11,1.05,2026-05-10,0949,Aqua,MODIS,46,6.1NRT,303.73,8.24,D
30.88871,75.52074,320.03,1.15,1.07,2026-05-10,0949,Aqua,MODIS,60,6.1NRT,302.89,8.36,D
30.70007,74.64718,330.65,1.28,1.12,2026-05-10,0949,Aqua,MODIS,77,6.1NRT,307.99,20.45,D
30.71259,74.77577,325.55,1.25,1.11,2026-05-10,0949,Aqua,MODIS,70,6.1NRT,305.15,12.04,D
30.71651,74.9684,335.07,1.23,1.1,2026-05-10,0949,Aqua,MODIS,83,6.1NRT,306.53,26.12,D
30.73776,75.09,324.11,1.21,1.09,2026-05-10,0949,Aqua,MODIS,65,6.1NRT,305.37,9.37,D
24.48821,82.80405,323.17,1.22,1.1,2026-05-10,0949,Aqua,MODIS,45,6.1NRT,304.95,8.51,D
23.77656,77.24033,333.19,1.19,1.08,2026-05-10,0949,Aqua,MODIS,68,6.1NRT,317.64,15.99,D
23.7747,77.22916,334.26,1.19,1.08,2026-05-10,0949,Aqua,MODIS,71,6.1NRT,317.87,18.39,D
24.89937,84.33509,327.54,1.54,1.22,2026-05-10,0949,Aqua,MODIS,72,6.1NRT,306.74,18.47,D
23.98376,77.36988,331.75,1.16,1.07,2026-05-10,0949,Aqua,MODIS,64,6.1NRT,317.06,12.59,D
23.98193,77.35885,343.64,1.16,1.07,2026-05-10,0949,Aqua,MODIS,86,6.1NRT,318.02,36.01,D
23.91697,76.61429,344.95,1.28,1.12,2026-05-10,0949,Aqua,MODIS,87,6.1NRT,318.63,42,D
23.92093,76.61929,333.89,1.27,1.12,2026-05-10,0949,Aqua,MODIS,70,6.1NRT,317.51,17.49,D
23.91886,76.6073,334.71,1.28,1.12,2026-05-10,0949,Aqua,MODIS,72,6.1NRT,319.17,18.58,D
24.54162,80.38711,341.11,1.01,1,2026-05-10,0949,Aqua,MODIS,84,6.1NRT,308.72,29.83,D
24.28559,78.2587,332.38,1.06,1.03,2026-05-10,0949,Aqua,MODIS,70,6.1NRT,317.58,11.68,D
24.74534,81.32261,328.86,1.06,1.03,2026-05-10,0949,Aqua,MODIS,69,6.1NRT,310.27,11.1,D
24.70431,80.89061,331.3,1.03,1.01,2026-05-10,0949,Aqua,MODIS,70,6.1NRT,312.56,12.26,D
24.70294,80.88077,334.94,1.03,1.01,2026-05-10,0949,Aqua,MODIS,79,6.1NRT,313.01,16.91,D
25.21218,84.34161,327.63,1.55,1.23,2026-05-10,0949,Aqua,MODIS,70,6.1NRT,305.98,16.04,D
25.11093,83.21664,327.52,1.31,1.14,2026-05-10,0949,Aqua,MODIS,65,6.1NRT,308.97,10.55,D
24.68758,80.0548,363.81,1,1,2026-05-10,0949,Aqua,MODIS,100,6.1NRT,313.36,80.34,D
24.6862,80.04527,391.12,1,1,2026-05-10,0949,Aqua,MODIS,100,6.1NRT,317.97,188.04,D
24.68483,80.03577,333.89,1,1,2026-05-10,0949,Aqua,MODIS,77,6.1NRT,310.58,18.02,D
24.69491,80.04372,346.65,1,1,2026-05-10,0949,Aqua,MODIS,91,6.1NRT,312.35,38.77,D
24.69353,80.03423,331,1,1,2026-05-10,0949,Aqua,MODIS,73,6.1NRT,310.71,13.72,D
25.25374,84.2305,324.25,1.53,1.22,2026-05-10,0949,Aqua,MODIS,59,6.1NRT,304.66,11.13,D
25.02559,82.31163,335.43,1.17,1.08,2026-05-10,0949,Aqua,MODIS,80,6.1NRT,310.91,23.38,D
25.05107,82.09863,326.76,1.14,1.07,2026-05-10,0949,Aqua,MODIS,61,6.1NRT,309.5,7.91,D
31.89378,75.03021,324.58,1.17,1.08,2026-05-10,0949,Aqua,MODIS,73,6.1NRT,302.07,12.46,D
32.0335,75.64935,321.16,1.1,1.05,2026-05-10,0949,Aqua,MODIS,70,6.1NRT,302.26,8.11,D
31.89854,75.1151,325.61,1.16,1.07,2026-05-10,0949,Aqua,MODIS,74,6.1NRT,302.18,13.89,D
31.88688,74.93261,322.2,1.18,1.08,2026-05-10,0949,Aqua,MODIS,68,6.1NRT,302.66,9.13,D
31.88188,74.84608,325.14,1.2,1.09,2026-05-10,0949,Aqua,MODIS,73,6.1NRT,302.48,13.26,D
32.05183,75.70303,322.41,1.1,1.04,2026-05-10,0949,Aqua,MODIS,73,6.1NRT,301.61,10.93,D
31.93532,75.01489,323.58,1.17,1.08,2026-05-10,0949,Aqua,MODIS,72,6.1NRT,302.04,11.39,D
31.95799,75.03415,330.14,1.17,1.08,2026-05-10,0949,Aqua,MODIS,80,6.1NRT,301.95,18.9,D
31.99113,75.00153,323.49,1.17,1.08,2026-05-10,0949,Aqua,MODIS,72,6.1NRT,302.59,9.66,D
32.01836,75.10561,321.77,1.16,1.07,2026-05-10,0949,Aqua,MODIS,44,6.1NRT,301.88,7.66,D
32.02565,75.09164,323.83,1.16,1.07,2026-05-10,0949,Aqua,MODIS,63,6.1NRT,301.41,10.45,D
32.03437,75.04611,321.56,1.16,1.07,2026-05-10,0949,Aqua,MODIS,67,6.1NRT,300.94,10.05,D
32.63853,74.65911,320.7,1.19,1.08,2026-05-10,0949,Aqua,MODIS,72,6.1NRT,303.31,7.21,D
32.76368,74.55817,320.23,1.2,1.09,2026-05-10,0949,Aqua,MODIS,59,6.1NRT,301.97,8.52,D
30.57774,74.65668,326.6,1.28,1.12,2026-05-10,0949,Aqua,MODIS,71,6.1NRT,306.31,13.53,D
30.64878,75.00384,330.55,1.22,1.1,2026-05-10,0949,Aqua,MODIS,77,6.1NRT,306.2,18.51,D
30.63594,74.93017,324.45,1.24,1.1,2026-05-10,0949,Aqua,MODIS,67,6.1NRT,305.76,10.2,D
30.68549,75.1591,335.03,1.2,1.09,2026-05-10,0949,Aqua,MODIS,83,6.1NRT,305.78,28.02,D
30.68342,75.14708,324.54,1.2,1.09,2026-05-10,0949,Aqua,MODIS,67,6.1NRT,305.75,10.21,D
30.66989,75.01157,328.01,1.22,1.1,2026-05-10,0949,Aqua,MODIS,74,6.1NRT,306.81,13.76,D
18.5661,77.71593,306.83,4.41,1.93,2026-05-10,1448,Terra,MODIS,58,6.1NRT,296.72,32.76,N
17.22981,80.26353,308.25,3,1.65,2026-05-10,1448,Terra,MODIS,74,6.1NRT,294.25,23.96,N
23.71202,86.45116,307.44,1.01,1,2026-05-10,1450,Terra,MODIS,38,6.1NRT,295.48,5.27,N
23.16298,79.75957,315.54,2.45,1.51,2026-05-10,1450,Terra,MODIS,90,6.1NRT,296.37,42.8,N
23.16183,79.74148,308.97,2.46,1.51,2026-05-10,1450,Terra,MODIS,73,6.1NRT,296.24,23.58,N
23.16601,79.76427,311.95,2.45,1.51,2026-05-10,1450,Terra,MODIS,82,6.1NRT,296.24,31.24,N
23.80526,86.33063,307.78,1.01,1.01,2026-05-10,1450,Terra,MODIS,70,6.1NRT,296.21,5.34,N
23.77857,86.20705,312.57,1.02,1.01,2026-05-10,1450,Terra,MODIS,84,6.1NRT,296.65,9.46,N
23.79922,86.35133,310.27,1.01,1,2026-05-10,1450,Terra,MODIS,77,6.1NRT,296.22,6.88,N
23.64684,85.43378,304.48,1.06,1.03,2026-05-10,1450,Terra,MODIS,60,6.1NRT,293.85,4.86,N
23.77135,86.36247,306.72,1.01,1,2026-05-10,1450,Terra,MODIS,51,6.1NRT,294.98,4.52,N
23.77542,86.39127,308.36,1.01,1,2026-05-10,1450,Terra,MODIS,52,6.1NRT,296.74,5.1,N
23.768,86.40235,313.47,1.01,1,2026-05-10,1450,Terra,MODIS,79,6.1NRT,296.6,8.52,N
23.75922,86.40385,311.04,1.01,1,2026-05-10,1450,Terra,MODIS,58,6.1NRT,296.22,6.78,N
23.73562,86.42752,306.98,1.01,1,2026-05-10,1450,Terra,MODIS,7,6.1NRT,295.62,4.04,N
23.73698,86.4371,309.86,1.01,1,2026-05-10,1450,Terra,MODIS,37,6.1NRT,296.82,6.2,N
23.67719,86.08236,306.54,1.02,1.01,2026-05-10,1450,Terra,MODIS,67,6.1NRT,294.71,4.99,N
23.68341,86.39314,313.78,1.01,1,2026-05-10,1450,Terra,MODIS,88,6.1NRT,296.31,10.63,N
23.66129,87.15383,308.49,1,1,2026-05-10,1450,Terra,MODIS,74,6.1NRT,294.76,6.39,N
22.21317,79.16814,307.33,2.84,1.61,2026-05-10,1450,Terra,MODIS,65,6.1NRT,296.04,25.66,N
22.20873,79.17561,307.79,2.84,1.61,2026-05-10,1450,Terra,MODIS,67,6.1NRT,295.92,26.09,N
22.78943,86.20732,308.65,1.03,1.01,2026-05-10,1450,Terra,MODIS,74,6.1NRT,293.61,6.39,N
22.04154,83.73403,309.99,1.35,1.15,2026-05-10,1450,Terra,MODIS,74,6.1NRT,298.52,9.1,N
21.91839,83.35,311.1,1.43,1.18,2026-05-10,1450,Terra,MODIS,76,6.1NRT,299.09,10.73,N
21.76886,84.01922,308.12,1.31,1.13,2026-05-10,1450,Terra,MODIS,63,6.1NRT,297.35,6.85,N
20.96683,86.003,308.63,1.07,1.03,2026-05-10,1450,Terra,MODIS,75,6.1NRT,293.55,8.34,N
20.96831,86.01293,304.14,1.07,1.03,2026-05-10,1450,Terra,MODIS,56,6.1NRT,292.86,5.25,N
24.03839,82.91199,307.39,1.4,1.17,2026-05-10,1452,Terra,MODIS,61,6.1NRT,297.19,6.54,N
24.03619,82.89868,309.98,1.41,1.17,2026-05-10,1452,Terra,MODIS,72,6.1NRT,297.31,9.51,N
31.14061,74.98892,308.78,3.47,1.75,2026-05-10,1454,Terra,MODIS,76,6.1NRT,294.62,39.52,N
21.9217,83.35734,306.82,1.12,1.05,2026-05-10,2155,Aqua,MODIS,68,6.1NRT,295.42,6.14,N
23.67854,86.39874,310.14,1.01,1,2026-05-10,2155,Aqua,MODIS,79,6.1NRT,295.41,8.48,N
21.75417,84.02616,304.73,1.05,1.02,2026-05-10,2155,Aqua,MODIS,61,6.1NRT,294.3,4.64,N
17.61292,83.20754,311.39,1.04,1.02,2026-05-10,2155,Aqua,MODIS,82,6.1NRT,295.97,7.5,N
20.78643,85.26876,307.37,1,1,2026-05-10,2155,Aqua,MODIS,70,6.1NRT,295.39,5.62,N
20.78783,85.2595,307.25,1,1,2026-05-10,2155,Aqua,MODIS,70,6.1NRT,295.42,5.55,N
20.96592,85.18782,311.93,1,1,2026-05-10,2155,Aqua,MODIS,63,6.1NRT,295.82,8.13,N
20.96731,85.17855,321.56,1,1,2026-05-10,2155,Aqua,MODIS,100,6.1NRT,296.23,15.99,N
20.96871,85.16927,316.81,1,1,2026-05-10,2155,Aqua,MODIS,94,6.1NRT,296,11.73,N
20.9701,85.16,308.61,1,1,2026-05-10,2155,Aqua,MODIS,24,6.1NRT,295.18,5.42,N
20.97602,85.18001,307.61,1,1,2026-05-10,2155,Aqua,MODIS,12,6.1NRT,295.12,4.95,N
25.28026,82.97227,307.91,1.27,1.12,2026-05-10,2155,Aqua,MODIS,73,6.1NRT,295.64,8.48,N
20.97742,85.17074,307.72,1,1,2026-05-10,2155,Aqua,MODIS,13,6.1NRT,295.25,5.01,N
21.07969,85.04231,308.64,1,1,2026-05-10,2155,Aqua,MODIS,74,6.1NRT,295.78,6.67,N
20.9671,86.01585,315.63,1.01,1.01,2026-05-10,2155,Aqua,MODIS,91,6.1NRT,294.77,12.99,N
21.92315,83.34692,305.19,1.12,1.05,2026-05-10,2155,Aqua,MODIS,61,6.1NRT,295.16,5.05,N
22.0443,83.73521,307.56,1.08,1.04,2026-05-10,2155,Aqua,MODIS,71,6.1NRT,295.53,6.64,N
22.36742,87.30606,304.46,1.07,1.03,2026-05-10,2155,Aqua,MODIS,60,6.1NRT,294.4,4.78,N
22.38121,87.27768,303.46,1.07,1.03,2026-05-10,2155,Aqua,MODIS,55,6.1NRT,293.43,4.26,N
22.79042,86.20786,305.74,1.01,1,2026-05-10,2155,Aqua,MODIS,65,6.1NRT,294.08,5.16,N
23.64731,85.4388,303.47,1.01,1,2026-05-10,2155,Aqua,MODIS,55,6.1NRT,293.16,4.58,N
23.67838,86.09052,309.68,1,1,2026-05-10,2155,Aqua,MODIS,78,6.1NRT,293.45,8.53,N
23.79606,86.3572,306.77,1,1,2026-05-10,2155,Aqua,MODIS,62,6.1NRT,294.74,5.56,N
23.78299,86.20882,305.44,1,1,2026-05-10,2155,Aqua,MODIS,64,6.1NRT,294.74,5.34,N
23.73929,86.43486,310.02,1.01,1,2026-05-10,2155,Aqua,MODIS,76,6.1NRT,294.93,7.69,N
23.68726,86.40029,304.85,1.01,1,2026-05-10,2155,Aqua,MODIS,62,6.1NRT,294.07,5.26,N
20.96855,86.00645,311.81,1.01,1.01,2026-05-10,2155,Aqua,MODIS,83,6.1NRT,294.48,9.6,N
21.74362,83.84266,308.15,1.07,1.03,2026-05-10,2155,Aqua,MODIS,73,6.1NRT,294.88,6.12,N
21.75262,83.84406,305.12,1.07,1.03,2026-05-10,2155,Aqua,MODIS,15,6.1NRT,294.67,3.77,N
17.60402,83.2062,307.09,1.04,1.02,2026-05-10,2155,Aqua,MODIS,70,6.1NRT,295.94,4.73,N
21.9642,81.75888,317.44,4.05,1.87,2026-05-11,0258,Terra,MODIS,61,6.1NRT,295.83,39.36,D
20.9656,85.18085,322.63,2.16,1.43,2026-05-11,0300,Terra,MODIS,47,6.1NRT,299.18,29.97,D
23.10904,71.58186,324.76,1.4,1.17,2026-05-11,0434,Terra,MODIS,53,6.1NRT,310.32,11.52,D
30.65271,75.33083,318.14,1.77,1.3,2026-05-11,0434,Terra,MODIS,55,6.1NRT,297.33,20,D
30.16472,74.37904,321.37,1.57,1.24,2026-05-11,0434,Terra,MODIS,46,6.1NRT,302.02,14.79,D
25.36628,76.21265,324.77,2.68,1.57,2026-05-11,0434,Terra,MODIS,49,6.1NRT,305.69,28.54,D
22.29346,76.93494,325.53,3.55,1.77,2026-05-11,0434,Terra,MODIS,61,6.1NRT,304.11,62.29,D
22.59338,71.95856,341.14,1.51,1.21,2026-05-11,0436,Terra,MODIS,86,6.1NRT,311.32,53,D
20.79369,74.49561,327.29,2.52,1.53,2026-05-11,0436,Terra,MODIS,67,6.1NRT,308.25,33.92,D
24.98327,93.3787,314.61,1.05,1.02,2026-05-11,0848,Aqua,MODIS,25,6.1NRT,290.43,10.1,D
24.98167,93.36839,323.73,1.05,1.02,2026-05-11,0848,Aqua,MODIS,71,6.1NRT,294.7,18.99,D
24.98256,93.01691,310.96,1.08,1.04,2026-05-11,0848,Aqua,MODIS,60,6.1NRT,294.92,6.25,D
22.35969,79.81239,333.89,3.32,1.72,2026-05-11,1024,Aqua,MODIS,78,6.1NRT,312.15,80.53,D
21.78959,72.04358,402.94,1.03,1.01,2026-05-11,1024,Aqua,MODIS,100,6.1NRT,320.63,260.26,D
23.42327,79.25327,326.22,3.11,1.67,2026-05-11,1024,Aqua,MODIS,56,6.1NRT,306.79,34.88,D
23.40865,79.25507,333.23,3.11,1.67,2026-05-11,1024,Aqua,MODIS,75,6.1NRT,306.68,81.4,D
22.21389,70.0693,332.38,1.02,1.01,2026-05-11,1024,Aqua,MODIS,60,6.1NRT,314.15,9.98,D
22.30964,72.19025,344.28,1.05,1.02,2026-05-11,1024,Aqua,MODIS,86,6.1NRT,319.72,24.64,D
22.30073,72.19169,365.85,1.05,1.02,2026-05-11,1024,Aqua,MODIS,100,6.1NRT,319.87,81.03,D
22.44296,73.74397,330.65,1.22,1.1,2026-05-11,1024,Aqua,MODIS,60,6.1NRT,313.27,11.59,D
22.01923,72.83495,338.54,1.1,1.04,2026-05-11,1024,Aqua,MODIS,77,6.1NRT,316.11,20.46,D
21.56026,73.81123,331,1.2,1.09,2026-05-11,1024,Aqua,MODIS,54,6.1NRT,316.02,10.68,D
21.33016,73.46774,331.75,1.15,1.07,2026-05-11,1024,Aqua,MODIS,66,6.1NRT,316.52,11.98,D
21.0327,72.84133,334.39,1.08,1.04,2026-05-11,1024,Aqua,MODIS,75,6.1NRT,311.86,21.64,D
22.02061,72.84521,341.31,1.1,1.04,2026-05-11,1024,Aqua,MODIS,82,6.1NRT,317.35,26.01,D
20.65528,73.66663,328.79,1.16,1.07,2026-05-11,1024,Aqua,MODIS,52,6.1NRT,310.26,10.24,D
19.72728,72.94086,329.73,1.06,1.03,2026-05-11,1024,Aqua,MODIS,69,6.1NRT,313.9,10.22,D
19.71458,73.17983,334.89,1.08,1.04,2026-05-11,1024,Aqua,MODIS,78,6.1NRT,311.78,17.17,D
19.68608,73.37852,326.77,1.1,1.05,2026-05-11,1024,Aqua,MODIS,55,6.1NRT,310.62,8.5,D
19.60127,73.03281,331.1,1.06,1.03,2026-05-11,1024,Aqua,MODIS,72,6.1NRT,314.8,11.17,D
19.61955,73.23157,334.71,1.08,1.04,2026-05-11,1024,Aqua,MODIS,78,6.1NRT,312.12,16.45,D
19.44616,73.51719,327.32,1.11,1.05,2026-05-11,1024,Aqua,MODIS,38,6.1NRT,308.9,11.35,D
19.35625,73.39246,328.36,1.09,1.04,2026-05-11,1024,Aqua,MODIS,66,6.1NRT,310.84,8.33,D
18.82536,73.28844,330.25,1.07,1.03,2026-05-11,1024,Aqua,MODIS,70,6.1NRT,308.3,14.98,D
18.58481,73.41656,325.95,1.08,1.04,2026-05-11,1024,Aqua,MODIS,46,6.1NRT,305.45,13.75,D
17.68169,77.3455,331.79,1.83,1.32,2026-05-11,1024,Aqua,MODIS,71,6.1NRT,311.44,25.19,D
17.6305,80.16689,324.98,3.03,1.66,2026-05-11,1024,Aqua,MODIS,61,6.1NRT,301.06,48.96,D
17.32051,77.78429,335.52,1.95,1.36,2026-05-11,1024,Aqua,MODIS,68,6.1NRT,312.51,50.01,D
17.16632,77.3633,334.16,1.8,1.32,2026-05-11,1024,Aqua,MODIS,73,6.1NRT,308.21,34.38,D
16.69492,76.50411,328.03,1.53,1.22,2026-05-11,1024,Aqua,MODIS,54,6.1NRT,308.36,13.11,D
16.60069,76.56548,325.89,1.54,1.22,2026-05-11,1024,Aqua,MODIS,42,6.1NRT,307.75,13.09,D
14.92338,75.04265,317.62,1.17,1.08,2026-05-11,1024,Aqua,MODIS,26,6.1NRT,297.8,12.96,D
21.64571,70.4836,332.9,1.01,1,2026-05-11,1024,Aqua,MODIS,62,6.1NRT,319.85,7.32,D
22.01839,73.17146,331.94,1.13,1.06,2026-05-11,1024,Aqua,MODIS,58,6.1NRT,315.37,12.16,D
21.78823,72.03396,335.34,1.03,1.01,2026-05-11,1024,Aqua,MODIS,44,6.1NRT,315.61,13.61,D
21.79096,72.0532,353.31,1.03,1.01,2026-05-11,1024,Aqua,MODIS,95,6.1NRT,317.99,49.41,D
21.78075,72.04501,336.31,1.03,1.01,2026-05-11,1024,Aqua,MODIS,58,6.1NRT,316.27,13.91,D
21.71511,72.70473,334.89,1.08,1.04,2026-05-11,1024,Aqua,MODIS,69,6.1NRT,317.91,16.15,D
21.28239,70.82963,331.75,1,1,2026-05-11,1024,Aqua,MODIS,55,6.1NRT,314.54,9.76,D
22.35744,79.80727,334.21,3.32,1.72,2026-05-11,1024,Aqua,MODIS,79,6.1NRT,312.38,83.09,D
21.27369,70.83113,331.84,1,1,2026-05-11,1024,Aqua,MODIS,51,6.1NRT,314.11,9.55,D
23.96198,74.12061,357.95,1.34,1.15,2026-05-11,1026,Aqua,MODIS,98,6.1NRT,318.31,89.71,D
31.17926,75.05386,320.57,1.96,1.37,2026-05-11,1026,Aqua,MODIS,49,6.1NRT,300.04,19.58,D
31.14512,75.78778,323.82,2.2,1.44,2026-05-11,1026,Aqua,MODIS,72,6.1NRT,302.81,21.1,D
30.90368,74.55079,325.26,1.79,1.31,2026-05-11,1026,Aqua,MODIS,74,6.1NRT,300.59,26.71,D
30.90557,74.56896,323.26,1.8,1.31,2026-05-11,1026,Aqua,MODIS,70,6.1NRT,299.93,22.9,D
30.8021,74.3478,323.4,1.73,1.29,2026-05-11,1026,Aqua,MODIS,48,6.1NRT,299.1,18.65,D
30.80041,74.33717,324.56,1.73,1.29,2026-05-11,1026,Aqua,MODIS,72,6.1NRT,299.08,24.37,D
30.85784,74.88443,323.28,1.89,1.34,2026-05-11,1026,Aqua,MODIS,66,6.1NRT,302.18,16.98,D
30.75709,74.36089,322.23,1.73,1.29,2026-05-11,1026,Aqua,MODIS,56,6.1NRT,299.1,15.74,D
30.744,74.34498,320.83,1.73,1.29,2026-05-11,1026,Aqua,MODIS,58,6.1NRT,298.7,13.1,D
30.4802,74.43508,321.01,1.74,1.29,2026-05-11,1026,Aqua,MODIS,62,6.1NRT,299.59,13.16,D
30.33514,74.57493,318.56,1.77,1.3,2026-05-11,1026,Aqua,MODIS,49,6.1NRT,297.98,11.26,D
30.22297,74.38464,328.74,1.71,1.28,2026-05-11,1026,Aqua,MODIS,76,6.1NRT,300.61,27.23,D
30.26238,75.11733,322.01,1.92,1.35,2026-05-11,1026,Aqua,MODIS,65,6.1NRT,298.24,22.03,D
30.14535,74.50639,326.12,1.74,1.29,2026-05-11,1026,Aqua,MODIS,71,6.1NRT,302.64,20.31,D
27.16006,71.36198,341.76,1.07,1.03,2026-05-11,1026,Aqua,MODIS,68,6.1NRT,319.51,21.8,D
27.16145,71.37242,345.67,1.07,1.03,2026-05-11,1026,Aqua,MODIS,88,6.1NRT,319.65,30.09,D
27.15105,71.36349,335.47,1.07,1.03,2026-05-11,1026,Aqua,MODIS,56,6.1NRT,316.86,11.79,D
25.22486,76.10922,331,1.91,1.35,2026-05-11,1026,Aqua,MODIS,67,6.1NRT,312.66,20.54,D
24.90483,74.90685,340.22,1.56,1.23,2026-05-11,1026,Aqua,MODIS,82,6.1NRT,315.91,45.88,D
24.79265,76.04193,338.46,1.87,1.34,2026-05-11,1026,Aqua,MODIS,80,6.1NRT,312.1,53.95,D
24.7946,76.06023,338.46,1.87,1.34,2026-05-11,1026,Aqua,MODIS,80,6.1NRT,311.6,53.01,D
24.48916,73.68456,336.74,1.29,1.13,2026-05-11,1026,Aqua,MODIS,76,6.1NRT,317.37,22.88,D
23.7302,69.37805,337.04,1.03,1.01,2026-05-11,1026,Aqua,MODIS,80,6.1NRT,321.66,14.01,D
23.73171,69.38777,352.3,1.03,1.01,2026-05-11,1026,Aqua,MODIS,95,6.1NRT,322.42,43.72,D
23.70699,69.83411,333.7,1.01,1,2026-05-11,1026,Aqua,MODIS,71,6.1NRT,320.78,8.36,D
24.17099,74.0771,336.82,1.34,1.15,2026-05-11,1026,Aqua,MODIS,76,6.1NRT,318.86,22.05,D
24.21166,74.40398,331.4,1.41,1.18,2026-05-11,1026,Aqua,MODIS,60,6.1NRT,315.31,14.06,D
23.46898,69.85593,334.53,1.01,1.01,2026-05-11,1026,Aqua,MODIS,70,6.1NRT,320.99,9.02,D
23.9604,74.10786,337.29,1.34,1.15,2026-05-11,1026,Aqua,MODIS,75,6.1NRT,317.94,24.88,D
23.95194,74.12206,349.05,1.34,1.15,2026-05-11,1026,Aqua,MODIS,79,6.1NRT,317.62,56.82,D
23.28411,69.55122,341.99,1.03,1.01,2026-05-11,1026,Aqua,MODIS,84,6.1NRT,317.95,25.71,D
23.2856,69.56088,333.65,1.03,1.01,2026-05-11,1026,Aqua,MODIS,68,6.1NRT,317.46,12.23,D
23.85468,74.15508,331.2,1.35,1.15,2026-05-11,1026,Aqua,MODIS,55,6.1NRT,316.42,12.61,D
23.14771,70.18194,333.19,1,1,2026-05-11,1026,Aqua,MODIS,68,6.1NRT,318.22,9.78,D
23.35174,73.42786,332.09,1.21,1.09,2026-05-11,1026,Aqua,MODIS,61,6.1NRT,316.71,14.02,D
14.81208,79.31673,308.46,1,1,2026-05-11,1526,Terra,MODIS,49,6.1NRT,298.07,4.33,N
16.18429,80.77283,311.59,1.1,1.04,2026-05-11,1526,Terra,MODIS,78,6.1NRT,296.3,8.11,N
16.17725,80.57296,307.35,1.08,1.04,2026-05-11,1526,Terra,MODIS,60,6.1NRT,296.09,4.6,N
16.18633,80.57166,315.99,1.08,1.04,2026-05-11,1526,Terra,MODIS,90,6.1NRT,296.15,11.84,N
16.18506,80.56189,306.61,1.08,1.04,2026-05-11,1526,Terra,MODIS,56,6.1NRT,296.15,4.15,N
16.26886,80.71407,308.02,1.09,1.04,2026-05-11,1526,Terra,MODIS,68,6.1NRT,294.86,5.43,N
16.25626,80.6153,308.45,1.08,1.04,2026-05-11,1526,Terra,MODIS,70,6.1NRT,294.4,5.73,N
16.18108,79.82958,310.95,1.02,1.01,2026-05-11,1526,Terra,MODIS,73,6.1NRT,296.74,7.07,N
20.96663,85.16463,314.34,2.5,1.52,2026-05-11,1529,Terra,MODIS,86,6.1NRT,295.86,34.69,N
25.67906,75.97433,309.82,1.01,1.01,2026-05-11,1529,Terra,MODIS,62,6.1NRT,299.39,5.3,N
25.60672,75.86256,311.86,1.02,1.01,2026-05-11,1529,Terra,MODIS,73,6.1NRT,300.48,7.28,N
25.33972,76.39278,310.41,1,1,2026-05-11,1529,Terra,MODIS,63,6.1NRT,299.95,5.28,N
25.25295,77.6516,310.16,1.02,1.01,2026-05-11,1529,Terra,MODIS,63,6.1NRT,299.78,5.01,N
24.73536,77.08009,310.88,1,1,2026-05-11,1529,Terra,MODIS,66,6.1NRT,299.7,5.79,N
24.32319,75.62038,309.38,1.05,1.02,2026-05-11,1529,Terra,MODIS,55,6.1NRT,299.11,5.56,N
24.20442,75.44148,314.01,1.07,1.03,2026-05-11,1529,Terra,MODIS,80,6.1NRT,298.98,9.75,N
24.20108,75.7304,310.98,1.04,1.02,2026-05-11,1529,Terra,MODIS,66,6.1NRT,299.33,6.9,N
24.57349,78.58124,309.62,1.06,1.03,2026-05-11,1529,Terra,MODIS,63,6.1NRT,298.45,6.38,N
24.67449,79.60281,310.16,1.17,1.08,2026-05-11,1529,Terra,MODIS,69,6.1NRT,298.47,7.7,N
23.86861,74.15952,320.49,1.22,1.1,2026-05-11,1529,Terra,MODIS,100,6.1NRT,302.4,17.35,N
24.07248,76.36652,311.86,1.01,1.01,2026-05-11,1529,Terra,MODIS,71,6.1NRT,300.12,6.79,N
23.98508,76.33807,320.86,1.02,1.01,2026-05-11,1529,Terra,MODIS,100,6.1NRT,299.91,14.7,N
23.92764,77.11395,320.3,1,1,2026-05-11,1529,Terra,MODIS,100,6.1NRT,300.15,14,N
24.25979,79.6882,309.37,1.17,1.08,2026-05-11,1529,Terra,MODIS,64,6.1NRT,298.81,6.67,N
23.78562,76.23628,311.26,1.02,1.01,2026-05-11,1529,Terra,MODIS,70,6.1NRT,300.03,6.06,N
23.94415,77.51697,355.19,1,1,2026-05-11,1529,Terra,MODIS,100,6.1NRT,301.24,69.89,N
23.94545,77.52653,313.17,1,1,2026-05-11,1529,Terra,MODIS,78,6.1NRT,299.67,7.22,N
23.95323,77.5839,314.41,1,1,2026-05-11,1529,Terra,MODIS,83,6.1NRT,298.81,8.83,N
23.65532,75.91476,323.71,1.04,1.02,2026-05-11,1529,Terra,MODIS,100,6.1NRT,300.13,18.33,N
23.76158,77.18301,310.29,1,1,2026-05-11,1529,Terra,MODIS,64,6.1NRT,299.64,5.7,N
23.5278,75.80106,311.71,1.05,1.02,2026-05-11,1529,Terra,MODIS,70,6.1NRT,300.6,6.8,N
23.67077,77.00032,314.85,1,1,2026-05-11,1529,Terra,MODIS,84,6.1NRT,300.21,8.94,N
23.67209,77.00982,313.36,1,1,2026-05-11,1529,Terra,MODIS,79,6.1NRT,300.21,7.65,N
23.3774,75.2933,312.69,1.1,1.04,2026-05-11,1529,Terra,MODIS,74,6.1NRT,300.45,8.26,N
23.37043,75.55269,313.03,1.07,1.03,2026-05-11,1529,Terra,MODIS,76,6.1NRT,298.78,9.02,N
23.58782,77.45708,311.04,1,1,2026-05-11,1529,Terra,MODIS,69,6.1NRT,298.94,6.27,N
23.54015,77.58794,320.29,1,1,2026-05-11,1529,Terra,MODIS,100,6.1NRT,299.11,14.1,N
23.60199,78.18642,313.5,1.02,1.01,2026-05-11,1529,Terra,MODIS,80,6.1NRT,299.16,8.21,N
23.54041,78.21206,311.91,1.02,1.01,2026-05-11,1529,Terra,MODIS,74,6.1NRT,299.78,6.67,N
23.40221,77.38335,310.29,1,1,2026-05-11,1529,Terra,MODIS,65,6.1NRT,298.95,5.89,N
23.56367,79.7707,309.62,1.16,1.07,2026-05-11,1529,Terra,MODIS,65,6.1NRT,299.29,6.06,N
23.40761,78.81961,313.55,1.06,1.03,2026-05-11,1529,Terra,MODIS,81,6.1NRT,297.68,9.45,N
22.84444,76.1818,311.69,1.04,1.02,2026-05-11,1529,Terra,MODIS,71,6.1NRT,300.57,6.35,N
22.63334,76.84293,314.25,1.01,1,2026-05-11,1529,Terra,MODIS,81,6.1NRT,300.37,8.09,N
22.63468,76.85242,314.57,1.01,1,2026-05-11,1529,Terra,MODIS,82,6.1NRT,300.61,8.3,N
22.13207,73.856,314.93,1.35,1.15,2026-05-11,1529,Terra,MODIS,81,6.1NRT,303.08,11.71,N
23.16202,82.33998,307.12,1.65,1.26,2026-05-11,1529,Terra,MODIS,57,6.1NRT,296.07,8.76,N
22.30002,75.63231,315.26,1.09,1.04,2026-05-11,1529,Terra,MODIS,84,6.1NRT,303.34,7.48,N
22.46549,76.83463,310.97,1.01,1,2026-05-11,1529,Terra,MODIS,67,6.1NRT,299.08,6.56,N
22.81114,80.30065,309.09,1.21,1.09,2026-05-11,1529,Terra,MODIS,64,6.1NRT,298.41,6.38,N
22.33957,76.97866,310.5,1.01,1,2026-05-11,1529,Terra,MODIS,67,6.1NRT,299.58,6.23,N
22.30075,77.0394,319.92,1.01,1,2026-05-11,1529,Terra,MODIS,99,6.1NRT,301,14.09,N
22.22806,76.9062,311.66,1.01,1,2026-05-11,1529,Terra,MODIS,75,6.1NRT,300.49,6.43,N
22.10276,76.88103,310.46,1.01,1.01,2026-05-11,1529,Terra,MODIS,75,6.1NRT,300.37,5.17,N
22.13872,77.13644,316.12,1,1,2026-05-11,1529,Terra,MODIS,90,6.1NRT,299.55,10.14,N
22.47697,79.82491,308.47,1.14,1.06,2026-05-11,1529,Terra,MODIS,63,6.1NRT,298.11,5.37,N
22.42514,79.78889,311.07,1.13,1.06,2026-05-11,1529,Terra,MODIS,74,6.1NRT,299.63,6.74,N
22.3593,80.00293,309.05,1.16,1.07,2026-05-11,1529,Terra,MODIS,67,6.1NRT,298.25,6.2,N
21.87098,76.55067,314.02,1.03,1.01,2026-05-11,1529,Terra,MODIS,27,6.1NRT,300.37,9.21,N
22.17245,78.95119,324.31,1.05,1.02,2026-05-11,1529,Terra,MODIS,100,6.1NRT,297.95,20.22,N
22.21094,79.46913,310.93,1.09,1.04,2026-05-11,1529,Terra,MODIS,73,6.1NRT,297.67,7.97,N
21.10438,72.63661,312.42,1.7,1.28,2026-05-11,1529,Terra,MODIS,69,6.1NRT,300.9,14.46,N
22.0853,79.27599,311.58,1.07,1.03,2026-05-11,1529,Terra,MODIS,76,6.1NRT,297.72,8.48,N
22.04752,79.26698,308.7,1.07,1.03,2026-05-11,1529,Terra,MODIS,63,6.1NRT,298.54,5.6,N
21.98277,79.33865,314.8,1.08,1.04,2026-05-11,1529,Terra,MODIS,86,6.1NRT,298.05,10.71,N
21.9256,78.96726,308.73,1.05,1.02,2026-05-11,1529,Terra,MODIS,61,6.1NRT,298.12,5.74,N
21.9476,79.20659,309.85,1.07,1.03,2026-05-11,1529,Terra,MODIS,68,6.1NRT,297,6.48,N
21.6554,77.23747,311.42,1,1,2026-05-11,1529,Terra,MODIS,73,6.1NRT,301.24,5.26,N
21.91151,79.21203,308.74,1.07,1.03,2026-05-11,1529,Terra,MODIS,62,6.1NRT,298.21,5.7,N
21.91902,79.41647,311.12,1.08,1.04,2026-05-11,1529,Terra,MODIS,74,6.1NRT,297.94,7.32,N
21.8054,79.03151,307.92,1.05,1.02,2026-05-11,1529,Terra,MODIS,54,6.1NRT,297.62,4.89,N
22.03797,83.73155,308.12,2.01,1.38,2026-05-11,1529,Terra,MODIS,66,6.1NRT,296.76,13.44,N
21.28481,79.42052,310.38,1.07,1.03,2026-05-11,1529,Terra,MODIS,61,6.1NRT,300.15,5.6,N
21.15703,78.57707,310.62,1.02,1.01,2026-05-11,1529,Terra,MODIS,62,6.1NRT,299.76,5.27,N
21.15829,78.58657,318.01,1.02,1.01,2026-05-11,1529,Terra,MODIS,94,6.1NRT,300,11.51,N
21.75097,83.8417,310.34,2.03,1.39,2026-05-11,1529,Terra,MODIS,44,6.1NRT,297.01,14.48,N
20.37879,73.57096,309.77,1.51,1.21,2026-05-11,1529,Terra,MODIS,63,6.1NRT,299.22,9.34,N
21.24051,79.50516,311.66,1.08,1.04,2026-05-11,1529,Terra,MODIS,68,6.1NRT,300.05,6.6,N
21.7449,83.82965,308.46,2.02,1.39,2026-05-11,1529,Terra,MODIS,66,6.1NRT,297,12.24,N
21.74689,83.84875,309.25,2.03,1.39,2026-05-11,1529,Terra,MODIS,69,6.1NRT,296.87,13.72,N
20.33011,75.08126,311.04,1.22,1.1,2026-05-11,1529,Terra,MODIS,63,6.1NRT,299.69,6.93,N
20.27363,76.05295,315.88,1.1,1.04,2026-05-11,1529,Terra,MODIS,92,6.1NRT,299.88,10.36,N
19.72157,73.2235,313.21,1.64,1.26,2026-05-11,1529,Terra,MODIS,84,6.1NRT,299.59,14.81,N
20.96856,85.14758,308.46,2.49,1.52,2026-05-11,1529,Terra,MODIS,65,6.1NRT,295.55,19.93,N
20.97087,85.17081,313.93,2.5,1.52,2026-05-11,1529,Terra,MODIS,85,6.1NRT,295.55,35.4,N
19.02888,73.66925,307.6,1.57,1.23,2026-05-11,1529,Terra,MODIS,71,6.1NRT,297.14,8.82,N
19.54615,78.25445,312.94,1,1,2026-05-11,1529,Terra,MODIS,84,6.1NRT,301.67,5.52,N
19.5209,78.1358,312.04,1,1,2026-05-11,1529,Terra,MODIS,82,6.1NRT,300.26,5.16,N
19.50889,78.13409,319.46,1,1,2026-05-11,1529,Terra,MODIS,98,6.1NRT,300.66,10.98,N
19.51016,78.14332,312.55,1,1,2026-05-11,1529,Terra,MODIS,82,6.1NRT,301.27,4.91,N
19.18611,77.99611,311.68,1,1,2026-05-11,1529,Terra,MODIS,68,6.1NRT,300.47,5.61,N
19.05755,77.92806,310.23,1,1,2026-05-11,1529,Terra,MODIS,56,6.1NRT,299.46,5.52,N
18.90528,76.92563,312.33,1.05,1.02,2026-05-11,1529,Terra,MODIS,73,6.1NRT,301.93,6.43,N
18.68646,77.85064,317.07,1.01,1,2026-05-11,1529,Terra,MODIS,91,6.1NRT,300.17,10.37,N
18.66227,78.3403,315.54,1,1,2026-05-11,1529,Terra,MODIS,85,6.1NRT,300.3,9.24,N
18.58112,78.16178,314.31,1,1,2026-05-11,1529,Terra,MODIS,81,6.1NRT,302.06,7.23,N
18.41477,77.76097,316.59,1.01,1.01,2026-05-11,1529,Terra,MODIS,90,6.1NRT,301.66,8.98,N
18.02151,79.74456,310.6,1.04,1.02,2026-05-11,1529,Terra,MODIS,74,6.1NRT,299.45,6.37,N
17.88625,79.69314,314.22,1.04,1.02,2026-05-11,1529,Terra,MODIS,85,6.1NRT,300.01,9.55,N
17.62666,80.17729,309.91,1.07,1.03,2026-05-11,1529,Terra,MODIS,67,6.1NRT,296.89,6,N
17.55902,80.22287,310.64,1.07,1.03,2026-05-11,1529,Terra,MODIS,72,6.1NRT,295.85,6.78,N
17.26993,80.05602,316.55,1.05,1.02,2026-05-11,1529,Terra,MODIS,91,6.1NRT,297.24,11.2,N
17.20067,80.29906,308.15,1.07,1.03,2026-05-11,1529,Terra,MODIS,66,6.1NRT,295.65,4.42,N
16.96055,79.18949,311.51,1.01,1,2026-05-11,1529,Terra,MODIS,73,6.1NRT,300.22,6.03,N
17.06722,80.26508,311.8,1.07,1.03,2026-05-11,1529,Terra,MODIS,78,6.1NRT,295.89,7.68,N
17.05567,80.24695,308.75,1.06,1.03,2026-05-11,1529,Terra,MODIS,66,6.1NRT,296.54,5.23,N
20.96601,85.17291,306.67,3.55,1.77,2026-05-11,2231,Aqua,MODIS,68,6.1NRT,292.17,38.05,N
26.64439,79.48714,307.61,1.13,1.06,2026-05-11,2231,Aqua,MODIS,72,6.1NRT,296.27,7.86,N
23.1628,82.34574,304.51,1.95,1.36,2026-05-11,2231,Aqua,MODIS,60,6.1NRT,294.43,11.44,N
21.74427,83.85059,306.78,2.71,1.58,2026-05-11,2231,Aqua,MODIS,69,6.1NRT,294.14,23.4,N
20.96886,85.16911,306.55,3.55,1.77,2026-05-11,2231,Aqua,MODIS,52,6.1NRT,292.21,33.59,N
15.17397,76.65598,305.15,1.14,1.06,2026-05-11,2233,Aqua,MODIS,26,6.1NRT,295.05,4.28,N
26.64118,79.48434,319.63,1.33,1.14,2026-05-12,0334,Terra,MODIS,54,6.1NRT,298.52,9.09,D
26.125,79.97725,330.74,1.23,1.1,2026-05-12,0334,Terra,MODIS,66,6.1NRT,304.29,20.81,D
26.12356,79.98929,322.34,1.23,1.1,2026-05-12,0334,Terra,MODIS,49,6.1NRT,304.63,7.5,D
22.42807,80.15868,332.48,1.11,1.05,2026-05-12,0336,Terra,MODIS,78,6.1NRT,309.53,18.26,D
22.34583,79.85961,326.89,1.14,1.06,2026-05-12,0336,Terra,MODIS,69,6.1NRT,309.62,8.96,D
22.33925,79.8631,325.44,1.14,1.06,2026-05-12,0336,Terra,MODIS,67,6.1NRT,308.95,7.62,D
21.74761,83.97353,319.98,1.09,1.04,2026-05-12,0336,Terra,MODIS,65,6.1NRT,303.12,7.42,D
21.73899,83.84675,323.2,1.08,1.04,2026-05-12,0336,Terra,MODIS,38,6.1NRT,303.4,8.94,D
22.78434,75.52937,335.17,2.22,1.44,2026-05-12,0336,Terra,MODIS,81,6.1NRT,312.53,51.37,D
22.6558,76.77186,328.72,1.79,1.31,2026-05-12,0336,Terra,MODIS,71,6.1NRT,310.61,21.05,D
22.56128,76.58045,327.38,1.84,1.33,2026-05-12,0336,Terra,MODIS,68,6.1NRT,308.92,20.85,D
22.21741,79.49445,335.13,1.18,1.08,2026-05-12,0336,Terra,MODIS,82,6.1NRT,309.35,25.43,D
21.67538,82.86044,322.93,1.02,1.01,2026-05-12,0336,Terra,MODIS,63,6.1NRT,305.21,6.42,D
22.16083,78.9465,330.78,1.26,1.12,2026-05-12,0336,Terra,MODIS,77,6.1NRT,307.11,21.16,D
21.96273,79.40523,337.54,1.19,1.08,2026-05-12,0336,Terra,MODIS,84,6.1NRT,309.45,28.83,D
21.07881,85.04,319.82,1.25,1.11,2026-05-12,0336,Terra,MODIS,69,6.1NRT,301.08,11.32,D
21.85731,79.17046,328.48,1.22,1.1,2026-05-12,0336,Terra,MODIS,72,6.1NRT,309.43,13.69,D
20.96524,85.16977,325.71,1.28,1.12,2026-05-12,0336,Terra,MODIS,70,6.1NRT,300.79,18.29,D
20.96332,85.18163,323.92,1.28,1.12,2026-05-12,0336,Terra,MODIS,63,6.1NRT,300.91,16.13,D
20.96137,85.1936,319.83,1.28,1.12,2026-05-12,0336,Terra,MODIS,62,6.1NRT,300.18,11.29,D
22.00618,76.86764,328.55,1.72,1.29,2026-05-12,0336,Terra,MODIS,68,6.1NRT,311.38,16.46,D
21.83825,76.11147,329.81,1.95,1.36,2026-05-12,0336,Terra,MODIS,70,6.1NRT,311.31,22.36,D
20.92319,83.06889,322.68,1.04,1.02,2026-05-12,0336,Terra,MODIS,65,6.1NRT,304.06,7.89,D
21.37598,79.49095,325.89,1.16,1.07,2026-05-12,0336,Terra,MODIS,60,6.1NRT,307.2,11.78,D
21.50365,77.37141,324.23,1.56,1.23,2026-05-12,0336,Terra,MODIS,32,6.1NRT,306.77,14.28,D
21.26399,78.855,325.35,1.25,1.11,2026-05-12,0336,Terra,MODIS,62,6.1NRT,308.32,8.93,D
20.71376,78.11648,327.12,1.36,1.15,2026-05-12,0336,Terra,MODIS,59,6.1NRT,308.89,11.26,D
19.9601,79.76126,319.18,1.09,1.04,2026-05-12,0336,Terra,MODIS,38,6.1NRT,302.73,5.6,D
20.2603,76.448,333.34,1.75,1.3,2026-05-12,0336,Terra,MODIS,76,6.1NRT,308,37.41,D
19.75164,79.87302,322.68,1.08,1.04,2026-05-12,0336,Terra,MODIS,65,6.1NRT,303.07,10.39,D
20.15229,76.49345,334.15,1.73,1.29,2026-05-12,0336,Terra,MODIS,78,6.1NRT,308.21,36.77,D
20.15047,76.50943,333,1.72,1.29,2026-05-12,0336,Terra,MODIS,76,6.1NRT,308.48,33.02,D
19.80403,78.5426,325.48,1.25,1.11,2026-05-12,0336,Terra,MODIS,61,6.1NRT,306.89,9.68,D
19.76865,78.66665,326.11,1.23,1.1,2026-05-12,0336,Terra,MODIS,64,6.1NRT,306.03,10.13,D
19.71999,78.23717,326.89,1.3,1.13,2026-05-12,0336,Terra,MODIS,65,6.1NRT,304.24,17.45,D
19.09888,82.16504,320.46,1.01,1.01,2026-05-12,0336,Terra,MODIS,62,6.1NRT,304.96,7.46,D
19.58315,78.44143,325.7,1.26,1.11,2026-05-12,0336,Terra,MODIS,64,6.1NRT,305.58,11.54,D
19.58172,78.45309,326.18,1.26,1.11,2026-05-12,0336,Terra,MODIS,66,6.1NRT,305.58,12.42,D
19.58065,78.44633,333.85,1.26,1.11,2026-05-12,0336,Terra,MODIS,79,6.1NRT,306.1,26.3,D
19.42898,78.75656,322.92,1.2,1.09,2026-05-12,0336,Terra,MODIS,58,6.1NRT,305.75,7.87,D
19.34364,79.41022,323.72,1.12,1.05,2026-05-12,0336,Terra,MODIS,54,6.1NRT,305.63,7.55,D
19.41938,78.75523,326.44,1.2,1.09,2026-05-12,0336,Terra,MODIS,68,6.1NRT,304.74,12.79,D
18.56195,83.86896,313.05,1.17,1.08,2026-05-12,0336,Terra,MODIS,38,6.1NRT,298.4,6.94,D
19.35976,78.01489,324.99,1.33,1.14,2026-05-12,0336,Terra,MODIS,61,6.1NRT,306.98,9.32,D
19.20577,77.85544,327.54,1.35,1.15,2026-05-12,0336,Terra,MODIS,70,6.1NRT,306.05,16.69,D
18.4577,83.17674,326,1.09,1.04,2026-05-12,0336,Terra,MODIS,76,6.1NRT,302.73,15.86,D
18.27028,83.36779,321.55,1.11,1.05,2026-05-12,0336,Terra,MODIS,69,6.1NRT,302.39,10.09,D
18.93926,77.95237,327.35,1.32,1.14,2026-05-12,0336,Terra,MODIS,66,6.1NRT,306.35,13.66,D
18.77753,79.22946,321.11,1.12,1.06,2026-05-12,0336,Terra,MODIS,57,6.1NRT,303.51,8.61,D
18.59722,79.12846,321.61,1.13,1.06,2026-05-12,0336,Terra,MODIS,57,6.1NRT,304.61,8.25,D
18.62752,78.32551,321.85,1.24,1.11,2026-05-12,0336,Terra,MODIS,50,6.1NRT,305.13,9.54,D
18.48049,77.62704,326.28,1.37,1.16,2026-05-12,0336,Terra,MODIS,62,6.1NRT,306.68,10.61,D
23.59551,78.71102,325.7,1.36,1.15,2026-05-12,0336,Terra,MODIS,60,6.1NRT,308.19,11.67,D
23.16249,82.3446,320.01,1,1,2026-05-12,0336,Terra,MODIS,43,6.1NRT,304.44,6.78,D
23.16385,82.33511,318.24,1,1,2026-05-12,0336,Terra,MODIS,24,6.1NRT,304.83,5.71,D
24.03761,78.22949,327.06,1.48,1.2,2026-05-12,0336,Terra,MODIS,64,6.1NRT,309.22,15.17,D
24.16095,80.70499,321.35,1.09,1.04,2026-05-12,0336,Terra,MODIS,50,6.1NRT,306.68,6.96,D
23.51715,85.66954,310.96,1.25,1.11,2026-05-12,0336,Terra,MODIS,23,6.1NRT,294.79,5.1,D
23.796,86.35275,313.68,1.36,1.15,2026-05-12,0336,Terra,MODIS,45,6.1NRT,295.06,8.94,D
24.99501,79.78329,326.39,1.22,1.1,2026-05-12,0336,Terra,MODIS,64,6.1NRT,308.54,10.6,D
25.09572,79.79149,324.79,1.23,1.1,2026-05-12,0336,Terra,MODIS,60,6.1NRT,306.54,10.61,D
25.733,79.91425,327.93,1.23,1.1,2026-05-12,0336,Terra,MODIS,70,6.1NRT,307.03,14.98,D
25.73666,79.90882,328.05,1.23,1.1,2026-05-12,0336,Terra,MODIS,71,6.1NRT,306.81,16.6,D
22.57431,85.89964,313.21,1.33,1.14,2026-05-12,0336,Terra,MODIS,57,6.1NRT,297.62,7.15,D
23.4551,79.37519,332.44,1.24,1.11,2026-05-12,0336,Terra,MODIS,76,6.1NRT,310.5,19.06,D
23.49538,78.87234,326.21,1.32,1.14,2026-05-12,0336,Terra,MODIS,57,6.1NRT,307.68,11.82,D
23.43716,79.09826,332.57,1.28,1.12,2026-05-12,0336,Terra,MODIS,76,6.1NRT,310.38,21.38,D
23.5565,77.62253,327.47,1.6,1.25,2026-05-12,0336,Terra,MODIS,61,6.1NRT,309.33,16.09,D
22.20835,84.86336,315.74,1.18,1.08,2026-05-12,0336,Terra,MODIS,61,6.1NRT,299.25,7.07,D
22.08997,83.11803,318.11,1.02,1.01,2026-05-12,0336,Terra,MODIS,51,6.1NRT,301.82,6.21,D
22.46021,80.056,325.1,1.12,1.05,2026-05-12,0336,Terra,MODIS,64,6.1NRT,308.39,8.02,D
17.00212,82.16102,316.44,1.04,1.02,2026-05-12,0338,Terra,MODIS,44,6.1NRT,298.01,6.37,D
18.11632,79.70628,325.81,1.06,1.03,2026-05-12,0338,Terra,MODIS,72,6.1NRT,303.12,13.82,D
17.9747,79.79899,320.05,1.05,1.02,2026-05-12,0338,Terra,MODIS,58,6.1NRT,303.01,7.19,D
17.97339,79.80865,319.48,1.05,1.02,2026-05-12,0338,Terra,MODIS,56,6.1NRT,302.25,6.21,D
17.90875,80.08248,319.37,1.03,1.02,2026-05-12,0338,Terra,MODIS,53,6.1NRT,301.21,7.2,D
17.90514,79.56368,325.76,1.07,1.03,2026-05-12,0338,Terra,MODIS,72,6.1NRT,302.9,13.47,D
17.90383,79.57351,322.81,1.07,1.03,2026-05-12,0338,Terra,MODIS,66,6.1NRT,303.02,9.85,D
17.44693,81.13312,322.07,1,1,2026-05-12,0338,Terra,MODIS,71,6.1NRT,304.74,8.3,D
17.70113,79.23233,343.38,1.1,1.05,2026-05-12,0338,Terra,MODIS,90,6.1NRT,303.77,43.01,D
17.69979,79.24239,320.82,1.1,1.04,2026-05-12,0338,Terra,MODIS,52,6.1NRT,302.85,7.77,D
17.65625,79.35862,337.27,1.09,1.04,2026-05-12,0338,Terra,MODIS,85,6.1NRT,302.85,31.13,D
17.65492,79.36856,320,1.08,1.04,2026-05-12,0338,Terra,MODIS,49,6.1NRT,301.26,7.05,D
17.622,79.27596,319.6,1.09,1.04,2026-05-12,0338,Terra,MODIS,52,6.1NRT,301.98,6.55,D
17.01245,82.15298,325.38,1.04,1.02,2026-05-12,0338,Terra,MODIS,67,6.1NRT,298.25,14.96,D
17.00632,82.13271,322.13,1.03,1.02,2026-05-12,0338,Terra,MODIS,65,6.1NRT,296.22,12.26,D
17.21071,80.3221,321.73,1.01,1.01,2026-05-12,0338,Terra,MODIS,69,6.1NRT,300.31,10.82,D
17.20522,80.03568,320.3,1.03,1.01,2026-05-12,0338,Terra,MODIS,41,6.1NRT,301.39,8.72,D
16.92406,81.94107,317.1,1.02,1.01,2026-05-12,0338,Terra,MODIS,62,6.1NRT,293.56,9.15,D
16.92267,81.95041,337.61,1.02,1.01,2026-05-12,0338,Terra,MODIS,87,6.1NRT,295.4,34.55,D
17.39981,77.94434,323.58,1.27,1.12,2026-05-12,0338,Terra,MODIS,62,6.1NRT,305.61,10.01,D
16.88161,80.63053,320.12,1,1,2026-05-12,0338,Terra,MODIS,58,6.1NRT,302.13,8.02,D
16.9767,79.82,321.35,1.04,1.02,2026-05-12,0338,Terra,MODIS,58,6.1NRT,301.83,9.47,D
16.63981,79.45412,338.52,1.06,1.03,2026-05-12,0338,Terra,MODIS,82,6.1NRT,301.24,33.28,D
16.45842,80.42455,322.94,1.01,1,2026-05-12,0338,Terra,MODIS,61,6.1NRT,303.11,9.43,D
16.65155,78.27206,324.47,1.19,1.09,2026-05-12,0338,Terra,MODIS,66,6.1NRT,303.85,12.04,D
16.80623,76.73213,323.53,1.49,1.21,2026-05-12,0338,Terra,MODIS,67,6.1NRT,301.49,11.98,D
16.24102,80.92564,321.76,1,1,2026-05-12,0338,Terra,MODIS,43,6.1NRT,303.86,9.07,D
16.26212,80.7151,326.49,1,1,2026-05-12,0338,Terra,MODIS,63,6.1NRT,305.75,11.29,D
16.30633,80.27404,321.07,1.01,1,2026-05-12,0338,Terra,MODIS,59,6.1NRT,301.06,9.33,D
16.2175,80.44184,317.99,1,1,2026-05-12,0338,Terra,MODIS,56,6.1NRT,298.76,7.24,D
16.23596,80.11674,315.82,1.01,1.01,2026-05-12,0338,Terra,MODIS,42,6.1NRT,297.65,5.74,D
16.43743,78.42672,321.58,1.16,1.07,2026-05-12,0338,Terra,MODIS,60,6.1NRT,302.92,8.08,D
15.39401,79.13153,321.72,1.06,1.03,2026-05-12,0338,Terra,MODIS,57,6.1NRT,303.49,8.18,D
15.38182,78.20637,323.15,1.16,1.07,2026-05-12,0338,Terra,MODIS,66,6.1NRT,302.29,10.5,D
15.1257,78.16956,325.09,1.16,1.07,2026-05-12,0338,Terra,MODIS,69,6.1NRT,301.13,12.84,D
16.37599,80.62285,325.85,2.29,1.47,2026-05-12,0924,Aqua,MODIS,65,6.1NRT,295.65,46.95,D
16.11712,80.79561,325.85,2.25,1.45,2026-05-12,0924,Aqua,MODIS,49,6.1NRT,301.77,28.76,D
16.24816,80.72305,345.33,2.27,1.46,2026-05-12,0924,Aqua,MODIS,92,6.1NRT,300.74,126.38,D
16.2445,80.7028,339.43,2.28,1.46,2026-05-12,0924,Aqua,MODIS,87,6.1NRT,298.76,93.96,D
16.21842,80.55889,327.28,2.34,1.48,2026-05-12,0924,Aqua,MODIS,58,6.1NRT,296.38,59.05,D
16.1676,79.85027,326.88,2.66,1.57,2026-05-12,0924,Aqua,MODIS,75,6.1NRT,299.68,58.36,D
16.21243,79.86561,321.71,2.65,1.56,2026-05-12,0924,Aqua,MODIS,55,6.1NRT,297.08,33.43,D
16.3802,80.64799,325.6,2.29,1.46,2026-05-12,0924,Aqua,MODIS,60,6.1NRT,295.62,46.22,D
16.37659,80.62757,332.86,2.29,1.47,2026-05-12,0924,Aqua,MODIS,82,6.1NRT,296.11,75.2,D
16.37975,80.64323,330.55,2.29,1.46,2026-05-12,0924,Aqua,MODIS,79,6.1NRT,295.91,67.39,D
17.00926,82.14039,322.1,1.71,1.28,2026-05-12,0924,Aqua,MODIS,49,6.1NRT,301.62,19.2,D
17.01151,82.15079,320.63,1.7,1.28,2026-05-12,0924,Aqua,MODIS,64,6.1NRT,301.18,17.09,D
17.27407,79.81823,324.95,2.54,1.53,2026-05-12,0924,Aqua,MODIS,73,6.1NRT,300.57,33.42,D
17.63154,80.45692,320.09,2.23,1.45,2026-05-12,0924,Aqua,MODIS,43,6.1NRT,298.14,21.56,D
17.68667,79.89581,325.68,2.46,1.51,2026-05-12,0924,Aqua,MODIS,72,6.1NRT,300.66,39.94,D
18.45126,83.69519,323.84,1.27,1.12,2026-05-12,0924,Aqua,MODIS,72,6.1NRT,302.74,13.8,D
18.51165,83.30723,322.66,1.33,1.14,2026-05-12,0924,Aqua,MODIS,68,6.1NRT,304.44,9.54,D
18.71897,83.62802,316.41,1.27,1.12,2026-05-12,0924,Aqua,MODIS,40,6.1NRT,297.12,8.03,D
18.10204,79.71193,327.57,2.49,1.52,2026-05-12,0924,Aqua,MODIS,74,6.1NRT,300.71,45.36,D
18.4029,79.33924,325.02,2.62,1.55,2026-05-12,0924,Aqua,MODIS,71,6.1NRT,300.6,34.92,D
19.14312,83.26705,323.59,1.31,1.14,2026-05-12,0924,Aqua,MODIS,73,6.1NRT,299.9,18.66,D
19.14596,83.27243,318.7,1.31,1.14,2026-05-12,0924,Aqua,MODIS,49,6.1NRT,298.31,11.82,D
19.45604,83.53834,317.6,1.25,1.11,2026-05-12,0924,Aqua,MODIS,53,6.1NRT,302.52,9.25,D
19.70588,84.93645,315.33,1.07,1.03,2026-05-12,0924,Aqua,MODIS,31,6.1NRT,298.19,6.58,D
19.87658,85.43356,316.54,1.03,1.01,2026-05-12,0924,Aqua,MODIS,57,6.1NRT,299.11,7.27,D
23.10753,80.65593,328.64,1.66,1.27,2026-05-12,0924,Aqua,MODIS,70,6.1NRT,311.79,19.23,D
22.10521,85.17737,322.72,1.02,1.01,2026-05-12,0924,Aqua,MODIS,72,6.1NRT,300.16,13.84,D
21.73967,83.84153,327.46,1.13,1.06,2026-05-12,0924,Aqua,MODIS,40,6.1NRT,308.82,9.78,D
21.75855,84.01974,328.55,1.11,1.05,2026-05-12,0924,Aqua,MODIS,76,6.1NRT,307.39,13.6,D
21.66339,83.94823,324.97,1.12,1.05,2026-05-12,0924,Aqua,MODIS,0,6.1NRT,306.74,6.64,D
21.77579,85.19663,323.3,1.02,1.01,2026-05-12,0924,Aqua,MODIS,73,6.1NRT,299.63,14.23,D
21.75142,85.10882,333.98,1.02,1.01,2026-05-12,0924,Aqua,MODIS,84,6.1NRT,301.1,25.34,D
21.75289,85.11858,322.13,1.02,1.01,2026-05-12,0924,Aqua,MODIS,66,6.1NRT,299.36,11.58,D
21.74263,85.11035,344,1.02,1.01,2026-05-12,0924,Aqua,MODIS,91,6.1NRT,302.61,41.36,D
21.74409,85.11998,336.69,1.02,1.01,2026-05-12,0924,Aqua,MODIS,87,6.1NRT,300.46,29.73,D
21.56231,85.32017,318.29,1.02,1.01,2026-05-12,0924,Aqua,MODIS,64,6.1NRT,300.32,7.99,D
21.56376,85.32968,318.97,1.02,1.01,2026-05-12,0924,Aqua,MODIS,65,6.1NRT,299.31,8.49,D
20.48449,80.36927,327.31,1.97,1.37,2026-05-12,0924,Aqua,MODIS,64,6.1NRT,306.68,25.69,D
20.96505,83.0472,328.8,1.27,1.12,2026-05-12,0924,Aqua,MODIS,37,6.1NRT,305,17.26,D
20.96095,83.04256,332.66,1.27,1.12,2026-05-12,0924,Aqua,MODIS,66,6.1NRT,306.22,23.38,D
20.48701,80.35703,323.52,1.98,1.37,2026-05-12,0924,Aqua,MODIS,43,6.1NRT,305.5,16.09,D
20.49026,80.37497,327.34,1.97,1.37,2026-05-12,0924,Aqua,MODIS,66,6.1NRT,306.01,26.47,D
21.07343,85.03622,326.41,1.04,1.02,2026-05-12,0924,Aqua,MODIS,73,6.1NRT,307.83,11.71,D
20.96549,85.16921,334.16,1.03,1.01,2026-05-12,0924,Aqua,MODIS,73,6.1NRT,305.43,20.41,D
20.96696,85.17876,327.23,1.03,1.01,2026-05-12,0924,Aqua,MODIS,18,6.1NRT,304.09,11.62,D
20.80765,84.22446,328.21,1.11,1.05,2026-05-12,0924,Aqua,MODIS,66,6.1NRT,307.18,11.28,D
20.95815,85.18033,325.86,1.03,1.01,2026-05-12,0924,Aqua,MODIS,39,6.1NRT,306.2,10.64,D
20.95961,85.18983,326.74,1.03,1.01,2026-05-12,0924,Aqua,MODIS,72,6.1NRT,305.4,12.43,D
19.99176,83.47202,375.34,1.24,1.11,2026-05-12,0924,Aqua,MODIS,100,6.1NRT,299.65,173.57,D
20.02176,84.11697,315.76,1.15,1.07,2026-05-12,0924,Aqua,MODIS,53,6.1NRT,298.91,8.93,D
19.90699,84.15432,313.78,1.15,1.07,2026-05-12,0924,Aqua,MODIS,29,6.1NRT,298.09,6.68,D
16.02833,80.81992,324.43,2.25,1.45,2026-05-12,0924,Aqua,MODIS,67,6.1NRT,303.02,27.21,D
16.02642,80.52181,324.17,2.38,1.49,2026-05-12,0924,Aqua,MODIS,67,6.1NRT,299.78,32.65,D
30.11824,75.7011,324.61,2.6,1.55,2026-05-12,0926,Aqua,MODIS,68,6.1NRT,301.67,32.46,D
30.25933,79.19636,311.16,1.5,1.21,2026-05-12,0926,Aqua,MODIS,41,6.1NRT,295.2,10.53,D
30.24386,79.17186,310.65,1.5,1.21,2026-05-12,0926,Aqua,MODIS,31,6.1NRT,293.78,12.29,D
26.43781,78.26809,327.24,2.09,1.41,2026-05-12,0926,Aqua,MODIS,64,6.1NRT,304.6,20.17,D
26.43412,78.27607,328.85,2.09,1.41,2026-05-12,0926,Aqua,MODIS,68,6.1NRT,304.24,25.94,D
24.98173,81.79374,327.02,1.3,1.13,2026-05-12,0926,Aqua,MODIS,58,6.1NRT,308.26,10.74,D
24.626,80.94571,329.78,1.48,1.2,2026-05-12,0926,Aqua,MODIS,32,6.1NRT,307.71,20.36,D
25.17912,84.26125,324.84,1.02,1.01,2026-05-12,0926,Aqua,MODIS,63,6.1NRT,304.13,8.4,D
24.91036,83.96526,327.29,1.04,1.02,2026-05-12,0926,Aqua,MODIS,40,6.1NRT,306.6,11.01,D
23.6288,78.34858,338.87,2.39,1.49,2026-05-12,0926,Aqua,MODIS,84,6.1NRT,312.86,81.94,D
23.59269,81.8792,328.1,1.35,1.15,2026-05-12,0926,Aqua,MODIS,69,6.1NRT,308.43,17.61,D
30.11814,75.72322,323.13,2.58,1.54,2026-05-12,0926,Aqua,MODIS,65,6.1NRT,301.48,29.57,D
30.11264,75.69796,322.23,2.6,1.55,2026-05-12,0926,Aqua,MODIS,63,6.1NRT,301.85,24.21,D
31.00896,75.37536,321.96,2.6,1.55,2026-05-12,0928,Aqua,MODIS,53,6.1NRT,298.62,29.3,D
31.01136,75.12482,330.65,2.7,1.57,2026-05-12,0928,Aqua,MODIS,81,6.1NRT,301.96,61.38,D
31.0047,75.11971,326.27,2.7,1.57,2026-05-12,0928,Aqua,MODIS,76,6.1NRT,302.04,38.05,D
31.18922,75.83701,323.01,2.39,1.49,2026-05-12,0928,Aqua,MODIS,73,6.1NRT,302.11,23.09,D
31.10221,75.17466,321.28,2.66,1.57,2026-05-12,0928,Aqua,MODIS,64,6.1NRT,299.1,24.28,D
31.07796,75.09332,324.13,2.7,1.57,2026-05-12,0928,Aqua,MODIS,74,6.1NRT,301.45,30.07,D
31.55925,75.44271,322.64,2.49,1.52,2026-05-12,0928,Aqua,MODIS,24,6.1NRT,297.75,31.33,D
20.96987,86.01041,305.64,2.19,1.43,2026-05-12,1429,Terra,MODIS,48,6.1NRT,294.05,11.71,N
20.96543,85.17883,311.55,2.53,1.53,2026-05-12,1429,Terra,MODIS,78,6.1NRT,295.03,24.87,N
20.97413,85.17018,309.4,2.53,1.53,2026-05-12,1429,Terra,MODIS,71,6.1NRT,294.74,20.29,N
25.99986,93.51054,302.17,1.1,1.05,2026-05-12,1431,Terra,MODIS,47,6.1NRT,290.84,4.62,N
18.44715,77.61874,308.66,3.47,1.75,2026-05-12,1607,Terra,MODIS,75,6.1NRT,295.71,22.82,N
18.44401,77.58678,308.76,3.45,1.75,2026-05-12,1607,Terra,MODIS,75,6.1NRT,295.89,22.37,N
18.4439,77.61363,311.62,3.47,1.75,2026-05-12,1607,Terra,MODIS,83,6.1NRT,295.73,37.32,N
19.79859,74.58374,313.31,2.11,1.41,2026-05-12,1607,Terra,MODIS,87,6.1NRT,298.26,22.49,N
20.06523,73.54461,306.96,1.78,1.31,2026-05-12,1607,Terra,MODIS,58,6.1NRT,296.28,9.9,N
22.92863,70.10085,312.38,1.17,1.07,2026-05-12,1609,Terra,MODIS,72,6.1NRT,301.45,8.16,N
21.11055,72.64346,311.53,1.58,1.24,2026-05-12,1609,Terra,MODIS,69,6.1NRT,300.92,11.6,N
20.95068,86.05125,307.8,1.62,1.25,2026-05-12,2131,Aqua,MODIS,72,6.1NRT,291.79,13.17,N
20.96588,85.17764,312.12,1.87,1.34,2026-05-12,2131,Aqua,MODIS,83,6.1NRT,295.79,22.3,N
23.77523,86.39187,305.31,1.68,1.27,2026-05-12,2131,Aqua,MODIS,31,6.1NRT,294.01,9.09,N
23.76219,86.40627,306.78,1.68,1.27,2026-05-12,2131,Aqua,MODIS,22,6.1NRT,294.03,10.99,N
22.3789,87.28163,303.79,1.4,1.17,2026-05-12,2131,Aqua,MODIS,56,6.1NRT,289.71,6.46,N
23.68433,86.39541,305.08,1.68,1.27,2026-05-12,2131,Aqua,MODIS,63,6.1NRT,293.92,10.45,N
20.96725,86.00758,303.82,1.63,1.26,2026-05-12,2131,Aqua,MODIS,55,6.1NRT,291.24,9.45,N
26.16006,76.03543,324.78,1.18,1.08,2026-05-13,0414,Terra,MODIS,44,6.1NRT,310.92,8.35,D
30.73918,76.09197,320.16,1.06,1.03,2026-05-13,0414,Terra,MODIS,60,6.1NRT,304.24,6.22,D
30.67044,76.4704,322.97,1.09,1.04,2026-05-13,0414,Terra,MODIS,69,6.1NRT,304.09,10.08,D
30.78393,75.62169,325.46,1.03,1.01,2026-05-13,0414,Terra,MODIS,71,6.1NRT,304.52,11.73,D
30.68321,75.97491,323.79,1.05,1.02,2026-05-13,0414,Terra,MODIS,67,6.1NRT,306.32,8.73,D
30.70189,75.79311,323.73,1.04,1.02,2026-05-13,0414,Terra,MODIS,67,6.1NRT,305.14,9.35,D
30.57002,76.63796,319.43,1.11,1.05,2026-05-13,0414,Terra,MODIS,60,6.1NRT,302.59,7.31,D
30.58482,76.36664,322.01,1.09,1.04,2026-05-13,0414,Terra,MODIS,66,6.1NRT,305.06,7.14,D
30.46511,76.71447,318.22,1.12,1.06,2026-05-13,0414,Terra,MODIS,56,6.1NRT,301.92,5.9,D
30.72213,74.91904,326.02,1.01,1,2026-05-13,0414,Terra,MODIS,71,6.1NRT,306.77,10.16,D
30.50681,76.33313,321.45,1.08,1.04,2026-05-13,0414,Terra,MODIS,61,6.1NRT,304.87,7.14,D
30.67147,74.81906,324.28,1,1,2026-05-13,0414,Terra,MODIS,67,6.1NRT,307.47,7.61,D
30.39825,76.3155,329.72,1.09,1.04,2026-05-13,0414,Terra,MODIS,78,6.1NRT,306.3,15.32,D
30.36751,76.33171,325.49,1.09,1.04,2026-05-13,0414,Terra,MODIS,71,6.1NRT,305.68,10.57,D
30.17604,76.31883,324.93,1.09,1.04,2026-05-13,0414,Terra,MODIS,71,6.1NRT,309.2,8.62,D
30.87221,75.71003,321.56,1.03,1.02,2026-05-13,0414,Terra,MODIS,64,6.1NRT,305.55,6.7,D
31.4865,76.22984,316.4,1.06,1.03,2026-05-13,0414,Terra,MODIS,45,6.1NRT,301.26,6.3,D
31.59279,74.71234,330.65,1,1,2026-05-13,0414,Terra,MODIS,80,6.1NRT,304.04,16.34,D
31.48236,75.34521,323.74,1.01,1.01,2026-05-13,0414,Terra,MODIS,72,6.1NRT,299.04,9.66,D
31.09376,76.13474,320.16,1.06,1.03,2026-05-13,0414,Terra,MODIS,68,6.1NRT,303.08,6.79,D
31.10793,75.98357,322.33,1.05,1.02,2026-05-13,0414,Terra,MODIS,71,6.1NRT,305.18,6.76,D
31.18475,75.0396,321.87,1.01,1,2026-05-13,0414,Terra,MODIS,46,6.1NRT,304.94,7.6,D
31.18325,75.04984,335.58,1.01,1,2026-05-13,0414,Terra,MODIS,73,6.1NRT,304.94,24.43,D
30.84678,76.6461,317.64,1.1,1.05,2026-05-13,0414,Terra,MODIS,63,6.1NRT,302.23,6.6,D
30.3018,74.17789,323.29,1,1,2026-05-13,0414,Terra,MODIS,62,6.1NRT,306.8,7.26,D
30.30036,74.188,323.23,1,1,2026-05-13,0414,Terra,MODIS,62,6.1NRT,306.92,7.18,D
29.51079,75.29333,321.29,1.03,1.01,2026-05-13,0414,Terra,MODIS,57,6.1NRT,305.23,6.96,D
23.399,69.37398,323.72,1.26,1.12,2026-05-13,0414,Terra,MODIS,44,6.1NRT,306.3,10.58,D
23.40156,69.36813,325.46,1.26,1.12,2026-05-13,0414,Terra,MODIS,62,6.1NRT,306.77,12.9,D
22.64451,75.36974,326.15,1.21,1.1,2026-05-13,0414,Terra,MODIS,57,6.1NRT,311.32,8.85,D
23.73183,71.13584,324.34,1.06,1.03,2026-05-13,0414,Terra,MODIS,61,6.1NRT,309.25,6.6,D
23.46731,75.22526,333.51,1.17,1.07,2026-05-13,0414,Terra,MODIS,74,6.1NRT,313.46,18.29,D
23.49821,75.24827,332.57,1.17,1.08,2026-05-13,0414,Terra,MODIS,73,6.1NRT,313.77,16.12,D
23.93276,74.90811,327.49,1.11,1.05,2026-05-13,0414,Terra,MODIS,55,6.1NRT,312.54,7.57,D
23.57535,78.81159,327.36,1.96,1.37,2026-05-13,0414,Terra,MODIS,69,6.1NRT,307.48,21.1,D
23.57874,78.79308,327.2,1.96,1.37,2026-05-13,0414,Terra,MODIS,69,6.1NRT,307.81,20.31,D
24.12277,75.75848,333.51,1.22,1.1,2026-05-13,0414,Terra,MODIS,74,6.1NRT,315,16.37,D
24.41193,74.20786,328.77,1.04,1.02,2026-05-13,0414,Terra,MODIS,65,6.1NRT,313.12,9.6,D
24.97857,73.63297,329.58,1.01,1,2026-05-13,0414,Terra,MODIS,70,6.1NRT,310.35,13.48,D
25.23765,76.12702,336.73,1.23,1.1,2026-05-13,0414,Terra,MODIS,80,6.1NRT,313.39,23.76,D
25.64014,75.8732,330.23,1.18,1.08,2026-05-13,0414,Terra,MODIS,68,6.1NRT,314.97,13.28,D
25.38037,75.70046,327.22,1.16,1.07,2026-05-13,0414,Terra,MODIS,60,6.1NRT,312.84,8.73,D
25.18831,77.03629,330.23,1.39,1.17,2026-05-13,0414,Terra,MODIS,69,6.1NRT,313.31,14.79,D
29.47697,74.13508,327.09,1,1,2026-05-13,0414,Terra,MODIS,65,6.1NRT,311.27,8.23,D
21.14594,75.46687,324.41,1.29,1.13,2026-05-13,0417,Terra,MODIS,48,6.1NRT,306.72,11.11,D
22.00403,71.97511,327.66,1,1,2026-05-13,0417,Terra,MODIS,66,6.1NRT,311.31,8.33,D
21.00538,75.31828,333.51,1.27,1.12,2026-05-13,0417,Terra,MODIS,76,6.1NRT,311.84,21.38,D
21.22059,79.43199,326.14,2.45,1.51,2026-05-13,0417,Terra,MODIS,69,6.1NRT,302.37,29.51,D
22.08786,75.3739,326.61,1.24,1.1,2026-05-13,0417,Terra,MODIS,60,6.1NRT,309.96,10.02,D
21.14581,75.46047,325.06,1.29,1.13,2026-05-13,0417,Terra,MODIS,47,6.1NRT,306.62,12.35,D
21.33743,74.77054,325.39,1.18,1.08,2026-05-13,0417,Terra,MODIS,57,6.1NRT,307.85,7.85,D
18.43165,77.66189,330.65,2.05,1.39,2026-05-13,0417,Terra,MODIS,78,6.1NRT,302.9,39.09,D
22.04646,73.28036,323.12,1.02,1.01,2026-05-13,0417,Terra,MODIS,48,6.1NRT,305.5,8.59,D
18.43812,77.6246,326.03,2.04,1.39,2026-05-13,0417,Terra,MODIS,72,6.1NRT,302.3,21.68,D
18.44135,77.60602,325.38,2.03,1.39,2026-05-13,0417,Terra,MODIS,70,6.1NRT,303.61,20.09,D
19.26085,74.07486,325.37,1.15,1.07,2026-05-13,0417,Terra,MODIS,66,6.1NRT,308.06,9.81,D
19.8074,74.65029,335.58,1.21,1.09,2026-05-13,0417,Terra,MODIS,81,6.1NRT,307.26,29.23,D
20.13902,74.8075,327.19,1.22,1.1,2026-05-13,0417,Terra,MODIS,65,6.1NRT,310.54,10.22,D
20.1432,74.80294,327.12,1.22,1.1,2026-05-13,0417,Terra,MODIS,64,6.1NRT,309.88,10.37,D
20.27422,76.43324,330.65,1.54,1.22,2026-05-13,0417,Terra,MODIS,70,6.1NRT,307.46,23.96,D
21.10471,72.64058,324.57,1.01,1,2026-05-13,0417,Terra,MODIS,48,6.1NRT,302.23,10.97,D
12.46161,75.37997,314.41,1.78,1.31,2026-05-13,0419,Terra,MODIS,31,6.1NRT,294.18,17.54,D
12.47049,75.38675,317.99,1.78,1.31,2026-05-13,0419,Terra,MODIS,66,6.1NRT,293.66,24.93,D
27.70072,96.30701,315.38,1.27,1.12,2026-05-13,0826,Aqua,MODIS,68,6.1NRT,291.42,15.52,D
27.69737,96.30022,335.69,1.27,1.12,2026-05-13,0826,Aqua,MODIS,90,6.1NRT,289.8,47.97,D
27.6877,96.30238,326.47,1.27,1.12,2026-05-13,0826,Aqua,MODIS,84,6.1NRT,288.77,30.02,D
15.29618,78.33819,330.6,1,1,2026-05-13,1002,Aqua,MODIS,55,6.1NRT,309.92,7.37,D
17.29443,80.81738,323.35,1.28,1.12,2026-05-13,1002,Aqua,MODIS,45,6.1NRT,301.66,12.74,D
17.28462,80.8188,323.72,1.28,1.12,2026-05-13,1002,Aqua,MODIS,64,6.1NRT,301.92,13.05,D
17.1766,80.15506,326.95,1.17,1.08,2026-05-13,1002,Aqua,MODIS,68,6.1NRT,303.85,11.82,D
16.72097,77.01781,335.25,1.01,1.01,2026-05-13,1002,Aqua,MODIS,74,6.1NRT,311.35,14.29,D
16.72235,77.02696,330.55,1.01,1.01,2026-05-13,1002,Aqua,MODIS,71,6.1NRT,310.47,7.22,D
17.16346,80.20049,325.19,1.18,1.08,2026-05-13,1002,Aqua,MODIS,55,6.1NRT,302.3,10.32,D
17.11061,79.87629,331.15,1.13,1.06,2026-05-13,1002,Aqua,MODIS,75,6.1NRT,303.54,18.05,D
17.13193,80.10744,322.82,1.17,1.07,2026-05-13,1002,Aqua,MODIS,31,6.1NRT,300.04,8.03,D
17.12909,80.13626,324.46,1.17,1.08,2026-05-13,1002,Aqua,MODIS,40,6.1NRT,299.09,9.51,D
16.72512,77.369,330.7,1,1,2026-05-13,1002,Aqua,MODIS,57,6.1NRT,309.78,6.97,D
16.57725,76.5063,327.43,1.04,1.02,2026-05-13,1002,Aqua,MODIS,61,6.1NRT,307.97,8.65,D
17.02497,80.2551,324.78,1.18,1.08,2026-05-13,1002,Aqua,MODIS,56,6.1NRT,300.19,11.96,D
17.02643,80.26586,325.31,1.18,1.08,2026-05-13,1002,Aqua,MODIS,55,6.1NRT,300.7,12.26,D
17.02788,80.27663,325.36,1.19,1.08,2026-05-13,1002,Aqua,MODIS,36,6.1NRT,300.61,11.66,D
16.47372,76.49071,330.8,1.05,1.02,2026-05-13,1002,Aqua,MODIS,67,6.1NRT,306.06,13.01,D
17.01843,80.27805,329.99,1.19,1.08,2026-05-13,1002,Aqua,MODIS,72,6.1NRT,301.27,19.48,D
16.90321,79.56905,327,1.1,1.04,2026-05-13,1002,Aqua,MODIS,56,6.1NRT,305.22,8.78,D
16.97615,80.88277,322.04,1.28,1.12,2026-05-13,1002,Aqua,MODIS,29,6.1NRT,288.43,14.17,D
16.51514,78.18931,337.46,1,1,2026-05-13,1002,Aqua,MODIS,80,6.1NRT,307.06,24.08,D
16.33781,77.37288,330.3,1.01,1,2026-05-13,1002,Aqua,MODIS,67,6.1NRT,309.92,7.33,D
16.93495,82.00568,319.38,1.52,1.22,2026-05-13,1002,Aqua,MODIS,50,6.1NRT,298.21,10.05,D
16.80648,81.87688,324.8,1.48,1.2,2026-05-13,1002,Aqua,MODIS,71,6.1NRT,302.78,16.96,D
16.81071,81.88304,331.6,1.48,1.2,2026-05-13,1002,Aqua,MODIS,80,6.1NRT,303.25,30.34,D
16.81252,81.97917,333.04,1.5,1.21,2026-05-13,1002,Aqua,MODIS,82,6.1NRT,300.72,38.25,D
16.7844,81.92777,324.43,1.49,1.21,2026-05-13,1002,Aqua,MODIS,70,6.1NRT,300.07,18.84,D
16.7545,81.94565,330.95,1.49,1.21,2026-05-13,1002,Aqua,MODIS,79,6.1NRT,300.76,33.02,D
16.56296,80.68885,326.17,1.23,1.1,2026-05-13,1002,Aqua,MODIS,44,6.1NRT,304.22,9.65,D
16.55928,80.68377,327.91,1.23,1.1,2026-05-13,1002,Aqua,MODIS,64,6.1NRT,304,12.36,D
15.95471,76.72932,336.48,1.04,1.02,2026-05-13,1002,Aqua,MODIS,80,6.1NRT,304.73,22.58,D
16.24241,79.99441,327.77,1.13,1.06,2026-05-13,1002,Aqua,MODIS,71,6.1NRT,303.04,15.77,D
16.2823,80.5015,340.77,1.2,1.09,2026-05-13,1002,Aqua,MODIS,87,6.1NRT,308.27,33.55,D
16.28374,80.51232,348.13,1.2,1.09,2026-05-13,1002,Aqua,MODIS,93,6.1NRT,309.06,50.82,D
16.31134,80.7207,332.04,1.23,1.1,2026-05-13,1002,Aqua,MODIS,79,6.1NRT,308.31,14.58,D
16.29153,80.64463,328.84,1.22,1.1,2026-05-13,1002,Aqua,MODIS,67,6.1NRT,306.5,10.2,D
16.16033,79.86895,331.45,1.11,1.05,2026-05-13,1002,Aqua,MODIS,76,6.1NRT,308.19,16.73,D
15.87047,77.96553,329.83,1,1,2026-05-13,1002,Aqua,MODIS,45,6.1NRT,297.67,13.94,D
16.13785,79.84167,330.19,1.11,1.05,2026-05-13,1002,Aqua,MODIS,74,6.1NRT,306.81,15.9,D
14.13171,78.32875,329.11,1,1,2026-05-13,1002,Aqua,MODIS,71,6.1NRT,312.45,10.55,D
15.04108,78.61836,327.33,1.01,1,2026-05-13,1002,Aqua,MODIS,58,6.1NRT,306.4,9.35,D
15.19784,78.60936,327.83,1.01,1,2026-05-13,1002,Aqua,MODIS,60,6.1NRT,304.71,10,D
15.29749,78.34719,339.35,1,1,2026-05-13,1002,Aqua,MODIS,84,6.1NRT,312.26,20.19,D
17.54614,80.56443,330.65,1.25,1.11,2026-05-13,1002,Aqua,MODIS,77,6.1NRT,304.55,17.42,D
15.46208,78.57705,326.88,1.01,1,2026-05-13,1002,Aqua,MODIS,32,6.1NRT,309.22,7.67,D
15.46078,78.56799,328.63,1.01,1,2026-05-13,1002,Aqua,MODIS,50,6.1NRT,309.73,9.12,D
15.90264,80.06955,322.88,1.13,1.06,2026-05-13,1002,Aqua,MODIS,45,6.1NRT,301.37,9.17,D
16.02656,80.83201,328.11,1.24,1.11,2026-05-13,1002,Aqua,MODIS,56,6.1NRT,304.18,13.85,D
16.022,80.79859,325.09,1.23,1.1,2026-05-13,1002,Aqua,MODIS,47,6.1NRT,303.74,10.93,D
15.93818,80.18963,330.65,1.14,1.06,2026-05-13,1002,Aqua,MODIS,73,6.1NRT,305.05,13.91,D
15.93675,80.17934,328.43,1.14,1.06,2026-05-13,1002,Aqua,MODIS,69,6.1NRT,305.11,10.86,D
16.02865,80.82613,326.88,1.24,1.11,2026-05-13,1002,Aqua,MODIS,58,6.1NRT,304.56,11.71,D
15.94216,80.1728,327.03,1.14,1.06,2026-05-13,1002,Aqua,MODIS,65,6.1NRT,305,10.41,D
15.91064,79.93906,326.42,1.11,1.05,2026-05-13,1002,Aqua,MODIS,57,6.1NRT,306.8,10.18,D
16.06577,80.80939,327.39,1.24,1.1,2026-05-13,1002,Aqua,MODIS,61,6.1NRT,304.88,12.84,D
16.09471,80.80522,337.12,1.24,1.1,2026-05-13,1002,Aqua,MODIS,83,6.1NRT,303.24,30.21,D
16.12848,80.80488,327.49,1.24,1.11,2026-05-13,1002,Aqua,MODIS,44,6.1NRT,305.77,10.89,D
16.14187,80.75751,330.55,1.23,1.1,2026-05-13,1002,Aqua,MODIS,63,6.1NRT,306.3,16.45,D
16.18639,80.79652,332.76,1.24,1.11,2026-05-13,1002,Aqua,MODIS,78,6.1NRT,306.43,19.07,D
16.18488,80.78535,334.57,1.24,1.1,2026-05-13,1002,Aqua,MODIS,80,6.1NRT,306.43,22.04,D
16.19604,80.79514,332.9,1.24,1.11,2026-05-13,1002,Aqua,MODIS,78,6.1NRT,306.36,19.53,D
16.19453,80.78397,344.32,1.24,1.1,2026-05-13,1002,Aqua,MODIS,90,6.1NRT,307.23,43.61,D
16.18837,80.56609,346.69,1.2,1.09,2026-05-13,1002,Aqua,MODIS,92,6.1NRT,302.77,54.23,D
16.19789,80.5647,343.53,1.2,1.09,2026-05-13,1002,Aqua,MODIS,89,6.1NRT,300.01,46.81,D
16.2471,80.86247,323.45,1.25,1.11,2026-05-13,1002,Aqua,MODIS,60,6.1NRT,301.96,6.94,D
15.93448,78.52876,330.65,1.01,1,2026-05-13,1002,Aqua,MODIS,59,6.1NRT,309.83,8.29,D
15.88417,78.12006,330.5,1,1,2026-05-13,1002,Aqua,MODIS,68,6.1NRT,309.63,9.06,D
16.1615,80.0131,322.6,1.13,1.06,2026-05-13,1002,Aqua,MODIS,32,6.1NRT,303.1,7.45,D
20.55686,79.65849,337.8,1.21,1.09,2026-05-13,1002,Aqua,MODIS,62,6.1NRT,309.25,27.56,D
20.96627,85.15776,322.27,3.03,1.66,2026-05-13,1002,Aqua,MODIS,62,6.1NRT,299.7,43.09,D
19.43076,73.78638,324.09,1.29,1.13,2026-05-13,1002,Aqua,MODIS,56,6.1NRT,302.2,14.37,D
19.35119,73.74211,327.94,1.3,1.13,2026-05-13,1002,Aqua,MODIS,40,6.1NRT,304.74,16.46,D
19.00428,77.96559,326.42,1.02,1.01,2026-05-13,1002,Aqua,MODIS,64,6.1NRT,299.52,10.6,D
19.00561,77.9749,325.96,1.02,1.01,2026-05-13,1002,Aqua,MODIS,62,6.1NRT,297.77,10.02,D
18.63216,76.80733,322.46,1.01,1,2026-05-13,1002,Aqua,MODIS,27,6.1NRT,298.57,5.83,D
18.70853,77.83218,328.73,1.01,1,2026-05-13,1002,Aqua,MODIS,46,6.1NRT,306.26,8.5,D
18.70985,77.8414,331.45,1.01,1,2026-05-13,1002,Aqua,MODIS,74,6.1NRT,305.3,12.35,D
18.69504,78.32628,340.1,1.03,1.01,2026-05-13,1002,Aqua,MODIS,85,6.1NRT,306.01,26.76,D
18.69638,78.3357,327.34,1.03,1.01,2026-05-13,1002,Aqua,MODIS,63,6.1NRT,305.13,8.27,D
18.61008,78.37426,328,1.03,1.01,2026-05-13,1002,Aqua,MODIS,61,6.1NRT,307.4,9.79,D
18.289,77.88376,331.5,1.01,1,2026-05-13,1002,Aqua,MODIS,73,6.1NRT,308.44,13.41,D
18.24421,77.7596,334.07,1,1,2026-05-13,1002,Aqua,MODIS,78,6.1NRT,309.48,14.65,D
18.27126,78.0089,330.09,1.01,1,2026-05-13,1002,Aqua,MODIS,70,6.1NRT,308.39,12.25,D
18.26299,78.07623,335.34,1.01,1.01,2026-05-13,1002,Aqua,MODIS,59,6.1NRT,309.6,21.23,D
18.40845,79.37569,346.39,1.11,1.05,2026-05-13,1002,Aqua,MODIS,91,6.1NRT,309.84,43.7,D
18.20828,78.14747,330.19,1.02,1.01,2026-05-13,1002,Aqua,MODIS,35,6.1NRT,309.74,11.68,D
18.37889,79.64241,331.3,1.14,1.06,2026-05-13,1002,Aqua,MODIS,75,6.1NRT,309.38,13.6,D
18.33282,79.439,326.86,1.12,1.05,2026-05-13,1002,Aqua,MODIS,60,6.1NRT,308.45,9.99,D
18.30217,79.3467,338.17,1.1,1.05,2026-05-13,1002,Aqua,MODIS,83,6.1NRT,308.76,27.46,D
18.30357,79.35682,328.09,1.1,1.05,2026-05-13,1002,Aqua,MODIS,68,6.1NRT,308.42,11.22,D
18.16747,79.7783,333.56,1.15,1.07,2026-05-13,1002,Aqua,MODIS,75,6.1NRT,307.87,21.03,D
18.1689,79.78878,328.64,1.15,1.07,2026-05-13,1002,Aqua,MODIS,71,6.1NRT,306.63,13.06,D
18.11991,79.84978,325.66,1.16,1.07,2026-05-13,1002,Aqua,MODIS,61,6.1NRT,306.38,8.85,D
18.05964,79.94019,332.76,1.17,1.08,2026-05-13,1002,Aqua,MODIS,0,6.1NRT,305.33,21.74,D
18.03286,79.95505,329.94,1.17,1.08,2026-05-13,1002,Aqua,MODIS,68,6.1NRT,306.84,18.94,D
18.03427,79.96572,331.4,1.17,1.08,2026-05-13,1002,Aqua,MODIS,65,6.1NRT,304.95,20.2,D
18.02732,79.96254,338.17,1.17,1.08,2026-05-13,1002,Aqua,MODIS,84,6.1NRT,305.85,30.98,D
17.77138,79.44347,340.38,1.1,1.05,2026-05-13,1002,Aqua,MODIS,86,6.1NRT,309.14,29.64,D
17.77278,79.45354,328.42,1.1,1.05,2026-05-13,1002,Aqua,MODIS,69,6.1NRT,306.77,9.76,D
17.77695,79.48365,328.4,1.11,1.05,2026-05-13,1002,Aqua,MODIS,69,6.1NRT,308.97,9.99,D
17.81798,79.78053,331.15,1.14,1.06,2026-05-13,1002,Aqua,MODIS,76,6.1NRT,306.03,17.12,D
17.71829,79.79032,325.95,1.14,1.06,2026-05-13,1002,Aqua,MODIS,65,6.1NRT,305.44,10.34,D
17.71091,80.01678,326.74,1.17,1.08,2026-05-13,1002,Aqua,MODIS,62,6.1NRT,305.51,13.27,D
17.71812,80.40041,322.6,1.23,1.1,2026-05-13,1002,Aqua,MODIS,37,6.1NRT,302.25,9.04,D
18.12664,83.69325,317.65,2.12,1.41,2026-05-13,1002,Aqua,MODIS,56,6.1NRT,298.51,19.06,D
17.64608,80.01154,324.81,1.17,1.08,2026-05-13,1002,Aqua,MODIS,57,6.1NRT,303.79,8.88,D
17.64745,80.16422,324.11,1.19,1.08,2026-05-13,1002,Aqua,MODIS,53,6.1NRT,303.21,7.84,D
17.61906,80.16848,326.06,1.19,1.08,2026-05-13,1002,Aqua,MODIS,55,6.1NRT,302.87,11.1,D
17.61102,80.18071,326.62,1.19,1.09,2026-05-13,1002,Aqua,MODIS,64,6.1NRT,302.5,13.19,D
17.60969,80.79566,321.89,1.29,1.13,2026-05-13,1002,Aqua,MODIS,58,6.1NRT,303.4,7.94,D
29.47367,74.34691,343.06,1,1,2026-05-13,1004,Aqua,MODIS,80,6.1NRT,311.06,28.04,D
30.64353,74.87823,327.88,1.01,1,2026-05-13,1004,Aqua,MODIS,56,6.1NRT,309.2,5.76,D
30.64497,74.88836,336.74,1.01,1,2026-05-13,1004,Aqua,MODIS,81,6.1NRT,311.72,18.09,D
30.54675,74.78951,328.97,1,1,2026-05-13,1004,Aqua,MODIS,64,6.1NRT,311.85,7.97,D
30.60702,75.54977,331.1,1.03,1.02,2026-05-13,1004,Aqua,MODIS,65,6.1NRT,313.78,9.42,D
30.42433,74.39508,331.4,1,1,2026-05-13,1004,Aqua,MODIS,70,6.1NRT,315.45,9.3,D
30.59078,75.56346,329.83,1.03,1.02,2026-05-13,1004,Aqua,MODIS,49,6.1NRT,312.53,7.89,D
30.44353,74.58745,331.15,1,1,2026-05-13,1004,Aqua,MODIS,69,6.1NRT,313.76,9.31,D
30.41138,74.42861,341.34,1,1,2026-05-13,1004,Aqua,MODIS,85,6.1NRT,313.03,23.68,D
30.59776,75.95034,328.45,1.06,1.03,2026-05-13,1004,Aqua,MODIS,68,6.1NRT,311.44,8.32,D
30.3946,74.64513,330.45,1,1,2026-05-13,1004,Aqua,MODIS,64,6.1NRT,314.41,8.33,D
30.39606,74.65518,339.83,1,1,2026-05-13,1004,Aqua,MODIS,83,6.1NRT,314.84,21.57,D
30.43494,75.17728,331.2,1.01,1.01,2026-05-13,1004,Aqua,MODIS,67,6.1NRT,314.93,9.51,D
30.43464,75.57282,331.4,1.03,1.01,2026-05-13,1004,Aqua,MODIS,69,6.1NRT,317.21,9.56,D
30.12967,74.16344,336.52,1,1,2026-05-13,1004,Aqua,MODIS,77,6.1NRT,313.1,18.28,D
30.13116,74.17345,333,1,1,2026-05-13,1004,Aqua,MODIS,70,6.1NRT,313.79,13.09,D
30.2927,75.74432,333.47,1.04,1.02,2026-05-13,1004,Aqua,MODIS,73,6.1NRT,318.47,11.67,D
30.27328,75.80712,332.86,1.04,1.02,2026-05-13,1004,Aqua,MODIS,72,6.1NRT,317.26,11.52,D
30.00464,75.06543,329.21,1.01,1,2026-05-13,1004,Aqua,MODIS,48,6.1NRT,312.7,6.78,D
30.36625,78.45634,317.22,1.37,1.16,2026-05-13,1004,Aqua,MODIS,40,6.1NRT,304.11,10.76,D
30.36803,78.47189,319.34,1.37,1.16,2026-05-13,1004,Aqua,MODIS,52,6.1NRT,306.33,12.98,D
29.94424,75.63152,332.04,1.03,1.01,2026-05-13,1004,Aqua,MODIS,67,6.1NRT,314.72,11.06,D
29.9726,76.10706,331.2,1.06,1.03,2026-05-13,1004,Aqua,MODIS,69,6.1NRT,316.58,8.95,D
29.71933,75.15463,334.53,1.01,1,2026-05-13,1004,Aqua,MODIS,72,6.1NRT,314.65,12.82,D
30.17169,78.62205,324.01,1.39,1.17,2026-05-13,1004,Aqua,MODIS,71,6.1NRT,307.93,15.51,D
30.16144,78.6232,322.69,1.39,1.17,2026-05-13,1004,Aqua,MODIS,65,6.1NRT,309.39,13.66,D
29.58702,74.36997,330.35,1,1,2026-05-13,1004,Aqua,MODIS,50,6.1NRT,313.88,8.67,D
29.82481,76.24374,331.75,1.07,1.03,2026-05-13,1004,Aqua,MODIS,71,6.1NRT,315.73,11.92,D
29.65824,75.16622,332.71,1.01,1,2026-05-13,1004,Aqua,MODIS,68,6.1NRT,315.99,11.33,D
29.65966,75.17627,335.56,1.01,1,2026-05-13,1004,Aqua,MODIS,75,6.1NRT,315.22,15.5,D
29.54966,74.61842,331,1,1,2026-05-13,1004,Aqua,MODIS,61,6.1NRT,311.33,12.66,D
30.10722,78.84824,324.03,1.44,1.19,2026-05-13,1004,Aqua,MODIS,73,6.1NRT,301.06,24.29,D
26.09114,79.46321,322.8,1.38,1.16,2026-05-13,1004,Aqua,MODIS,36,6.1NRT,306.9,9.44,D
25.1512,75.91039,331.99,1,1,2026-05-13,1004,Aqua,MODIS,67,6.1NRT,316.73,11.83,D
25.15259,75.91995,333.47,1,1,2026-05-13,1004,Aqua,MODIS,71,6.1NRT,315.59,12.82,D
25.27453,76.84209,333.47,1.03,1.01,2026-05-13,1004,Aqua,MODIS,58,6.1NRT,319.04,7.75,D
25.0324,75.48618,330.95,1,1,2026-05-13,1004,Aqua,MODIS,64,6.1NRT,315.96,9.09,D
25.03383,75.49574,340.3,1,1,2026-05-13,1004,Aqua,MODIS,83,6.1NRT,316.47,22.62,D
25.20332,76.85995,332.04,1.03,1.01,2026-05-13,1004,Aqua,MODIS,66,6.1NRT,317.58,7.23,D
25.16783,76.88268,340.03,1.03,1.02,2026-05-13,1004,Aqua,MODIS,82,6.1NRT,318.69,19.43,D
25.46096,79.57296,337.04,1.38,1.16,2026-05-13,1004,Aqua,MODIS,81,6.1NRT,313.15,28.34,D
24.7354,76.69057,334.16,1.02,1.01,2026-05-13,1004,Aqua,MODIS,61,6.1NRT,319.54,10.11,D
24.92399,80.45975,332.04,1.55,1.23,2026-05-13,1004,Aqua,MODIS,71,6.1NRT,314.07,23.4,D
24.92566,80.47427,330.09,1.55,1.23,2026-05-13,1004,Aqua,MODIS,66,6.1NRT,313.36,18.38,D
24.3259,76.92999,335.34,1.02,1.01,2026-05-13,1004,Aqua,MODIS,74,6.1NRT,319.03,13.23,D
24.40757,78.90236,331.55,1.22,1.1,2026-05-13,1004,Aqua,MODIS,64,6.1NRT,313.6,14.15,D
24.42016,79.65317,330.19,1.35,1.15,2026-05-13,1004,Aqua,MODIS,43,6.1NRT,313.54,15.7,D
24.21197,78.19064,337.12,1.12,1.06,2026-05-13,1004,Aqua,MODIS,79,6.1NRT,312.2,25.01,D
23.79024,76.66779,338.87,1.01,1,2026-05-13,1004,Aqua,MODIS,82,6.1NRT,319.81,15.57,D
23.00711,77.60284,334.71,1.05,1.02,2026-05-13,1004,Aqua,MODIS,76,6.1NRT,316.05,13.06,D
23.00847,77.61269,332.57,1.05,1.02,2026-05-13,1004,Aqua,MODIS,71,6.1NRT,316.02,9.73,D
22.13267,73.78381,328.63,1.18,1.08,2026-05-13,1004,Aqua,MODIS,53,6.1NRT,310.61,8.86,D
22.08881,73.73056,328.33,1.19,1.09,2026-05-13,1004,Aqua,MODIS,46,6.1NRT,310.07,8.58,D
22.05607,75.33727,336.39,1.03,1.02,2026-05-13,1004,Aqua,MODIS,76,6.1NRT,317.89,13.4,D
22.58407,79.18634,331.94,1.2,1.09,2026-05-13,1004,Aqua,MODIS,70,6.1NRT,314.18,12.57,D
22.58553,79.19763,330.45,1.21,1.09,2026-05-13,1004,Aqua,MODIS,66,6.1NRT,314.05,10.13,D
22.49524,79.52374,331.55,1.25,1.11,2026-05-13,1004,Aqua,MODIS,71,6.1NRT,315.56,12.68,D
22.11709,77.24185,332.81,1.02,1.01,2026-05-13,1004,Aqua,MODIS,69,6.1NRT,315.74,10.46,D
22.05108,76.90537,336.52,1,1,2026-05-13,1004,Aqua,MODIS,75,6.1NRT,316.38,12.69,D
22.05243,76.91476,376.68,1,1,2026-05-13,1004,Aqua,MODIS,100,6.1NRT,319,116.09,D
21.915,76.24564,344.07,1,1,2026-05-13,1004,Aqua,MODIS,85,6.1NRT,319.24,24.98,D
21.91639,76.255,342.66,1,1,2026-05-13,1004,Aqua,MODIS,84,6.1NRT,318.07,22.95,D
22.02713,77.01231,336.44,1.01,1,2026-05-13,1004,Aqua,MODIS,74,6.1NRT,318.8,12.32,D
22.02848,77.02171,341.19,1.01,1,2026-05-13,1004,Aqua,MODIS,82,6.1NRT,317.68,20.34,D
21.92471,76.93894,334.16,1,1,2026-05-13,1004,Aqua,MODIS,59,6.1NRT,317.95,9.34,D
21.65076,77.09015,342.21,1.01,1,2026-05-13,1004,Aqua,MODIS,84,6.1NRT,314.96,26.58,D
21.60429,77.34419,328.88,1.01,1.01,2026-05-13,1004,Aqua,MODIS,56,6.1NRT,312.21,9.34,D
21.39518,76.54397,333.37,1,1,2026-05-13,1004,Aqua,MODIS,72,6.1NRT,314.6,9.83,D
21.1229,76.31689,335.96,1,1,2026-05-13,1004,Aqua,MODIS,75,6.1NRT,317.56,12.49,D
20.8184,74.47511,332.95,1.14,1.06,2026-05-13,1004,Aqua,MODIS,36,6.1NRT,311.61,12.49,D
20.81084,74.48721,330.5,1.14,1.06,2026-05-13,1004,Aqua,MODIS,42,6.1NRT,312.76,8.75,D
20.8125,74.49754,333.14,1.13,1.06,2026-05-13,1004,Aqua,MODIS,61,6.1NRT,313.37,12.33,D
20.47469,75.29693,334.3,1.06,1.03,2026-05-13,1004,Aqua,MODIS,65,6.1NRT,314.08,10.77,D
20.33092,75.08506,332.62,1.09,1.04,2026-05-13,1004,Aqua,MODIS,61,6.1NRT,312.26,12.25,D
20.32189,75.08664,330.55,1.09,1.04,2026-05-13,1004,Aqua,MODIS,60,6.1NRT,311.35,10.61,D
29.40487,74.8325,332.47,1,1,2026-05-13,1004,Aqua,MODIS,63,6.1NRT,315.93,10.35,D
29.09456,76.77905,329.68,1.1,1.04,2026-05-13,1004,Aqua,MODIS,61,6.1NRT,312.7,11.13,D
28.78867,76.36151,332.33,1.05,1.03,2026-05-13,1004,Aqua,MODIS,70,6.1NRT,318.06,10.26,D
26.82395,79.27762,327.3,1.38,1.16,2026-05-13,1004,Aqua,MODIS,68,6.1NRT,308.99,15.03,D
26.64393,79.4822,326.79,1.41,1.18,2026-05-13,1004,Aqua,MODIS,63,6.1NRT,306.79,17.22,D
26.40153,77.60583,330.95,1.11,1.05,2026-05-13,1004,Aqua,MODIS,70,6.1NRT,312.9,12.2,D
26.37811,77.7049,328.33,1.12,1.06,2026-05-13,1004,Aqua,MODIS,64,6.1NRT,312.22,8.35,D
26.35253,77.65366,332.62,1.12,1.05,2026-05-13,1004,Aqua,MODIS,74,6.1NRT,312.94,14.24,D
26.32487,77.51547,349.27,1.1,1.05,2026-05-13,1004,Aqua,MODIS,93,6.1NRT,312.5,47.63,D
26.32629,77.52615,343.39,1.1,1.05,2026-05-13,1004,Aqua,MODIS,88,6.1NRT,311.59,34.45,D
26.2563,77.4781,330.55,1.1,1.04,2026-05-13,1004,Aqua,MODIS,61,6.1NRT,308.11,13.06,D
26.37533,78.6946,330.45,1.26,1.11,2026-05-13,1004,Aqua,MODIS,73,6.1NRT,312.77,9.67,D
26.2978,79.31207,339.79,1.36,1.16,2026-05-13,1004,Aqua,MODIS,86,6.1NRT,308.24,43.27,D
26.19625,80.18015,322.32,1.54,1.22,2026-05-13,1004,Aqua,MODIS,51,6.1NRT,303.98,13.37,D
30.68859,74.87991,330.4,1.01,1,2026-05-13,1006,Aqua,MODIS,40,6.1NRT,313,8.72,D
31.05079,75.4901,327.24,1.04,1.02,2026-05-13,1006,Aqua,MODIS,64,6.1NRT,310.94,8.55,D
31.09381,75.87328,330.25,1.06,1.03,2026-05-13,1006,Aqua,MODIS,75,6.1NRT,309.63,12.05,D
31.1126,76.0136,327.49,1.07,1.03,2026-05-13,1006,Aqua,MODIS,71,6.1NRT,308.71,8.55,D
30.8697,74.58742,327.63,1,1,2026-05-13,1006,Aqua,MODIS,49,6.1NRT,309.8,6.85,D
30.68233,74.32584,328.69,1,1,2026-05-13,1006,Aqua,MODIS,60,6.1NRT,309.73,7.75,D
30.7799,75.06584,333.61,1.01,1.01,2026-05-13,1006,Aqua,MODIS,77,6.1NRT,315.2,12.96,D
30.8158,75.32257,328.13,1.02,1.01,2026-05-13,1006,Aqua,MODIS,53,6.1NRT,312.41,9.04,D
30.81723,75.3329,328.19,1.02,1.01,2026-05-13,1006,Aqua,MODIS,61,6.1NRT,311.94,8.24,D
30.62505,74.11994,341.53,1,1,2026-05-13,1006,Aqua,MODIS,87,6.1NRT,309.29,29.24,D
30.62654,74.13,355.2,1,1,2026-05-13,1006,Aqua,MODIS,97,6.1NRT,308.75,57.86,D
30.61337,74.10159,331.2,1,1,2026-05-13,1006,Aqua,MODIS,70,6.1NRT,310.52,12.34,D
30.61487,74.11165,334.57,1,1,2026-05-13,1006,Aqua,MODIS,79,6.1NRT,310.26,16.34,D
30.61636,74.1217,371.79,1,1,2026-05-13,1006,Aqua,MODIS,100,6.1NRT,312.16,104.28,D
30.61786,74.13175,342.58,1,1,2026-05-13,1006,Aqua,MODIS,88,6.1NRT,309.32,29.97,D
30.60618,74.1134,330.45,1,1,2026-05-13,1006,Aqua,MODIS,70,6.1NRT,310.38,10.09,D
31.91604,75.20001,322.86,1.03,1.02,2026-05-13,1006,Aqua,MODIS,66,6.1NRT,303.96,6.35,D
31.75033,74.92663,331.55,1.02,1.01,2026-05-13,1006,Aqua,MODIS,79,6.1NRT,310.42,14.19,D
31.63244,75.62682,326.16,1.05,1.02,2026-05-13,1006,Aqua,MODIS,73,6.1NRT,307.04,9.01,D
31.50013,75.3959,327.9,1.04,1.02,2026-05-13,1006,Aqua,MODIS,74,6.1NRT,307.43,10.16,D
31.4604,75.371,328.76,1.04,1.02,2026-05-13,1006,Aqua,MODIS,75,6.1NRT,311.41,8.41,D
31.50928,75.73246,323.47,1.06,1.03,2026-05-13,1006,Aqua,MODIS,61,6.1NRT,307.46,7.18,D
31.4362,75.67568,325.12,1.05,1.02,2026-05-13,1006,Aqua,MODIS,70,6.1NRT,307.66,7.9,D
31.32882,75.15628,329.16,1.02,1.01,2026-05-13,1006,Aqua,MODIS,64,6.1NRT,309.92,13.31,D
31.25359,75.08075,323.98,1.02,1.01,2026-05-13,1006,Aqua,MODIS,0,6.1NRT,306.53,5.52,D
31.25503,75.09107,325.66,1.02,1.01,2026-05-13,1006,Aqua,MODIS,0,6.1NRT,308.48,7.8,D
31.27999,75.74978,325.59,1.06,1.03,2026-05-13,1006,Aqua,MODIS,70,6.1NRT,308.42,7.7,D
31.18425,75.18551,323.67,1.02,1.01,2026-05-13,1006,Aqua,MODIS,55,6.1NRT,308.53,7.28,D
31.18569,75.19585,324.37,1.02,1.01,2026-05-13,1006,Aqua,MODIS,53,6.1NRT,307.64,8.95,D
31.10891,74.77847,327.2,1.01,1,2026-05-13,1006,Aqua,MODIS,68,6.1NRT,309.77,8,D
31.11764,75.17205,324.86,1.02,1.01,2026-05-13,1006,Aqua,MODIS,62,6.1NRT,307.96,7.88,D
31.11909,75.18237,333.33,1.02,1.01,2026-05-13,1006,Aqua,MODIS,79,6.1NRT,307.81,18.93,D
31.23818,76.05117,328.08,1.08,1.04,2026-05-13,1006,Aqua,MODIS,73,6.1NRT,308.31,10.22,D
31.09728,75.09126,330.55,1.02,1.01,2026-05-13,1006,Aqua,MODIS,74,6.1NRT,309.65,12.42,D
31.01,74.54263,331.25,1,1,2026-05-13,1006,Aqua,MODIS,71,6.1NRT,308.83,16.39,D
31.21111,76.05608,332.47,1.08,1.04,2026-05-13,1006,Aqua,MODIS,79,6.1NRT,308.85,17.24,D
31.21256,76.067,337.75,1.08,1.04,2026-05-13,1006,Aqua,MODIS,85,6.1NRT,309.08,25.9,D
31.15529,75.84439,337.54,1.06,1.03,2026-05-13,1006,Aqua,MODIS,85,6.1NRT,309.13,23.81,D
31.13984,75.9355,327.44,1.07,1.03,2026-05-13,1006,Aqua,MODIS,72,6.1NRT,309.22,8.63,D
31.17127,76.17554,326.08,1.09,1.04,2026-05-13,1006,Aqua,MODIS,70,6.1NRT,310.25,8.18,D
31.00763,75.11514,329.78,1.02,1.01,2026-05-13,1006,Aqua,MODIS,29,6.1NRT,310.21,10.76,D
31.09723,75.76303,327.48,1.05,1.02,2026-05-13,1006,Aqua,MODIS,65,6.1NRT,306.57,9.31,D
31.13643,76.05383,325.84,1.08,1.04,2026-05-13,1006,Aqua,MODIS,68,6.1NRT,308.46,7.3,D
24.06336,78.1847,309.71,1.38,1.16,2026-05-13,1509,Terra,MODIS,75,6.1NRT,298.77,8.98,N
26.64784,79.48133,314,1.09,1.04,2026-05-13,1509,Terra,MODIS,87,6.1NRT,300.14,10.76,N
24.51728,78.06316,313.57,1.38,1.16,2026-05-13,1509,Terra,MODIS,82,6.1NRT,301.07,11.21,N
25.02918,82.03471,309.44,1,1,2026-05-13,1509,Terra,MODIS,71,6.1NRT,298.43,6.37,N
24.34764,78.09554,309.35,1.38,1.16,2026-05-13,1509,Terra,MODIS,71,6.1NRT,297.94,8.89,N
24.34976,78.1086,317.31,1.38,1.16,2026-05-13,1509,Terra,MODIS,94,6.1NRT,298.63,18.58,N
24.60011,80.75336,311.55,1.04,1.02,2026-05-13,1509,Terra,MODIS,73,6.1NRT,299.21,7.04,N
24.40492,80.81637,310.9,1.03,1.02,2026-05-13,1509,Terra,MODIS,69,6.1NRT,299.12,6.78,N
23.77557,78.56859,317.85,1.32,1.14,2026-05-13,1509,Terra,MODIS,94,6.1NRT,299.89,17.82,N
23.58187,78.00918,312.2,1.44,1.19,2026-05-13,1509,Terra,MODIS,76,6.1NRT,299.58,11.93,N
23.38996,77.00225,309.13,1.7,1.28,2026-05-13,1509,Terra,MODIS,59,6.1NRT,297.97,10.29,N
23.53847,77.87634,312.12,1.47,1.2,2026-05-13,1509,Terra,MODIS,76,6.1NRT,298.99,12.45,N
23.94196,80.7405,316.31,1.05,1.02,2026-05-13,1509,Terra,MODIS,89,6.1NRT,300.19,10.62,N
23.56965,78.43937,324.01,1.35,1.15,2026-05-13,1509,Terra,MODIS,100,6.1NRT,299.71,27.86,N
23.27926,77.16224,311.83,1.66,1.27,2026-05-13,1509,Terra,MODIS,75,6.1NRT,298.71,14.45,N
23.27859,77.16798,312.64,1.66,1.27,2026-05-13,1509,Terra,MODIS,80,6.1NRT,298.58,15.08,N
23.06357,79.93887,317.31,1.14,1.06,2026-05-13,1509,Terra,MODIS,61,6.1NRT,294.63,15.58,N
22.90004,79.47549,312.25,1.21,1.09,2026-05-13,1509,Terra,MODIS,78,6.1NRT,299.61,8.16,N
23.77549,86.21133,301.65,1.41,1.18,2026-05-13,1509,Terra,MODIS,35,6.1NRT,285.64,4.84,N
22.86567,79.85407,310.58,1.16,1.07,2026-05-13,1509,Terra,MODIS,70,6.1NRT,300.38,5.72,N
22.86735,79.86506,316.09,1.16,1.07,2026-05-13,1509,Terra,MODIS,89,6.1NRT,300.87,10.89,N
23.6834,86.39672,304.87,1.45,1.19,2026-05-13,1509,Terra,MODIS,62,6.1NRT,284.99,8.5,N
23.16354,82.34048,303.22,1,1,2026-05-13,1509,Terra,MODIS,54,6.1NRT,280.96,4.78,N
22.78202,80.16171,312.51,1.12,1.06,2026-05-13,1509,Terra,MODIS,79,6.1NRT,299.4,8.12,N
22.10156,76.86778,309.92,1.84,1.33,2026-05-13,1509,Terra,MODIS,61,6.1NRT,299.09,11.24,N
22.10518,76.87268,313.75,1.84,1.33,2026-05-13,1509,Terra,MODIS,81,6.1NRT,298.86,17.79,N
22.19923,78.93791,308.93,1.33,1.14,2026-05-13,1509,Terra,MODIS,62,6.1NRT,297.82,8.05,N
22.07299,78.98665,311.76,1.32,1.14,2026-05-13,1509,Terra,MODIS,77,6.1NRT,298.08,10.89,N
22.01104,78.85701,307.48,1.35,1.15,2026-05-13,1509,Terra,MODIS,55,6.1NRT,297.06,7.47,N
21.88219,78.14286,308.35,1.51,1.21,2026-05-13,1509,Terra,MODIS,58,6.1NRT,297.36,9.92,N
21.88319,78.95755,308.09,1.34,1.15,2026-05-13,1509,Terra,MODIS,60,6.1NRT,297.02,8.41,N
17.26583,80.25254,311.55,1.31,1.14,2026-05-13,1509,Terra,MODIS,75,6.1NRT,298.77,7.94,N
17.24787,80.26777,310.41,1.31,1.13,2026-05-13,1509,Terra,MODIS,70,6.1NRT,298.37,6.87,N
17.60635,83.19823,310.91,1,1,2026-05-13,1509,Terra,MODIS,76,6.1NRT,296.63,6.55,N
17.60763,83.20741,309.12,1,1,2026-05-13,1509,Terra,MODIS,70,6.1NRT,296.52,4.96,N
17.14616,80.14376,315.09,1.34,1.15,2026-05-13,1509,Terra,MODIS,86,6.1NRT,299.24,11.85,N
17.13048,80.10917,313.72,1.34,1.15,2026-05-13,1509,Terra,MODIS,82,6.1NRT,298.87,10.41,N
16.94751,80.25201,306.78,1.32,1.14,2026-05-13,1509,Terra,MODIS,40,6.1NRT,295.21,4.92,N
21.75261,83.84942,304.59,1.13,1.06,2026-05-13,2210,Aqua,MODIS,49,6.1NRT,293.72,4.36,N
21.9275,83.3474,304.74,1.08,1.04,2026-05-13,2210,Aqua,MODIS,48,6.1NRT,294.2,4.27,N
21.91687,83.3558,305.71,1.08,1.04,2026-05-13,2210,Aqua,MODIS,65,6.1NRT,293.85,5.16,N
21.76954,84.02261,303.24,1.16,1.07,2026-05-13,2210,Aqua,MODIS,54,6.1NRT,293.2,4.75,N
23.39408,77.8626,312.11,1.42,1.18,2026-05-13,2210,Aqua,MODIS,84,6.1NRT,296.16,14.05,N
23.75599,78.86465,305.31,1.25,1.11,2026-05-13,2210,Aqua,MODIS,64,6.1NRT,294.9,6.62,N
23.78334,78.57293,310.12,1.3,1.13,2026-05-13,2210,Aqua,MODIS,79,6.1NRT,295.49,11.27,N
23.39166,77.86798,310.28,1.42,1.18,2026-05-13,2210,Aqua,MODIS,80,6.1NRT,295.86,11.97,N
22.04035,83.73784,306.64,1.11,1.05,2026-05-13,2210,Aqua,MODIS,69,6.1NRT,294.26,6.78,N
21.17787,81.38515,310.66,1,1,2026-05-13,2210,Aqua,MODIS,80,6.1NRT,295.08,6.96,N
21.7434,83.84765,313.84,1.13,1.06,2026-05-13,2210,Aqua,MODIS,88,6.1NRT,294.17,12.04,N
21.75024,83.98029,304.3,1.15,1.07,2026-05-13,2210,Aqua,MODIS,59,6.1NRT,293.41,5.47,N
19.09311,82.17264,301.35,1.04,1.02,2026-05-13,2212,Aqua,MODIS,40,6.1NRT,288.4,3.99,N
23.66485,87.15742,313.21,1,1,2026-05-14,0317,Terra,MODIS,58,6.1NRT,300.26,5.76,D
20.96524,85.19153,317.9,1.07,1.03,2026-05-14,0317,Terra,MODIS,15,6.1NRT,301.32,7.7,D
23.79326,86.35647,317.13,1.03,1.02,2026-05-14,0317,Terra,MODIS,42,6.1NRT,303.06,6.2,D
20.96039,85.1639,316.93,1.07,1.03,2026-05-14,0317,Terra,MODIS,53,6.1NRT,301.76,7.69,D
20.95903,85.17397,319.79,1.07,1.03,2026-05-14,0317,Terra,MODIS,66,6.1NRT,302.57,10.85,D
20.79123,85.25528,318.03,1.06,1.03,2026-05-14,0317,Terra,MODIS,66,6.1NRT,301.53,9.23,D
22.08801,83.12357,316.48,1.41,1.18,2026-05-14,0317,Terra,MODIS,59,6.1NRT,298.21,9.83,D
22.69875,77.05361,321.22,4.03,1.86,2026-05-14,0317,Terra,MODIS,58,6.1NRT,300.28,49.68,D
22.26736,79.87598,319.86,2.44,1.51,2026-05-14,0317,Terra,MODIS,36,6.1NRT,300.4,23.09,D
19.57543,80.14568,313.21,2.13,1.42,2026-05-14,0317,Terra,MODIS,58,6.1NRT,285.27,18.2,D
22.37375,87.27819,318.21,1,1,2026-05-14,0317,Terra,MODIS,58,6.1NRT,303.3,7.3,D
22.57432,85.89999,313.85,1.04,1.02,2026-05-14,0317,Terra,MODIS,59,6.1NRT,299.39,6.44,D
22.75915,88.30706,312.1,1.03,1.01,2026-05-14,0317,Terra,MODIS,54,6.1NRT,296.72,4.91,D
23.68705,86.39365,315.66,1.03,1.01,2026-05-14,0317,Terra,MODIS,0,6.1NRT,301.7,8.16,D
23.77607,86.21222,320.03,1.04,1.02,2026-05-14,0317,Terra,MODIS,72,6.1NRT,303.15,10.89,D
20.78992,85.26521,314.39,1.06,1.03,2026-05-14,0317,Terra,MODIS,55,6.1NRT,301.17,5.9,D
21.7561,84.02534,316.53,1.23,1.1,2026-05-14,0317,Terra,MODIS,55,6.1NRT,299.63,7.43,D
20.96653,86.00412,316.16,1.02,1.01,2026-05-14,0317,Terra,MODIS,59,6.1NRT,300.71,6.69,D
20.96522,86.01366,318.11,1.02,1.01,2026-05-14,0317,Terra,MODIS,68,6.1NRT,301.5,8.83,D
20.95112,86.05038,317.67,1.02,1.01,2026-05-14,0317,Terra,MODIS,67,6.1NRT,301.24,7.53,D
21.07726,85.03863,320.06,1.09,1.04,2026-05-14,0317,Terra,MODIS,71,6.1NRT,302.37,11.5,D
20.97051,85.15131,321.25,1.08,1.04,2026-05-14,0317,Terra,MODIS,61,6.1NRT,302.33,9.28,D
20.96787,85.17145,326.77,1.07,1.03,2026-05-14,0317,Terra,MODIS,58,6.1NRT,303.28,15.99,D
20.96655,85.18151,323.38,1.07,1.03,2026-05-14,0317,Terra,MODIS,47,6.1NRT,302.09,12.69,D
19.72297,84.16351,311.19,2.82,1.6,2026-05-14,0902,Aqua,MODIS,50,6.1NRT,276.44,38.76,D
22.37655,87.28181,319.76,1.46,1.19,2026-05-14,0905,Aqua,MODIS,46,6.1NRT,303.41,11.57,D
22.75735,88.30237,317.62,1.25,1.11,2026-05-14,0905,Aqua,MODIS,36,6.1NRT,303.03,7.53,D
24.20923,93.55287,307.36,1.15,1.07,2026-05-14,0905,Aqua,MODIS,48,6.1NRT,284.49,6.79,D
23.77683,86.38631,321.64,1.58,1.24,2026-05-14,0905,Aqua,MODIS,16,6.1NRT,303.83,13.91,D
24.89863,83.92376,327.83,2.24,1.45,2026-05-14,0905,Aqua,MODIS,70,6.1NRT,309.44,26.64,D
25.34455,84.30005,324.89,2.06,1.4,2026-05-14,0905,Aqua,MODIS,64,6.1NRT,306.81,18.61,D
22.99981,92.58479,313.3,1.04,1.02,2026-05-14,0905,Aqua,MODIS,63,6.1NRT,294.16,6.48,D
20.96192,85.16216,316.94,2.22,1.44,2026-05-14,0905,Aqua,MODIS,45,6.1NRT,290.02,19.4,D
21.69806,73.23688,332.66,2.03,1.39,2026-05-14,1043,Aqua,MODIS,71,6.1NRT,312.36,37.46,D
23.13701,70.04225,337.63,1.28,1.12,2026-05-14,1043,Aqua,MODIS,81,6.1NRT,315,27.99,D
22.62475,75.22635,328.2,2.97,1.64,2026-05-14,1043,Aqua,MODIS,63,6.1NRT,309.71,36.84,D
23.1355,70.03012,333.47,1.28,1.12,2026-05-14,1043,Aqua,MODIS,75,6.1NRT,315.14,19.16,D
20.93562,71.30998,331.6,1.44,1.19,2026-05-14,1043,Aqua,MODIS,74,6.1NRT,314.61,13.86,D
23.73901,69.25701,336.57,1.18,1.08,2026-05-14,1043,Aqua,MODIS,82,6.1NRT,315.48,24.43,D
23.74047,69.26821,334.12,1.18,1.08,2026-05-14,1043,Aqua,MODIS,79,6.1NRT,315.99,19.75,D
23.69838,69.24049,333.52,1.18,1.08,2026-05-14,1043,Aqua,MODIS,78,6.1NRT,314.08,20.39,D
20.09022,75.6615,314.39,1.16,1.07,2026-05-14,1546,Terra,MODIS,84,6.1NRT,298.25,10.12,N
19.73537,75.04391,322.03,1.08,1.04,2026-05-14,1546,Terra,MODIS,100,6.1NRT,299.76,16.68,N
23.9699,77.36446,310.8,1.66,1.27,2026-05-14,1548,Terra,MODIS,66,6.1NRT,299.08,11.59,N
22.57202,76.61729,310.69,1.41,1.18,2026-05-14,1548,Terra,MODIS,69,6.1NRT,300.46,7.57,N
21.88795,72.07087,318.5,1.01,1.01,2026-05-14,1548,Terra,MODIS,95,6.1NRT,302.08,10.58,N
21.8893,72.08035,312.42,1.01,1.01,2026-05-14,1548,Terra,MODIS,68,6.1NRT,301.75,5.3,N
21.88051,72.08183,327.06,1.01,1.01,2026-05-14,1548,Terra,MODIS,100,6.1NRT,302.02,19.75,N
22.02951,73.29008,318.99,1.01,1,2026-05-14,1548,Terra,MODIS,96,6.1NRT,301.59,12.13,N
22.62716,79.86992,312.68,2.44,1.51,2026-05-14,1548,Terra,MODIS,81,6.1NRT,296.41,27.31,N
22.20591,76.99544,309.49,1.48,1.2,2026-05-14,1548,Terra,MODIS,38,6.1NRT,298.63,7.31,N
22.18692,76.97607,312.43,1.47,1.2,2026-05-14,1548,Terra,MODIS,72,6.1NRT,300.04,10.09,N
22.07637,76.99632,310.82,1.47,1.2,2026-05-14,1548,Terra,MODIS,57,6.1NRT,300.09,8.26,N
22.04709,76.83343,314.14,1.44,1.19,2026-05-14,1548,Terra,MODIS,79,6.1NRT,302.01,10.03,N
21.41538,72.97276,318.98,1,1,2026-05-14,1548,Terra,MODIS,97,6.1NRT,300.74,12.42,N
21.85692,76.51735,314.12,1.36,1.16,2026-05-14,1548,Terra,MODIS,80,6.1NRT,301.2,9.23,N
21.85729,76.51021,311.95,1.36,1.16,2026-05-14,1548,Terra,MODIS,71,6.1NRT,300.84,6.66,N
21.74294,76.49303,316.34,1.35,1.15,2026-05-14,1548,Terra,MODIS,89,6.1NRT,301.43,12.22,N
21.31966,75.8326,313.98,1.22,1.1,2026-05-14,1548,Terra,MODIS,81,6.1NRT,300.35,9.23,N
21.3138,76.3975,311.19,1.32,1.14,2026-05-14,1548,Terra,MODIS,68,6.1NRT,297.77,8.87,N
20.75732,75.85166,308.98,1.21,1.09,2026-05-14,1548,Terra,MODIS,48,6.1NRT,293.37,6.3,N
25.03761,74.51305,310.49,1.15,1.07,2026-05-14,1548,Terra,MODIS,69,6.1NRT,299.99,6.58,N
25.00315,76.98489,309.88,1.61,1.25,2026-05-14,1548,Terra,MODIS,71,6.1NRT,299.7,9.01,N
25.00481,77.00038,312.08,1.62,1.25,2026-05-14,1548,Terra,MODIS,79,6.1NRT,300.07,12.49,N
24.20483,76.38422,310.18,1.43,1.18,2026-05-14,1548,Terra,MODIS,65,6.1NRT,299.54,7.66,N
23.9703,77.35866,314.74,1.66,1.27,2026-05-14,1548,Terra,MODIS,87,6.1NRT,299.15,17.93,N
23.81888,76.58627,311.83,1.46,1.19,2026-05-14,1548,Terra,MODIS,74,6.1NRT,301.09,9.2,N
21.6408,77.10835,308.38,1.68,1.27,2026-05-14,2248,Aqua,MODIS,70,6.1NRT,296.37,10.98,N
21.64905,77.12595,307.64,1.68,1.28,2026-05-14,2248,Aqua,MODIS,65,6.1NRT,295.65,9.96,N
21.65182,77.11058,314.35,1.68,1.27,2026-05-14,2248,Aqua,MODIS,88,6.1NRT,296.58,20.07,N
19.90804,75.28253,304.38,1.36,1.15,2026-05-14,2248,Aqua,MODIS,60,6.1NRT,293.11,6.18,N
21.10942,72.64398,313.24,1.02,1.01,2026-05-14,2248,Aqua,MODIS,56,6.1NRT,300.4,8.7,N
30.78973,76.30092,323.22,1.21,1.09,2026-05-15,0353,Terra,MODIS,70,6.1NRT,307.51,8.65,D
31.02628,75.66927,325,1.31,1.14,2026-05-15,0353,Terra,MODIS,68,6.1NRT,306.56,10.05,D
28.80569,76.09154,327.76,1.18,1.08,2026-05-15,0353,Terra,MODIS,68,6.1NRT,307.74,14.93,D
29.87508,76.86754,327.54,1.12,1.05,2026-05-15,0353,Terra,MODIS,74,6.1NRT,306.65,14.38,D
25.0156,79.37748,326.79,1.05,1.02,2026-05-15,0355,Terra,MODIS,69,6.1NRT,306.14,10.56,D
22.58374,77.05846,334.56,1,1,2026-05-15,0355,Terra,MODIS,81,6.1NRT,309.78,19.82,D
22.36509,79.94812,325.26,1.17,1.08,2026-05-15,0355,Terra,MODIS,62,6.1NRT,307.11,12.87,D
22.61172,78.64394,325.2,1.04,1.02,2026-05-15,0355,Terra,MODIS,66,6.1NRT,310.62,7.26,D
23.12801,75.20867,326.68,1.13,1.06,2026-05-15,0355,Terra,MODIS,58,6.1NRT,312.32,8.54,D
22.5247,79.62341,322.57,1.12,1.06,2026-05-15,0355,Terra,MODIS,63,6.1NRT,306.35,5.56,D
22.57546,79.7859,326.75,1.14,1.06,2026-05-15,0355,Terra,MODIS,72,6.1NRT,307.87,11.44,D
22.80366,79.38559,327.15,1.09,1.04,2026-05-15,0355,Terra,MODIS,71,6.1NRT,310.7,8.7,D
23.20429,77.04545,330.74,1.01,1,2026-05-15,0355,Terra,MODIS,71,6.1NRT,313.96,10.4,D
23.20562,77.03589,337.11,1.01,1,2026-05-15,0355,Terra,MODIS,81,6.1NRT,314.3,19.23,D
23.2131,77.04685,329.25,1.01,1,2026-05-15,0355,Terra,MODIS,67,6.1NRT,313.35,8.35,D
23.21443,77.03729,336.53,1.01,1,2026-05-15,0355,Terra,MODIS,80,6.1NRT,313.82,18.07,D
23.25688,76.92658,331.06,1.01,1,2026-05-15,0355,Terra,MODIS,71,6.1NRT,314.14,10.54,D
23.23722,77.59231,345.59,1,1,2026-05-15,0355,Terra,MODIS,90,6.1NRT,313.11,36.14,D
23.25326,77.73097,339.03,1,1,2026-05-15,0355,Terra,MODIS,84,6.1NRT,310.73,25.67,D
23.38113,77.16438,327.74,1,1,2026-05-15,0355,Terra,MODIS,60,6.1NRT,312.54,7.71,D
23.23821,78.529,323.56,1.02,1.01,2026-05-15,0355,Terra,MODIS,46,6.1NRT,308.96,8.34,D
23.39868,77.81614,328.81,1,1,2026-05-15,0355,Terra,MODIS,62,6.1NRT,310.04,8.68,D
23.40005,77.80663,340.93,1,1,2026-05-15,0355,Terra,MODIS,85,6.1NRT,310.53,26.18,D
23.40883,77.80809,330.37,1,1,2026-05-15,0355,Terra,MODIS,69,6.1NRT,311.35,10.32,D
23.42419,77.88857,327.61,1,1,2026-05-15,0355,Terra,MODIS,63,6.1NRT,310.9,8.61,D
23.50396,77.41125,330.14,1,1,2026-05-15,0355,Terra,MODIS,67,6.1NRT,311.82,11.06,D
23.71913,76.37689,338.67,1.04,1.02,2026-05-15,0355,Terra,MODIS,82,6.1NRT,315.76,22.72,D
23.57478,77.75065,329.77,1,1,2026-05-15,0355,Terra,MODIS,67,6.1NRT,312.8,8.64,D
23.65536,77.5008,327.07,1,1,2026-05-15,0355,Terra,MODIS,47,6.1NRT,310.25,6.56,D
23.77041,77.34017,328.41,1,1,2026-05-15,0355,Terra,MODIS,61,6.1NRT,312.95,8.42,D
23.74016,77.94677,331.37,1,1,2026-05-15,0355,Terra,MODIS,71,6.1NRT,312.68,10.55,D
23.66533,78.76366,328.91,1.03,1.01,2026-05-15,0355,Terra,MODIS,62,6.1NRT,312.08,9.74,D
23.98748,76.64548,349.02,1.03,1.01,2026-05-15,0355,Terra,MODIS,92,6.1NRT,313.51,43.36,D
24.04357,76.43179,327.33,1.04,1.02,2026-05-15,0355,Terra,MODIS,56,6.1NRT,312.41,8.45,D
23.98349,77.20071,331.64,1.01,1,2026-05-15,0355,Terra,MODIS,71,6.1NRT,308.09,17.45,D
23.83035,78.34716,330.88,1.01,1,2026-05-15,0355,Terra,MODIS,70,6.1NRT,311.38,12.52,D
24.03738,76.88965,335.78,1.02,1.01,2026-05-15,0355,Terra,MODIS,78,6.1NRT,313.48,18,D
23.90808,78.12439,327.4,1,1,2026-05-15,0355,Terra,MODIS,58,6.1NRT,311.47,7.64,D
24.09847,77.83591,330.88,1,1,2026-05-15,0355,Terra,MODIS,69,6.1NRT,311.59,11.74,D
23.76077,80.69506,322.18,1.22,1.1,2026-05-15,0355,Terra,MODIS,58,6.1NRT,303.38,8.24,D
24.43086,77.37971,333,1.01,1,2026-05-15,0355,Terra,MODIS,75,6.1NRT,313.06,14.08,D
24.39378,78.20801,324.73,1,1,2026-05-15,0355,Terra,MODIS,42,6.1NRT,308.87,7.21,D
24.68656,76.9264,331.69,1.02,1.01,2026-05-15,0355,Terra,MODIS,72,6.1NRT,314.32,10.18,D
24.9685,76.60757,334.89,1.04,1.02,2026-05-15,0355,Terra,MODIS,77,6.1NRT,313.2,16.78,D
24.56022,79.51317,323.9,1.07,1.03,2026-05-15,0355,Terra,MODIS,62,6.1NRT,306.03,8.87,D
25.05673,76.77126,331.64,1.04,1.02,2026-05-15,0355,Terra,MODIS,72,6.1NRT,313.63,12.28,D
25.0756,76.84152,328.83,1.03,1.01,2026-05-15,0355,Terra,MODIS,65,6.1NRT,312.75,8.15,D
25.07694,76.83156,330.74,1.03,1.02,2026-05-15,0355,Terra,MODIS,70,6.1NRT,312.86,10.82,D
25.09927,76.73307,330.09,1.04,1.02,2026-05-15,0355,Terra,MODIS,65,6.1NRT,313.57,8.92,D
25.15757,76.63951,328.09,1.04,1.02,2026-05-15,0355,Terra,MODIS,62,6.1NRT,311.27,8.12,D
24.82734,79.5806,325.06,1.07,1.03,2026-05-15,0355,Terra,MODIS,67,6.1NRT,306.11,9.61,D
24.89511,79.38035,323.71,1.05,1.02,2026-05-15,0355,Terra,MODIS,61,6.1NRT,305.86,7.45,D
24.93161,79.80276,331.28,1.08,1.04,2026-05-15,0355,Terra,MODIS,78,6.1NRT,305.83,16.32,D
25.66681,78.34496,323.4,1,1,2026-05-15,0355,Terra,MODIS,57,6.1NRT,306.94,6.17,D
26.1839,77.56717,324.7,1.01,1.01,2026-05-15,0355,Terra,MODIS,60,6.1NRT,307.32,7.28,D
26.2097,77.51098,323.84,1.01,1.01,2026-05-15,0355,Terra,MODIS,39,6.1NRT,307.01,6.94,D
26.21106,77.50112,324.58,1.01,1.01,2026-05-15,0355,Terra,MODIS,42,6.1NRT,307.01,8.03,D
26.26208,77.3272,326.75,1.02,1.01,2026-05-15,0355,Terra,MODIS,66,6.1NRT,307.56,10.85,D
26.25427,77.59491,326.26,1.01,1.01,2026-05-15,0355,Terra,MODIS,66,6.1NRT,307.84,9.54,D
26.25562,77.58507,323.78,1.01,1.01,2026-05-15,0355,Terra,MODIS,57,6.1NRT,307.03,6.99,D
26.28533,77.36756,324.03,1.02,1.01,2026-05-15,0355,Terra,MODIS,57,6.1NRT,307.08,6.73,D
26.2942,77.36901,328.43,1.02,1.01,2026-05-15,0355,Terra,MODIS,70,6.1NRT,307.39,11.49,D
26.29089,77.45969,324.47,1.02,1.01,2026-05-15,0355,Terra,MODIS,60,6.1NRT,306.91,7.81,D
26.36928,77.55988,325.95,1.01,1.01,2026-05-15,0355,Terra,MODIS,66,6.1NRT,307.8,7.63,D
26.39224,77.78509,323.84,1.01,1,2026-05-15,0355,Terra,MODIS,61,6.1NRT,306.69,7.15,D
26.41685,77.60812,329.39,1.01,1.01,2026-05-15,0355,Terra,MODIS,66,6.1NRT,308.06,11.51,D
26.46474,77.73295,326.54,1.01,1,2026-05-15,0355,Terra,MODIS,69,6.1NRT,307.24,10.34,D
22.5901,76.54575,327.21,1.02,1.01,2026-05-15,0357,Terra,MODIS,67,6.1NRT,313.66,7.03,D
22.54803,76.58833,335.58,1.02,1.01,2026-05-15,0357,Terra,MODIS,81,6.1NRT,311.56,19.48,D
22.54671,76.59793,326.31,1.02,1.01,2026-05-15,0357,Terra,MODIS,65,6.1NRT,311.61,7.09,D
22.18468,78.83823,334.64,1.06,1.03,2026-05-15,0357,Terra,MODIS,82,6.1NRT,311.13,18.9,D
22.18316,78.84818,338.85,1.06,1.03,2026-05-15,0357,Terra,MODIS,86,6.1NRT,310.68,26.06,D
22.13702,79.02966,325.96,1.07,1.03,2026-05-15,0357,Terra,MODIS,71,6.1NRT,310.18,7.65,D
22.32184,77.01723,324.95,1,1,2026-05-15,0357,Terra,MODIS,61,6.1NRT,308.23,8.96,D
20.95949,85.17738,313.8,2.83,1.61,2026-05-15,0357,Terra,MODIS,20,6.1NRT,288.52,21.54,D
22.29945,76.98466,343.38,1,1,2026-05-15,0357,Terra,MODIS,89,6.1NRT,309.23,35.51,D
21.8799,79.01418,323.94,1.08,1.04,2026-05-15,0357,Terra,MODIS,68,6.1NRT,307.77,6.96,D
21.85452,79.17703,331.28,1.09,1.04,2026-05-15,0357,Terra,MODIS,80,6.1NRT,308.83,17.18,D
21.85292,79.18729,327.97,1.1,1.04,2026-05-15,0357,Terra,MODIS,76,6.1NRT,307.91,13.23,D
22.12515,76.8478,330.51,1.01,1,2026-05-15,0357,Terra,MODIS,74,6.1NRT,310.68,13.79,D
21.73431,77.95338,327.65,1.01,1.01,2026-05-15,0357,Terra,MODIS,68,6.1NRT,307.65,12.28,D
21.90302,76.11353,330.74,1.03,1.02,2026-05-15,0357,Terra,MODIS,70,6.1NRT,312.89,11.84,D
21.9017,76.12325,336.37,1.03,1.01,2026-05-15,0357,Terra,MODIS,80,6.1NRT,313.15,20.07,D
21.79002,76.60564,326.89,1.01,1,2026-05-15,0357,Terra,MODIS,59,6.1NRT,311.63,6.4,D
21.72873,76.51239,327.31,1.01,1.01,2026-05-15,0357,Terra,MODIS,62,6.1NRT,311.09,8.23,D
21.28939,79.48189,327.27,1.14,1.07,2026-05-15,0357,Terra,MODIS,73,6.1NRT,308.3,10.47,D
21.28772,79.49256,342.81,1.14,1.07,2026-05-15,0357,Terra,MODIS,89,6.1NRT,308.46,38.8,D
21.25718,79.44337,330.46,1.14,1.06,2026-05-15,0357,Terra,MODIS,77,6.1NRT,307.87,14.63,D
21.24358,79.52876,324.93,1.15,1.07,2026-05-15,0357,Terra,MODIS,68,6.1NRT,307.19,8.42,D
21.25197,79.43609,325.94,1.14,1.06,2026-05-15,0357,Terra,MODIS,70,6.1NRT,308.2,8.7,D
21.67423,76.37095,330.09,1.02,1.01,2026-05-15,0357,Terra,MODIS,70,6.1NRT,311.08,12.66,D
21.73506,75.58241,333.17,1.07,1.03,2026-05-15,0357,Terra,MODIS,75,6.1NRT,311.54,17.22,D
21.68282,75.63,326.43,1.06,1.03,2026-05-15,0357,Terra,MODIS,57,6.1NRT,311.46,8.03,D
21.25766,75.98193,323.64,1.03,1.01,2026-05-15,0357,Terra,MODIS,43,6.1NRT,308.53,6.85,D
21.15751,75.77184,324.43,1.04,1.02,2026-05-15,0357,Terra,MODIS,53,6.1NRT,309.07,6.65,D
20.53586,79.03613,326.54,1.11,1.05,2026-05-15,0357,Terra,MODIS,69,6.1NRT,306.64,9.92,D
20.63778,76.52891,333.26,1,1,2026-05-15,0357,Terra,MODIS,77,6.1NRT,308.23,16.97,D
20.63646,76.53828,332.57,1,1,2026-05-15,0357,Terra,MODIS,76,6.1NRT,308.34,15.99,D
20.68707,76.04451,327.22,1.02,1.01,2026-05-15,0357,Terra,MODIS,64,6.1NRT,307.06,10.11,D
19.62291,79.94174,316.52,1.27,1.12,2026-05-15,0357,Terra,MODIS,53,6.1NRT,297.13,7.75,D
19.93376,76.35158,326.13,1.01,1,2026-05-15,0357,Terra,MODIS,69,6.1NRT,306.96,9.21,D
19.59077,78.56674,324.92,1.09,1.04,2026-05-15,0357,Terra,MODIS,72,6.1NRT,302.56,10.01,D
19.90592,75.28389,325.4,1.06,1.03,2026-05-15,0357,Terra,MODIS,68,6.1NRT,305.63,12,D
19.26058,78.00237,326.01,1.05,1.02,2026-05-15,0357,Terra,MODIS,77,6.1NRT,304.6,9.38,D
19.25171,77.93523,324.12,1.04,1.02,2026-05-15,0357,Terra,MODIS,39,6.1NRT,303.58,8.06,D
19.19825,77.98583,325.04,1.05,1.02,2026-05-15,0357,Terra,MODIS,72,6.1NRT,304.43,7.81,D
19.20236,77.89765,328.27,1.04,1.02,2026-05-15,0357,Terra,MODIS,60,6.1NRT,304.08,15.46,D
19.08656,77.99133,321.86,1.05,1.02,2026-05-15,0357,Terra,MODIS,40,6.1NRT,300.72,8.5,D
19.08509,78.00101,326.78,1.05,1.02,2026-05-15,0357,Terra,MODIS,69,6.1NRT,300.23,14.98,D
18.28791,79.73608,321.64,1.29,1.13,2026-05-15,0357,Terra,MODIS,73,6.1NRT,298.05,11.59,D
18.09999,79.69102,318.08,1.29,1.13,2026-05-15,0357,Terra,MODIS,37,6.1NRT,293.58,9.08,D
16.42139,77.14852,323.3,1.03,1.02,2026-05-15,0357,Terra,MODIS,70,6.1NRT,303.63,7.83,D
15.18471,76.64179,314.4,1.02,1.01,2026-05-15,0357,Terra,MODIS,65,6.1NRT,292.76,7.36,D
19.72907,84.08149,315.97,1.05,1.03,2026-05-15,0939,Aqua,MODIS,45,6.1NRT,299.05,7.41,D
16.06729,80.82346,328.65,1.2,1.09,2026-05-15,0939,Aqua,MODIS,61,6.1NRT,306.45,11.89,D
16.09957,80.50729,354.54,1.24,1.11,2026-05-15,0939,Aqua,MODIS,97,6.1NRT,305,73.31,D
16.09775,80.49612,329.63,1.24,1.11,2026-05-15,0939,Aqua,MODIS,74,6.1NRT,305.18,12.81,D
16.11281,80.5279,339.15,1.24,1.11,2026-05-15,0939,Aqua,MODIS,85,6.1NRT,304.01,32.81,D
16.17065,80.76562,331.7,1.2,1.09,2026-05-15,0939,Aqua,MODIS,77,6.1NRT,294.06,22.51,D
16.17928,80.69728,324.39,1.21,1.09,2026-05-15,0939,Aqua,MODIS,40,6.1NRT,292.39,12.49,D
16.1601,79.87377,328.21,1.36,1.15,2026-05-15,0939,Aqua,MODIS,73,6.1NRT,304.8,17.45,D
16.38419,80.76035,331.65,1.19,1.09,2026-05-15,0939,Aqua,MODIS,78,6.1NRT,302.14,20.27,D
16.38797,80.75431,329.63,1.19,1.09,2026-05-15,0939,Aqua,MODIS,67,6.1NRT,301.39,17.44,D
16.40586,80.68466,331.6,1.2,1.09,2026-05-15,0939,Aqua,MODIS,75,6.1NRT,301.01,18.05,D
16.6741,81.32084,335.83,1.11,1.05,2026-05-15,0939,Aqua,MODIS,84,6.1NRT,296.23,34.23,D
16.56944,80.61027,325.83,1.21,1.09,2026-05-15,0939,Aqua,MODIS,70,6.1NRT,301.71,12.78,D
16.73289,81.57533,331.65,1.08,1.04,2026-05-15,0939,Aqua,MODIS,80,6.1NRT,306.9,20.31,D
16.94151,82.02586,325.63,1.04,1.02,2026-05-15,0939,Aqua,MODIS,45,6.1NRT,303.57,10.75,D
16.95182,82.03381,325.25,1.04,1.02,2026-05-15,0939,Aqua,MODIS,64,6.1NRT,303.11,10.79,D
16.4606,78.44924,324.96,1.68,1.28,2026-05-15,0939,Aqua,MODIS,57,6.1NRT,299.61,16.46,D
16.53865,78.37199,325.02,1.7,1.28,2026-05-15,0939,Aqua,MODIS,61,6.1NRT,302.02,18.64,D
16.89142,80.06703,330.19,1.29,1.13,2026-05-15,0939,Aqua,MODIS,76,6.1NRT,303.4,18.03,D
16.90119,80.06527,326.83,1.29,1.13,2026-05-15,0939,Aqua,MODIS,70,6.1NRT,303.55,12.03,D
17.03999,80.81156,326.5,1.16,1.07,2026-05-15,0939,Aqua,MODIS,64,6.1NRT,304.8,11.92,D
16.99644,80.32252,329.63,1.24,1.11,2026-05-15,0939,Aqua,MODIS,74,6.1NRT,303.68,16.45,D
17.21161,81.61249,333.14,1.07,1.03,2026-05-15,0939,Aqua,MODIS,81,6.1NRT,304.09,21.49,D
17.2101,81.6028,326.78,1.07,1.03,2026-05-15,0939,Aqua,MODIS,72,6.1NRT,304.39,12.49,D
16.94234,79.87035,330.55,1.32,1.14,2026-05-15,0939,Aqua,MODIS,77,6.1NRT,303.78,19.09,D
17.01255,80.2389,333.47,1.25,1.11,2026-05-15,0939,Aqua,MODIS,76,6.1NRT,304.71,25.3,D
17.05674,80.24876,333,1.25,1.11,2026-05-15,0939,Aqua,MODIS,80,6.1NRT,305.36,21.56,D
17.05488,80.23747,328.55,1.25,1.11,2026-05-15,0939,Aqua,MODIS,68,6.1NRT,304.65,13.73,D
17.32574,81.87294,327.71,1.05,1.02,2026-05-15,0939,Aqua,MODIS,76,6.1NRT,299.69,18.67,D
17.32428,81.86351,325.55,1.05,1.02,2026-05-15,0939,Aqua,MODIS,47,6.1NRT,297.68,16.71,D
17.26324,81.23436,323.7,1.11,1.05,2026-05-15,0939,Aqua,MODIS,65,6.1NRT,301.12,9.56,D
17.13128,80.13552,326.13,1.26,1.12,2026-05-15,0939,Aqua,MODIS,65,6.1NRT,297.48,13.72,D
17.15219,80.20186,325.93,1.25,1.11,2026-05-15,0939,Aqua,MODIS,39,6.1NRT,300.63,13.45,D
17.15032,80.19054,326.95,1.25,1.11,2026-05-15,0939,Aqua,MODIS,55,6.1NRT,299.22,15.42,D
17.17148,80.1984,325.73,1.25,1.11,2026-05-15,0939,Aqua,MODIS,61,6.1NRT,296.96,13.06,D
17.18113,80.1967,325.53,1.25,1.11,2026-05-15,0939,Aqua,MODIS,65,6.1NRT,295.36,12.56,D
17.29005,80.81374,324.79,1.16,1.07,2026-05-15,0939,Aqua,MODIS,70,6.1NRT,304.03,12.97,D
17.33648,80.88561,328.41,1.14,1.07,2026-05-15,0939,Aqua,MODIS,77,6.1NRT,304.76,17.69,D
17.33481,80.87527,325.28,1.15,1.07,2026-05-15,0939,Aqua,MODIS,72,6.1NRT,304.9,12.72,D
17.2651,80.02346,324.74,1.28,1.12,2026-05-15,0939,Aqua,MODIS,65,6.1NRT,294.77,11.37,D
17.29012,80.05446,330.65,1.27,1.12,2026-05-15,0939,Aqua,MODIS,77,6.1NRT,296.21,21.21,D
17.29221,80.04766,325.62,1.27,1.12,2026-05-15,0939,Aqua,MODIS,69,6.1NRT,296.17,12.65,D
17.64885,81.56818,322.05,1.07,1.03,2026-05-15,0939,Aqua,MODIS,67,6.1NRT,298.82,11.79,D
17.58763,80.09402,325.01,1.25,1.11,2026-05-15,0939,Aqua,MODIS,65,6.1NRT,302.01,10.85,D
17.58387,80.07133,323.26,1.25,1.11,2026-05-15,0939,Aqua,MODIS,59,6.1NRT,300.39,8.57,D
17.62354,80.19181,325.75,1.23,1.1,2026-05-15,0939,Aqua,MODIS,71,6.1NRT,301.4,11.34,D
17.74902,80.38949,325.71,1.2,1.09,2026-05-15,0939,Aqua,MODIS,71,6.1NRT,299.15,13.98,D
17.74725,80.37864,324.22,1.2,1.09,2026-05-15,0939,Aqua,MODIS,68,6.1NRT,297.86,11.81,D
17.75847,80.38782,328.97,1.2,1.09,2026-05-15,0939,Aqua,MODIS,76,6.1NRT,299.28,18.73,D
17.67436,79.75049,323.09,1.31,1.13,2026-05-15,0939,Aqua,MODIS,57,6.1NRT,300.46,10.72,D
17.81767,80.30478,323.23,1.21,1.09,2026-05-15,0939,Aqua,MODIS,43,6.1NRT,300.94,9.71,D
17.71958,79.65083,324.6,1.32,1.14,2026-05-15,0939,Aqua,MODIS,67,6.1NRT,298.98,11.85,D
17.76285,79.78944,325.2,1.3,1.13,2026-05-15,0939,Aqua,MODIS,68,6.1NRT,298.15,13.84,D
17.75899,79.76598,326.41,1.3,1.13,2026-05-15,0939,Aqua,MODIS,72,6.1NRT,296.61,15.14,D
17.75704,79.75417,322,1.3,1.13,2026-05-15,0939,Aqua,MODIS,41,6.1NRT,297.43,9.14,D
18.13394,81.95846,322.78,1.03,1.01,2026-05-15,0939,Aqua,MODIS,53,6.1NRT,303.13,9.32,D
18.03422,79.74525,327.9,1.29,1.13,2026-05-15,0939,Aqua,MODIS,44,6.1NRT,294.25,21.34,D
18.29518,79.39597,328.81,1.35,1.15,2026-05-15,0939,Aqua,MODIS,77,6.1NRT,303.51,21.11,D
18.29486,79.38945,325.88,1.35,1.15,2026-05-15,0939,Aqua,MODIS,39,6.1NRT,301.87,17.52,D
18.36292,79.61172,335.52,1.3,1.13,2026-05-15,0939,Aqua,MODIS,80,6.1NRT,306.09,28.96,D
18.50297,79.40115,329.63,1.33,1.14,2026-05-15,0939,Aqua,MODIS,68,6.1NRT,302.28,19.13,D
19.23262,81.03252,323.06,1.08,1.04,2026-05-15,0939,Aqua,MODIS,59,6.1NRT,294.55,17.51,D
19.76121,83.97187,320,1.05,1.02,2026-05-15,0939,Aqua,MODIS,65,6.1NRT,301.01,10.08,D
19.75989,83.96237,328.88,1.05,1.02,2026-05-15,0939,Aqua,MODIS,79,6.1NRT,302.12,20.35,D
18.97883,78.86264,327.13,1.42,1.18,2026-05-15,0939,Aqua,MODIS,70,6.1NRT,305.52,16.64,D
19.1806,78.10246,328.92,1.59,1.24,2026-05-15,0939,Aqua,MODIS,67,6.1NRT,307.53,17.6,D
19.57406,80.14819,328.87,1.17,1.08,2026-05-15,0939,Aqua,MODIS,57,6.1NRT,304.76,18.91,D
19.62154,79.93294,328.68,1.2,1.09,2026-05-15,0939,Aqua,MODIS,73,6.1NRT,307.1,15.5,D
19.45564,78.56651,337.38,1.46,1.19,2026-05-15,0939,Aqua,MODIS,81,6.1NRT,310.25,32.46,D
19.45187,78.56048,331.89,1.46,1.19,2026-05-15,0939,Aqua,MODIS,73,6.1NRT,309.21,17.63,D
19.72268,79.62032,327.14,1.24,1.11,2026-05-15,0939,Aqua,MODIS,61,6.1NRT,306.99,11.96,D
19.72676,79.62575,328.8,1.24,1.11,2026-05-15,0939,Aqua,MODIS,31,6.1NRT,308.53,12.01,D
19.70756,79.51151,331.99,1.26,1.11,2026-05-15,0939,Aqua,MODIS,72,6.1NRT,307.91,19.09,D
21.67905,76.86225,331.6,1.74,1.29,2026-05-15,0941,Aqua,MODIS,71,6.1NRT,312.68,25.76,D
25.01574,82.27047,331.05,1.02,1.01,2026-05-15,0941,Aqua,MODIS,68,6.1NRT,312.25,10.58,D
24.84457,81.03159,330.85,1,1,2026-05-15,0941,Aqua,MODIS,65,6.1NRT,312.42,8.28,D
24.14001,76.26588,334.62,1.71,1.28,2026-05-15,0941,Aqua,MODIS,73,6.1NRT,318.53,22.6,D
24.66668,79.22332,334.89,1.12,1.06,2026-05-15,0941,Aqua,MODIS,75,6.1NRT,316.64,17.11,D
24.81186,79.6727,330.95,1.07,1.03,2026-05-15,0941,Aqua,MODIS,65,6.1NRT,315.61,8.73,D
25.41085,83.25803,326.87,1.1,1.04,2026-05-15,0941,Aqua,MODIS,63,6.1NRT,307.41,8.47,D
24.70047,78.3541,333.79,1.23,1.1,2026-05-15,0941,Aqua,MODIS,68,6.1NRT,307.63,26.89,D
25.0786,79.9454,330.5,1.05,1.02,2026-05-15,0941,Aqua,MODIS,61,6.1NRT,312.54,7.33,D
25.40652,81.19704,327.14,1,1,2026-05-15,0941,Aqua,MODIS,30,6.1NRT,308.41,5.11,D
25.84859,82.9525,327.7,1.08,1.04,2026-05-15,0941,Aqua,MODIS,66,6.1NRT,308.94,8.8,D
25.50554,80.01296,338.87,1.04,1.02,2026-05-15,0941,Aqua,MODIS,81,6.1NRT,312.87,19.56,D
19.92592,79.58815,328.44,1.24,1.11,2026-05-15,0941,Aqua,MODIS,66,6.1NRT,308.63,10.43,D
19.99629,79.65636,332.42,1.22,1.1,2026-05-15,0941,Aqua,MODIS,75,6.1NRT,307.4,16.98,D
19.99448,79.64523,344.6,1.23,1.1,2026-05-15,0941,Aqua,MODIS,89,6.1NRT,306.61,43.29,D
20.59853,83.35758,325.49,1.02,1.01,2026-05-15,0941,Aqua,MODIS,71,6.1NRT,304.52,7.37,D
20.11549,79.55235,328.81,1.24,1.1,2026-05-15,0941,Aqua,MODIS,65,6.1NRT,308.37,15.7,D
20.96456,85.17372,331.7,1.21,1.09,2026-05-15,0941,Aqua,MODIS,77,6.1NRT,304.69,21.72,D
20.97115,85.14994,326.18,1.2,1.09,2026-05-15,0941,Aqua,MODIS,39,6.1NRT,303.76,11.31,D
20.63896,79.73309,342.58,1.19,1.08,2026-05-15,0941,Aqua,MODIS,87,6.1NRT,309.12,36.17,D
21.21927,79.43317,334.67,1.21,1.09,2026-05-15,0941,Aqua,MODIS,78,6.1NRT,314.32,14.2,D
21.26448,79.47063,336.09,1.2,1.09,2026-05-15,0941,Aqua,MODIS,80,6.1NRT,313.31,17.28,D
21.29131,79.48174,333.23,1.2,1.09,2026-05-15,0941,Aqua,MODIS,76,6.1NRT,314,12.58,D
21.18106,78.7094,328.2,1.33,1.14,2026-05-15,0941,Aqua,MODIS,29,6.1NRT,310.64,13.66,D
22.08702,83.11366,319,1.03,1.01,2026-05-15,0941,Aqua,MODIS,61,6.1NRT,297.73,8.91,D
21.38113,76.95004,325.37,1.74,1.29,2026-05-15,0941,Aqua,MODIS,32,6.1NRT,305.08,15.31,D
21.37824,76.93384,337.21,1.75,1.3,2026-05-15,0941,Aqua,MODIS,82,6.1NRT,305.85,50.9,D
22.69506,85.34256,323.06,1.3,1.13,2026-05-15,0941,Aqua,MODIS,77,6.1NRT,293.57,19.82,D
22.69358,85.33057,316.89,1.29,1.13,2026-05-15,0941,Aqua,MODIS,69,6.1NRT,295.47,10.97,D
21.39018,76.80599,330.09,1.78,1.31,2026-05-15,0941,Aqua,MODIS,69,6.1NRT,305.69,21.85,D
21.61899,77.30672,340.65,1.62,1.25,2026-05-15,0941,Aqua,MODIS,84,6.1NRT,314.75,52.94,D
21.92802,78.93074,335.16,1.26,1.12,2026-05-15,0941,Aqua,MODIS,77,6.1NRT,313.1,16.62,D
21.63133,77.1069,337.21,1.68,1.27,2026-05-15,0941,Aqua,MODIS,80,6.1NRT,313.91,42.28,D
21.66448,77.22721,340.85,1.64,1.26,2026-05-15,0941,Aqua,MODIS,85,6.1NRT,315.21,49.9,D
22.21609,79.04703,334.48,1.23,1.1,2026-05-15,0941,Aqua,MODIS,78,6.1NRT,313.53,18.11,D
22.72364,81.26265,329.68,1.01,1.01,2026-05-15,0941,Aqua,MODIS,68,6.1NRT,310.22,12.77,D
22.72221,81.25313,341.99,1.01,1.01,2026-05-15,0941,Aqua,MODIS,87,6.1NRT,309.74,32,D
22.53979,79.26807,334.07,1.19,1.08,2026-05-15,0941,Aqua,MODIS,76,6.1NRT,316.49,13.82,D
23.39748,80.05212,331.3,1.07,1.03,2026-05-15,0941,Aqua,MODIS,68,6.1NRT,309.22,15.2,D
23.39589,80.042,332.81,1.07,1.03,2026-05-15,0941,Aqua,MODIS,69,6.1NRT,309.59,18.04,D
23.40486,80.04031,326.29,1.07,1.03,2026-05-15,0941,Aqua,MODIS,39,6.1NRT,307.5,11.7,D
23.90043,81.08829,331.84,1.01,1,2026-05-15,0941,Aqua,MODIS,75,6.1NRT,310.05,14.88,D
23.47503,77.7605,333.19,1.4,1.17,2026-05-15,0941,Aqua,MODIS,60,6.1NRT,315.69,19.3,D
24.37318,80.97117,338.78,1.01,1,2026-05-15,0941,Aqua,MODIS,82,6.1NRT,315.97,19.59,D
24.43556,81.07173,333.09,1,1,2026-05-15,0941,Aqua,MODIS,70,6.1NRT,315.08,10.47,D
24.47993,80.51334,330.95,1.02,1.01,2026-05-15,0941,Aqua,MODIS,62,6.1NRT,314.55,7.93,D
24.5249,80.55908,331.5,1.02,1.01,2026-05-15,0941,Aqua,MODIS,45,6.1NRT,316.02,7.6,D
24.63737,80.94411,332.23,1.01,1,2026-05-15,0941,Aqua,MODIS,65,6.1NRT,314.87,9.47,D
24.63593,80.93454,334.8,1.01,1,2026-05-15,0941,Aqua,MODIS,73,6.1NRT,315.22,12.84,D
24.64609,80.94251,334.67,1.01,1,2026-05-15,0941,Aqua,MODIS,70,6.1NRT,314.03,11.88,D
24.56991,80.44067,337.08,1.03,1.01,2026-05-15,0941,Aqua,MODIS,77,6.1NRT,317.91,14.57,D
24.56542,80.41141,335.38,1.03,1.01,2026-05-15,0941,Aqua,MODIS,74,6.1NRT,317.19,11.96,D
26.41738,77.63541,332.38,1.27,1.12,2026-05-15,0941,Aqua,MODIS,70,6.1NRT,313.4,15.26,D
26.409,77.58649,330.45,1.28,1.12,2026-05-15,0941,Aqua,MODIS,53,6.1NRT,313.68,11.27,D
26.0315,80.24708,331,1.02,1.01,2026-05-15,0941,Aqua,MODIS,68,6.1NRT,310.86,9.49,D
26.0322,79.8232,332.33,1.04,1.02,2026-05-15,0941,Aqua,MODIS,71,6.1NRT,313.23,10.13,D
25.80868,78.11742,335.34,1.22,1.1,2026-05-15,0941,Aqua,MODIS,76,6.1NRT,308.82,23.05,D
25.80669,78.10574,328.89,1.22,1.1,2026-05-15,0941,Aqua,MODIS,21,6.1NRT,308.94,11.74,D
26.82843,82.22022,321.87,1.04,1.02,2026-05-15,0941,Aqua,MODIS,40,6.1NRT,304.67,5.42,D
26.18979,77.56936,342.88,1.29,1.13,2026-05-15,0941,Aqua,MODIS,86,6.1NRT,314.62,38.82,D
26.31108,77.67773,333.7,1.27,1.12,2026-05-15,0941,Aqua,MODIS,73,6.1NRT,312.94,15.7,D
26.30898,77.66556,340.88,1.27,1.12,2026-05-15,0941,Aqua,MODIS,84,6.1NRT,313.81,31.52,D
26.29324,77.5158,348.42,1.3,1.13,2026-05-15,0941,Aqua,MODIS,91,6.1NRT,314.22,54.34,D
26.29109,77.50336,336.65,1.3,1.13,2026-05-15,0941,Aqua,MODIS,78,6.1NRT,313.78,24,D
26.71497,80.04662,330.95,1.02,1.01,2026-05-15,0941,Aqua,MODIS,74,6.1NRT,311.49,11.59,D
26.33042,77.67356,332.52,1.27,1.12,2026-05-15,0941,Aqua,MODIS,71,6.1NRT,313.93,13.08,D
26.64424,79.47356,326.08,1.05,1.02,2026-05-15,0941,Aqua,MODIS,39,6.1NRT,307.58,7.81,D
26.33442,77.51974,339.99,1.29,1.13,2026-05-15,0941,Aqua,MODIS,83,6.1NRT,314.53,29.36,D
26.33779,77.52518,334.67,1.29,1.13,2026-05-15,0941,Aqua,MODIS,74,6.1NRT,313.34,15.61,D
26.27734,83.40112,323.84,1.13,1.06,2026-05-15,0941,Aqua,MODIS,57,6.1NRT,302.65,8.61,D
26.2759,83.39019,324.19,1.13,1.06,2026-05-15,0941,Aqua,MODIS,61,6.1NRT,302.92,8.74,D
25.83432,79.97618,331.6,1.03,1.02,2026-05-15,0941,Aqua,MODIS,68,6.1NRT,313.1,10.99,D
25.58722,78.33703,331.25,1.2,1.09,2026-05-15,0941,Aqua,MODIS,66,6.1NRT,312.68,10.78,D
25.69367,79.61754,332.33,1.06,1.03,2026-05-15,0941,Aqua,MODIS,68,6.1NRT,313.18,11.13,D
24.82667,81.21138,331.2,1,1,2026-05-15,0941,Aqua,MODIS,67,6.1NRT,310.79,9.1,D
24.83537,81.20981,330.25,1,1,2026-05-15,0941,Aqua,MODIS,64,6.1NRT,310.41,8.68,D
24.73963,80.45694,336.09,1.02,1.01,2026-05-15,0941,Aqua,MODIS,77,6.1NRT,309.67,17.81,D
24.73813,80.44721,339.99,1.02,1.01,2026-05-15,0941,Aqua,MODIS,82,6.1NRT,312.48,24.03,D
29.79675,79.89651,313.01,1,1,2026-05-15,0943,Aqua,MODIS,59,6.1NRT,298.7,5.91,D
30.42578,77.37407,322.23,1.15,1.07,2026-05-15,0943,Aqua,MODIS,47,6.1NRT,308.92,8.88,D
29.87288,75.82599,327.65,1.41,1.18,2026-05-15,0943,Aqua,MODIS,70,6.1NRT,310.4,14.43,D
29.93746,79.42334,314.07,1.01,1,2026-05-15,0943,Aqua,MODIS,56,6.1NRT,299.82,6.15,D
30.57919,76.30209,321.87,1.29,1.13,2026-05-15,0943,Aqua,MODIS,71,6.1NRT,306.82,11.34,D
30.96301,76.85056,322.38,1.19,1.09,2026-05-15,0943,Aqua,MODIS,39,6.1NRT,304.69,11.77,D
31.05326,76.16473,318.28,1.29,1.13,2026-05-15,0943,Aqua,MODIS,72,6.1NRT,284.98,20.77,D
31.2539,77.09595,319.07,1.15,1.07,2026-05-15,0943,Aqua,MODIS,75,6.1NRT,302.06,11.27,D
31.2519,77.08404,331,1.15,1.07,2026-05-15,0943,Aqua,MODIS,85,6.1NRT,304.24,27.87,D
30.51771,76.48117,326.66,1.26,1.12,2026-05-15,0943,Aqua,MODIS,76,6.1NRT,311.62,10.85,D
27.71932,77.38713,332.62,1.25,1.11,2026-05-15,0943,Aqua,MODIS,76,6.1NRT,311.72,20.49,D
29.0161,76.75856,329.16,1.29,1.13,2026-05-15,0943,Aqua,MODIS,74,6.1NRT,310.67,15.95,D
28.46906,77.36002,329.78,1.22,1.1,2026-05-15,0943,Aqua,MODIS,74,6.1NRT,308.63,18.04,D
28.47856,77.35789,327.41,1.22,1.1,2026-05-15,0943,Aqua,MODIS,70,6.1NRT,307.58,14.93,D
29.01385,76.74589,325.07,1.29,1.13,2026-05-15,0943,Aqua,MODIS,66,6.1NRT,310.04,9.02,D
20.96683,85.17693,321.99,1.17,1.08,2026-05-15,1448,Terra,MODIS,100,6.1NRT,300.23,18.09,N
20.96003,85.00846,309.87,1.2,1.09,2026-05-15,1448,Terra,MODIS,64,6.1NRT,298.15,6.4,N
21.07669,85.03862,313.34,1.19,1.09,2026-05-15,1448,Terra,MODIS,80,6.1NRT,299.85,9.84,N
22.78713,86.2065,300.68,1.03,1.02,2026-05-15,1448,Terra,MODIS,31,6.1NRT,284.71,3.38,N
22.37157,79.96824,307.06,2.51,1.52,2026-05-15,1448,Terra,MODIS,60,6.1NRT,294.95,15.53,N
22.3675,79.9639,306.73,2.51,1.52,2026-05-15,1448,Terra,MODIS,56,6.1NRT,295.23,13.82,N
22.42914,79.85331,316.22,2.55,1.54,2026-05-15,1448,Terra,MODIS,91,6.1NRT,296.86,40.38,N
22.4247,79.82955,309.15,2.56,1.54,2026-05-15,1448,Terra,MODIS,68,6.1NRT,296.49,18.76,N
23.76648,86.4028,305.59,1.01,1.01,2026-05-15,1448,Terra,MODIS,45,6.1NRT,279.18,5.84,N
23.7827,86.39016,301.19,1.01,1.01,2026-05-15,1448,Terra,MODIS,8,6.1NRT,278.38,3.26,N
23.79479,86.34855,300.34,1.02,1.01,2026-05-15,1448,Terra,MODIS,17,6.1NRT,278.16,3.28,N
20.97284,85.15338,316.18,1.18,1.08,2026-05-15,1448,Terra,MODIS,85,6.1NRT,299.55,10.56,N
20.96513,85.16602,319.48,1.18,1.08,2026-05-15,1448,Terra,MODIS,96,6.1NRT,300.47,14.46,N
20.96411,86.0046,311.62,1.08,1.04,2026-05-15,1448,Terra,MODIS,73,6.1NRT,299.6,6.42,N
20.79362,85.25336,312.11,1.17,1.08,2026-05-15,1448,Terra,MODIS,74,6.1NRT,298.03,7.83,N
20.23903,86.28971,310.5,1.07,1.03,2026-05-15,1448,Terra,MODIS,70,6.1NRT,296.79,7.06,N
25.78194,78.13253,308.8,2.87,1.62,2026-05-15,1450,Terra,MODIS,62,6.1NRT,296.44,24.08,N
26.64268,79.47823,309.06,2.19,1.44,2026-05-15,1450,Terra,MODIS,66,6.1NRT,298.87,17.76,N
23.68723,86.39637,303.03,1.04,1.02,2026-05-15,2146,Aqua,MODIS,46,6.1NRT,291.79,4.5,N
23.75959,86.40509,309.47,1.04,1.02,2026-05-15,2146,Aqua,MODIS,25,6.1NRT,294.94,6.95,N
23.73621,86.43463,309.91,1.04,1.02,2026-05-15,2146,Aqua,MODIS,61,6.1NRT,295.78,7.57,N
20.86542,84.99551,308.37,1.1,1.04,2026-05-15,2148,Aqua,MODIS,65,6.1NRT,298,5.71,N
20.96148,85.17107,312.59,1.08,1.04,2026-05-15,2148,Aqua,MODIS,82,6.1NRT,297.96,8.88,N
22.36906,87.30398,305.81,1,1,2026-05-15,2148,Aqua,MODIS,58,6.1NRT,295.3,4,N
20.9715,85.15874,315.4,1.08,1.04,2026-05-15,2148,Aqua,MODIS,89,6.1NRT,297.48,10.76,N
20.94762,86.04702,307.84,1.02,1.01,2026-05-15,2148,Aqua,MODIS,65,6.1NRT,296.4,4.77,N
22.04045,83.7339,305.46,1.31,1.14,2026-05-15,2148,Aqua,MODIS,64,6.1NRT,294.04,7.01,N
20.96871,85.17889,319.81,1.08,1.04,2026-05-15,2148,Aqua,MODIS,99,6.1NRT,298.01,15.09,N
29.93534,75.00454,326.75,1.71,1.28,2026-05-16,0432,Terra,MODIS,71,6.1NRT,308.58,16.83,D
22.83726,75.66895,326.36,2.73,1.58,2026-05-16,0434,Terra,MODIS,58,6.1NRT,309.59,38.17,D
23.74478,68.92991,327.1,1.03,1.01,2026-05-16,0434,Terra,MODIS,70,6.1NRT,308.2,10.82,D
22.83151,75.66203,328.69,2.73,1.58,2026-05-16,0434,Terra,MODIS,72,6.1NRT,309.86,52.93,D
23.14512,71.52499,325.73,1.36,1.16,2026-05-16,0434,Terra,MODIS,60,6.1NRT,310.73,10.31,D
23.48601,69.23103,324.68,1.05,1.02,2026-05-16,0434,Terra,MODIS,58,6.1NRT,309.53,6.64,D
23.4845,69.24102,325.45,1.05,1.02,2026-05-16,0434,Terra,MODIS,61,6.1NRT,309.47,7.55,D
21.91233,70.63949,328.86,1.26,1.12,2026-05-16,0434,Terra,MODIS,67,6.1NRT,312.47,14.37,D
21.40575,70.46129,325.79,1.25,1.11,2026-05-16,0434,Terra,MODIS,63,6.1NRT,307.69,13.86,D
21.40386,70.47299,321.96,1.26,1.11,2026-05-16,0434,Terra,MODIS,35,6.1NRT,307.08,8.24,D
23.05796,69.07,325.98,1.05,1.02,2026-05-16,0434,Terra,MODIS,64,6.1NRT,309.45,9.07,D
23.7433,68.93971,328.52,1.03,1.01,2026-05-16,0434,Terra,MODIS,73,6.1NRT,307.79,12.91,D
23.19042,68.86698,326.95,1.03,1.02,2026-05-16,0434,Terra,MODIS,68,6.1NRT,309.2,10.93,D
23.24089,69.80028,322.83,1.11,1.05,2026-05-16,0434,Terra,MODIS,54,6.1NRT,309.52,6.93,D
16.39768,80.58794,327.8,2.3,1.47,2026-05-16,1017,Aqua,MODIS,74,6.1NRT,298.2,42.84,D
16.14754,76.34663,328.78,1.16,1.07,2026-05-16,1017,Aqua,MODIS,61,6.1NRT,309.19,11.22,D
16.36963,76.48492,330.4,1.18,1.08,2026-05-16,1017,Aqua,MODIS,70,6.1NRT,309.36,13.53,D
16.73421,76.52758,333.33,1.2,1.09,2026-05-16,1017,Aqua,MODIS,74,6.1NRT,310.93,17.25,D
16.39912,80.59322,327,2.3,1.47,2026-05-16,1017,Aqua,MODIS,73,6.1NRT,298.04,38.8,D
16.38628,80.5948,323.16,2.3,1.47,2026-05-16,1017,Aqua,MODIS,65,6.1NRT,298.14,24.41,D
16.22323,80.43594,325.68,2.23,1.45,2026-05-16,1017,Aqua,MODIS,69,6.1NRT,299.32,26.68,D
21.7205,72.6317,330.3,1,1,2026-05-16,1019,Aqua,MODIS,49,6.1NRT,316.1,8.29,D
17.33053,80.89352,320.04,2.52,1.53,2026-05-16,1019,Aqua,MODIS,58,6.1NRT,295.84,32.09,D
17.61692,80.18426,321.65,2.23,1.45,2026-05-16,1019,Aqua,MODIS,55,6.1NRT,297.14,23.88,D
17.11455,75.72789,333.14,1.11,1.05,2026-05-16,1019,Aqua,MODIS,71,6.1NRT,314.23,11.22,D
16.88909,73.56094,322.01,1,1,2026-05-16,1019,Aqua,MODIS,52,6.1NRT,300.48,9.18,D
17.21688,74.86234,331.25,1.04,1.02,2026-05-16,1019,Aqua,MODIS,70,6.1NRT,313.73,8.84,D
17.94997,78.13012,331.2,1.58,1.24,2026-05-16,1019,Aqua,MODIS,71,6.1NRT,308.67,26.36,D
17.9482,78.11567,327.52,1.58,1.24,2026-05-16,1019,Aqua,MODIS,56,6.1NRT,307.75,16.51,D
18.07451,78.12141,326.91,1.58,1.24,2026-05-16,1019,Aqua,MODIS,58,6.1NRT,306.02,17.57,D
18.09265,78.17796,325.62,1.6,1.25,2026-05-16,1019,Aqua,MODIS,49,6.1NRT,306.1,15.06,D
18.10536,78.19106,328.17,1.6,1.25,2026-05-16,1019,Aqua,MODIS,61,6.1NRT,306.38,18.48,D
18.10352,78.17649,332.28,1.6,1.25,2026-05-16,1019,Aqua,MODIS,74,6.1NRT,307.16,29.65,D
18.10167,78.16189,327.49,1.6,1.24,2026-05-16,1019,Aqua,MODIS,51,6.1NRT,307.05,17.59,D
18.1069,78.18512,330.25,1.6,1.25,2026-05-16,1019,Aqua,MODIS,59,6.1NRT,307.01,21.43,D
18.10516,78.17049,326.98,1.6,1.25,2026-05-16,1019,Aqua,MODIS,36,6.1NRT,307.09,15.26,D
17.4911,73.31779,326.75,1,1,2026-05-16,1019,Aqua,MODIS,58,6.1NRT,304.79,12.43,D
24.98384,73.77899,330.7,1.09,1.04,2026-05-16,1019,Aqua,MODIS,42,6.1NRT,313.06,12.69,D
23.562,69.41951,332.33,1.19,1.09,2026-05-16,1019,Aqua,MODIS,71,6.1NRT,316.61,11.51,D
23.56385,69.43073,337.75,1.19,1.09,2026-05-16,1019,Aqua,MODIS,80,6.1NRT,315.56,21.75,D
23.20012,68.85935,330.7,1.3,1.13,2026-05-16,1019,Aqua,MODIS,63,6.1NRT,313.53,16.46,D
23.91815,74.3594,338.29,1.12,1.06,2026-05-16,1019,Aqua,MODIS,77,6.1NRT,319.92,19.17,D
23.62852,75.44409,334.67,1.26,1.12,2026-05-16,1019,Aqua,MODIS,68,6.1NRT,318.67,13.99,D
23.63005,75.45605,334.98,1.27,1.12,2026-05-16,1019,Aqua,MODIS,69,6.1NRT,319.31,14.62,D
23.18788,74.20421,332.86,1.09,1.04,2026-05-16,1019,Aqua,MODIS,64,6.1NRT,315.51,11.75,D
23.58475,77.96088,334.98,1.86,1.33,2026-05-16,1019,Aqua,MODIS,63,6.1NRT,316.47,25.65,D
23.58665,77.97852,333.93,1.87,1.34,2026-05-16,1019,Aqua,MODIS,66,6.1NRT,315.3,20.32,D
18.1666,77.87241,333.93,1.53,1.22,2026-05-16,1019,Aqua,MODIS,75,6.1NRT,310.86,27.55,D
18.1628,77.88023,328.57,1.53,1.22,2026-05-16,1019,Aqua,MODIS,47,6.1NRT,310.82,16.68,D
18.22466,78.02995,335.25,1.57,1.23,2026-05-16,1019,Aqua,MODIS,78,6.1NRT,310.36,35.47,D
19.11581,77.99481,332.57,1.61,1.25,2026-05-16,1019,Aqua,MODIS,50,6.1NRT,311.06,26.66,D
18.97191,75.14207,335.96,1.09,1.04,2026-05-16,1019,Aqua,MODIS,74,6.1NRT,315.5,14.82,D
19.22991,73.30742,330.3,1,1,2026-05-16,1019,Aqua,MODIS,65,6.1NRT,307.71,12.61,D
19.27711,73.12473,332.86,1,1,2026-05-16,1019,Aqua,MODIS,0,6.1NRT,305.27,15.98,D
20.29187,78.55109,335.69,1.84,1.33,2026-05-16,1019,Aqua,MODIS,65,6.1NRT,314.65,31.61,D
20.2949,78.1824,339.59,1.73,1.29,2026-05-16,1019,Aqua,MODIS,68,6.1NRT,317.4,42.9,D
20.03406,75.01795,344.46,1.1,1.05,2026-05-16,1019,Aqua,MODIS,86,6.1NRT,316.32,32.06,D
20.87377,77.66928,349.31,1.62,1.25,2026-05-16,1019,Aqua,MODIS,91,6.1NRT,322.6,62.68,D
20.75838,73.65024,329.83,1.02,1.01,2026-05-16,1019,Aqua,MODIS,51,6.1NRT,313.62,9.09,D
20.76716,73.64891,328.42,1.02,1.01,2026-05-16,1019,Aqua,MODIS,36,6.1NRT,314.52,7.74,D
21.06652,73.74628,328.45,1.02,1.01,2026-05-16,1019,Aqua,MODIS,31,6.1NRT,312.8,7.81,D
21.61907,77.18156,333,1.53,1.22,2026-05-16,1019,Aqua,MODIS,57,6.1NRT,316.97,18.94,D
21.61734,77.16734,346.99,1.53,1.22,2026-05-16,1019,Aqua,MODIS,89,6.1NRT,318.25,62.97,D
21.82322,78.5154,334.21,1.93,1.36,2026-05-16,1019,Aqua,MODIS,56,6.1NRT,315.45,27.5,D
21.82111,78.49734,335.29,1.92,1.35,2026-05-16,1019,Aqua,MODIS,67,6.1NRT,315.61,30.93,D
21.8289,78.50888,334.48,1.93,1.36,2026-05-16,1019,Aqua,MODIS,74,6.1NRT,315.89,30.16,D
21.71975,77.35431,337.59,1.58,1.24,2026-05-16,1019,Aqua,MODIS,76,6.1NRT,318.43,26.99,D
21.73057,77.35282,334.16,1.58,1.24,2026-05-16,1019,Aqua,MODIS,37,6.1NRT,317.87,16.87,D
21.67197,76.5335,336,1.39,1.17,2026-05-16,1019,Aqua,MODIS,72,6.1NRT,319.6,16.14,D
21.29708,73.47702,339.27,1.01,1.01,2026-05-16,1019,Aqua,MODIS,81,6.1NRT,315.55,23.84,D
21.33562,73.29192,328.25,1.01,1,2026-05-16,1019,Aqua,MODIS,39,6.1NRT,312.22,9.59,D
21.6188,73.54149,331.35,1.02,1.01,2026-05-16,1019,Aqua,MODIS,63,6.1NRT,316.7,7.83,D
21.46673,71.75461,335.29,1.02,1.01,2026-05-16,1019,Aqua,MODIS,73,6.1NRT,314.64,14,D
21.97293,74.21907,331.15,1.07,1.03,2026-05-16,1019,Aqua,MODIS,56,6.1NRT,314.95,10.08,D
22.151,72.80171,342.29,1,1,2026-05-16,1019,Aqua,MODIS,84,6.1NRT,316.2,26.9,D
22.63057,76.19447,332.95,1.36,1.16,2026-05-16,1019,Aqua,MODIS,63,6.1NRT,318.44,14.08,D
22.26151,71.19482,333.19,1.04,1.02,2026-05-16,1019,Aqua,MODIS,63,6.1NRT,317.96,8.09,D
23.58946,77.96566,346.22,1.86,1.33,2026-05-16,1019,Aqua,MODIS,89,6.1NRT,317.14,70.28,D
30.80102,75.4834,328.36,1.59,1.24,2026-05-16,1021,Aqua,MODIS,62,6.1NRT,305.83,24.61,D
31.13412,74.85421,330.4,1.46,1.2,2026-05-16,1021,Aqua,MODIS,72,6.1NRT,308.21,22.62,D
30.8028,75.49949,326.56,1.59,1.24,2026-05-16,1021,Aqua,MODIS,55,6.1NRT,303.16,21.62,D
31.19175,75.59564,327.06,1.64,1.26,2026-05-16,1021,Aqua,MODIS,71,6.1NRT,309.77,16.55,D
30.93824,75.46753,326.6,1.59,1.24,2026-05-16,1021,Aqua,MODIS,46,6.1NRT,307.67,16.79,D
30.99173,75.86515,333.65,1.69,1.28,2026-05-16,1021,Aqua,MODIS,81,6.1NRT,308.79,37.78,D
31.13247,74.83936,327.88,1.46,1.19,2026-05-16,1021,Aqua,MODIS,62,6.1NRT,307.28,16.62,D
31.26807,75.89601,328.89,1.72,1.29,2026-05-16,1021,Aqua,MODIS,75,6.1NRT,307.28,22.07,D
31.36325,75.27714,323.15,1.57,1.23,2026-05-16,1021,Aqua,MODIS,55,6.1NRT,307.29,12.04,D
31.37404,75.27555,328.91,1.57,1.23,2026-05-16,1021,Aqua,MODIS,73,6.1NRT,308.37,22.38,D
31.37232,75.25961,330.7,1.57,1.23,2026-05-16,1021,Aqua,MODIS,76,6.1NRT,308.65,26.32,D
31.46218,75.68116,328.34,1.67,1.27,2026-05-16,1021,Aqua,MODIS,73,6.1NRT,306.98,22.18,D
31.51758,75.54659,329.42,1.64,1.26,2026-05-16,1021,Aqua,MODIS,74,6.1NRT,307.23,26.82,D
31.57189,75.41526,335.12,1.61,1.25,2026-05-16,1021,Aqua,MODIS,82,6.1NRT,307.53,36.89,D
31.57015,75.39884,326.62,1.61,1.25,2026-05-16,1021,Aqua,MODIS,47,6.1NRT,307.67,14.47,D
31.59401,75.31248,337.38,1.59,1.24,2026-05-16,1021,Aqua,MODIS,84,6.1NRT,310.42,41.78,D
31.59224,75.2963,328.17,1.58,1.24,2026-05-16,1021,Aqua,MODIS,72,6.1NRT,309.83,16.9,D
32.00948,75.67079,325.58,1.7,1.28,2026-05-16,1021,Aqua,MODIS,68,6.1NRT,308.86,15.07,D
32.0101,75.66367,328.18,1.7,1.28,2026-05-16,1021,Aqua,MODIS,73,6.1NRT,308.93,20.67,D
31.19127,75.60155,328.83,1.64,1.26,2026-05-16,1021,Aqua,MODIS,74,6.1NRT,309.71,19.45,D
31.20371,76.03573,323.73,1.75,1.3,2026-05-16,1021,Aqua,MODIS,56,6.1NRT,304.5,14.64,D
31.15614,75.6914,330.45,1.66,1.27,2026-05-16,1021,Aqua,MODIS,76,6.1NRT,309.49,23.53,D
31.1066,75.67128,327.87,1.65,1.26,2026-05-16,1021,Aqua,MODIS,71,6.1NRT,308.91,15.49,D
30.97003,75.3275,326.21,1.56,1.23,2026-05-16,1021,Aqua,MODIS,69,6.1NRT,305.63,15.65,D
30.9865,75.27702,326.71,1.55,1.23,2026-05-16,1021,Aqua,MODIS,70,6.1NRT,307.22,15.26,D
31.07493,75.79575,331.65,1.68,1.27,2026-05-16,1021,Aqua,MODIS,78,6.1NRT,309.86,26.81,D
32.00986,75.02419,325.45,1.54,1.22,2026-05-16,1021,Aqua,MODIS,64,6.1NRT,308.79,13.35,D
32.1324,75.0165,325.45,1.55,1.23,2026-05-16,1021,Aqua,MODIS,61,6.1NRT,308.8,13.32,D
32.22368,75.30956,326.48,1.62,1.25,2026-05-16,1021,Aqua,MODIS,67,6.1NRT,307.55,18.68,D
27.12808,71.2979,341.19,1,1,2026-05-16,1021,Aqua,MODIS,82,6.1NRT,318.99,17.31,D
29.71369,76.20056,324.33,1.71,1.28,2026-05-16,1021,Aqua,MODIS,51,6.1NRT,305.46,14.55,D
29.5529,74.55717,328.44,1.34,1.15,2026-05-16,1021,Aqua,MODIS,55,6.1NRT,309.4,11.86,D
29.58235,74.29257,330.14,1.29,1.13,2026-05-16,1021,Aqua,MODIS,66,6.1NRT,310.74,14.9,D
29.69599,73.39897,332.47,1.17,1.08,2026-05-16,1021,Aqua,MODIS,71,6.1NRT,314.58,12,D
30.23268,75.41119,332.76,1.54,1.22,2026-05-16,1021,Aqua,MODIS,76,6.1NRT,307.52,28.14,D
30.3141,74.52696,327.34,1.36,1.16,2026-05-16,1021,Aqua,MODIS,63,6.1NRT,308.94,10.94,D
30.37992,74.40022,328.6,1.34,1.15,2026-05-16,1021,Aqua,MODIS,68,6.1NRT,309.99,12.99,D
30.38673,74.37166,328.19,1.34,1.15,2026-05-16,1021,Aqua,MODIS,67,6.1NRT,308.38,12.72,D
30.68497,75.99733,328.31,1.71,1.28,2026-05-16,1021,Aqua,MODIS,72,6.1NRT,310.18,20.7,D
30.52897,74.02696,325.72,1.29,1.13,2026-05-16,1021,Aqua,MODIS,60,6.1NRT,309.1,10.34,D
30.70584,74.82995,326.72,1.44,1.19,2026-05-16,1021,Aqua,MODIS,67,6.1NRT,306.95,11.61,D
17.0381,80.1886,308.47,1.05,1.02,2026-05-16,1526,Terra,MODIS,59,6.1NRT,296.65,4.98,N
17.26466,78.58588,308.9,1,1,2026-05-16,1526,Terra,MODIS,62,6.1NRT,297.78,4.26,N
17.1749,80.1759,312.55,1.05,1.02,2026-05-16,1526,Terra,MODIS,79,6.1NRT,297.65,7.56,N
17.17614,80.18549,314.28,1.05,1.02,2026-05-16,1526,Terra,MODIS,85,6.1NRT,297.35,9.13,N
16.69782,78.29924,314.97,1.01,1,2026-05-16,1526,Terra,MODIS,87,6.1NRT,296.44,10.48,N
16.69653,78.29007,307.21,1.01,1,2026-05-16,1526,Terra,MODIS,55,6.1NRT,295.67,4.7,N
17.03919,80.26668,321.43,1.06,1.03,2026-05-16,1526,Terra,MODIS,100,6.1NRT,297.59,16.16,N
16.16789,78.78973,326.68,1,1,2026-05-16,1526,Terra,MODIS,100,6.1NRT,297.78,19.86,N
16.40006,80.03439,308.11,1.03,1.01,2026-05-16,1526,Terra,MODIS,52,6.1NRT,296.1,4.56,N
16.61759,79.59641,310.01,1.01,1.01,2026-05-16,1526,Terra,MODIS,65,6.1NRT,298.2,4.02,N
16.50204,78.21973,307.67,1.01,1.01,2026-05-16,1526,Terra,MODIS,59,6.1NRT,295.97,5.35,N
19.75794,78.12944,305.12,1,1,2026-05-16,1526,Terra,MODIS,16,6.1NRT,288.75,10.6,N
18.61401,74.3521,308.03,1.46,1.19,2026-05-16,1526,Terra,MODIS,28,6.1NRT,295.95,8.65,N
18.64062,77.80291,319.41,1.01,1.01,2026-05-16,1526,Terra,MODIS,98,6.1NRT,298.64,13.29,N
18.33231,77.98048,315.1,1.01,1,2026-05-16,1526,Terra,MODIS,86,6.1NRT,300.53,7.46,N
18.33361,77.98972,322.34,1.01,1,2026-05-16,1526,Terra,MODIS,100,6.1NRT,300.41,14.43,N
18.48992,79.66745,311.52,1.04,1.02,2026-05-16,1526,Terra,MODIS,67,6.1NRT,299.55,5.36,N
18.10002,78.15179,311.44,1.01,1,2026-05-16,1526,Terra,MODIS,70,6.1NRT,299.5,5.29,N
18.07553,78.12428,311.01,1.01,1,2026-05-16,1526,Terra,MODIS,14,6.1NRT,277.85,7.68,N
18.07682,78.13348,319.46,1.01,1,2026-05-16,1526,Terra,MODIS,93,6.1NRT,292.35,13.82,N
18.07319,78.17166,311.08,1,1,2026-05-16,1526,Terra,MODIS,67,6.1NRT,299.64,5,N
18.07576,78.19006,311.92,1,1,2026-05-16,1526,Terra,MODIS,72,6.1NRT,300.13,5.59,N
18.07704,78.19925,311,1,1,2026-05-16,1526,Terra,MODIS,67,6.1NRT,300.31,4.83,N
18.06442,78.17304,311.39,1,1,2026-05-16,1526,Terra,MODIS,69,6.1NRT,299.91,5.42,N
17.99592,79.6995,313.98,1.03,1.01,2026-05-16,1526,Terra,MODIS,34,6.1NRT,297.11,8.34,N
18.00598,79.77528,318.3,1.04,1.02,2026-05-16,1526,Terra,MODIS,95,6.1NRT,296.92,12.33,N
17.73964,80.34415,308.07,1.07,1.03,2026-05-16,1526,Terra,MODIS,64,6.1NRT,282.13,7.38,N
22.77412,77.19409,317.83,1,1,2026-05-16,1529,Terra,MODIS,93,6.1NRT,299.97,12.01,N
20.31373,75.71799,311.18,1.15,1.07,2026-05-16,1529,Terra,MODIS,65,6.1NRT,299.79,7.14,N
20.87284,77.6692,314.97,1,1,2026-05-16,1529,Terra,MODIS,82,6.1NRT,302.03,8.04,N
21.33173,79.29048,312.14,1.05,1.02,2026-05-16,1529,Terra,MODIS,81,6.1NRT,300.55,5.78,N
21.83298,79.03699,311.04,1.04,1.02,2026-05-16,1529,Terra,MODIS,74,6.1NRT,298.54,6.52,N
21.70117,78.04491,314.38,1,1,2026-05-16,1529,Terra,MODIS,84,6.1NRT,299.55,8.69,N
21.84827,79.08464,309.88,1.05,1.02,2026-05-16,1529,Terra,MODIS,69,6.1NRT,298.87,5.06,N
21.77059,78.00839,311.04,1,1,2026-05-16,1529,Terra,MODIS,70,6.1NRT,299.45,6.4,N
21.97618,79.36268,316.94,1.07,1.03,2026-05-16,1529,Terra,MODIS,57,6.1NRT,295.06,14.54,N
21.87159,78.35799,310.55,1.01,1,2026-05-16,1529,Terra,MODIS,69,6.1NRT,298.12,6.23,N
21.87032,78.34851,311.36,1.01,1,2026-05-16,1529,Terra,MODIS,73,6.1NRT,298.05,6.99,N
21.92722,78.4209,312.27,1.01,1.01,2026-05-16,1529,Terra,MODIS,77,6.1NRT,298.16,7.83,N
22.01459,78.94727,320.96,1.04,1.02,2026-05-16,1529,Terra,MODIS,100,6.1NRT,299.51,15.24,N
22.01332,78.93752,311.2,1.04,1.02,2026-05-16,1529,Terra,MODIS,74,6.1NRT,298.87,6.4,N
22.05715,78.77567,308.86,1.03,1.01,2026-05-16,1529,Terra,MODIS,61,6.1NRT,296.15,6.47,N
22.02031,77.68156,316.76,1,1,2026-05-16,1529,Terra,MODIS,91,6.1NRT,298.2,12.02,N
22.27546,78.82874,310.51,1.04,1.02,2026-05-16,1529,Terra,MODIS,69,6.1NRT,298.32,6.89,N
22.46482,79.81668,332.61,1.12,1.06,2026-05-16,1529,Terra,MODIS,100,6.1NRT,300.28,33.33,N
22.54299,79.406,319.54,1.08,1.04,2026-05-16,1529,Terra,MODIS,98,6.1NRT,297.66,15.85,N
22.2683,77.00865,311.72,1.01,1,2026-05-16,1529,Terra,MODIS,70,6.1NRT,299.42,7.34,N
22.6569,79.88471,313.65,1.14,1.06,2026-05-16,1529,Terra,MODIS,82,6.1NRT,297.86,11.33,N
22.47532,77.24878,322.61,1,1,2026-05-16,1529,Terra,MODIS,100,6.1NRT,298.45,17.54,N
22.474,77.23933,318.31,1,1,2026-05-16,1529,Terra,MODIS,95,6.1NRT,297.83,13.41,N
22.44428,76.94755,315.48,1.01,1.01,2026-05-16,1529,Terra,MODIS,86,6.1NRT,300.6,10.07,N
22.44292,76.93803,315.4,1.01,1.01,2026-05-16,1529,Terra,MODIS,86,6.1NRT,299.96,9.94,N
23.16306,82.34139,307.62,1.62,1.25,2026-05-16,1529,Terra,MODIS,68,6.1NRT,294.82,8.48,N
22.89419,79.64727,311.05,1.12,1.05,2026-05-16,1529,Terra,MODIS,75,6.1NRT,300.42,6.96,N
22.90103,79.47554,315.28,1.1,1.04,2026-05-16,1529,Terra,MODIS,88,6.1NRT,299.31,11.3,N
22.66682,76.77088,312.31,1.02,1.01,2026-05-16,1529,Terra,MODIS,72,6.1NRT,302.13,6,N
22.77463,77.26174,310.55,1,1,2026-05-16,1529,Terra,MODIS,63,6.1NRT,298.55,6.27,N
22.76363,76.99212,315.36,1.01,1,2026-05-16,1529,Terra,MODIS,85,6.1NRT,301.92,8.02,N
22.76228,76.98262,322.64,1.01,1,2026-05-16,1529,Terra,MODIS,100,6.1NRT,301.86,14.98,N
23.21092,76.95476,314.79,1.01,1,2026-05-16,1529,Terra,MODIS,83,6.1NRT,301.92,8.19,N
23.20958,76.94524,313.39,1.01,1,2026-05-16,1529,Terra,MODIS,77,6.1NRT,301.86,7.12,N
23.51705,78.89204,310.17,1.06,1.03,2026-05-16,1529,Terra,MODIS,67,6.1NRT,297.01,6.65,N
23.50664,78.81169,311.75,1.05,1.02,2026-05-16,1529,Terra,MODIS,74,6.1NRT,299.36,7.01,N
23.50535,78.8017,310.2,1.05,1.02,2026-05-16,1529,Terra,MODIS,66,6.1NRT,298.68,5.97,N
23.51562,78.81032,312.33,1.05,1.02,2026-05-16,1529,Terra,MODIS,76,6.1NRT,298.91,7.72,N
23.51432,78.80033,312.71,1.05,1.02,2026-05-16,1529,Terra,MODIS,78,6.1NRT,298,8.23,N
23.39325,77.80151,317.25,1,1,2026-05-16,1529,Terra,MODIS,92,6.1NRT,300.58,10.11,N
23.39559,77.75246,312.09,1,1,2026-05-16,1529,Terra,MODIS,75,6.1NRT,301.66,5.97,N
23.21655,75.90717,313.5,1.06,1.03,2026-05-16,1529,Terra,MODIS,77,6.1NRT,301.74,7.84,N
23.21506,75.89719,324.2,1.06,1.03,2026-05-16,1529,Terra,MODIS,100,6.1NRT,301.99,18.66,N
23.58811,78.23492,314.39,1.02,1.01,2026-05-16,1529,Terra,MODIS,85,6.1NRT,301.26,8.22,N
23.45871,77.08569,318.01,1,1,2026-05-16,1529,Terra,MODIS,94,6.1NRT,301.24,11.1,N
23.41365,76.12024,317.63,1.04,1.02,2026-05-16,1529,Terra,MODIS,93,6.1NRT,302.01,11.09,N
24.03036,79.38341,312.87,1.11,1.05,2026-05-16,1529,Terra,MODIS,79,6.1NRT,298.23,9.01,N
23.66068,76.55326,311.29,1.01,1.01,2026-05-16,1529,Terra,MODIS,66,6.1NRT,300.59,5.67,N
23.52346,75.30392,315.04,1.1,1.05,2026-05-16,1529,Terra,MODIS,83,6.1NRT,301.8,9.21,N
23.55273,75.37337,314.53,1.1,1.04,2026-05-16,1529,Terra,MODIS,81,6.1NRT,302.08,9.23,N
23.77804,76.27267,313.61,1.03,1.01,2026-05-16,1529,Terra,MODIS,77,6.1NRT,301.47,7.44,N
23.77859,75.77052,313.27,1.06,1.03,2026-05-16,1529,Terra,MODIS,75,6.1NRT,301.98,7.53,N
24.22082,78.21078,312.82,1.03,1.01,2026-05-16,1529,Terra,MODIS,77,6.1NRT,299.48,7.52,N
24.18422,77.38303,313.49,1,1,2026-05-16,1529,Terra,MODIS,79,6.1NRT,301.09,7.42,N
24.19563,77.20541,316.02,1,1,2026-05-16,1529,Terra,MODIS,88,6.1NRT,299.83,10.25,N
24.68446,80.74913,309.84,1.33,1.14,2026-05-16,1529,Terra,MODIS,65,6.1NRT,297.61,8.23,N
24.23185,74.78551,315.89,1.14,1.06,2026-05-16,1529,Terra,MODIS,86,6.1NRT,300.81,10.36,N
24.23018,74.77455,315.7,1.14,1.07,2026-05-16,1529,Terra,MODIS,85,6.1NRT,300.94,10.28,N
24.41022,75.78884,314.13,1.04,1.02,2026-05-16,1529,Terra,MODIS,79,6.1NRT,299.86,8.62,N
24.76168,77.84776,317.69,1.01,1.01,2026-05-16,1529,Terra,MODIS,93,6.1NRT,298.79,11.38,N
24.98222,77.01765,317.72,1,1,2026-05-16,1529,Terra,MODIS,94,6.1NRT,300.18,10.74,N
25.3369,77.66134,313.12,1.01,1.01,2026-05-16,1529,Terra,MODIS,78,6.1NRT,297.94,9.52,N
25.34636,76.85238,309.91,1,1,2026-05-16,1529,Terra,MODIS,48,6.1NRT,299.73,3.76,N
25.79881,78.09785,311.54,1.04,1.02,2026-05-16,1529,Terra,MODIS,79,6.1NRT,298.9,6.03,N
32.86157,74.41663,305.67,1.01,1,2026-05-16,1531,Terra,MODIS,65,6.1NRT,292.2,4.83,N
29.27341,79.87743,301.66,1,1,2026-05-16,2225,Aqua,MODIS,32,6.1NRT,290.58,4.88,N
24.98695,77.01389,307.17,1.05,1.02,2026-05-16,2225,Aqua,MODIS,61,6.1NRT,297.07,5.19,N
22.08552,77.01482,308.55,1.01,1.01,2026-05-16,2227,Aqua,MODIS,69,6.1NRT,296.49,7.02,N
23.16484,82.34131,308.51,1.48,1.2,2026-05-16,2227,Aqua,MODIS,75,6.1NRT,295.5,11.18,N
23.52797,78.04621,335.74,1.53,1.22,2026-05-17,0334,Terra,MODIS,78,6.1NRT,313.62,29.29,D
23.5246,78.03892,337.35,1.53,1.22,2026-05-17,0334,Terra,MODIS,81,6.1NRT,313.18,34.13,D
23.08016,80.08961,338.78,1.14,1.07,2026-05-17,0334,Terra,MODIS,86,6.1NRT,310.69,30.39,D
23.07877,80.10039,330.69,1.14,1.07,2026-05-17,0334,Terra,MODIS,77,6.1NRT,311.11,16.12,D
23.35707,75.75539,327.77,2.22,1.44,2026-05-17,0334,Terra,MODIS,66,6.1NRT,311.81,23.82,D
23.15045,77.30899,330.19,1.69,1.28,2026-05-17,0334,Terra,MODIS,73,6.1NRT,311.71,20.13,D
22.81861,79.67246,327.79,1.19,1.09,2026-05-17,0334,Terra,MODIS,65,6.1NRT,311.61,9.91,D
22.60684,80.33715,323.81,1.1,1.05,2026-05-17,0334,Terra,MODIS,68,6.1NRT,305.65,7.5,D
22.54106,80.1383,321.24,1.12,1.06,2026-05-17,0334,Terra,MODIS,58,6.1NRT,301.35,6.4,D
22.09016,83.11777,319.7,1.02,1.01,2026-05-17,0334,Terra,MODIS,69,6.1NRT,300.21,7.62,D
22.46463,80.36288,324.14,1.1,1.05,2026-05-17,0334,Terra,MODIS,68,6.1NRT,305.41,8.31,D
21.91768,83.34922,321.67,1.03,1.01,2026-05-17,0334,Terra,MODIS,67,6.1NRT,303.47,7.23,D
23.91739,78.22443,328.84,1.5,1.21,2026-05-17,0334,Terra,MODIS,64,6.1NRT,314.15,13.85,D
23.7629,79.20483,328.72,1.3,1.13,2026-05-17,0334,Terra,MODIS,67,6.1NRT,312.07,13.24,D
23.71977,79.05254,330.97,1.32,1.14,2026-05-17,0334,Terra,MODIS,72,6.1NRT,312.5,17.9,D
23.92718,75.76961,326.18,2.25,1.45,2026-05-17,0334,Terra,MODIS,59,6.1NRT,309.03,22.99,D
23.47852,79.1909,325.49,1.29,1.13,2026-05-17,0334,Terra,MODIS,57,6.1NRT,310.91,11.1,D
29.49766,79.41956,312.74,1.49,1.2,2026-05-17,0334,Terra,MODIS,26,6.1NRT,300.84,8.21,D
25.49403,83.59943,322.95,1.01,1,2026-05-17,0334,Terra,MODIS,56,6.1NRT,306.33,6.37,D
25.4926,83.60916,330.65,1.01,1,2026-05-17,0334,Terra,MODIS,75,6.1NRT,307.73,15.35,D
25.87047,80.23943,329.01,1.2,1.09,2026-05-17,0334,Terra,MODIS,69,6.1NRT,310.86,11.63,D
25.33562,83.21622,332.04,1,1,2026-05-17,0334,Terra,MODIS,77,6.1NRT,307.22,17.04,D
25.62544,79.90678,330.74,1.24,1.11,2026-05-17,0334,Terra,MODIS,72,6.1NRT,309.93,15.49,D
25.05864,84.10117,326.04,1.03,1.01,2026-05-17,0334,Terra,MODIS,59,6.1NRT,308.66,7.25,D
25.16228,83.27905,323.86,1,1,2026-05-17,0334,Terra,MODIS,57,6.1NRT,307.47,6.83,D
25.31655,81.2131,324.75,1.08,1.04,2026-05-17,0334,Terra,MODIS,58,6.1NRT,308.2,6.64,D
24.96275,83.38073,328.16,1,1,2026-05-17,0334,Terra,MODIS,73,6.1NRT,307.45,12.7,D
24.86596,82.77009,329.34,1,1,2026-05-17,0334,Terra,MODIS,55,6.1NRT,305.94,14.45,D
25.04558,79.71983,325.8,1.25,1.11,2026-05-17,0334,Terra,MODIS,66,6.1NRT,308.21,10.28,D
24.86902,79.74377,327.31,1.24,1.11,2026-05-17,0334,Terra,MODIS,71,6.1NRT,307.04,13.42,D
23.77669,86.20625,316.72,1.31,1.13,2026-05-17,0334,Terra,MODIS,65,6.1NRT,298.37,10.44,D
23.77501,86.21278,315.56,1.31,1.14,2026-05-17,0334,Terra,MODIS,56,6.1NRT,297.4,9.39,D
24.50729,80.85295,320.03,1.1,1.04,2026-05-17,0334,Terra,MODIS,38,6.1NRT,302.29,7.06,D
24.19436,79.84434,326.94,1.21,1.09,2026-05-17,0334,Terra,MODIS,68,6.1NRT,306.19,13.03,D
22.26103,76.88526,327.78,1.77,1.3,2026-05-17,0336,Terra,MODIS,62,6.1NRT,309.03,21.1,D
16.27246,80.76064,317.74,1,1,2026-05-17,0336,Terra,MODIS,46,6.1NRT,298.55,6.42,D
16.74965,78.26037,322.65,1.21,1.1,2026-05-17,0336,Terra,MODIS,65,6.1NRT,301.83,8.22,D
16.85672,78.77972,323.42,1.14,1.07,2026-05-17,0336,Terra,MODIS,70,6.1NRT,298.25,10.85,D
16.7459,81.00849,314.41,1,1,2026-05-17,0336,Terra,MODIS,55,6.1NRT,293.51,6.06,D
16.73177,81.48203,315.99,1,1,2026-05-17,0336,Terra,MODIS,54,6.1NRT,296.51,6.48,D
16.74846,82.07336,318.64,1.03,1.01,2026-05-17,0336,Terra,MODIS,66,6.1NRT,292.7,9.93,D
17.35637,78.98566,323.62,1.13,1.06,2026-05-17,0336,Terra,MODIS,70,6.1NRT,299.97,10.4,D
21.15591,82.80698,320.33,1.01,1.01,2026-05-17,0336,Terra,MODIS,56,6.1NRT,302.64,8.18,D
20.72654,79.65417,317.77,1.14,1.06,2026-05-17,0336,Terra,MODIS,51,6.1NRT,296.1,6.95,D
20.38684,79.65597,321.69,1.13,1.06,2026-05-17,0336,Terra,MODIS,51,6.1NRT,297.95,10.2,D
20.2436,80.51992,316.14,1.05,1.02,2026-05-17,0336,Terra,MODIS,36,6.1NRT,295.37,5.52,D
20.16615,80.75474,322.11,1.03,1.01,2026-05-17,0336,Terra,MODIS,70,6.1NRT,299.55,9.71,D
19.09806,82.16833,316.56,1.01,1,2026-05-17,0336,Terra,MODIS,65,6.1NRT,300.16,7.48,D
19.6057,78.18424,330.46,1.33,1.14,2026-05-17,0336,Terra,MODIS,74,6.1NRT,307.3,20.59,D
19.24805,80.11576,320.88,1.06,1.03,2026-05-17,0336,Terra,MODIS,62,6.1NRT,298.6,8.66,D
18.89263,82.37153,316.06,1.02,1.01,2026-05-17,0336,Terra,MODIS,64,6.1NRT,299.49,4.62,D
19.44375,78.17561,328.82,1.32,1.14,2026-05-17,0336,Terra,MODIS,68,6.1NRT,306.86,18.27,D
19.44221,78.18803,329.72,1.32,1.14,2026-05-17,0336,Terra,MODIS,74,6.1NRT,306.69,19.64,D
19.03436,79.925,322.83,1.07,1.03,2026-05-17,0336,Terra,MODIS,0,6.1NRT,301.91,7.21,D
19.14536,78.02943,327.35,1.34,1.15,2026-05-17,0336,Terra,MODIS,64,6.1NRT,307.54,11.83,D
19.08209,78.21313,325.17,1.3,1.13,2026-05-17,0336,Terra,MODIS,67,6.1NRT,305.37,14.55,D
19.04587,78.00964,327.05,1.34,1.15,2026-05-17,0336,Terra,MODIS,71,6.1NRT,305.14,16.48,D
18.74812,78.74863,322.77,1.2,1.09,2026-05-17,0336,Terra,MODIS,61,6.1NRT,303.65,8.95,D
18.71019,78.96619,319.16,1.17,1.08,2026-05-17,0336,Terra,MODIS,34,6.1NRT,300.35,6.5,D
18.60055,79.24672,323.08,1.13,1.06,2026-05-17,0336,Terra,MODIS,63,6.1NRT,301.66,10.8,D
18.59566,79.13934,324.2,1.14,1.07,2026-05-17,0336,Terra,MODIS,66,6.1NRT,303.33,10.34,D
18.68719,78.35213,325.18,1.26,1.12,2026-05-17,0336,Terra,MODIS,67,6.1NRT,305.4,11.25,D
18.59641,78.91128,330.69,1.17,1.08,2026-05-17,0336,Terra,MODIS,77,6.1NRT,302.81,20.97,D
18.52571,79.38377,324.79,1.11,1.05,2026-05-17,0336,Terra,MODIS,68,6.1NRT,301.75,11.49,D
18.55798,78.41136,324.45,1.25,1.11,2026-05-17,0336,Terra,MODIS,65,6.1NRT,304.75,9.69,D
18.46174,79.16811,322.15,1.14,1.06,2026-05-17,0336,Terra,MODIS,60,6.1NRT,302.41,8.72,D
18.39881,79.64864,321.01,1.08,1.04,2026-05-17,0336,Terra,MODIS,59,6.1NRT,301.41,6.69,D
18.47425,78.92106,323.77,1.17,1.08,2026-05-17,0336,Terra,MODIS,61,6.1NRT,302.46,9.39,D
18.29498,79.66795,322.22,1.08,1.04,2026-05-17,0336,Terra,MODIS,63,6.1NRT,301.16,7.89,D
18.23029,80.01223,320.41,1.05,1.02,2026-05-17,0336,Terra,MODIS,60,6.1NRT,300.88,7.49,D
18.42566,77.99682,333.13,1.32,1.14,2026-05-17,0336,Terra,MODIS,75,6.1NRT,305.71,26.48,D
18.17264,79.82556,322.29,1.06,1.03,2026-05-17,0336,Terra,MODIS,65,6.1NRT,299.66,9.65,D
18.14245,79.91417,319.6,1.06,1.03,2026-05-17,0336,Terra,MODIS,57,6.1NRT,300.26,7.39,D
18.17468,78.76711,319.95,1.18,1.08,2026-05-17,0336,Terra,MODIS,44,6.1NRT,301.26,6.31,D
18.04574,79.67455,322.39,1.07,1.03,2026-05-17,0336,Terra,MODIS,65,6.1NRT,301.36,8.6,D
18.04442,79.68442,321.58,1.07,1.03,2026-05-17,0336,Terra,MODIS,63,6.1NRT,301.69,7.58,D
18.0158,79.69042,325.15,1.07,1.03,2026-05-17,0336,Terra,MODIS,71,6.1NRT,300.92,10.87,D
17.94439,79.74392,324.79,1.07,1.03,2026-05-17,0336,Terra,MODIS,71,6.1NRT,300.78,12.07,D
17.90176,79.6516,319.68,1.07,1.03,2026-05-17,0336,Terra,MODIS,58,6.1NRT,299.97,5.84,D
17.738,80.44783,327.89,1.02,1.01,2026-05-17,0336,Terra,MODIS,78,6.1NRT,298.04,18.13,D
17.81453,79.81866,321.16,1.06,1.03,2026-05-17,0336,Terra,MODIS,64,6.1NRT,300.34,9.7,D
17.65424,80.64722,319.12,1.01,1,2026-05-17,0336,Terra,MODIS,68,6.1NRT,297.75,8.79,D
17.28306,80.06572,315.9,1.03,1.02,2026-05-17,0336,Terra,MODIS,51,6.1NRT,286.76,9.15,D
22.55804,76.88876,324.93,1.78,1.31,2026-05-17,0336,Terra,MODIS,61,6.1NRT,307.39,15.42,D
21.74115,83.84129,322.69,1.07,1.03,2026-05-17,0336,Terra,MODIS,72,6.1NRT,301.22,9.34,D
21.74849,83.97261,320.09,1.08,1.04,2026-05-17,0336,Terra,MODIS,69,6.1NRT,300.67,7.47,D
16.54169,78.21956,319.26,1.21,1.1,2026-05-17,0336,Terra,MODIS,30,6.1NRT,298.75,5.49,D
21.95115,79.10155,342.44,1.25,1.11,2026-05-17,0336,Terra,MODIS,89,6.1NRT,310.48,44.7,D
21.94972,79.1133,334.77,1.25,1.11,2026-05-17,0336,Terra,MODIS,82,6.1NRT,309.58,27.13,D
21.07412,85.03812,319.7,1.23,1.1,2026-05-17,0336,Terra,MODIS,68,6.1NRT,302.6,10.18,D
20.96899,85.17988,323.99,1.26,1.11,2026-05-17,0336,Terra,MODIS,13,6.1NRT,300.56,13.54,D
14.63805,78.71582,323.84,1.1,1.05,2026-05-17,0336,Terra,MODIS,61,6.1NRT,304.4,8.93,D
14.92275,79.86644,326.82,1.02,1.01,2026-05-17,0336,Terra,MODIS,74,6.1NRT,300.85,15.01,D
15.40334,77.52827,328.72,1.29,1.13,2026-05-17,0336,Terra,MODIS,76,6.1NRT,300.82,20.11,D
15.37679,78.28734,327.09,1.17,1.08,2026-05-17,0336,Terra,MODIS,74,6.1NRT,301.82,12.63,D
21.74895,82.98724,331.51,1.02,1.01,2026-05-17,0336,Terra,MODIS,82,6.1NRT,302.04,19.1,D
13.36356,79.67661,313.12,1.01,1.01,2026-05-17,0338,Terra,MODIS,35,6.1NRT,293.12,4.56,D
13.82669,77.5595,320.74,1.23,1.1,2026-05-17,0338,Terra,MODIS,67,6.1NRT,301.22,8.88,D
16.12801,80.52348,326.73,3.21,1.7,2026-05-17,0917,Aqua,MODIS,72,6.1NRT,296.87,53.31,D
16.1134,80.52651,329.52,3.21,1.7,2026-05-17,0917,Aqua,MODIS,76,6.1NRT,297.58,69.75,D
16.1189,80.55483,326.54,3.19,1.69,2026-05-17,0917,Aqua,MODIS,71,6.1NRT,296.78,49.7,D
16.12734,80.53058,334.03,3.21,1.7,2026-05-17,0917,Aqua,MODIS,81,6.1NRT,296.96,102.21,D
16.11274,80.53366,331.2,3.21,1.7,2026-05-17,0917,Aqua,MODIS,77,6.1NRT,297.38,78.33,D
19.82565,83.50415,322.01,1.6,1.24,2026-05-17,0920,Aqua,MODIS,70,6.1NRT,299.25,19.4,D
26.41241,79.19238,326.47,2.38,1.49,2026-05-17,0920,Aqua,MODIS,46,6.1NRT,311.27,25.14,D
26.09457,78.0753,331.79,2.91,1.63,2026-05-17,0920,Aqua,MODIS,71,6.1NRT,309.59,59.93,D
26.14083,78.28941,327.19,2.8,1.6,2026-05-17,0920,Aqua,MODIS,54,6.1NRT,310.79,30.33,D
27.22529,83.94576,321.68,1.14,1.06,2026-05-17,0920,Aqua,MODIS,51,6.1NRT,304.85,9.32,D
26.14959,78.29185,325.69,2.8,1.6,2026-05-17,0920,Aqua,MODIS,30,6.1NRT,309.78,21.66,D
26.09103,78.08093,331.55,2.91,1.63,2026-05-17,0920,Aqua,MODIS,70,6.1NRT,309.1,61.7,D
26.08296,78.11221,326.85,2.9,1.62,2026-05-17,0920,Aqua,MODIS,36,6.1NRT,310.13,35.88,D
25.97783,78.05905,340.5,2.94,1.63,2026-05-17,0920,Aqua,MODIS,84,6.1NRT,307.97,122.11,D
26.12757,79.10915,327.38,2.45,1.51,2026-05-17,0920,Aqua,MODIS,41,6.1NRT,309.43,29.5,D
26.13067,79.11294,332.18,2.45,1.51,2026-05-17,0920,Aqua,MODIS,72,6.1NRT,310.38,52.75,D
25.76009,85.67447,320.42,1.03,1.01,2026-05-17,0920,Aqua,MODIS,52,6.1NRT,307.18,6.83,D
25.28366,84.50246,329.89,1.14,1.06,2026-05-17,0920,Aqua,MODIS,67,6.1NRT,315.35,10.45,D
25.3863,85.42225,327.37,1.05,1.02,2026-05-17,0920,Aqua,MODIS,64,6.1NRT,312.26,10.83,D
25.18287,84.27843,331.15,1.17,1.08,2026-05-17,0920,Aqua,MODIS,69,6.1NRT,317.08,11.72,D
24.4972,80.83544,335.69,2,1.38,2026-05-17,0920,Aqua,MODIS,78,6.1NRT,312.43,45.85,D
25.03146,87.37322,322.84,1,1,2026-05-17,0920,Aqua,MODIS,65,6.1NRT,306.43,8.66,D
23.46375,79.17986,337.25,2.79,1.6,2026-05-17,0920,Aqua,MODIS,81,6.1NRT,309.29,96.58,D
23.46901,79.2053,348.61,2.78,1.59,2026-05-17,0920,Aqua,MODIS,92,6.1NRT,309.23,181.22,D
23.45002,79.18297,332.57,2.79,1.6,2026-05-17,0920,Aqua,MODIS,69,6.1NRT,307.48,65.98,D
23.47158,79.18469,331.05,2.79,1.6,2026-05-17,0920,Aqua,MODIS,49,6.1NRT,308.54,54.74,D
23.45788,79.18792,353.67,2.79,1.6,2026-05-17,0920,Aqua,MODIS,96,6.1NRT,309.92,236.61,D
23.46297,79.21342,342.02,2.78,1.59,2026-05-17,0920,Aqua,MODIS,87,6.1NRT,308.37,127.01,D
23.80445,86.32757,319.48,1.02,1.01,2026-05-17,0920,Aqua,MODIS,57,6.1NRT,300.81,7.19,D
23.77456,86.21025,321.56,1.03,1.01,2026-05-17,0920,Aqua,MODIS,61,6.1NRT,299.48,10.6,D
23.77482,86.38915,325.48,1.02,1.01,2026-05-17,0920,Aqua,MODIS,66,6.1NRT,301.99,9.9,D
23.75876,86.40199,325.46,1.02,1.01,2026-05-17,0920,Aqua,MODIS,55,6.1NRT,301.58,9.96,D
22.30299,79.86154,324.76,2.64,1.56,2026-05-17,0920,Aqua,MODIS,35,6.1NRT,296.83,25.46,D
22.37343,87.27464,312.18,1,1,2026-05-17,0920,Aqua,MODIS,33,6.1NRT,287.74,4.49,D
20.93839,81.96256,326.36,1.96,1.37,2026-05-17,0920,Aqua,MODIS,69,6.1NRT,301.66,24.42,D
20.94175,81.98048,330.19,1.96,1.37,2026-05-17,0920,Aqua,MODIS,76,6.1NRT,301.51,36.76,D
20.9329,81.96858,323.87,1.96,1.37,2026-05-17,0920,Aqua,MODIS,60,6.1NRT,301.14,18.2,D
20.96736,85.17414,328.73,1.2,1.09,2026-05-17,0920,Aqua,MODIS,68,6.1NRT,303.1,16.53,D
20.95973,85.18699,325.08,1.2,1.09,2026-05-17,0920,Aqua,MODIS,61,6.1NRT,303.71,12.05,D
20.96299,86.00462,322.47,1.1,1.05,2026-05-17,0920,Aqua,MODIS,67,6.1NRT,298.46,10.08,D
19.82821,83.51855,317.39,1.59,1.24,2026-05-17,0920,Aqua,MODIS,57,6.1NRT,299.34,11.57,D
19.63585,82.96695,320.5,1.76,1.3,2026-05-17,0920,Aqua,MODIS,67,6.1NRT,301.13,20.58,D
19.76654,83.9792,315.51,1.48,1.2,2026-05-17,0920,Aqua,MODIS,53,6.1NRT,296.29,11.93,D
19.76904,83.99382,316.53,1.48,1.2,2026-05-17,0920,Aqua,MODIS,58,6.1NRT,295.91,13.34,D
18.08945,79.73425,320.2,3.35,1.73,2026-05-17,0920,Aqua,MODIS,59,6.1NRT,293.14,35.79,D
17.63008,80.22674,316.92,3.14,1.68,2026-05-17,0920,Aqua,MODIS,40,6.1NRT,285.83,31.21,D
17.62926,80.23154,317.22,3.14,1.68,2026-05-17,0920,Aqua,MODIS,44,6.1NRT,285.57,32.89,D
17.08074,79.94837,319.68,3.39,1.74,2026-05-17,0920,Aqua,MODIS,54,6.1NRT,289.97,36.53,D
17.08225,79.95528,318.18,3.39,1.74,2026-05-17,0920,Aqua,MODIS,58,6.1NRT,289.93,30.67,D
16.98152,82.0946,319.04,2.32,1.47,2026-05-17,0920,Aqua,MODIS,43,6.1NRT,295.79,22.43,D
16.35068,80.63963,322.04,3.11,1.67,2026-05-17,0920,Aqua,MODIS,49,6.1NRT,293.57,39.17,D
16.3091,80.73354,321.67,3.06,1.66,2026-05-17,0920,Aqua,MODIS,52,6.1NRT,295.35,27.66,D
27.77185,74.49509,328.53,4.75,1.99,2026-05-17,0922,Aqua,MODIS,70,6.1NRT,305.2,67.15,D
27.7736,74.49127,328.22,4.75,1.99,2026-05-17,0922,Aqua,MODIS,70,6.1NRT,305.34,64.44,D
29.25568,79.87888,315.84,1.83,1.33,2026-05-17,0922,Aqua,MODIS,59,6.1NRT,299.78,19.49,D
29.2524,79.86201,313.97,1.84,1.33,2026-05-17,0922,Aqua,MODIS,49,6.1NRT,299.31,15.71,D
29.8737,79.87881,315.4,1.78,1.31,2026-05-17,0922,Aqua,MODIS,63,6.1NRT,302.63,15.56,D
30.93874,75.22395,325.56,3.49,1.76,2026-05-17,0922,Aqua,MODIS,77,6.1NRT,304.45,44.9,D
30.96637,75.01778,325.85,3.6,1.78,2026-05-17,0922,Aqua,MODIS,73,6.1NRT,307.53,44.04,D
31.02874,74.9555,324.63,3.62,1.78,2026-05-17,0922,Aqua,MODIS,76,6.1NRT,308.3,45.1,D
32.71292,74.70236,323.04,3.39,1.74,2026-05-17,0922,Aqua,MODIS,77,6.1NRT,308.09,39.3,D
22.6529,72.03978,331.05,3.37,1.73,2026-05-17,1058,Aqua,MODIS,69,6.1NRT,308.28,60.07,D
22.64999,72.03488,329.32,3.37,1.73,2026-05-17,1058,Aqua,MODIS,65,6.1NRT,308.26,43.13,D
21.77505,70.84319,314.14,1.22,1.1,2026-05-17,1607,Terra,MODIS,80,6.1NRT,302.6,9.74,N
32.25539,76.16572,319.83,1.03,1.01,2026-05-18,0412,Terra,MODIS,70,6.1NRT,301.98,11.85,D
32.25377,76.17644,313.14,1.03,1.02,2026-05-18,0412,Terra,MODIS,51,6.1NRT,302.97,6.16,D
32.04519,75.77991,322.44,1.02,1.01,2026-05-18,0412,Terra,MODIS,68,6.1NRT,308.95,6.72,D
32.04642,74.95512,322.48,1,1,2026-05-18,0412,Terra,MODIS,43,6.1NRT,308.82,5.41,D
32.04501,74.90201,324.02,1,1,2026-05-18,0412,Terra,MODIS,0,6.1NRT,310.81,7.4,D
31.76187,76.48444,314.41,1.06,1.03,2026-05-18,0412,Terra,MODIS,58,6.1NRT,303.41,6.14,D
31.40872,75.27911,326.2,1.01,1,2026-05-18,0412,Terra,MODIS,68,6.1NRT,310.17,8.44,D
31.19814,75.99502,330.42,1.04,1.02,2026-05-18,0412,Terra,MODIS,78,6.1NRT,312.91,15.01,D
31.14221,75.82121,334.48,1.03,1.01,2026-05-18,0412,Terra,MODIS,82,6.1NRT,314.01,17.34,D
31.06232,76.15754,327.34,1.05,1.02,2026-05-18,0412,Terra,MODIS,74,6.1NRT,311.31,9.33,D
31.02583,76.09518,325.45,1.05,1.02,2026-05-18,0412,Terra,MODIS,70,6.1NRT,311.43,7.5,D
31.04112,75.80981,328.72,1.03,1.01,2026-05-18,0412,Terra,MODIS,73,6.1NRT,313.76,10.94,D
31.04125,75.62737,327.18,1.02,1.01,2026-05-18,0412,Terra,MODIS,69,6.1NRT,313.14,7.14,D
30.41288,78.43536,312.97,1.35,1.15,2026-05-18,0412,Terra,MODIS,62,6.1NRT,300.32,9.48,D
30.45684,77.88039,324.34,1.25,1.11,2026-05-18,0412,Terra,MODIS,76,6.1NRT,305.65,18.71,D
30.27432,78.3399,312.17,1.34,1.15,2026-05-18,0412,Terra,MODIS,51,6.1NRT,298.01,11.32,D
30.77946,74.83441,331.78,1,1,2026-05-18,0412,Terra,MODIS,76,6.1NRT,313.99,11.3,D
30.30345,77.80775,318.2,1.25,1.11,2026-05-18,0412,Terra,MODIS,60,6.1NRT,303.55,11.17,D
30.1308,78.68526,319.95,1.41,1.17,2026-05-18,0412,Terra,MODIS,73,6.1NRT,301.1,19.34,D
30.48858,73.96371,331.1,1.01,1,2026-05-18,0412,Terra,MODIS,75,6.1NRT,310.19,15.13,D
30.00482,76.22664,328.3,1.08,1.04,2026-05-18,0412,Terra,MODIS,69,6.1NRT,314.36,8.6,D
30.12554,74.57337,335.42,1,1,2026-05-18,0412,Terra,MODIS,80,6.1NRT,312.81,18.78,D
29.76707,75.60806,326.99,1.04,1.02,2026-05-18,0412,Terra,MODIS,62,6.1NRT,310.81,8.52,D
29.27106,74.28076,333.98,1,1,2026-05-18,0414,Terra,MODIS,75,6.1NRT,314.84,15.4,D
25.86432,80.25101,330.23,2.19,1.43,2026-05-18,0414,Terra,MODIS,72,6.1NRT,312.82,31.38,D
26.32641,77.53237,340.93,1.4,1.17,2026-05-18,0414,Terra,MODIS,85,6.1NRT,312.94,38.43,D
26.31932,77.52502,331.24,1.4,1.17,2026-05-18,0414,Terra,MODIS,71,6.1NRT,312.47,16.45,D
26.26544,77.34817,333.77,1.36,1.16,2026-05-18,0414,Terra,MODIS,76,6.1NRT,312.74,22.22,D
25.95437,78.06238,331.73,1.53,1.22,2026-05-18,0414,Terra,MODIS,71,6.1NRT,314.23,17.66,D
24.53753,80.71959,331.78,2.53,1.53,2026-05-18,0414,Terra,MODIS,77,6.1NRT,309.12,49.95,D
24.53281,80.74348,327.64,2.54,1.53,2026-05-18,0414,Terra,MODIS,69,6.1NRT,308.71,30.71,D
24.54278,80.71414,327.3,2.53,1.53,2026-05-18,0414,Terra,MODIS,68,6.1NRT,309.21,26.27,D
24.53823,80.73809,331.55,2.54,1.53,2026-05-18,0414,Terra,MODIS,76,6.1NRT,309.27,47.51,D
24.70897,78.0061,329.05,1.6,1.25,2026-05-18,0414,Terra,MODIS,65,6.1NRT,312.1,18,D
24.61405,77.74034,327.9,1.55,1.23,2026-05-18,0414,Terra,MODIS,60,6.1NRT,312.15,13.4,D
24.53906,76.46117,325.27,1.29,1.13,2026-05-18,0414,Terra,MODIS,42,6.1NRT,307.66,9.08,D
24.46338,74.04041,328.45,1.03,1.01,2026-05-18,0414,Terra,MODIS,67,6.1NRT,314.31,9.36,D
24.42325,73.8828,328.06,1.02,1.01,2026-05-18,0414,Terra,MODIS,66,6.1NRT,314.02,9.2,D
23.446,77.737,330.46,1.62,1.25,2026-05-18,0414,Terra,MODIS,70,6.1NRT,314.48,17.81,D
23.26327,76.95783,329.62,1.45,1.19,2026-05-18,0414,Terra,MODIS,69,6.1NRT,315.14,12.92,D
23.44106,75.62138,330.51,1.2,1.09,2026-05-18,0414,Terra,MODIS,68,6.1NRT,311.38,17.14,D
23.01937,76.37498,328.65,1.35,1.15,2026-05-18,0414,Terra,MODIS,67,6.1NRT,313.13,13.64,D
22.00619,79.18073,328.77,2.21,1.44,2026-05-18,0414,Terra,MODIS,75,6.1NRT,309.85,33.72,D
22.08801,76.88372,345.05,1.5,1.21,2026-05-18,0414,Terra,MODIS,90,6.1NRT,309.63,64.38,D
21.86657,76.55241,328.99,1.44,1.19,2026-05-18,0414,Terra,MODIS,70,6.1NRT,311.45,15.39,D
20.08842,75.73964,326.61,1.37,1.16,2026-05-18,0414,Terra,MODIS,61,6.1NRT,309.69,12.85,D
19.50839,78.58078,324.95,2.24,1.45,2026-05-18,0414,Terra,MODIS,66,6.1NRT,304.03,22.89,D
19.50468,78.60141,328.76,2.25,1.45,2026-05-18,0414,Terra,MODIS,74,6.1NRT,303.86,38.21,D
18.84623,78.94593,319.7,2.47,1.51,2026-05-18,0414,Terra,MODIS,50,6.1NRT,297.25,19.75,D
18.21683,77.75058,322.58,2.06,1.4,2026-05-18,0417,Terra,MODIS,63,6.1NRT,298.31,16.03,D
17.7435,78.17413,323.75,2.27,1.46,2026-05-18,0417,Terra,MODIS,68,6.1NRT,296.92,31.97,D
17.68301,75.8693,321.09,1.53,1.22,2026-05-18,0417,Terra,MODIS,55,6.1NRT,300.38,12.36,D
12.73946,79.55114,327.34,1.02,1.01,2026-05-18,0954,Aqua,MODIS,69,6.1NRT,302.25,11.09,D
13.14475,79.84864,328.85,1,1,2026-05-18,0954,Aqua,MODIS,75,6.1NRT,299.29,16.25,D
14.64968,78.10507,332.09,1.09,1.04,2026-05-18,0954,Aqua,MODIS,70,6.1NRT,307.61,11.98,D
15.94144,80.18935,325.73,1.01,1,2026-05-18,0954,Aqua,MODIS,63,6.1NRT,299.26,8.94,D
16.07927,80.8218,327.11,1.04,1.02,2026-05-18,0954,Aqua,MODIS,68,6.1NRT,301.36,12.2,D
16.1633,80.57413,325.17,1.03,1.01,2026-05-18,0954,Aqua,MODIS,51,6.1NRT,304.65,6.5,D
16.16199,80.56486,327.3,1.03,1.01,2026-05-18,0954,Aqua,MODIS,64,6.1NRT,306.27,8.61,D
16.32101,80.64783,354.98,1.03,1.02,2026-05-18,0954,Aqua,MODIS,97,6.1NRT,306.52,58.28,D
16.31968,80.6385,352.12,1.03,1.02,2026-05-18,0954,Aqua,MODIS,95,6.1NRT,306.92,52.08,D
16.33157,80.65002,341.8,1.03,1.02,2026-05-18,0954,Aqua,MODIS,88,6.1NRT,305,30.5,D
16.33026,80.64068,366.62,1.03,1.02,2026-05-18,0954,Aqua,MODIS,100,6.1NRT,306.55,93.55,D
16.32895,80.63134,333.7,1.03,1.02,2026-05-18,0954,Aqua,MODIS,72,6.1NRT,303.74,19.43,D
16.34043,80.64866,331.79,1.03,1.02,2026-05-18,0954,Aqua,MODIS,78,6.1NRT,302.64,15.5,D
16.33912,80.63931,365.18,1.03,1.02,2026-05-18,0954,Aqua,MODIS,100,6.1NRT,304.72,90.37,D
16.34798,80.63795,381.75,1.03,1.02,2026-05-18,0954,Aqua,MODIS,100,6.1NRT,303.28,155.12,D
16.07967,78.30872,333.84,1.04,1.02,2026-05-18,0954,Aqua,MODIS,58,6.1NRT,305.48,19.98,D
16.77439,81.91205,321.58,1.17,1.08,2026-05-18,0954,Aqua,MODIS,59,6.1NRT,301.55,7.72,D
16.81333,81.8671,323.34,1.16,1.07,2026-05-18,0954,Aqua,MODIS,63,6.1NRT,299.16,10.66,D
16.81191,81.85655,322.09,1.16,1.07,2026-05-18,0954,Aqua,MODIS,45,6.1NRT,300.87,8.43,D
16.31258,78.3826,333.47,1.04,1.02,2026-05-18,0954,Aqua,MODIS,76,6.1NRT,309.47,16.88,D
12.12483,79.69395,338.78,1.02,1.01,2026-05-18,0954,Aqua,MODIS,87,6.1NRT,296.51,32.84,D
12.63881,80.11959,321.41,1,1,2026-05-18,0954,Aqua,MODIS,0,6.1NRT,297.5,11.6,D
16.80565,81.74008,320.13,1.15,1.07,2026-05-18,0954,Aqua,MODIS,0,6.1NRT,300.02,8.37,D
16.83639,81.89605,327.09,1.17,1.08,2026-05-18,0954,Aqua,MODIS,74,6.1NRT,299.89,17.41,D
16.88446,82.10788,319.34,1.2,1.09,2026-05-18,0954,Aqua,MODIS,53,6.1NRT,301.03,8.39,D
18.53483,78.89075,328.41,1,1,2026-05-18,0956,Aqua,MODIS,67,6.1NRT,308.15,6.89,D
24.28917,77.76468,342.62,1,1,2026-05-18,0956,Aqua,MODIS,74,6.1NRT,312.12,27.96,D
24.62513,80.57301,334.71,1.22,1.1,2026-05-18,0956,Aqua,MODIS,72,6.1NRT,318.47,14.34,D
24.48373,80.52408,332.47,1.21,1.09,2026-05-18,0956,Aqua,MODIS,68,6.1NRT,317.22,12.69,D
24.48521,80.53564,335.38,1.21,1.1,2026-05-18,0956,Aqua,MODIS,75,6.1NRT,317.6,17.78,D
24.53692,81.10278,338.05,1.31,1.13,2026-05-18,0956,Aqua,MODIS,80,6.1NRT,317.1,26.67,D
24.52702,81.10428,347.71,1.31,1.13,2026-05-18,0956,Aqua,MODIS,91,6.1NRT,317.97,51.35,D
24.52855,81.11674,349.43,1.31,1.14,2026-05-18,0956,Aqua,MODIS,92,6.1NRT,316.61,57.28,D
24.46846,81.04288,333.52,1.29,1.13,2026-05-18,0956,Aqua,MODIS,72,6.1NRT,317.09,16.34,D
24.42972,80.97356,332.38,1.28,1.12,2026-05-18,0956,Aqua,MODIS,55,6.1NRT,317.01,14.05,D
24.39331,81.02312,335.07,1.29,1.13,2026-05-18,0956,Aqua,MODIS,76,6.1NRT,317.13,18.62,D
23.62249,78.14433,343.17,1,1,2026-05-18,0956,Aqua,MODIS,85,6.1NRT,317.57,29.57,D
23.77184,81.27138,330.65,1.31,1.13,2026-05-18,0956,Aqua,MODIS,65,6.1NRT,313.54,16.88,D
23.58033,80.38456,324.79,1.17,1.07,2026-05-18,0956,Aqua,MODIS,9,6.1NRT,309.45,9.6,D
23.1062,81.26298,338,1.28,1.12,2026-05-18,0956,Aqua,MODIS,81,6.1NRT,315.7,30.1,D
22.77032,79.22794,330.9,1.04,1.02,2026-05-18,0956,Aqua,MODIS,61,6.1NRT,317.94,7.5,D
22.80524,79.81181,337.92,1.08,1.04,2026-05-18,0956,Aqua,MODIS,79,6.1NRT,321.49,16.4,D
22.51944,79.01461,334.44,1.02,1.01,2026-05-18,0956,Aqua,MODIS,73,6.1NRT,317.39,11.69,D
22.13248,76.84733,337.67,1.04,1.02,2026-05-18,0956,Aqua,MODIS,80,6.1NRT,319.94,14.58,D
22.11151,77.31164,344.67,1.02,1.01,2026-05-18,0956,Aqua,MODIS,88,6.1NRT,318.33,30.2,D
22.11295,77.32119,352.62,1.02,1.01,2026-05-18,0956,Aqua,MODIS,94,6.1NRT,317.08,46.64,D
21.94188,76.7536,342.99,1.05,1.03,2026-05-18,0956,Aqua,MODIS,85,6.1NRT,321.25,21.74,D
21.77469,77.47366,335.96,1.02,1.01,2026-05-18,0956,Aqua,MODIS,68,6.1NRT,319.94,9.38,D
21.75201,78.00404,334.21,1,1,2026-05-18,0956,Aqua,MODIS,73,6.1NRT,317.1,10.44,D
21.18904,81.45045,328.54,1.24,1.11,2026-05-18,0956,Aqua,MODIS,62,6.1NRT,304.02,18.59,D
20.812,79.10456,348,1.01,1,2026-05-18,0956,Aqua,MODIS,91,6.1NRT,316.42,33.87,D
20.78888,81.27991,327.57,1.2,1.09,2026-05-18,0956,Aqua,MODIS,62,6.1NRT,308.55,9.25,D
20.79034,81.29109,327.74,1.21,1.09,2026-05-18,0956,Aqua,MODIS,63,6.1NRT,308.07,9.59,D
20.78082,81.29251,326.74,1.21,1.09,2026-05-18,0956,Aqua,MODIS,23,6.1NRT,308.8,7.9,D
20.8146,81.55404,330.45,1.25,1.11,2026-05-18,0956,Aqua,MODIS,62,6.1NRT,311.58,14.89,D
20.05584,77.8617,339.99,1.02,1.01,2026-05-18,0956,Aqua,MODIS,81,6.1NRT,320.18,16.44,D
20.04534,79.28905,332.71,1.01,1,2026-05-18,0956,Aqua,MODIS,70,6.1NRT,312.08,12.22,D
19.76536,78.13039,333.93,1.01,1,2026-05-18,0956,Aqua,MODIS,24,6.1NRT,315.75,11.43,D
20.04368,80.60339,328.19,1.1,1.05,2026-05-18,0956,Aqua,MODIS,64,6.1NRT,308.86,10.17,D
20.04505,80.61351,334.12,1.1,1.05,2026-05-18,0956,Aqua,MODIS,77,6.1NRT,309.78,19.31,D
20.01225,80.57717,328.46,1.1,1.04,2026-05-18,0956,Aqua,MODIS,65,6.1NRT,308.77,11.21,D
19.07282,77.97281,331.35,1.02,1.01,2026-05-18,0956,Aqua,MODIS,49,6.1NRT,311.06,10.03,D
18.87514,78.5094,332.95,1,1,2026-05-18,0956,Aqua,MODIS,68,6.1NRT,310.71,12.78,D
18.43645,77.85812,327.83,1.04,1.02,2026-05-18,0956,Aqua,MODIS,62,6.1NRT,303.14,10.5,D
16.98383,82.16586,320.55,1.21,1.09,2026-05-18,0956,Aqua,MODIS,57,6.1NRT,300.09,9.26,D
16.14883,75.3686,323.71,1.49,1.21,2026-05-18,0956,Aqua,MODIS,57,6.1NRT,301,18.44,D
16.81563,79.5098,326.15,1,1,2026-05-18,0956,Aqua,MODIS,60,6.1NRT,306.77,7.79,D
17.19537,81.61514,322.75,1.14,1.06,2026-05-18,0956,Aqua,MODIS,34,6.1NRT,300.98,8.75,D
17.21178,81.69202,323.39,1.15,1.07,2026-05-18,0956,Aqua,MODIS,24,6.1NRT,303.61,8.3,D
17.08598,80.76442,323.73,1.05,1.03,2026-05-18,0956,Aqua,MODIS,48,6.1NRT,304.33,9.42,D
17.22995,81.61486,345.95,1.14,1.07,2026-05-18,0956,Aqua,MODIS,92,6.1NRT,303.32,49.96,D
17.22855,81.60448,360.38,1.14,1.06,2026-05-18,0956,Aqua,MODIS,100,6.1NRT,304.22,89.17,D
17.22715,81.59409,330.14,1.14,1.06,2026-05-18,0956,Aqua,MODIS,78,6.1NRT,301.09,18.42,D
17.23924,81.61347,333.61,1.14,1.07,2026-05-18,0956,Aqua,MODIS,74,6.1NRT,300.26,26.2,D
17.23784,81.60309,342.29,1.14,1.06,2026-05-18,0956,Aqua,MODIS,89,6.1NRT,303.65,41.42,D
16.47853,76.49976,326.17,1.24,1.11,2026-05-18,0956,Aqua,MODIS,55,6.1NRT,300.73,13.92,D
17.00625,79.88256,344.56,1.01,1,2026-05-18,0956,Aqua,MODIS,90,6.1NRT,305.21,37.76,D
17.2348,81.17229,324.45,1.09,1.04,2026-05-18,0956,Aqua,MODIS,65,6.1NRT,300.53,12.07,D
17.17386,79.51783,328.37,1,1,2026-05-18,0956,Aqua,MODIS,66,6.1NRT,307.22,10.7,D
17.2837,79.63305,326.39,1,1,2026-05-18,0956,Aqua,MODIS,63,6.1NRT,306.93,7.72,D
17.70991,81.68117,319.99,1.17,1.07,2026-05-18,0956,Aqua,MODIS,57,6.1NRT,300.22,11.25,D
17.43888,79.73595,326.21,1.01,1,2026-05-18,0956,Aqua,MODIS,61,6.1NRT,306.61,7.23,D
17.59307,80.49939,327.41,1.04,1.02,2026-05-18,0956,Aqua,MODIS,46,6.1NRT,307.31,10.52,D
17.58635,80.45205,335.29,1.04,1.02,2026-05-18,0956,Aqua,MODIS,77,6.1NRT,304.64,21.61,D
17.52674,79.58543,326.09,1,1,2026-05-18,0956,Aqua,MODIS,52,6.1NRT,307.71,7.15,D
17.73098,80.23427,331.84,1.03,1.01,2026-05-18,0956,Aqua,MODIS,76,6.1NRT,305.22,18.48,D
17.73848,80.22356,329.32,1.03,1.01,2026-05-18,0956,Aqua,MODIS,71,6.1NRT,307.2,15.24,D
17.72701,79.87838,327.28,1.01,1.01,2026-05-18,0956,Aqua,MODIS,61,6.1NRT,304.59,9.62,D
17.70673,79.67511,335.34,1.01,1,2026-05-18,0956,Aqua,MODIS,80,6.1NRT,309.31,18.33,D
17.94726,80.78367,327.92,1.07,1.03,2026-05-18,0956,Aqua,MODIS,63,6.1NRT,309.31,11.04,D
17.66509,77.85118,331.1,1.05,1.02,2026-05-18,0956,Aqua,MODIS,65,6.1NRT,308.01,12.21,D
17.97808,79.75359,344.91,1.01,1,2026-05-18,0956,Aqua,MODIS,90,6.1NRT,309.44,35,D
18.13443,80.6036,333.42,1.06,1.03,2026-05-18,0956,Aqua,MODIS,79,6.1NRT,304.32,19.66,D
18.08241,79.96754,327.93,1.02,1.01,2026-05-18,0956,Aqua,MODIS,68,6.1NRT,305.97,10.18,D
18.10482,79.93553,339.99,1.02,1.01,2026-05-18,0956,Aqua,MODIS,85,6.1NRT,307.65,28.23,D
18.07132,79.63904,330.7,1.01,1,2026-05-18,0956,Aqua,MODIS,73,6.1NRT,309.91,12.46,D
17.95194,78.58392,327.77,1.01,1,2026-05-18,0956,Aqua,MODIS,61,6.1NRT,307.62,9.85,D
18.20156,79.64915,327.69,1.01,1,2026-05-18,0956,Aqua,MODIS,65,6.1NRT,307.8,8.09,D
18.23298,79.47893,326.59,1,1,2026-05-18,0956,Aqua,MODIS,63,6.1NRT,309.07,8.52,D
18.25459,79.38181,326.79,1,1,2026-05-18,0956,Aqua,MODIS,54,6.1NRT,306.82,9.19,D
18.25325,79.37267,323.42,1,1,2026-05-18,0956,Aqua,MODIS,27,6.1NRT,304.09,5.51,D
18.26197,79.37125,325.89,1,1,2026-05-18,0956,Aqua,MODIS,50,6.1NRT,304.96,7.62,D
18.3065,79.28252,332.04,1,1,2026-05-18,0956,Aqua,MODIS,75,6.1NRT,307.27,14.83,D
18.30517,79.27338,332.04,1,1,2026-05-18,0956,Aqua,MODIS,75,6.1NRT,307.47,14.43,D
18.38504,79.49841,328.73,1.01,1,2026-05-18,0956,Aqua,MODIS,69,6.1NRT,307.44,10.81,D
18.35057,79.26038,323.72,1,1,2026-05-18,0956,Aqua,MODIS,47,6.1NRT,305.54,4.54,D
18.40063,79.42081,326.74,1,1,2026-05-18,0956,Aqua,MODIS,64,6.1NRT,307.29,7.14,D
18.38886,78.82702,328.84,1,1,2026-05-18,0956,Aqua,MODIS,68,6.1NRT,308.68,9.39,D
18.37334,77.81713,342.69,1.04,1.02,2026-05-18,0956,Aqua,MODIS,78,6.1NRT,309.44,32.32,D
27.34168,78.72021,328.48,1.08,1.04,2026-05-18,0958,Aqua,MODIS,64,6.1NRT,315.64,10.73,D
28.78367,80.19114,326.76,1.31,1.14,2026-05-18,0958,Aqua,MODIS,72,6.1NRT,308.88,22.1,D
28.86466,79.44418,324.62,1.2,1.09,2026-05-18,0958,Aqua,MODIS,66,6.1NRT,309.87,8.36,D
29.14161,79.61465,323.12,1.23,1.1,2026-05-18,0958,Aqua,MODIS,39,6.1NRT,306.84,12,D
29.22604,79.12608,324.74,1.17,1.08,2026-05-18,0958,Aqua,MODIS,70,6.1NRT,310.1,9.26,D
28.90008,76.46582,331,1,1,2026-05-18,0958,Aqua,MODIS,64,6.1NRT,316.07,8.62,D
29.31293,79.43507,319.32,1.21,1.1,2026-05-18,0958,Aqua,MODIS,58,6.1NRT,301.6,12.08,D
28.95495,76.44865,330.55,1,1,2026-05-18,0958,Aqua,MODIS,63,6.1NRT,315.57,7.87,D
29.64728,79.24438,318.31,1.2,1.09,2026-05-18,0958,Aqua,MODIS,53,6.1NRT,304.69,8.57,D
29.83958,79.81171,328.82,1.29,1.13,2026-05-18,0958,Aqua,MODIS,80,6.1NRT,305.12,24.51,D
29.90879,79.79638,318.71,1.29,1.13,2026-05-18,0958,Aqua,MODIS,65,6.1NRT,303.66,10.47,D
30.41851,78.56667,332.66,1.14,1.06,2026-05-18,0958,Aqua,MODIS,82,6.1NRT,303.03,28.39,D
30.4395,78.72911,322.38,1.16,1.07,2026-05-18,0958,Aqua,MODIS,70,6.1NRT,304.72,14.5,D
30.29795,77.72647,323.19,1.06,1.03,2026-05-18,0958,Aqua,MODIS,62,6.1NRT,310.4,7.1,D
30.30798,77.80074,328.86,1.06,1.03,2026-05-18,0958,Aqua,MODIS,70,6.1NRT,308.16,15.38,D
30.28473,77.69643,325.9,1.06,1.03,2026-05-18,0958,Aqua,MODIS,69,6.1NRT,311.76,9.87,D
30.30046,77.813,324.62,1.06,1.03,2026-05-18,0958,Aqua,MODIS,53,6.1NRT,307.94,10.26,D
29.94258,75.38751,330.6,1.01,1.01,2026-05-18,0958,Aqua,MODIS,60,6.1NRT,314.07,9.43,D
30.30494,79.11736,326.92,1.2,1.09,2026-05-18,0958,Aqua,MODIS,77,6.1NRT,309.25,16.19,D
30.30067,79.23905,321.32,1.22,1.1,2026-05-18,0958,Aqua,MODIS,69,6.1NRT,305.28,12.76,D
30.22191,78.84017,325.38,1.16,1.07,2026-05-18,0958,Aqua,MODIS,51,6.1NRT,311.56,13.08,D
30.21243,78.84077,322.87,1.16,1.07,2026-05-18,0958,Aqua,MODIS,46,6.1NRT,309.1,9.81,D
30.16359,78.60349,322.79,1.13,1.06,2026-05-18,0958,Aqua,MODIS,63,6.1NRT,310.37,10.36,D
30.11489,78.80211,325.81,1.16,1.07,2026-05-18,0958,Aqua,MODIS,74,6.1NRT,303.34,19.23,D
29.80535,76.77824,330.7,1.01,1,2026-05-18,0958,Aqua,MODIS,70,6.1NRT,314.45,9.64,D
30.01309,79.72874,315.42,1.28,1.12,2026-05-18,0958,Aqua,MODIS,44,6.1NRT,300.46,9.71,D
25.11838,83.77927,331.35,2.03,1.39,2026-05-18,0958,Aqua,MODIS,73,6.1NRT,312.27,26.52,D
23.88782,74.12564,332.04,1.32,1.14,2026-05-18,0958,Aqua,MODIS,61,6.1NRT,313.79,16.28,D
23.88567,74.11312,330.95,1.33,1.14,2026-05-18,0958,Aqua,MODIS,55,6.1NRT,313.02,13.95,D
25.08134,82.31509,339.99,1.59,1.24,2026-05-18,0958,Aqua,MODIS,83,6.1NRT,315.1,42.11,D
25.07956,82.2999,340.88,1.59,1.24,2026-05-18,0958,Aqua,MODIS,84,6.1NRT,315.32,44.7,D
25.28278,83.38236,329.63,1.91,1.35,2026-05-18,0958,Aqua,MODIS,69,6.1NRT,311.32,19.76,D
25.18362,80.96246,334.76,1.31,1.13,2026-05-18,0958,Aqua,MODIS,74,6.1NRT,313.5,21.48,D
25.18209,80.95013,340.96,1.31,1.13,2026-05-18,0958,Aqua,MODIS,84,6.1NRT,314.73,35.14,D
23.41889,69.8156,329.26,2.73,1.58,2026-05-18,0958,Aqua,MODIS,56,6.1NRT,314.82,30.06,D
25.41802,81.12358,332.47,1.35,1.15,2026-05-18,0958,Aqua,MODIS,69,6.1NRT,315.66,16.11,D
25.31162,78.32278,351.62,1.02,1.01,2026-05-18,0958,Aqua,MODIS,93,6.1NRT,317.17,45.46,D
25.31023,78.313,347.97,1.02,1.01,2026-05-18,0958,Aqua,MODIS,90,6.1NRT,317.61,37.86,D
25.61125,80.36514,332.76,1.23,1.1,2026-05-18,0958,Aqua,MODIS,69,6.1NRT,314.41,14.31,D
25.3413,78.321,332.04,1.02,1.01,2026-05-18,0958,Aqua,MODIS,61,6.1NRT,318.28,9.94,D
25.30243,77.91978,334.8,1.01,1,2026-05-18,0958,Aqua,MODIS,56,6.1NRT,318.53,13.05,D
25.73669,81.14426,335.96,1.36,1.16,2026-05-18,0958,Aqua,MODIS,77,6.1NRT,316.99,24.44,D
25.62037,79.90691,336.18,1.16,1.07,2026-05-18,0958,Aqua,MODIS,76,6.1NRT,316.67,17.62,D
25.62974,79.90543,332.42,1.16,1.07,2026-05-18,0958,Aqua,MODIS,58,6.1NRT,316.21,10.61,D
25.43792,77.27298,340.34,1,1,2026-05-18,0958,Aqua,MODIS,80,6.1NRT,321.02,18.62,D
25.72412,77.97001,333,1.01,1.01,2026-05-18,0958,Aqua,MODIS,66,6.1NRT,317.21,10.63,D
26.06101,78.996,331.2,1.08,1.04,2026-05-18,0958,Aqua,MODIS,64,6.1NRT,314.88,10.48,D
26.09149,78.08103,331.2,1.02,1.01,2026-05-18,0958,Aqua,MODIS,62,6.1NRT,316.59,9.61,D
26.21481,77.58721,335.69,1,1,2026-05-18,0958,Aqua,MODIS,74,6.1NRT,315.84,13.15,D
26.42431,78.28938,331.45,1.03,1.02,2026-05-18,0958,Aqua,MODIS,65,6.1NRT,315.5,8.41,D
26.42291,78.2794,335.78,1.03,1.02,2026-05-18,0958,Aqua,MODIS,75,6.1NRT,315.88,14.69,D
29.3811,75.23646,337.04,1.03,1.01,2026-05-18,0958,Aqua,MODIS,75,6.1NRT,315.33,19.11,D
26.72606,80.3013,330.8,1.25,1.11,2026-05-18,0958,Aqua,MODIS,71,6.1NRT,316.56,14.9,D
26.88958,79.56526,325.92,1.16,1.07,2026-05-18,0958,Aqua,MODIS,49,6.1NRT,313.15,7.64,D
27.27914,80.31653,325.64,1.28,1.12,2026-05-18,0958,Aqua,MODIS,61,6.1NRT,312.45,10.5,D
27.5442,82.02801,323.63,1.65,1.26,2026-05-18,0958,Aqua,MODIS,61,6.1NRT,306.05,14.17,D
28.78526,80.20415,334.8,1.31,1.14,2026-05-18,0958,Aqua,MODIS,83,6.1NRT,306.05,37.74,D
30.62006,75.14582,329.99,1.02,1.01,2026-05-18,0958,Aqua,MODIS,62,6.1NRT,313.88,8.89,D
30.62164,75.15601,338.5,1.02,1.01,2026-05-18,0958,Aqua,MODIS,81,6.1NRT,314.21,21.59,D
30.43415,74.44226,330.75,1.06,1.03,2026-05-18,0958,Aqua,MODIS,67,6.1NRT,317.88,8.97,D
30.57853,75.67803,331.75,1,1,2026-05-18,0958,Aqua,MODIS,69,6.1NRT,314.2,11.33,D
30.61585,77.14427,327.1,1.03,1.01,2026-05-18,0958,Aqua,MODIS,71,6.1NRT,312.5,10.97,D
30.04932,74.47331,330.8,1.06,1.03,2026-05-18,0958,Aqua,MODIS,64,6.1NRT,317.56,10.38,D
30.02672,74.67947,328.42,1.05,1.02,2026-05-18,0958,Aqua,MODIS,43,6.1NRT,316.18,6.77,D
30.41829,78.15005,321.92,1.1,1.04,2026-05-18,0958,Aqua,MODIS,66,6.1NRT,303.21,13.6,D
30.3155,77.78848,355.28,1.06,1.03,2026-05-18,0958,Aqua,MODIS,97,6.1NRT,309.18,66.69,D
30.31696,77.79921,367.76,1.06,1.03,2026-05-18,0958,Aqua,MODIS,100,6.1NRT,308.95,105.21,D
31.0698,75.66565,333,1,1,2026-05-18,1000,Aqua,MODIS,75,6.1NRT,316.09,10.17,D
31.75274,76.48553,319.56,1.01,1.01,2026-05-18,1000,Aqua,MODIS,35,6.1NRT,307.23,5.72,D
31.49894,75.69946,339.47,1,1,2026-05-18,1000,Aqua,MODIS,85,6.1NRT,316.84,20.78,D
31.46152,75.74887,331.55,1,1,2026-05-18,1000,Aqua,MODIS,75,6.1NRT,316.04,10.72,D
31.39509,75.74824,330.5,1,1,2026-05-18,1000,Aqua,MODIS,68,6.1NRT,315.27,7.82,D
31.33409,75.77663,330.9,1,1,2026-05-18,1000,Aqua,MODIS,74,6.1NRT,316.47,9.56,D
31.23997,76.26083,333,1,1,2026-05-18,1000,Aqua,MODIS,79,6.1NRT,314.72,14.88,D
30.96634,74.57867,336.69,1.04,1.02,2026-05-18,1000,Aqua,MODIS,80,6.1NRT,316.13,21.62,D
31.12306,75.60268,334.98,1,1,2026-05-18,1000,Aqua,MODIS,78,6.1NRT,317.39,13.82,D
31.1419,75.91105,330.04,1,1,2026-05-18,1000,Aqua,MODIS,70,6.1NRT,315.87,7.73,D
31.76004,76.47358,321.11,1.01,1.01,2026-05-18,1000,Aqua,MODIS,46,6.1NRT,308.42,7.25,D
31.14695,76.19105,341.19,1,1,2026-05-18,1000,Aqua,MODIS,86,6.1NRT,316.22,24.77,D
31.05694,75.69949,335.74,1,1,2026-05-18,1000,Aqua,MODIS,79,6.1NRT,317.49,13.56,D
31.06109,75.93404,335.47,1,1,2026-05-18,1000,Aqua,MODIS,79,6.1NRT,313.73,15.91,D
30.91105,75.05617,334.26,1.02,1.01,2026-05-18,1000,Aqua,MODIS,75,6.1NRT,319.52,10.44,D
30.96543,75.41231,330.55,1.01,1,2026-05-18,1000,Aqua,MODIS,47,6.1NRT,315.99,7.08,D
32.0006,76.21815,325.74,1.01,1,2026-05-18,1000,Aqua,MODIS,70,6.1NRT,310.33,10.81,D
32.25376,76.16927,319.35,1.01,1,2026-05-18,1000,Aqua,MODIS,53,6.1NRT,304,8.07,D
30.9402,76.31339,329.63,1,1,2026-05-18,1000,Aqua,MODIS,61,6.1NRT,316.07,8.95,D
31.00779,76.13734,331.1,1,1,2026-05-18,1000,Aqua,MODIS,74,6.1NRT,315.63,11.15,D
31.02965,76.08583,330.7,1,1,2026-05-18,1000,Aqua,MODIS,72,6.1NRT,316.18,9.43,D
30.91367,75.30799,333.37,1.01,1,2026-05-18,1000,Aqua,MODIS,74,6.1NRT,315.64,13.03,D
30.90231,75.05801,337.46,1.02,1.01,2026-05-18,1000,Aqua,MODIS,80,6.1NRT,320.39,15.5,D
31.0079,75.69537,337.88,1,1,2026-05-18,1000,Aqua,MODIS,61,6.1NRT,317.21,19.81,D
31.49578,74.57851,330.04,1.03,1.01,2026-05-18,1000,Aqua,MODIS,58,6.1NRT,314.37,11.55,D
19.34654,78.26432,308.42,1.68,1.27,2026-05-18,1507,Terra,MODIS,16,6.1NRT,295.63,11.27,N
17.22789,81.60003,307.4,1.13,1.06,2026-05-18,1507,Terra,MODIS,30,6.1NRT,294.52,4.21,N
17.24964,82.18423,312.49,1.07,1.03,2026-05-18,1507,Terra,MODIS,76,6.1NRT,297.53,7.73,N
16.70036,78.28547,307.47,1.88,1.34,2026-05-18,1507,Terra,MODIS,56,6.1NRT,296.92,11.04,N
17.07745,80.28545,312.62,1.34,1.15,2026-05-18,1507,Terra,MODIS,76,6.1NRT,298.88,9.15,N
17.09503,80.20154,312,1.35,1.15,2026-05-18,1507,Terra,MODIS,75,6.1NRT,298.11,9.67,N
17.60646,83.20174,312.73,1.01,1,2026-05-18,1507,Terra,MODIS,77,6.1NRT,297.49,6.99,N
17.36243,80.87894,312.31,1.22,1.1,2026-05-18,1507,Terra,MODIS,77,6.1NRT,297.93,9.41,N
17.36075,80.86777,319.15,1.22,1.1,2026-05-18,1507,Terra,MODIS,97,6.1NRT,298.43,17.21,N
17.36531,80.87269,322.36,1.22,1.1,2026-05-18,1507,Terra,MODIS,100,6.1NRT,298.28,21.52,N
18.04522,79.71201,312.09,1.4,1.17,2026-05-18,1507,Terra,MODIS,83,6.1NRT,298.75,10.66,N
18.04317,79.69922,334.44,1.41,1.17,2026-05-18,1507,Terra,MODIS,100,6.1NRT,299.54,49.57,N
18.14849,79.58167,315.13,1.43,1.18,2026-05-18,1507,Terra,MODIS,89,6.1NRT,299.22,15.38,N
18.48545,78.66278,310.2,1.63,1.26,2026-05-18,1507,Terra,MODIS,66,6.1NRT,298.25,8.5,N
19.08594,77.955,308.53,1.79,1.31,2026-05-18,1507,Terra,MODIS,72,6.1NRT,291.37,9.79,N
19.14926,78.12569,313.86,1.74,1.29,2026-05-18,1507,Terra,MODIS,88,6.1NRT,298.26,15.33,N
19.14813,78.12006,310.67,1.74,1.29,2026-05-18,1507,Terra,MODIS,77,6.1NRT,298.2,10.36,N
19.16644,77.8831,308.73,1.81,1.32,2026-05-18,1507,Terra,MODIS,71,6.1NRT,295.08,8.75,N
16.35646,80.60412,308.63,1.31,1.13,2026-05-18,1507,Terra,MODIS,50,6.1NRT,297.33,6.01,N
15.79091,79.63609,308.11,1.55,1.23,2026-05-18,1507,Terra,MODIS,49,6.1NRT,296.92,7.99,N
19.34641,78.2701,309.83,1.68,1.27,2026-05-18,1507,Terra,MODIS,48,6.1NRT,295.51,14.11,N
24.94674,82.30823,312.97,1,1,2026-05-18,1509,Terra,MODIS,73,6.1NRT,301.41,6.63,N
21.76518,84.01805,305.71,1.04,1.02,2026-05-18,1509,Terra,MODIS,37,6.1NRT,286.61,4.19,N
21.74215,83.84312,305.17,1.03,1.01,2026-05-18,1509,Terra,MODIS,20,6.1NRT,280.84,3.79,N
21.82281,83.89359,310.45,1.03,1.02,2026-05-18,1509,Terra,MODIS,72,6.1NRT,292.83,6.17,N
22.04173,83.73296,309.77,1.03,1.01,2026-05-18,1509,Terra,MODIS,72,6.1NRT,292.48,6.32,N
22.08775,83.11553,312.69,1,1,2026-05-18,1509,Terra,MODIS,80,6.1NRT,299.15,5.62,N
22.03854,77.6926,311.13,1.65,1.26,2026-05-18,1509,Terra,MODIS,72,6.1NRT,297.38,13.73,N
22.3491,79.54469,317.79,1.24,1.11,2026-05-18,1509,Terra,MODIS,94,6.1NRT,299.63,15.9,N
22.04229,77.702,307.59,1.64,1.26,2026-05-18,1509,Terra,MODIS,45,6.1NRT,297.47,9.05,N
22.41033,79.22384,310.4,1.29,1.13,2026-05-18,1509,Terra,MODIS,65,6.1NRT,298.35,8.71,N
23.16275,82.34052,313.47,1,1,2026-05-18,1509,Terra,MODIS,82,6.1NRT,302.01,6.92,N
23.68055,86.39981,305.32,1.42,1.18,2026-05-18,1509,Terra,MODIS,59,6.1NRT,285.74,7.87,N
22.82054,79.47299,315.14,1.23,1.1,2026-05-18,1509,Terra,MODIS,88,6.1NRT,300.5,11.58,N
23.39993,78.66119,312.66,1.34,1.15,2026-05-18,1509,Terra,MODIS,64,6.1NRT,299.89,8.71,N
23.39386,78.62321,310.44,1.35,1.15,2026-05-18,1509,Terra,MODIS,71,6.1NRT,299.4,6.78,N
23.41888,78.15853,313.76,1.44,1.19,2026-05-18,1509,Terra,MODIS,42,6.1NRT,298.43,15.35,N
23.3159,77.22939,313.49,1.68,1.27,2026-05-18,1509,Terra,MODIS,84,6.1NRT,300.3,14.37,N
23.57271,75.83881,306.79,2.09,1.41,2026-05-18,1509,Terra,MODIS,54,6.1NRT,288.95,18.84,N
23.71572,76.19441,314.41,1.95,1.36,2026-05-18,1509,Terra,MODIS,82,6.1NRT,298.44,21.61,N
23.72145,76.18678,309.91,1.95,1.36,2026-05-18,1509,Terra,MODIS,46,6.1NRT,297.72,13.97,N
29.91218,79.79495,307.32,1.02,1.01,2026-05-18,1509,Terra,MODIS,71,6.1NRT,294.99,6.03,N
29.80967,79.0441,305.35,1.07,1.03,2026-05-18,1509,Terra,MODIS,62,6.1NRT,294.14,6.23,N
30.28824,79.21046,306.34,1.05,1.02,2026-05-18,1509,Terra,MODIS,68,6.1NRT,295.79,4.38,N
30.30186,79.2403,309.26,1.05,1.02,2026-05-18,1509,Terra,MODIS,77,6.1NRT,294.76,7.05,N
30.28748,79.14405,307.94,1.05,1.02,2026-05-18,1509,Terra,MODIS,73,6.1NRT,297.42,5.26,N
30.28591,79.13358,307.35,1.05,1.02,2026-05-18,1509,Terra,MODIS,68,6.1NRT,297.14,5.06,N
30.3108,79.23886,341.77,1.05,1.02,2026-05-18,1509,Terra,MODIS,100,6.1NRT,296.02,47.18,N
30.30915,79.22776,310.78,1.05,1.02,2026-05-18,1509,Terra,MODIS,45,6.1NRT,295.42,7.88,N
30.30124,79.17467,307.9,1.05,1.02,2026-05-18,1509,Terra,MODIS,73,6.1NRT,296.99,5.53,N
30.29111,79.04562,313.58,1.06,1.03,2026-05-18,1509,Terra,MODIS,85,6.1NRT,297.4,9.42,N
30.28954,79.03518,314.87,1.06,1.03,2026-05-18,1509,Terra,MODIS,90,6.1NRT,297.08,10.92,N
30.29841,79.03281,307.33,1.06,1.03,2026-05-18,1509,Terra,MODIS,71,6.1NRT,297.25,4.72,N
30.31014,77.81261,312.64,1.18,1.08,2026-05-18,1509,Terra,MODIS,84,6.1NRT,302.49,9.02,N
30.66236,78.3214,310.29,1.11,1.05,2026-05-18,1509,Terra,MODIS,80,6.1NRT,294.94,9.18,N
30.62194,77.14997,314.76,1.26,1.11,2026-05-18,1509,Terra,MODIS,89,6.1NRT,302.95,11.38,N
23.8279,84.57267,301.61,1.02,1.01,2026-05-18,2203,Aqua,MODIS,36,6.1NRT,290.05,3.9,N
20.86685,84.99423,305.99,1.1,1.05,2026-05-18,2203,Aqua,MODIS,38,6.1NRT,292.28,5.81,N
22.08714,83.11945,304.17,1,1,2026-05-18,2203,Aqua,MODIS,22,6.1NRT,286.52,4.42,N
24.29778,77.77123,313.48,1.96,1.37,2026-05-18,2203,Aqua,MODIS,86,6.1NRT,297.85,25.43,N
23.77714,86.21088,310.44,1.15,1.07,2026-05-18,2203,Aqua,MODIS,80,6.1NRT,295.13,9.7,N
23.76489,86.40096,308.6,1.18,1.08,2026-05-18,2203,Aqua,MODIS,32,6.1NRT,293.95,9.06,N
20.96632,85.18681,310.98,1.12,1.05,2026-05-18,2203,Aqua,MODIS,65,6.1NRT,291.01,8.47,N
20.968,85.1765,319.93,1.12,1.05,2026-05-18,2203,Aqua,MODIS,99,6.1NRT,291.87,16.82,N
20.96968,85.16621,308.28,1.11,1.05,2026-05-18,2203,Aqua,MODIS,57,6.1NRT,291.67,5.98,N
20.97135,85.15591,308.29,1.11,1.05,2026-05-18,2203,Aqua,MODIS,41,6.1NRT,291.37,5.71,N
20.96679,86.0106,311.12,1.22,1.1,2026-05-18,2203,Aqua,MODIS,80,6.1NRT,293.79,10.02,N
17.61072,83.20818,309.8,1.02,1.01,2026-05-18,2205,Aqua,MODIS,61,6.1NRT,295.95,5.96,N
17.60269,83.19068,308.77,1.02,1.01,2026-05-18,2205,Aqua,MODIS,75,6.1NRT,295.5,6.01,N
17.95372,80.7853,308.26,1.07,1.03,2026-05-18,2205,Aqua,MODIS,70,6.1NRT,297.16,5.67,N
23.67716,86.09438,323.88,1.06,1.03,2026-05-19,0315,Terra,MODIS,69,6.1NRT,303.38,12.82,D
25.03425,87.37158,314.82,1.01,1,2026-05-19,0315,Terra,MODIS,39,6.1NRT,298.86,4.99,D
25.03291,87.38129,315.66,1.01,1,2026-05-19,0315,Terra,MODIS,48,6.1NRT,298.8,5.97,D
23.80235,86.33067,320.68,1.04,1.02,2026-05-19,0315,Terra,MODIS,52,6.1NRT,304.37,8.25,D
23.7997,86.35056,320.27,1.04,1.02,2026-05-19,0315,Terra,MODIS,47,6.1NRT,303.9,7.61,D
23.66055,87.15717,314.99,1.01,1,2026-05-19,0315,Terra,MODIS,60,6.1NRT,297.92,5.55,D
23.78164,86.20866,323.08,1.05,1.02,2026-05-19,0315,Terra,MODIS,73,6.1NRT,303.46,12.79,D
23.77265,86.20724,316.73,1.05,1.02,2026-05-19,0315,Terra,MODIS,25,6.1NRT,302.24,6.29,D
23.73289,86.43474,322.66,1.04,1.02,2026-05-19,0315,Terra,MODIS,38,6.1NRT,304.21,9.21,D
23.6729,86.39919,317.49,1.04,1.02,2026-05-19,0315,Terra,MODIS,21,6.1NRT,302.36,6.82,D
23.41401,83.61829,319.26,1.39,1.17,2026-05-19,0315,Terra,MODIS,54,6.1NRT,303.98,12.24,D
20.96381,85.17582,327.3,1.08,1.04,2026-05-19,0317,Terra,MODIS,60,6.1NRT,301.96,14.45,D
20.96203,86.0048,317.98,1.02,1.01,2026-05-19,0317,Terra,MODIS,41,6.1NRT,297.44,5.72,D
20.96247,85.18596,323.98,1.08,1.04,2026-05-19,0317,Terra,MODIS,36,6.1NRT,302.19,10.8,D
18.31853,84.01007,321.9,1.15,1.07,2026-05-19,0317,Terra,MODIS,68,6.1NRT,303.06,9.55,D
18.2996,84.08271,318.29,1.14,1.06,2026-05-19,0317,Terra,MODIS,43,6.1NRT,302.08,6.58,D
14.8912,78.11544,317.28,2.69,1.57,2026-05-19,0317,Terra,MODIS,34,6.1NRT,292.77,22.69,D
21.07345,85.04182,319.28,1.1,1.05,2026-05-19,0317,Terra,MODIS,63,6.1NRT,299.87,8.32,D
25.7637,94.6978,311.16,1.13,1.06,2026-05-19,0856,Aqua,MODIS,26,6.1NRT,295.99,5.15,D
23.94097,92.32304,313.95,1.01,1,2026-05-19,0856,Aqua,MODIS,65,6.1NRT,296.51,6.78,D
23.77321,86.2064,319.68,2.15,1.43,2026-05-19,0856,Aqua,MODIS,63,6.1NRT,302.42,23.41,D
24.98338,93.96673,308.21,1.05,1.02,2026-05-19,0856,Aqua,MODIS,32,6.1NRT,293.66,4.13,D
19.9785,83.63311,318.43,4.11,1.88,2026-05-19,0856,Aqua,MODIS,58,6.1NRT,294.61,62.28,D
19.98559,83.62366,316.22,4.11,1.88,2026-05-19,0856,Aqua,MODIS,43,6.1NRT,294.73,45.68,D
30.29348,79.1819,312.89,4.71,1.99,2026-05-19,0900,Aqua,MODIS,30,6.1NRT,297.85,42.51,D
9.32602,77.62945,316.83,2.12,1.41,2026-05-19,1032,Aqua,MODIS,56,6.1NRT,289.86,17.54,D
23.05378,69.07161,335.91,1.01,1,2026-05-19,1034,Aqua,MODIS,80,6.1NRT,309.63,20.47,D
22.90972,72.42873,325.59,1.4,1.17,2026-05-19,1034,Aqua,MODIS,61,6.1NRT,303.02,11.76,D
23.68113,75.71473,335.38,2.49,1.52,2026-05-19,1034,Aqua,MODIS,76,6.1NRT,315.77,50.87,D
22.95745,70.02473,340.3,1.06,1.03,2026-05-19,1034,Aqua,MODIS,87,6.1NRT,313.56,29.91,D
23.05242,69.0621,325.41,1.01,1,2026-05-19,1034,Aqua,MODIS,51,6.1NRT,309.38,6.61,D
22.29608,72.08833,331.94,1.31,1.14,2026-05-19,1034,Aqua,MODIS,48,6.1NRT,314.72,11.55,D
22.30599,72.08688,334.85,1.31,1.14,2026-05-19,1034,Aqua,MODIS,73,6.1NRT,316.48,16.84,D
24.26085,73.92136,345.61,1.86,1.33,2026-05-19,1036,Aqua,MODIS,89,6.1NRT,308.87,96.69,D
23.40276,69.37124,344,1.03,1.01,2026-05-19,1036,Aqua,MODIS,88,6.1NRT,313.2,34.34,D
23.86849,73.89127,328.66,1.83,1.32,2026-05-19,1036,Aqua,MODIS,58,6.1NRT,312,20.42,D
24.25896,73.90395,369.06,1.86,1.33,2026-05-19,1036,Aqua,MODIS,100,6.1NRT,310.5,244.33,D
30.78656,74.73184,334.07,2.63,1.56,2026-05-19,1036,Aqua,MODIS,79,6.1NRT,320.34,47.73,D
30.79172,74.73883,333.89,2.63,1.56,2026-05-19,1036,Aqua,MODIS,77,6.1NRT,319.75,44.83,D
25.99503,77.19056,328.56,3.45,1.75,2026-05-19,1036,Aqua,MODIS,53,6.1NRT,309.62,58.63,D
25.99892,77.19535,328.38,3.45,1.75,2026-05-19,1036,Aqua,MODIS,51,6.1NRT,309.5,57.55,D
24.08443,69.56673,327.34,1.05,1.02,2026-05-19,1036,Aqua,MODIS,69,6.1NRT,313.28,8.33,D
24.41777,74.07594,328.59,1.92,1.35,2026-05-19,1036,Aqua,MODIS,52,6.1NRT,308.94,24.64,D
27.37492,95.33376,306.94,1.02,1.01,2026-05-19,1410,Terra,MODIS,68,6.1NRT,295.09,5.04,N
15.47128,79.28176,311.27,1.7,1.28,2026-05-19,1544,Terra,MODIS,73,6.1NRT,297.39,10.27,N
15.46987,79.27273,311.79,1.69,1.28,2026-05-19,1544,Terra,MODIS,74,6.1NRT,297.37,10.91,N
15.70544,78.63932,309.47,1.54,1.22,2026-05-19,1544,Terra,MODIS,65,6.1NRT,294.73,8.7,N
15.70707,78.65321,309.05,1.54,1.22,2026-05-19,1544,Terra,MODIS,63,6.1NRT,294.97,7.95,N
20.2997,74.97298,306.21,1.08,1.04,2026-05-19,1546,Terra,MODIS,36,6.1NRT,293.17,4.03,N
23.64248,77.41089,312.72,1.62,1.25,2026-05-19,1546,Terra,MODIS,75,6.1NRT,299.33,13.28,N
23.57245,78.17381,310.01,1.83,1.33,2026-05-19,1546,Terra,MODIS,60,6.1NRT,296.09,13.6,N
23.5626,78.16356,310.88,1.83,1.32,2026-05-19,1546,Terra,MODIS,67,6.1NRT,296.82,14.23,N
22.69795,75.97472,310.87,1.27,1.12,2026-05-19,1546,Terra,MODIS,52,6.1NRT,296.61,9.85,N
22.69551,75.96858,312.81,1.27,1.12,2026-05-19,1546,Terra,MODIS,76,6.1NRT,298.17,10.77,N
22.54737,76.61411,314.08,1.39,1.17,2026-05-19,1546,Terra,MODIS,81,6.1NRT,301.43,10.49,N
22.36008,76.95081,316.33,1.45,1.19,2026-05-19,1546,Terra,MODIS,89,6.1NRT,300.35,15.47,N
22.36159,76.96448,316.49,1.45,1.19,2026-05-19,1546,Terra,MODIS,89,6.1NRT,300.47,15.59,N
22.27481,76.9131,328.48,1.44,1.19,2026-05-19,1546,Terra,MODIS,100,6.1NRT,301.41,35.4,N
22.27632,76.92665,325.08,1.44,1.19,2026-05-19,1546,Terra,MODIS,100,6.1NRT,301.47,28.88,N
22.14315,76.9016,315.36,1.43,1.18,2026-05-19,1546,Terra,MODIS,87,6.1NRT,297.96,14.46,N
22.9275,70.10703,315.58,1.16,1.07,2026-05-19,1546,Terra,MODIS,86,6.1NRT,301.18,11.88,N
23.88756,76.40836,312.73,1.4,1.17,2026-05-19,1546,Terra,MODIS,77,6.1NRT,301.58,9.15,N
23.87961,76.15639,312.75,1.35,1.15,2026-05-19,1546,Terra,MODIS,77,6.1NRT,298.84,9.56,N
21.78897,75.95926,312.28,1.24,1.11,2026-05-19,1546,Terra,MODIS,71,6.1NRT,301.63,7.85,N
21.79034,75.97092,312.02,1.24,1.11,2026-05-19,1546,Terra,MODIS,70,6.1NRT,301.86,7.6,N
22.0266,78.10807,305.48,1.73,1.29,2026-05-19,1546,Terra,MODIS,29,6.1NRT,279.07,11.47,N
21.82176,76.5907,314.04,1.35,1.15,2026-05-19,1546,Terra,MODIS,82,6.1NRT,302.53,9.57,N
21.95989,78.77149,308.01,1.93,1.36,2026-05-19,1546,Terra,MODIS,63,6.1NRT,292.82,12.58,N
21.11555,76.22041,315.14,1.26,1.11,2026-05-19,1546,Terra,MODIS,86,6.1NRT,301.86,10.01,N
23.71668,75.97791,311.81,1.31,1.14,2026-05-19,1546,Terra,MODIS,73,6.1NRT,300.66,8.13,N
20.10748,75.84135,308.68,1.17,1.08,2026-05-19,1546,Terra,MODIS,58,6.1NRT,295.97,5.22,N
18.19921,79.04636,307.12,1.79,1.31,2026-05-19,1546,Terra,MODIS,60,6.1NRT,288.55,10.19,N
18.19983,79.03632,309.93,1.78,1.31,2026-05-19,1546,Terra,MODIS,72,6.1NRT,288.3,13.15,N
16.71023,78.24496,310.62,1.49,1.2,2026-05-19,1546,Terra,MODIS,46,6.1NRT,287.33,13.79,N
16.71187,78.25861,311.73,1.49,1.21,2026-05-19,1546,Terra,MODIS,73,6.1NRT,289.41,14.66,N
30.35668,77.66735,311.61,2.08,1.4,2026-05-19,1548,Terra,MODIS,83,6.1NRT,301.19,16.4,N
24.26039,73.92335,310.88,1.06,1.03,2026-05-19,1548,Terra,MODIS,67,6.1NRT,298.29,6.03,N
24.25909,73.91326,323.94,1.06,1.03,2026-05-19,1548,Terra,MODIS,100,6.1NRT,298.41,18.98,N
29.81364,79.03294,302.32,1.24,1.11,2026-05-19,2240,Aqua,MODIS,48,6.1NRT,291.62,6.54,N
32.54854,75.51953,310.94,1.02,1.01,2026-05-19,2240,Aqua,MODIS,81,6.1NRT,297.54,8.44,N
30.46189,77.86548,310.19,1.08,1.04,2026-05-19,2240,Aqua,MODIS,79,6.1NRT,298.39,9.39,N
30.31225,79.06831,307.91,1.22,1.1,2026-05-19,2240,Aqua,MODIS,73,6.1NRT,292.96,9.98,N
21.10404,72.64491,324.17,1.02,1.01,2026-05-19,2242,Aqua,MODIS,100,6.1NRT,297.82,19.16,N
22.24852,77.47205,308.88,1.33,1.14,2026-05-19,2242,Aqua,MODIS,72,6.1NRT,297.36,9.25,N
22.07005,78.19263,320.51,1.49,1.21,2026-05-19,2242,Aqua,MODIS,100,6.1NRT,298.49,28,N
20.63562,75.84079,306.66,1.15,1.07,2026-05-19,2242,Aqua,MODIS,64,6.1NRT,295.7,5.49,N
30.28462,79.21938,354.67,1,1,2026-05-20,0351,Terra,MODIS,97,6.1NRT,304.31,65.77,D
30.30451,79.07779,315.65,1,1,2026-05-20,0351,Terra,MODIS,69,6.1NRT,302.16,6.25,D
30.30592,79.06768,325.39,1,1,2026-05-20,0351,Terra,MODIS,80,6.1NRT,301.39,15.78,D
29.59597,79.37246,314.12,1,1,2026-05-20,0351,Terra,MODIS,55,6.1NRT,301.5,5.53,D
30.42331,78.6093,318.12,1.01,1.01,2026-05-20,0351,Terra,MODIS,69,6.1NRT,302.45,8.95,D
31.10102,75.98639,329.44,1.28,1.12,2026-05-20,0351,Terra,MODIS,75,6.1NRT,314.26,13.9,D
32.77436,74.64537,325.93,1.62,1.25,2026-05-20,0351,Terra,MODIS,74,6.1NRT,308.39,16.66,D
30.29087,79.36542,321.09,1,1,2026-05-20,0351,Terra,MODIS,78,6.1NRT,300.06,13.25,D
29.71631,79.11326,318.99,1,1,2026-05-20,0351,Terra,MODIS,62,6.1NRT,306.75,7.72,D
29.80216,79.03212,316.54,1,1,2026-05-20,0351,Terra,MODIS,52,6.1NRT,301.4,9.35,D
29.7946,79.41794,319.69,1,1,2026-05-20,0351,Terra,MODIS,72,6.1NRT,301.92,11.48,D
30.0886,78.83411,318.83,1.01,1,2026-05-20,0351,Terra,MODIS,69,6.1NRT,302.35,8.6,D
30.38911,77.47668,322.62,1.08,1.04,2026-05-20,0351,Terra,MODIS,19,6.1NRT,310,7.21,D
30.3968,77.48929,327.54,1.08,1.04,2026-05-20,0351,Terra,MODIS,72,6.1NRT,310.96,14.4,D
30.21187,79.33444,313.21,1,1,2026-05-20,0351,Terra,MODIS,59,6.1NRT,300.54,5.49,D
30.2133,79.32439,312.4,1,1,2026-05-20,0351,Terra,MODIS,62,6.1NRT,300.48,4.98,D
30.28286,79.15077,315.59,1,1,2026-05-20,0351,Terra,MODIS,44,6.1NRT,302.95,7.47,D
30.2832,79.2294,326.75,1,1,2026-05-20,0351,Terra,MODIS,82,6.1NRT,303.66,17.46,D
28.90201,77.44916,322.79,1.06,1.03,2026-05-20,0353,Terra,MODIS,53,6.1NRT,309.01,8.06,D
24.30444,75.66431,328.02,1.12,1.06,2026-05-20,0353,Terra,MODIS,62,6.1NRT,312.15,10.87,D
24.14236,76.40421,328.5,1.05,1.03,2026-05-20,0353,Terra,MODIS,64,6.1NRT,312.09,9.23,D
23.75059,78.48102,326.07,1.01,1.01,2026-05-20,0353,Terra,MODIS,51,6.1NRT,310.08,7.34,D
23.62873,79.16543,329.15,1.05,1.02,2026-05-20,0353,Terra,MODIS,68,6.1NRT,313.94,7.98,D
23.65997,78.20775,328.34,1,1,2026-05-20,0353,Terra,MODIS,63,6.1NRT,313.74,8.12,D
23.70501,76.64086,330.69,1.03,1.02,2026-05-20,0353,Terra,MODIS,69,6.1NRT,312.57,12.66,D
23.70367,76.6507,335.5,1.03,1.01,2026-05-20,0353,Terra,MODIS,78,6.1NRT,312.2,19.68,D
23.50062,75.68011,332.22,1.1,1.05,2026-05-20,0353,Terra,MODIS,64,6.1NRT,310.62,17.4,D
23.20275,77.59798,330.56,1,1,2026-05-20,0353,Terra,MODIS,74,6.1NRT,311.61,12.23,D
23.95689,78.27295,327.59,1,1,2026-05-20,0353,Terra,MODIS,57,6.1NRT,312.45,6.79,D
22.97411,77.65486,331.82,1,1,2026-05-20,0353,Terra,MODIS,78,6.1NRT,310.27,14.9,D
23.14069,76.18246,326.75,1.05,1.03,2026-05-20,0353,Terra,MODIS,58,6.1NRT,310.08,7.71,D
23.1448,75.31391,324.92,1.14,1.06,2026-05-20,0353,Terra,MODIS,53,6.1NRT,309.23,8.85,D
24.01549,69.54414,319.62,2.86,1.61,2026-05-20,0353,Terra,MODIS,50,6.1NRT,301.7,26.22,D
24.5108,77.09068,325.48,1.02,1.01,2026-05-20,0353,Terra,MODIS,40,6.1NRT,311.63,7.36,D
24.00474,80.54927,327.66,1.18,1.08,2026-05-20,0353,Terra,MODIS,64,6.1NRT,310.86,11.71,D
24.78058,78.24592,325.93,1,1,2026-05-20,0353,Terra,MODIS,54,6.1NRT,310.48,7.9,D
24.69853,78.8823,328.75,1.02,1.01,2026-05-20,0353,Terra,MODIS,64,6.1NRT,311.16,10.77,D
24.71497,79.25879,327.43,1.04,1.02,2026-05-20,0353,Terra,MODIS,58,6.1NRT,312.37,7.83,D
25.12114,77.13542,333.73,1.02,1.01,2026-05-20,0353,Terra,MODIS,75,6.1NRT,312.8,17.15,D
25.12249,77.12555,333.34,1.02,1.01,2026-05-20,0353,Terra,MODIS,75,6.1NRT,312.8,16.65,D
24.62198,80.80285,328.05,1.19,1.08,2026-05-20,0353,Terra,MODIS,60,6.1NRT,312.79,8.5,D
25.21858,77.63371,325.76,1.01,1,2026-05-20,0353,Terra,MODIS,47,6.1NRT,312.05,6.97,D
24.82606,80.56602,328.84,1.15,1.07,2026-05-20,0353,Terra,MODIS,63,6.1NRT,312.02,11.55,D
25.6057,76.32919,330.37,1.09,1.04,2026-05-20,0353,Terra,MODIS,70,6.1NRT,312.26,12.41,D
25.60544,78.22497,328.75,1,1,2026-05-20,0353,Terra,MODIS,64,6.1NRT,311.97,9.27,D
25.50004,79.81493,329.77,1.06,1.03,2026-05-20,0353,Terra,MODIS,67,6.1NRT,312.68,10.48,D
25.95699,77.23086,326.71,1.03,1.01,2026-05-20,0353,Terra,MODIS,59,6.1NRT,309.71,9.74,D
25.89696,77.99507,324.71,1,1,2026-05-20,0353,Terra,MODIS,40,6.1NRT,310.64,5.63,D
25.89832,77.98536,332.04,1,1,2026-05-20,0353,Terra,MODIS,73,6.1NRT,310.86,14.96,D
25.97536,78.28314,332.22,1,1,2026-05-20,0353,Terra,MODIS,73,6.1NRT,313.71,13.5,D
25.67303,81.05756,323.89,1.19,1.08,2026-05-20,0353,Terra,MODIS,32,6.1NRT,308.83,7.29,D
25.67489,81.04617,324.69,1.18,1.08,2026-05-20,0353,Terra,MODIS,48,6.1NRT,309.47,8.55,D
25.83666,80.21127,329.53,1.09,1.04,2026-05-20,0353,Terra,MODIS,69,6.1NRT,313.07,10.49,D
25.99242,79.31002,329.48,1.02,1.01,2026-05-20,0353,Terra,MODIS,68,6.1NRT,311.36,12.04,D
26.27456,77.54105,327.55,1.02,1.01,2026-05-20,0353,Terra,MODIS,61,6.1NRT,312.6,8.19,D
26.11832,79.14599,327.03,1.01,1.01,2026-05-20,0353,Terra,MODIS,60,6.1NRT,310.87,9.35,D
26.3812,79.18164,332.87,1.01,1.01,2026-05-20,0353,Terra,MODIS,75,6.1NRT,310.22,17.19,D
26.40547,79.51778,327.77,1.03,1.01,2026-05-20,0353,Terra,MODIS,65,6.1NRT,312.39,9.78,D
26.44467,80.229,333.98,1.07,1.03,2026-05-20,0353,Terra,MODIS,79,6.1NRT,308.48,21.43,D
26.89386,79.21999,327.44,1.01,1,2026-05-20,0353,Terra,MODIS,69,6.1NRT,309.71,9.65,D
28.00823,81.51891,319.81,1.16,1.07,2026-05-20,0353,Terra,MODIS,49,6.1NRT,302.35,7.11,D
19.40926,78.76181,320.01,1.1,1.05,2026-05-20,0355,Terra,MODIS,47,6.1NRT,300.04,7.75,D
22.39572,79.42311,326.05,1.09,1.04,2026-05-20,0355,Terra,MODIS,62,6.1NRT,310.95,8.26,D
22.3873,79.42558,328.17,1.09,1.04,2026-05-20,0355,Terra,MODIS,72,6.1NRT,309.94,11.57,D
22.34229,79.53474,327.55,1.11,1.05,2026-05-20,0355,Terra,MODIS,67,6.1NRT,311.91,8.36,D
22.33311,79.53311,328.12,1.11,1.05,2026-05-20,0355,Terra,MODIS,68,6.1NRT,312.36,8.84,D
22.25312,79.80059,340.79,1.14,1.06,2026-05-20,0355,Terra,MODIS,87,6.1NRT,311.15,35.3,D
22.25142,79.81125,341.87,1.14,1.06,2026-05-20,0355,Terra,MODIS,88,6.1NRT,310.42,38.69,D
22.62953,77.08364,322.94,1.01,1,2026-05-20,0355,Terra,MODIS,35,6.1NRT,308.02,4.78,D
22.21964,78.82643,328.63,1.05,1.02,2026-05-20,0355,Terra,MODIS,73,6.1NRT,311.43,11.57,D
22.03956,77.54679,326.47,1,1,2026-05-20,0355,Terra,MODIS,66,6.1NRT,309.87,8.23,D
21.57715,77.92296,325.89,1.01,1,2026-05-20,0355,Terra,MODIS,59,6.1NRT,310.05,7.58,D
21.68214,77.13179,331.55,1,1,2026-05-20,0355,Terra,MODIS,74,6.1NRT,308.23,15.68,D
22.11543,73.49771,323.84,1.39,1.17,2026-05-20,0355,Terra,MODIS,52,6.1NRT,304.14,12.71,D
21.48959,77.37648,327.89,1,1,2026-05-20,0355,Terra,MODIS,67,6.1NRT,306.81,12.61,D
21.18947,78.72856,327.24,1.06,1.03,2026-05-20,0355,Terra,MODIS,66,6.1NRT,310.7,8.82,D
21.09575,78.79815,334.35,1.07,1.03,2026-05-20,0355,Terra,MODIS,79,6.1NRT,311.64,19.32,D
21.09425,78.8081,335.38,1.07,1.03,2026-05-20,0355,Terra,MODIS,80,6.1NRT,312.35,20.96,D
21.02581,78.58736,326.32,1.05,1.02,2026-05-20,0355,Terra,MODIS,61,6.1NRT,309.23,8.41,D
21.02435,78.5971,342.24,1.05,1.02,2026-05-20,0355,Terra,MODIS,87,6.1NRT,310.83,33.24,D
20.4906,80.39162,330.78,1.29,1.13,2026-05-20,0355,Terra,MODIS,78,6.1NRT,304.59,24.41,D
20.77548,78.10162,330.46,1.02,1.01,2026-05-20,0355,Terra,MODIS,70,6.1NRT,310.85,11.64,D
20.21586,80.11223,325.47,1.25,1.11,2026-05-20,0355,Terra,MODIS,70,6.1NRT,303.3,13.7,D
21.35665,71.38047,325.27,1.91,1.35,2026-05-20,0355,Terra,MODIS,68,6.1NRT,306.26,17.82,D
20.27953,79.3014,323.89,1.14,1.06,2026-05-20,0355,Terra,MODIS,45,6.1NRT,302.37,11.18,D
20.27941,77.95355,326.1,1.02,1.01,2026-05-20,0355,Terra,MODIS,63,6.1NRT,309.19,7.04,D
20.278,77.96306,327.35,1.02,1.01,2026-05-20,0355,Terra,MODIS,67,6.1NRT,309.35,8.46,D
20.05292,78.35703,328.87,1.05,1.02,2026-05-20,0355,Terra,MODIS,61,6.1NRT,309.36,11.7,D
19.67242,80.03859,321.96,1.26,1.12,2026-05-20,0355,Terra,MODIS,62,6.1NRT,301.83,11.5,D
19.6289,79.93578,326.61,1.25,1.11,2026-05-20,0355,Terra,MODIS,74,6.1NRT,300.98,16.74,D
19.62531,79.94117,322.57,1.25,1.11,2026-05-20,0355,Terra,MODIS,67,6.1NRT,300.56,11.35,D
19.68338,78.66116,329.58,1.08,1.04,2026-05-20,0355,Terra,MODIS,74,6.1NRT,305.94,15.38,D
19.69559,78.45957,324.07,1.07,1.03,2026-05-20,0355,Terra,MODIS,53,6.1NRT,305.61,8.37,D
19.53171,78.13435,322.82,1.04,1.02,2026-05-20,0355,Terra,MODIS,56,6.1NRT,304.25,5.96,D
19.43243,78.18076,327.35,1.05,1.02,2026-05-20,0355,Terra,MODIS,70,6.1NRT,303.43,13.69,D
19.43099,78.19044,326.53,1.05,1.02,2026-05-20,0355,Terra,MODIS,68,6.1NRT,302.8,12.15,D
19.37161,78.34045,331.01,1.06,1.03,2026-05-20,0355,Terra,MODIS,77,6.1NRT,306.37,15.76,D
19.37012,78.35027,324.57,1.06,1.03,2026-05-20,0355,Terra,MODIS,27,6.1NRT,306.04,7.9,D
19.35802,78.30813,322.84,1.06,1.03,2026-05-20,0355,Terra,MODIS,47,6.1NRT,304.54,5.86,D
19.27882,78.15958,326,1.05,1.02,2026-05-20,0355,Terra,MODIS,68,6.1NRT,305.54,9.09,D
19.24758,78.24405,331.15,1.06,1.03,2026-05-20,0355,Terra,MODIS,73,6.1NRT,304.96,17.71,D
19.25604,78.00138,325.43,1.04,1.02,2026-05-20,0355,Terra,MODIS,67,6.1NRT,307.03,7.53,D
19.20503,78.28069,323.89,1.06,1.03,2026-05-20,0355,Terra,MODIS,62,6.1NRT,304.32,8.91,D
19.24676,77.94106,328.54,1.04,1.02,2026-05-20,0355,Terra,MODIS,73,6.1NRT,307.12,9.97,D
19.18794,78.08887,331.42,1.05,1.02,2026-05-20,0355,Terra,MODIS,77,6.1NRT,306.17,14.57,D
19.18357,78.11777,326.18,1.05,1.02,2026-05-20,0355,Terra,MODIS,69,6.1NRT,305.64,9.63,D
19.16144,78.26357,326.83,1.06,1.03,2026-05-20,0355,Terra,MODIS,70,6.1NRT,304.42,13.26,D
19.21077,77.87661,329.81,1.03,1.02,2026-05-20,0355,Terra,MODIS,75,6.1NRT,307.73,12.01,D
19.1746,78.11636,325.1,1.05,1.02,2026-05-20,0355,Terra,MODIS,62,6.1NRT,304.6,8.32,D
19.16726,78.16473,324.77,1.05,1.02,2026-05-20,0355,Terra,MODIS,65,6.1NRT,304.67,9.02,D
19.17452,78.05097,324.75,1.04,1.02,2026-05-20,0355,Terra,MODIS,66,6.1NRT,305.23,7.58,D
19.18085,77.88525,328.16,1.03,1.02,2026-05-20,0355,Terra,MODIS,60,6.1NRT,306.41,10.08,D
19.17477,77.86478,326.95,1.03,1.02,2026-05-20,0355,Terra,MODIS,26,6.1NRT,305.08,8.55,D
19.09251,78.04752,325.86,1.04,1.02,2026-05-20,0355,Terra,MODIS,69,6.1NRT,303.04,9.79,D
18.96273,78.84493,318.26,1.12,1.05,2026-05-20,0355,Terra,MODIS,38,6.1NRT,297.4,6.24,D
19.07492,78.03819,327.93,1.04,1.02,2026-05-20,0355,Terra,MODIS,64,6.1NRT,303.21,10.8,D
19.06918,78.07674,325.91,1.05,1.02,2026-05-20,0355,Terra,MODIS,70,6.1NRT,301.76,10.68,D
19.07457,77.97906,326.68,1.04,1.02,2026-05-20,0355,Terra,MODIS,43,6.1NRT,302.71,9.9,D
19.07027,78.00787,333.77,1.04,1.02,2026-05-20,0355,Terra,MODIS,81,6.1NRT,303.23,19.6,D
19.06453,78.04635,324,1.05,1.02,2026-05-20,0355,Terra,MODIS,64,6.1NRT,302.27,7.86,D
19.06242,77.93781,323.65,1.04,1.02,2026-05-20,0355,Terra,MODIS,54,6.1NRT,302.29,7.22,D
19.05239,78.00494,328.64,1.04,1.02,2026-05-20,0355,Terra,MODIS,74,6.1NRT,302.02,13.25,D
19.04344,78.00348,327.4,1.04,1.02,2026-05-20,0355,Terra,MODIS,72,6.1NRT,302.32,12.5,D
18.84646,79.00082,322.11,1.14,1.06,2026-05-20,0355,Terra,MODIS,63,6.1NRT,298.58,10.44,D
18.92142,77.76606,321.73,1.03,1.01,2026-05-20,0355,Terra,MODIS,57,6.1NRT,300.78,5.82,D
18.82728,78.39545,318.85,1.08,1.04,2026-05-20,0355,Terra,MODIS,37,6.1NRT,297.4,5.62,D
18.6469,79.25571,326.24,1.18,1.08,2026-05-20,0355,Terra,MODIS,73,6.1NRT,298.58,16.52,D
18.64429,79.21084,328.71,1.17,1.08,2026-05-20,0355,Terra,MODIS,67,6.1NRT,300.16,20.04,D
18.61227,79.1333,321.15,1.17,1.07,2026-05-20,0355,Terra,MODIS,62,6.1NRT,299.37,8.37,D
18.27821,79.3707,320.46,1.21,1.09,2026-05-20,0357,Terra,MODIS,63,6.1NRT,295.29,9.97,D
18.28255,79.40565,323.78,1.22,1.1,2026-05-20,0357,Terra,MODIS,71,6.1NRT,294.85,15.56,D
18.38754,79.01749,319.08,1.16,1.07,2026-05-20,0357,Terra,MODIS,25,6.1NRT,295.01,7.02,D
18.32962,79.44321,318.13,1.22,1.1,2026-05-20,0357,Terra,MODIS,40,6.1NRT,294.58,7.24,D
18.39692,79.01909,318.46,1.16,1.07,2026-05-20,0357,Terra,MODIS,20,6.1NRT,294.48,6.51,D
18.54899,78.46353,320.75,1.09,1.04,2026-05-20,0357,Terra,MODIS,55,6.1NRT,293.55,10.46,D
14.58447,78.151,320.34,1.16,1.07,2026-05-20,0357,Terra,MODIS,62,6.1NRT,296.53,8.56,D
17.86152,80.50172,323.36,1.44,1.19,2026-05-20,0357,Terra,MODIS,72,6.1NRT,295.01,19.48,D
18.02607,79.85656,321.55,1.3,1.13,2026-05-20,0357,Terra,MODIS,65,6.1NRT,300.28,8.91,D
18.27647,79.3817,326.34,1.21,1.09,2026-05-20,0357,Terra,MODIS,75,6.1NRT,295.35,17.62,D
13.80538,79.38739,320.12,1.41,1.17,2026-05-20,0357,Terra,MODIS,68,6.1NRT,298.1,15.57,D
14.83807,78.0133,324.52,1.13,1.06,2026-05-20,0357,Terra,MODIS,71,6.1NRT,298.34,11.5,D
15.89115,78.13017,327.21,1.12,1.05,2026-05-20,0357,Terra,MODIS,79,6.1NRT,294.46,16.89,D
15.82191,80.13494,326.18,1.47,1.2,2026-05-20,0357,Terra,MODIS,77,6.1NRT,301.63,17.53,D
15.83239,80.13672,329.91,1.47,1.2,2026-05-20,0357,Terra,MODIS,81,6.1NRT,302.2,25.8,D
16.45533,78.42159,324.04,1.14,1.06,2026-05-20,0357,Terra,MODIS,74,6.1NRT,296.92,12.93,D
16.50066,79.62663,320.05,1.33,1.14,2026-05-20,0357,Terra,MODIS,61,6.1NRT,296.44,11.42,D
16.67416,78.51196,320.53,1.14,1.07,2026-05-20,0357,Terra,MODIS,66,6.1NRT,298.41,9.32,D
16.79219,82.02329,326.6,1.94,1.36,2026-05-20,0357,Terra,MODIS,75,6.1NRT,299.14,30.14,D
16.78591,82.02853,328.28,1.94,1.36,2026-05-20,0357,Terra,MODIS,77,6.1NRT,298.6,36.48,D
16.87482,82.00886,319.81,1.93,1.36,2026-05-20,0357,Terra,MODIS,62,6.1NRT,298.76,14.18,D
17.612,79.15147,319.66,1.2,1.09,2026-05-20,0357,Terra,MODIS,67,6.1NRT,293.01,10.37,D
17.58484,80.10594,328.77,1.37,1.16,2026-05-20,0357,Terra,MODIS,79,6.1NRT,304.23,20.52,D
17.58686,80.09351,332.22,1.37,1.16,2026-05-20,0357,Terra,MODIS,83,6.1NRT,304.23,27.11,D
17.76104,79.84177,320.34,1.31,1.14,2026-05-20,0357,Terra,MODIS,68,6.1NRT,295.27,10.8,D
17.9122,79.15898,315.37,1.19,1.09,2026-05-20,0357,Terra,MODIS,49,6.1NRT,290.11,5.5,D
17.91392,79.1481,315.32,1.19,1.09,2026-05-20,0357,Terra,MODIS,50,6.1NRT,289.57,5.87,D
10.4793,77.94024,314.02,1.27,1.12,2026-05-20,0400,Terra,MODIS,57,6.1NRT,293.71,7.22,D
9.8835,78.82174,325.76,1.48,1.2,2026-05-20,0400,Terra,MODIS,79,6.1NRT,297.67,25,D
28.65789,96.02256,300.58,3.97,1.85,2026-05-20,0758,Aqua,MODIS,24,6.1NRT,287.85,21.42,D
16.8461,82.09482,328.02,1.23,1.1,2026-05-20,0934,Aqua,MODIS,70,6.1NRT,300.56,16.79,D
16.73081,81.21615,324.06,1.4,1.17,2026-05-20,0934,Aqua,MODIS,47,6.1NRT,302.42,17.27,D
17.19719,81.60825,326.04,1.3,1.13,2026-05-20,0934,Aqua,MODIS,29,6.1NRT,303.03,11.34,D
17.08975,80.95538,329.73,1.44,1.19,2026-05-20,0934,Aqua,MODIS,75,6.1NRT,303.17,22.64,D
17.35419,80.87657,328.56,1.44,1.19,2026-05-20,0934,Aqua,MODIS,75,6.1NRT,306.54,21.12,D
17.35201,80.86353,330.55,1.45,1.19,2026-05-20,0934,Aqua,MODIS,78,6.1NRT,307.13,25.84,D
18.02144,79.75243,326.85,1.68,1.28,2026-05-20,0934,Aqua,MODIS,64,6.1NRT,302.04,20.54,D
18.31705,79.25842,327.97,1.81,1.32,2026-05-20,0934,Aqua,MODIS,72,6.1NRT,301.89,25.39,D
19.82461,83.53645,316.39,1.02,1.01,2026-05-20,0934,Aqua,MODIS,53,6.1NRT,292.4,5.82,D
19.8232,83.52718,319.92,1.02,1.01,2026-05-20,0934,Aqua,MODIS,68,6.1NRT,290.99,9.27,D
19.4268,81.01298,327.86,1.31,1.13,2026-05-20,0934,Aqua,MODIS,71,6.1NRT,303.38,22.87,D
19.42481,81.00089,325.56,1.31,1.14,2026-05-20,0934,Aqua,MODIS,66,6.1NRT,303.34,18.82,D
19.24958,79.73489,328.74,1.6,1.25,2026-05-20,0934,Aqua,MODIS,71,6.1NRT,305.31,17.49,D
19.12642,78.03172,330.4,2.15,1.43,2026-05-20,0934,Aqua,MODIS,70,6.1NRT,307.2,27.39,D
19.17395,78.08215,327.26,2.13,1.42,2026-05-20,0934,Aqua,MODIS,51,6.1NRT,304.43,16.98,D
20.09742,80.45947,326.51,1.38,1.16,2026-05-20,0934,Aqua,MODIS,57,6.1NRT,308.66,12.57,D
20.97025,85.17287,325.55,1.03,1.02,2026-05-20,0934,Aqua,MODIS,42,6.1NRT,295.92,10.2,D
20.68645,81.58012,335.25,1.17,1.08,2026-05-20,0934,Aqua,MODIS,79,6.1NRT,312.19,22.04,D
20.4873,80.38541,328.89,1.37,1.16,2026-05-20,0934,Aqua,MODIS,63,6.1NRT,311.73,13.98,D
20.76193,81.87115,332.76,1.13,1.06,2026-05-20,0934,Aqua,MODIS,66,6.1NRT,310.64,16.21,D
20.76027,81.86072,330.85,1.13,1.06,2026-05-20,0934,Aqua,MODIS,65,6.1NRT,312.22,12.02,D
20.90429,82.01335,331.65,1.11,1.05,2026-05-20,0934,Aqua,MODIS,69,6.1NRT,312.77,13.16,D
20.90513,81.96037,337.71,1.11,1.05,2026-05-20,0934,Aqua,MODIS,81,6.1NRT,315.27,23.68,D
20.91176,81.88467,336.82,1.12,1.06,2026-05-20,0934,Aqua,MODIS,80,6.1NRT,314.3,22.79,D
20.92259,81.89335,333.61,1.12,1.06,2026-05-20,0934,Aqua,MODIS,75,6.1NRT,311.56,15.77,D
20.92092,81.88297,336.04,1.12,1.06,2026-05-20,0934,Aqua,MODIS,79,6.1NRT,312.12,20.85,D
20.96284,82.08663,331,1.1,1.05,2026-05-20,0934,Aqua,MODIS,70,6.1NRT,313.68,9.69,D
20.96318,81.97081,335.61,1.11,1.05,2026-05-20,0934,Aqua,MODIS,73,6.1NRT,310.22,19.99,D
21.02943,81.98482,330.3,1.11,1.05,2026-05-20,0934,Aqua,MODIS,68,6.1NRT,314.83,11.09,D
21.68141,85.10658,332.47,1.04,1.02,2026-05-20,0934,Aqua,MODIS,81,6.1NRT,307.28,21.43,D
21.68004,85.09674,329.78,1.04,1.02,2026-05-20,0934,Aqua,MODIS,78,6.1NRT,306.35,17.96,D
21.6997,85.17277,336.09,1.04,1.02,2026-05-20,0934,Aqua,MODIS,85,6.1NRT,306.1,28.27,D
21.71746,85.16987,321.9,1.04,1.02,2026-05-20,0934,Aqua,MODIS,64,6.1NRT,305.72,9.76,D
21.55772,83.48362,330.65,1,1,2026-05-20,0934,Aqua,MODIS,74,6.1NRT,313.82,10.46,D
21.71104,83.77663,325.87,1,1,2026-05-20,0934,Aqua,MODIS,42,6.1NRT,304.22,8.73,D
21.34658,80.70657,328.4,1.27,1.12,2026-05-20,0934,Aqua,MODIS,64,6.1NRT,309.12,17.56,D
21.34456,80.69473,341.04,1.28,1.12,2026-05-20,0934,Aqua,MODIS,85,6.1NRT,309.9,43.25,D
24.22968,83.53403,337.08,1,1,2026-05-20,0934,Aqua,MODIS,82,6.1NRT,314.82,19.51,D
23.69472,82.9202,325.49,1.01,1,2026-05-20,0934,Aqua,MODIS,64,6.1NRT,309.81,7.41,D
23.46201,83.16523,325.21,1,1,2026-05-20,0934,Aqua,MODIS,66,6.1NRT,308.92,8.07,D
23.77508,86.20724,328.47,1.2,1.09,2026-05-20,0934,Aqua,MODIS,77,6.1NRT,305.58,19.69,D
23.76031,86.39725,323.48,1.23,1.1,2026-05-20,0934,Aqua,MODIS,62,6.1NRT,300.96,12.35,D
23.24081,83.34262,327.93,1,1,2026-05-20,0934,Aqua,MODIS,62,6.1NRT,308.05,11.61,D
23.2422,83.35204,324.78,1,1,2026-05-20,0934,Aqua,MODIS,47,6.1NRT,307.45,8.04,D
22.23934,77.71065,331.75,1.96,1.37,2026-05-20,0934,Aqua,MODIS,69,6.1NRT,310.21,34.42,D
22.0844,83.11361,325.99,1.01,1.01,2026-05-20,0934,Aqua,MODIS,48,6.1NRT,311.35,7.16,D
22.21198,84.87469,323.35,1.03,1.01,2026-05-20,0934,Aqua,MODIS,51,6.1NRT,307.38,7.66,D
21.34251,80.68263,330.35,1.28,1.12,2026-05-20,0934,Aqua,MODIS,61,6.1NRT,310.13,19.32,D
21.93549,83.59481,329.47,1,1,2026-05-20,0934,Aqua,MODIS,71,6.1NRT,313.02,10.95,D
21.91665,83.34853,330.85,1.01,1,2026-05-20,0934,Aqua,MODIS,69,6.1NRT,315.37,10.39,D
21.73728,81.77289,328.95,1.11,1.05,2026-05-20,0934,Aqua,MODIS,41,6.1NRT,309.49,9.59,D
16.7767,81.99856,327.01,1.25,1.11,2026-05-20,0934,Aqua,MODIS,68,6.1NRT,305.21,11.03,D
16.78399,82.0435,325.08,1.24,1.11,2026-05-20,0934,Aqua,MODIS,57,6.1NRT,303.28,8.98,D
16.78942,82.07703,335.03,1.24,1.11,2026-05-20,0934,Aqua,MODIS,81,6.1NRT,303.46,28.08,D
16.77255,82.03401,328.22,1.24,1.11,2026-05-20,0934,Aqua,MODIS,71,6.1NRT,303.61,14.68,D
16.77437,82.04522,334.44,1.24,1.11,2026-05-20,0934,Aqua,MODIS,80,6.1NRT,303.49,25.97,D
16.42438,80.03366,333.56,1.72,1.29,2026-05-20,0934,Aqua,MODIS,80,6.1NRT,303.89,37.17,D
16.67866,81.58623,339.27,1.33,1.14,2026-05-20,0934,Aqua,MODIS,85,6.1NRT,306.53,40.86,D
16.68065,81.59818,344,1.33,1.14,2026-05-20,0934,Aqua,MODIS,89,6.1NRT,305.35,53.18,D
16.75965,82.19618,320.7,1.22,1.1,2026-05-20,0934,Aqua,MODIS,36,6.1NRT,293.29,9.72,D
16.75499,82.19127,321.42,1.22,1.1,2026-05-20,0934,Aqua,MODIS,46,6.1NRT,293.93,9.79,D
16.23053,79.98601,326.43,1.75,1.3,2026-05-20,0934,Aqua,MODIS,68,6.1NRT,300.83,23.83,D
16.33826,80.6079,340.73,1.57,1.23,2026-05-20,0934,Aqua,MODIS,87,6.1NRT,304.82,47.45,D
15.9567,79.34692,323.7,1.98,1.37,2026-05-20,0934,Aqua,MODIS,58,6.1NRT,299.23,14.89,D
13.85906,79.22778,319.21,2.23,1.45,2026-05-20,0934,Aqua,MODIS,61,6.1NRT,295.81,28.73,D
13.85839,79.23248,320.17,2.23,1.45,2026-05-20,0934,Aqua,MODIS,65,6.1NRT,295.85,29.56,D
30.34773,78.56679,331,1.22,1.1,2026-05-20,0937,Aqua,MODIS,73,6.1NRT,305.84,25.75,D
30.34564,78.55447,331.79,1.22,1.1,2026-05-20,0937,Aqua,MODIS,83,6.1NRT,305.99,27.57,D
29.86997,75.86981,333.33,1.8,1.32,2026-05-20,0937,Aqua,MODIS,70,6.1NRT,318.11,19.87,D
30.38999,78.61029,320.7,1.21,1.09,2026-05-20,0937,Aqua,MODIS,47,6.1NRT,308.15,10.8,D
30.4161,78.59119,325.7,1.21,1.09,2026-05-20,0937,Aqua,MODIS,72,6.1NRT,307.74,17.8,D
30.3967,77.48367,327.19,1.39,1.17,2026-05-20,0937,Aqua,MODIS,74,6.1NRT,311.32,18.07,D
30.59682,78.50255,313.61,1.21,1.1,2026-05-20,0937,Aqua,MODIS,59,6.1NRT,301.14,8.32,D
30.59993,78.21558,319.4,1.25,1.11,2026-05-20,0937,Aqua,MODIS,57,6.1NRT,303.61,15.38,D
30.6244,78.29826,317.29,1.24,1.11,2026-05-20,0937,Aqua,MODIS,56,6.1NRT,306.13,6.1,D
30.63584,78.30692,331.4,1.24,1.11,2026-05-20,0937,Aqua,MODIS,84,6.1NRT,309.28,27.4,D
30.63391,78.29584,327.81,1.24,1.11,2026-05-20,0937,Aqua,MODIS,81,6.1NRT,307.8,20.97,D
30.65614,78.25221,323.39,1.25,1.11,2026-05-20,0937,Aqua,MODIS,76,6.1NRT,307.88,14.85,D
30.67105,77.8014,321.67,1.32,1.14,2026-05-20,0937,Aqua,MODIS,58,6.1NRT,307.92,12.18,D
31.18205,75.95178,334.76,1.67,1.27,2026-05-20,0937,Aqua,MODIS,83,6.1NRT,317.96,26.93,D
24.54871,79.21487,335.87,1.39,1.17,2026-05-20,0937,Aqua,MODIS,75,6.1NRT,317.53,23.87,D
23.91852,78.05003,333.61,1.71,1.28,2026-05-20,0937,Aqua,MODIS,69,6.1NRT,317.34,20.27,D
24.63626,83.1479,331.2,1,1,2026-05-20,0937,Aqua,MODIS,69,6.1NRT,310.63,14.39,D
23.48775,77.79296,333.7,1.82,1.32,2026-05-20,0937,Aqua,MODIS,59,6.1NRT,315.71,24.85,D
24.87867,74.88678,337.12,2.76,1.59,2026-05-20,0937,Aqua,MODIS,79,6.1NRT,315.7,86.03,D
24.88431,74.88113,330.35,2.76,1.59,2026-05-20,0937,Aqua,MODIS,65,6.1NRT,315.33,45.4,D
26.01385,79.934,331.25,1.2,1.09,2026-05-20,0937,Aqua,MODIS,63,6.1NRT,315.31,9.94,D
26.13983,78.28505,337.08,1.49,1.2,2026-05-20,0937,Aqua,MODIS,77,6.1NRT,314.61,30.45,D
26.13724,78.27081,330.95,1.49,1.21,2026-05-20,0937,Aqua,MODIS,58,6.1NRT,313.74,15.51,D
26.39428,79.18583,332.71,1.3,1.13,2026-05-20,0937,Aqua,MODIS,70,6.1NRT,315.16,18.19,D
26.88852,79.72449,342.1,1.19,1.09,2026-05-20,0937,Aqua,MODIS,87,6.1NRT,315.63,38.48,D
27.48114,80.22044,327.63,1.11,1.05,2026-05-20,0937,Aqua,MODIS,65,6.1NRT,314.02,10.06,D
28.3294,81.05849,328.64,1.03,1.01,2026-05-20,0937,Aqua,MODIS,64,6.1NRT,307.39,15.36,D
28.50708,79.78911,324.07,1.13,1.06,2026-05-20,0937,Aqua,MODIS,59,6.1NRT,312.52,7.22,D
29.49962,79.9508,317.33,1.09,1.04,2026-05-20,0937,Aqua,MODIS,60,6.1NRT,304.4,6.08,D
29.50755,79.27025,319.63,1.16,1.07,2026-05-20,0937,Aqua,MODIS,57,6.1NRT,301.95,13.13,D
29.63188,79.79517,315.63,1.1,1.04,2026-05-20,0937,Aqua,MODIS,53,6.1NRT,303.17,7.31,D
29.64174,79.79823,336,1.1,1.04,2026-05-20,0937,Aqua,MODIS,86,6.1NRT,301.17,35.33,D
29.63991,79.78722,327.66,1.1,1.04,2026-05-20,0937,Aqua,MODIS,79,6.1NRT,303.19,22.1,D
29.6452,79.64924,319.03,1.11,1.05,2026-05-20,0937,Aqua,MODIS,63,6.1NRT,305.19,8.93,D
29.73601,79.97683,338.25,1.08,1.04,2026-05-20,0937,Aqua,MODIS,88,6.1NRT,308.11,33.72,D
29.73416,79.96523,324.25,1.08,1.04,2026-05-20,0937,Aqua,MODIS,76,6.1NRT,308.71,12.77,D
29.7193,79.75842,320.86,1.1,1.05,2026-05-20,0937,Aqua,MODIS,69,6.1NRT,301.85,14.42,D
29.72809,79.76166,326.88,1.1,1.04,2026-05-20,0937,Aqua,MODIS,78,6.1NRT,303.38,19.02,D
29.72639,79.75138,325.57,1.1,1.05,2026-05-20,0937,Aqua,MODIS,77,6.1NRT,304.24,17.5,D
29.77786,79.95139,322.43,1.08,1.04,2026-05-20,0937,Aqua,MODIS,74,6.1NRT,306.2,12.15,D
29.55009,78.60296,325.47,1.24,1.11,2026-05-20,0937,Aqua,MODIS,63,6.1NRT,311.88,12.94,D
29.66759,79.23004,322.69,1.16,1.07,2026-05-20,0937,Aqua,MODIS,70,6.1NRT,307.71,12.3,D
29.66576,79.21917,336.35,1.16,1.07,2026-05-20,0937,Aqua,MODIS,86,6.1NRT,308.03,33.41,D
29.71281,79.38582,317.8,1.14,1.06,2026-05-20,0937,Aqua,MODIS,54,6.1NRT,306.05,6.42,D
29.78572,79.77123,314.31,1.1,1.04,2026-05-20,0937,Aqua,MODIS,47,6.1NRT,303.75,5.18,D
29.76955,79.44953,315.98,1.13,1.06,2026-05-20,0937,Aqua,MODIS,41,6.1NRT,302.67,7.37,D
29.75528,79.25202,318.51,1.15,1.07,2026-05-20,0937,Aqua,MODIS,59,6.1NRT,307.16,6.7,D
29.84073,79.70769,320.54,1.1,1.05,2026-05-20,0937,Aqua,MODIS,70,6.1NRT,303.47,12.54,D
29.76165,79.06203,340.69,1.17,1.08,2026-05-20,0937,Aqua,MODIS,89,6.1NRT,305.73,47.5,D
29.84448,79.34544,314.93,1.14,1.06,2026-05-20,0937,Aqua,MODIS,42,6.1NRT,303.97,4.11,D
29.89618,79.42744,314.93,1.13,1.06,2026-05-20,0937,Aqua,MODIS,43,6.1NRT,303.62,5.62,D
29.9072,79.43679,315.42,1.12,1.06,2026-05-20,0937,Aqua,MODIS,27,6.1NRT,303.57,6.67,D
29.84534,78.95255,319.11,1.18,1.08,2026-05-20,0937,Aqua,MODIS,64,6.1NRT,304.64,10.99,D
29.84161,78.93057,326.67,1.19,1.08,2026-05-20,0937,Aqua,MODIS,77,6.1NRT,303.74,20.25,D
29.83939,78.91734,326.69,1.19,1.08,2026-05-20,0937,Aqua,MODIS,77,6.1NRT,306.49,20.74,D
29.93525,79.32909,321.88,1.13,1.06,2026-05-20,0937,Aqua,MODIS,73,6.1NRT,306.82,12.39,D
29.93345,79.3184,331,1.14,1.06,2026-05-20,0937,Aqua,MODIS,83,6.1NRT,307.09,25.07,D
29.93526,79.27266,324.12,1.14,1.06,2026-05-20,0937,Aqua,MODIS,76,6.1NRT,305.82,15.5,D
29.84039,78.66264,325.3,1.22,1.1,2026-05-20,0937,Aqua,MODIS,76,6.1NRT,306.51,19.09,D
29.83801,78.64899,319.52,1.22,1.1,2026-05-20,0937,Aqua,MODIS,66,6.1NRT,307.59,10.22,D
29.93807,79.1762,325.14,1.15,1.07,2026-05-20,0937,Aqua,MODIS,77,6.1NRT,307.85,16.67,D
29.92184,78.96653,314.62,1.18,1.08,2026-05-20,0937,Aqua,MODIS,53,6.1NRT,300.48,10.75,D
29.91998,78.95564,317.58,1.18,1.08,2026-05-20,0937,Aqua,MODIS,63,6.1NRT,299.23,13.4,D
29.93924,78.58526,318.51,1.23,1.1,2026-05-20,0937,Aqua,MODIS,64,6.1NRT,301.8,11.36,D
29.93698,78.57217,315.75,1.23,1.1,2026-05-20,0937,Aqua,MODIS,50,6.1NRT,304.57,7.45,D
30.09531,79.4504,317.51,1.12,1.05,2026-05-20,0937,Aqua,MODIS,49,6.1NRT,305.69,8.02,D
30.13504,79.35465,345.71,1.13,1.06,2026-05-20,0937,Aqua,MODIS,93,6.1NRT,307.75,53.6,D
30.13328,79.34418,324.96,1.13,1.06,2026-05-20,0937,Aqua,MODIS,54,6.1NRT,305.11,17.49,D
30.15163,79.34061,322.39,1.13,1.06,2026-05-20,0937,Aqua,MODIS,65,6.1NRT,304.1,12.17,D
30.06199,78.8112,318.25,1.19,1.09,2026-05-20,0937,Aqua,MODIS,51,6.1NRT,305.6,7.36,D
30.08278,78.81895,322.71,1.19,1.09,2026-05-20,0937,Aqua,MODIS,74,6.1NRT,305.84,13.96,D
30.13049,78.72804,320.58,1.2,1.09,2026-05-20,0937,Aqua,MODIS,56,6.1NRT,305.56,10.82,D
30.21062,78.85534,318.5,1.18,1.08,2026-05-20,0937,Aqua,MODIS,37,6.1NRT,306.04,7.64,D
30.18795,78.66348,323.22,1.21,1.09,2026-05-20,0937,Aqua,MODIS,73,6.1NRT,308.41,11.82,D
30.27038,79.0544,318.11,1.16,1.07,2026-05-20,0937,Aqua,MODIS,46,6.1NRT,303.88,9.29,D
30.26846,79.04313,318.97,1.16,1.07,2026-05-20,0937,Aqua,MODIS,61,6.1NRT,303.25,10.94,D
30.32684,79.27608,315.83,1.13,1.06,2026-05-20,0937,Aqua,MODIS,52,6.1NRT,301.5,6.69,D
30.30331,79.07912,338.91,1.15,1.07,2026-05-20,0937,Aqua,MODIS,89,6.1NRT,308.79,36.71,D
30.30135,79.06749,333.56,1.15,1.07,2026-05-20,0937,Aqua,MODIS,85,6.1NRT,309.07,26.56,D
30.26443,78.84973,318.18,1.18,1.08,2026-05-20,0937,Aqua,MODIS,56,6.1NRT,305.32,6.77,D
30.2144,78.50121,318.83,1.23,1.1,2026-05-20,0937,Aqua,MODIS,55,6.1NRT,303.51,13.07,D
30.27829,78.75983,319.96,1.19,1.09,2026-05-20,0937,Aqua,MODIS,62,6.1NRT,306.52,9.01,D
30.34524,79.007,318.11,1.16,1.07,2026-05-20,0937,Aqua,MODIS,54,6.1NRT,305.42,9.05,D
30.35152,78.58883,325.66,1.21,1.09,2026-05-20,0937,Aqua,MODIS,59,6.1NRT,306.55,18.71,D
30.34961,78.57769,326.52,1.21,1.1,2026-05-20,0937,Aqua,MODIS,59,6.1NRT,305.84,19.35,D
31.18826,75.67577,334.62,1.74,1.29,2026-05-20,0939,Aqua,MODIS,83,6.1NRT,317.22,27.65,D
20.9542,86.04833,307.4,1.09,1.04,2026-05-20,1446,Terra,MODIS,68,6.1NRT,287.65,5.85,N
20.96638,86.00458,308.1,1.09,1.04,2026-05-20,1446,Terra,MODIS,70,6.1NRT,289.6,5.98,N
17.09017,80.81129,315.07,2.86,1.61,2026-05-20,1446,Terra,MODIS,90,6.1NRT,282.06,56.22,N
17.07203,80.82155,306.13,2.86,1.61,2026-05-20,1446,Terra,MODIS,49,6.1NRT,279.33,25.26,N
17.08599,80.8187,318.3,2.86,1.61,2026-05-20,1446,Terra,MODIS,97,6.1NRT,281.34,66.37,N
17.07619,80.81409,314.76,2.86,1.61,2026-05-20,1446,Terra,MODIS,90,6.1NRT,280.54,55.44,N
20.96846,85.1769,306.72,1.19,1.09,2026-05-20,1448,Terra,MODIS,41,6.1NRT,278.52,8.69,N
20.88195,81.95537,307.94,1.95,1.36,2026-05-20,1448,Terra,MODIS,64,6.1NRT,294.16,11.76,N
22.5765,85.89408,308.36,1.07,1.03,2026-05-20,1448,Terra,MODIS,59,6.1NRT,294.54,4.98,N
22.21072,76.93031,315.6,4.34,1.92,2026-05-20,1448,Terra,MODIS,89,6.1NRT,295.42,76.28,N
23.77705,86.20869,313.81,1.03,1.01,2026-05-20,1448,Terra,MODIS,85,6.1NRT,289.49,10.79,N
25.58255,94.67834,307.95,2.61,1.55,2026-05-20,1448,Terra,MODIS,52,6.1NRT,291.25,28.09,N
25.56892,94.67979,319.2,2.61,1.55,2026-05-20,1448,Terra,MODIS,98,6.1NRT,291.41,64.32,N
25.57308,94.66407,306.74,2.6,1.55,2026-05-20,1448,Terra,MODIS,69,6.1NRT,291.83,26.51,N
25.57484,94.68412,324.29,2.61,1.55,2026-05-20,1448,Terra,MODIS,100,6.1NRT,291.17,88.02,N
23.82627,84.57322,309.14,1.18,1.08,2026-05-20,1448,Terra,MODIS,61,6.1NRT,298.91,6.51,N
22.21503,76.92245,316.07,4.34,1.92,2026-05-20,1448,Terra,MODIS,90,6.1NRT,295.37,79.78,N
30.34691,78.5396,306.31,2.15,1.43,2026-05-20,1450,Terra,MODIS,56,6.1NRT,294.56,13.42,N
29.71371,79.74749,304.12,1.84,1.33,2026-05-20,1450,Terra,MODIS,31,6.1NRT,292.49,10.32,N
29.72777,79.7587,309.02,1.83,1.33,2026-05-20,1450,Terra,MODIS,76,6.1NRT,294.94,17.31,N
29.78779,79.7739,307.52,1.82,1.32,2026-05-20,1450,Terra,MODIS,72,6.1NRT,294.63,13.98,N
29.85755,79.82916,304.88,1.8,1.32,2026-05-20,1450,Terra,MODIS,62,6.1NRT,294.73,9.49,N
29.38733,77.08481,312.34,2.86,1.61,2026-05-20,1450,Terra,MODIS,82,6.1NRT,299.55,36.53,N
29.38152,77.05692,314.64,2.87,1.62,2026-05-20,1450,Terra,MODIS,88,6.1NRT,299.66,43.85,N
29.8017,79.0307,305.34,2.05,1.39,2026-05-20,1450,Terra,MODIS,64,6.1NRT,293.44,15.94,N
30.08747,79.43062,305.82,1.9,1.35,2026-05-20,1450,Terra,MODIS,65,6.1NRT,293.97,14.39,N
30.09434,79.42395,303.85,1.9,1.35,2026-05-20,1450,Terra,MODIS,47,6.1NRT,293.62,11.19,N
30.11699,79.41521,305.53,1.9,1.35,2026-05-20,1450,Terra,MODIS,46,6.1NRT,295.08,13.21,N
30.12996,79.35487,326.48,1.91,1.35,2026-05-20,1450,Terra,MODIS,100,6.1NRT,296.2,59.58,N
30.12701,79.33923,325.9,1.92,1.35,2026-05-20,1450,Terra,MODIS,100,6.1NRT,294.21,59.12,N
30.26177,79.06647,307.43,1.99,1.38,2026-05-20,1450,Terra,MODIS,55,6.1NRT,294.72,16.79,N
31.54481,76.44395,309.45,2.8,1.6,2026-05-20,1452,Terra,MODIS,77,6.1NRT,293.89,31.63,N
31.53363,76.42025,311.29,2.82,1.6,2026-05-20,1452,Terra,MODIS,82,6.1NRT,296.09,36.34,N
31.5399,76.4503,304.81,2.8,1.6,2026-05-20,1452,Terra,MODIS,62,6.1NRT,293.84,17.33,N
30.17813,75.68844,309.34,3.41,1.74,2026-05-20,1452,Terra,MODIS,77,6.1NRT,298.98,35.17,N
30.18071,75.6941,311.77,3.41,1.74,2026-05-20,1452,Terra,MODIS,83,6.1NRT,299.07,43.11,N
31.53826,76.41358,309.28,2.82,1.6,2026-05-20,1452,Terra,MODIS,77,6.1NRT,295.68,30.7,N
23.76651,86.40307,309.13,1.22,1.1,2026-05-20,2142,Aqua,MODIS,56,6.1NRT,291.26,8.77,N
23.78102,86.21501,307.54,1.24,1.11,2026-05-20,2142,Aqua,MODIS,72,6.1NRT,289.46,9.32,N
23.68591,86.39555,306.84,1.21,1.1,2026-05-20,2142,Aqua,MODIS,69,6.1NRT,292.54,8.17,N
23.68244,86.0909,305.07,1.26,1.12,2026-05-20,2142,Aqua,MODIS,63,6.1NRT,291.1,6.98,N
25.70238,94.82141,313.34,1.07,1.03,2026-05-21,0253,Terra,MODIS,52,6.1NRT,295.8,8.9,D
23.77535,86.21208,317.38,2.07,1.4,2026-05-21,0256,Terra,MODIS,63,6.1NRT,299.81,21.22,D
20.96671,85.17455,320.22,2.26,1.46,2026-05-21,0258,Terra,MODIS,67,6.1NRT,299.65,26.93,D
29.87156,75.80627,325.78,1.91,1.35,2026-05-21,0432,Terra,MODIS,68,6.1NRT,307.74,16,D
25.23238,74.75638,325,2.03,1.39,2026-05-21,0434,Terra,MODIS,58,6.1NRT,313.11,22.35,D
23.19977,69.36866,323.44,1.06,1.03,2026-05-21,0434,Terra,MODIS,53,6.1NRT,311.1,7.99,D
21.96216,69.23709,325.42,1.07,1.03,2026-05-21,0434,Terra,MODIS,52,6.1NRT,309.32,9.47,D
23.64623,68.54833,332.91,1.01,1,2026-05-21,0434,Terra,MODIS,77,6.1NRT,308.31,20.91,D
28.74657,95.86635,326.41,1.04,1.02,2026-05-21,0837,Aqua,MODIS,82,6.1NRT,292.77,23.31,D
27.70926,96.23257,312.15,1.04,1.02,2026-05-21,0837,Aqua,MODIS,66,6.1NRT,296.74,4.36,D
27.71084,96.2427,318.83,1.04,1.02,2026-05-21,0837,Aqua,MODIS,75,6.1NRT,296.99,10.18,D
27.70112,96.29692,322.54,1.03,1.02,2026-05-21,0837,Aqua,MODIS,79,6.1NRT,298.97,13.94,D
27.66589,96.30402,312.52,1.03,1.02,2026-05-21,0837,Aqua,MODIS,62,6.1NRT,297.31,5.25,D
27.65709,96.30585,340.57,1.03,1.02,2026-05-21,0837,Aqua,MODIS,91,6.1NRT,297.72,40.05,D
27.59749,96.2819,320.67,1.04,1.02,2026-05-21,0837,Aqua,MODIS,77,6.1NRT,297.32,13.28,D
27.2841,95.8889,315.77,1.07,1.03,2026-05-21,0837,Aqua,MODIS,72,6.1NRT,296.31,9.64,D
27.53547,96.2489,318.82,1.04,1.02,2026-05-21,0837,Aqua,MODIS,75,6.1NRT,295.11,12.68,D
12.50157,80.0094,326.43,1.36,1.15,2026-05-21,1009,Aqua,MODIS,0,6.1NRT,303.28,17.52,D
11.89709,78.93246,325.83,1.15,1.07,2026-05-21,1009,Aqua,MODIS,71,6.1NRT,302.3,15.05,D
11.30265,76.33865,314.18,1,1,2026-05-21,1009,Aqua,MODIS,55,6.1NRT,294.47,6.92,D
18.42937,79.5596,333.23,1.54,1.22,2026-05-21,1011,Aqua,MODIS,76,6.1NRT,310.95,24.93,D
18.34953,78.75388,331.7,1.35,1.15,2026-05-21,1011,Aqua,MODIS,70,6.1NRT,312.65,17.28,D
18.44077,79.3058,329.78,1.47,1.2,2026-05-21,1011,Aqua,MODIS,68,6.1NRT,310.18,18.46,D
18.48273,79.46706,333.19,1.51,1.21,2026-05-21,1011,Aqua,MODIS,66,6.1NRT,310.5,26.27,D
18.48623,79.41034,340.77,1.5,1.21,2026-05-21,1011,Aqua,MODIS,85,6.1NRT,311.13,44.1,D
18.44635,79.1023,332.47,1.43,1.18,2026-05-21,1011,Aqua,MODIS,64,6.1NRT,311.44,20.4,D
18.44466,79.08929,338.95,1.42,1.18,2026-05-21,1011,Aqua,MODIS,0,6.1NRT,311.75,36.84,D
18.48835,79.47485,328.58,1.52,1.22,2026-05-21,1011,Aqua,MODIS,61,6.1NRT,311.13,13.99,D
18.44232,79.09725,338.21,1.43,1.18,2026-05-21,1011,Aqua,MODIS,77,6.1NRT,312,34.93,D
18.49053,79.40414,329.63,1.5,1.21,2026-05-21,1011,Aqua,MODIS,22,6.1NRT,310.76,15.77,D
18.48885,79.39037,330.45,1.5,1.21,2026-05-21,1011,Aqua,MODIS,24,6.1NRT,310.79,17.86,D
18.51507,79.42889,344.46,1.51,1.21,2026-05-21,1011,Aqua,MODIS,84,6.1NRT,311.83,57.99,D
18.52806,79.19264,336.35,1.45,1.19,2026-05-21,1011,Aqua,MODIS,69,6.1NRT,310,33.85,D
18.52296,79.15282,328.34,1.44,1.19,2026-05-21,1011,Aqua,MODIS,58,6.1NRT,310.59,14.23,D
18.66172,79.34579,330.9,1.49,1.21,2026-05-21,1011,Aqua,MODIS,70,6.1NRT,309.96,21.59,D
18.64077,79.18343,336.99,1.46,1.19,2026-05-21,1011,Aqua,MODIS,70,6.1NRT,308.83,36.25,D
18.63905,79.17014,351.68,1.45,1.19,2026-05-21,1011,Aqua,MODIS,94,6.1NRT,310.61,83.15,D
18.63589,79.17849,346.89,1.46,1.19,2026-05-21,1011,Aqua,MODIS,85,6.1NRT,309.77,65.29,D
18.63427,79.16522,330.4,1.45,1.19,2026-05-21,1011,Aqua,MODIS,67,6.1NRT,310.03,18.8,D
18.62156,78.57169,334.8,1.33,1.14,2026-05-21,1011,Aqua,MODIS,75,6.1NRT,311.92,24.1,D
18.86971,79.98227,341.84,1.67,1.27,2026-05-21,1011,Aqua,MODIS,75,6.1NRT,310.89,58.91,D
18.81831,78.91422,331.75,1.4,1.17,2026-05-21,1011,Aqua,MODIS,44,6.1NRT,311.14,18.06,D
18.88785,79.13174,328.09,1.46,1.19,2026-05-21,1011,Aqua,MODIS,51,6.1NRT,310.62,13.49,D
19.03396,79.55493,331.65,1.57,1.23,2026-05-21,1011,Aqua,MODIS,73,6.1NRT,311.5,23.14,D
19.03216,79.54053,344.25,1.56,1.23,2026-05-21,1011,Aqua,MODIS,89,6.1NRT,312.08,60.87,D
18.93608,78.01188,331.5,1.24,1.11,2026-05-21,1011,Aqua,MODIS,60,6.1NRT,312.11,11.93,D
19.14111,79.1161,328.93,1.46,1.2,2026-05-21,1011,Aqua,MODIS,63,6.1NRT,311.65,14.11,D
19.14026,78.94267,328.8,1.42,1.18,2026-05-21,1011,Aqua,MODIS,61,6.1NRT,310.81,13,D
19.19326,77.86282,335.65,1.22,1.1,2026-05-21,1011,Aqua,MODIS,74,6.1NRT,313.24,17.21,D
19.98411,80.69501,327.68,1.96,1.37,2026-05-21,1011,Aqua,MODIS,64,6.1NRT,310.34,21.13,D
20.2458,79.53339,341.5,1.62,1.25,2026-05-21,1011,Aqua,MODIS,85,6.1NRT,311.43,54.08,D
20.24393,79.51833,335.78,1.62,1.25,2026-05-21,1011,Aqua,MODIS,77,6.1NRT,310.36,36.42,D
20.23746,79.52763,343.1,1.62,1.25,2026-05-21,1011,Aqua,MODIS,87,6.1NRT,311.64,59.81,D
20.31601,79.53249,333.09,1.63,1.26,2026-05-21,1011,Aqua,MODIS,73,6.1NRT,310.27,27.43,D
20.39371,79.98335,331.75,1.76,1.3,2026-05-21,1011,Aqua,MODIS,62,6.1NRT,309.65,26.81,D
20.39327,79.99438,327.81,1.77,1.3,2026-05-21,1011,Aqua,MODIS,60,6.1NRT,308.93,18.04,D
20.75154,81.82959,325.62,2.47,1.51,2026-05-21,1011,Aqua,MODIS,57,6.1NRT,305.16,31.26,D
20.70427,80.10233,327.35,1.82,1.32,2026-05-21,1011,Aqua,MODIS,31,6.1NRT,307.88,17.18,D
20.70234,80.08553,336.52,1.81,1.32,2026-05-21,1011,Aqua,MODIS,79,6.1NRT,309.14,46.79,D
20.71387,80.0841,332.71,1.81,1.32,2026-05-21,1011,Aqua,MODIS,72,6.1NRT,310.36,33.34,D
16.07417,79.5699,329.32,1.42,1.18,2026-05-21,1011,Aqua,MODIS,68,6.1NRT,306.22,20.15,D
15.72273,78.5261,332.47,1.21,1.09,2026-05-21,1011,Aqua,MODIS,73,6.1NRT,304.88,17.31,D
15.84009,80.06843,331.75,1.53,1.22,2026-05-21,1011,Aqua,MODIS,74,6.1NRT,305.31,26.04,D
15.37988,78.6452,325.54,1.22,1.1,2026-05-21,1011,Aqua,MODIS,41,6.1NRT,303.35,10.64,D
15.30943,78.45274,331.4,1.19,1.08,2026-05-21,1011,Aqua,MODIS,71,6.1NRT,307.54,13.08,D
15.3109,78.46342,335.12,1.19,1.08,2026-05-21,1011,Aqua,MODIS,78,6.1NRT,307.51,20.76,D
14.83831,77.31938,328.81,1.05,1.02,2026-05-21,1011,Aqua,MODIS,69,6.1NRT,303.82,11.56,D
14.8978,78.80714,324.96,1.23,1.1,2026-05-21,1011,Aqua,MODIS,46,6.1NRT,304.36,9.91,D
14.28968,77.75661,325.39,1.08,1.04,2026-05-21,1011,Aqua,MODIS,53,6.1NRT,303.71,6.27,D
14.22885,79.22236,327.22,1.28,1.12,2026-05-21,1011,Aqua,MODIS,67,6.1NRT,304.51,14.87,D
14.22643,79.21658,330.95,1.27,1.12,2026-05-21,1011,Aqua,MODIS,75,6.1NRT,304.74,20.7,D
13.85011,79.23404,322.78,1.26,1.12,2026-05-21,1011,Aqua,MODIS,45,6.1NRT,304.02,12.74,D
13.84037,79.23536,323.09,1.26,1.12,2026-05-21,1011,Aqua,MODIS,48,6.1NRT,303.27,13.63,D
17.55576,79.65679,330.4,1.51,1.21,2026-05-21,1011,Aqua,MODIS,72,6.1NRT,308.24,20.94,D
17.6742,80.14626,326.74,1.65,1.26,2026-05-21,1011,Aqua,MODIS,57,6.1NRT,307.01,15.34,D
17.39736,77.74831,339.71,1.15,1.07,2026-05-21,1011,Aqua,MODIS,82,6.1NRT,310.42,24.27,D
17.84646,79.69743,330.75,1.54,1.22,2026-05-21,1011,Aqua,MODIS,72,6.1NRT,311.05,21.89,D
17.87671,79.67906,329.89,1.54,1.22,2026-05-21,1011,Aqua,MODIS,70,6.1NRT,310.99,18.39,D
17.88159,79.67144,331.45,1.54,1.22,2026-05-21,1011,Aqua,MODIS,73,6.1NRT,310.96,21.79,D
17.88146,79.24393,328.18,1.43,1.18,2026-05-21,1011,Aqua,MODIS,65,6.1NRT,309.92,15.37,D
18.03796,79.67305,333.52,1.54,1.22,2026-05-21,1011,Aqua,MODIS,77,6.1NRT,311.41,26.9,D
18.03617,79.65894,330.5,1.54,1.22,2026-05-21,1011,Aqua,MODIS,71,6.1NRT,311.25,18.78,D
18.05756,79.6561,330.65,1.54,1.22,2026-05-21,1011,Aqua,MODIS,27,6.1NRT,310.58,16.97,D
18.05335,79.6641,327.45,1.54,1.22,2026-05-21,1011,Aqua,MODIS,40,6.1NRT,309.52,11.09,D
17.8844,78.08397,326.07,1.22,1.1,2026-05-21,1011,Aqua,MODIS,44,6.1NRT,308.27,8.44,D
18.10331,79.62873,330.85,1.54,1.22,2026-05-21,1011,Aqua,MODIS,72,6.1NRT,309.35,22.9,D
18.16622,79.86732,330.19,1.6,1.25,2026-05-21,1011,Aqua,MODIS,68,6.1NRT,310.16,22.66,D
18.15627,79.67336,327.35,1.55,1.23,2026-05-21,1011,Aqua,MODIS,63,6.1NRT,309.52,13.78,D
18.16904,79.60008,333.23,1.53,1.22,2026-05-21,1011,Aqua,MODIS,76,6.1NRT,310.88,25.19,D
18.14849,79.43422,338.62,1.49,1.21,2026-05-21,1011,Aqua,MODIS,83,6.1NRT,308.83,43.13,D
18.1468,79.42058,329.42,1.49,1.2,2026-05-21,1011,Aqua,MODIS,68,6.1NRT,310.29,19.25,D
18.17623,79.57072,329.47,1.53,1.22,2026-05-21,1011,Aqua,MODIS,68,6.1NRT,309.52,17.21,D
17.0971,80.76665,324.73,1.8,1.31,2026-05-21,1011,Aqua,MODIS,57,6.1NRT,302.25,16.22,D
17.03157,80.6125,329,1.75,1.3,2026-05-21,1011,Aqua,MODIS,70,6.1NRT,304.92,23.28,D
16.97688,80.53998,328.69,1.72,1.29,2026-05-21,1011,Aqua,MODIS,69,6.1NRT,306.9,20.94,D
16.97624,80.52985,329.42,1.72,1.29,2026-05-21,1011,Aqua,MODIS,70,6.1NRT,306.2,22.42,D
16.45699,77.41309,329.83,1.09,1.04,2026-05-21,1011,Aqua,MODIS,57,6.1NRT,309.85,9.66,D
16.54933,78.15116,328.57,1.18,1.08,2026-05-21,1011,Aqua,MODIS,61,6.1NRT,308.8,11.22,D
16.56919,78.36942,328.26,1.22,1.1,2026-05-21,1011,Aqua,MODIS,60,6.1NRT,306.94,11.29,D
16.19547,76.21909,325.09,1.01,1,2026-05-21,1011,Aqua,MODIS,36,6.1NRT,304.41,4,D
16.39827,80.12555,329.89,1.57,1.24,2026-05-21,1011,Aqua,MODIS,73,6.1NRT,307.35,19.3,D
16.40893,80.95118,330.09,1.81,1.32,2026-05-21,1011,Aqua,MODIS,73,6.1NRT,302.8,28.67,D
16.1789,79.92691,327.57,1.51,1.21,2026-05-21,1011,Aqua,MODIS,66,6.1NRT,304.73,19.93,D
18.18687,79.56926,328.71,1.53,1.22,2026-05-21,1011,Aqua,MODIS,65,6.1NRT,310.16,15.79,D
18.06094,78.25197,327.18,1.25,1.11,2026-05-21,1011,Aqua,MODIS,51,6.1NRT,307.91,8.99,D
18.22776,79.5003,350.99,1.51,1.21,2026-05-21,1011,Aqua,MODIS,94,6.1NRT,310.06,85.27,D
18.23836,79.49887,332.86,1.51,1.21,2026-05-21,1011,Aqua,MODIS,75,6.1NRT,309.43,27.08,D
18.05976,78.09151,328.99,1.22,1.1,2026-05-21,1011,Aqua,MODIS,39,6.1NRT,307.65,11.66,D
18.25955,79.49602,326.98,1.51,1.21,2026-05-21,1011,Aqua,MODIS,54,6.1NRT,309.18,12.48,D
18.23402,79.29208,334.26,1.46,1.19,2026-05-21,1011,Aqua,MODIS,77,6.1NRT,311.24,28.23,D
18.17721,78.76476,329.26,1.35,1.15,2026-05-21,1011,Aqua,MODIS,65,6.1NRT,310.34,16.21,D
18.26858,79.39706,332.52,1.49,1.2,2026-05-21,1011,Aqua,MODIS,74,6.1NRT,310.28,24.82,D
18.0811,77.88644,330.45,1.19,1.09,2026-05-21,1011,Aqua,MODIS,67,6.1NRT,310.32,12.49,D
18.29312,79.42152,332.04,1.49,1.21,2026-05-21,1011,Aqua,MODIS,73,6.1NRT,309.68,24.32,D
18.32686,79.60036,330.95,1.54,1.22,2026-05-21,1011,Aqua,MODIS,72,6.1NRT,309.63,21.46,D
18.32505,79.58628,334.26,1.54,1.22,2026-05-21,1011,Aqua,MODIS,77,6.1NRT,310.11,29.63,D
18.30367,79.42009,339.83,1.49,1.21,2026-05-21,1011,Aqua,MODIS,80,6.1NRT,311.3,43.45,D
18.30191,79.40646,332.09,1.49,1.21,2026-05-21,1011,Aqua,MODIS,69,6.1NRT,310.45,21.5,D
18.31945,79.59568,329.52,1.54,1.22,2026-05-21,1011,Aqua,MODIS,69,6.1NRT,310.19,17.89,D
18.29927,79.42896,332.14,1.5,1.21,2026-05-21,1011,Aqua,MODIS,69,6.1NRT,310.19,23.23,D
18.2976,79.41525,330.7,1.49,1.21,2026-05-21,1011,Aqua,MODIS,66,6.1NRT,310.73,19.18,D
18.33013,79.59421,331.15,1.54,1.22,2026-05-21,1011,Aqua,MODIS,72,6.1NRT,309.97,21.17,D
18.30982,79.42752,341.34,1.5,1.21,2026-05-21,1011,Aqua,MODIS,81,6.1NRT,311.02,46.35,D
18.30814,79.4138,337.59,1.49,1.21,2026-05-21,1011,Aqua,MODIS,77,6.1NRT,311.16,34.95,D
18.28373,78.88381,330.95,1.37,1.16,2026-05-21,1011,Aqua,MODIS,69,6.1NRT,310.14,17.53,D
18.28211,78.8712,328.28,1.37,1.16,2026-05-21,1011,Aqua,MODIS,61,6.1NRT,311.14,11.61,D
18.3678,79.46165,328.04,1.51,1.21,2026-05-21,1011,Aqua,MODIS,44,6.1NRT,309.64,12.06,D
18.396,79.42972,328.11,1.5,1.21,2026-05-21,1011,Aqua,MODIS,37,6.1NRT,309.92,13.14,D
18.3912,79.42346,328.62,1.5,1.21,2026-05-21,1011,Aqua,MODIS,42,6.1NRT,310.85,14.76,D
18.41188,79.50506,330.7,1.52,1.22,2026-05-21,1011,Aqua,MODIS,68,6.1NRT,310.73,18.84,D
18.41232,79.42064,332.14,1.5,1.21,2026-05-21,1011,Aqua,MODIS,74,6.1NRT,311.01,23.43,D
20.72735,80.0994,328.7,1.82,1.32,2026-05-21,1011,Aqua,MODIS,47,6.1NRT,309.04,21.54,D
20.7254,80.0826,334.71,1.81,1.32,2026-05-21,1011,Aqua,MODIS,76,6.1NRT,309.57,41.36,D
20.80424,79.98173,329.32,1.79,1.31,2026-05-21,1011,Aqua,MODIS,62,6.1NRT,309.91,25.59,D
16.55511,76.58932,327.84,1.03,1.01,2026-05-21,1011,Aqua,MODIS,59,6.1NRT,303.96,10.07,D
16.95328,79.50413,327.51,1.45,1.19,2026-05-21,1011,Aqua,MODIS,32,6.1NRT,306.93,14.63,D
17.0689,80.25673,328.88,1.65,1.26,2026-05-21,1011,Aqua,MODIS,69,6.1NRT,307.82,16.57,D
17.09339,79.7244,327.73,1.51,1.21,2026-05-21,1011,Aqua,MODIS,66,6.1NRT,307.47,13.9,D
17.09166,79.71069,331.45,1.5,1.21,2026-05-21,1011,Aqua,MODIS,74,6.1NRT,307.82,21.99,D
17.32869,80.88385,322.12,1.85,1.33,2026-05-21,1011,Aqua,MODIS,46,6.1NRT,289.05,26.91,D
16.94464,76.8764,333.37,1.05,1.02,2026-05-21,1011,Aqua,MODIS,73,6.1NRT,312.3,9.63,D
16.73167,74.52428,343.96,1.03,1.01,2026-05-21,1011,Aqua,MODIS,89,6.1NRT,304.96,36.84,D
16.85149,74.81901,326.31,1.01,1.01,2026-05-21,1011,Aqua,MODIS,61,6.1NRT,303.7,7.87,D
26.16517,78.84658,333.14,1.77,1.3,2026-05-21,1013,Aqua,MODIS,70,6.1NRT,314.37,26.88,D
26.10481,78.30498,329.73,1.62,1.25,2026-05-21,1013,Aqua,MODIS,47,6.1NRT,315.6,14.23,D
25.51447,73.09863,330.5,1,1,2026-05-21,1013,Aqua,MODIS,48,6.1NRT,319.94,5.92,D
26.39598,79.29254,328.21,1.92,1.35,2026-05-21,1013,Aqua,MODIS,49,6.1NRT,310.45,19.54,D
26.40751,79.06886,332.14,1.85,1.33,2026-05-21,1013,Aqua,MODIS,68,6.1NRT,312.65,30,D
26.31733,77.66351,335.03,1.48,1.2,2026-05-21,1013,Aqua,MODIS,72,6.1NRT,318.51,18.71,D
26.06604,78.06097,330.65,1.56,1.23,2026-05-21,1013,Aqua,MODIS,58,6.1NRT,314.95,16.07,D
25.7577,76.57349,333.98,1.25,1.11,2026-05-21,1013,Aqua,MODIS,67,6.1NRT,323.92,11.03,D
25.91779,77.98798,330.65,1.53,1.22,2026-05-21,1013,Aqua,MODIS,44,6.1NRT,316.63,13.97,D
25.63107,76.32836,331.79,1.21,1.09,2026-05-21,1013,Aqua,MODIS,53,6.1NRT,320.94,9.07,D
25.3119,76.15264,332.86,1.17,1.08,2026-05-21,1013,Aqua,MODIS,62,6.1NRT,322.09,11.18,D
25.38948,76.99773,334.67,1.31,1.13,2026-05-21,1013,Aqua,MODIS,68,6.1NRT,322.04,17.34,D
25.25821,76.29406,331.3,1.19,1.09,2026-05-21,1013,Aqua,MODIS,33,6.1NRT,319.02,9.75,D
25.32081,78.33787,335.47,1.59,1.24,2026-05-21,1013,Aqua,MODIS,56,6.1NRT,319.08,24.72,D
24.88223,74.87703,330.19,1.04,1.02,2026-05-21,1013,Aqua,MODIS,45,6.1NRT,318.87,7.97,D
25.32791,78.32712,334.98,1.58,1.24,2026-05-21,1013,Aqua,MODIS,49,6.1NRT,319.3,23.29,D
25.31707,78.32858,335.34,1.58,1.24,2026-05-21,1013,Aqua,MODIS,59,6.1NRT,319.08,24.89,D
25.38681,79.8172,335.03,2.03,1.39,2026-05-21,1013,Aqua,MODIS,64,6.1NRT,316.91,33.19,D
24.82165,75.2431,331.45,1.07,1.03,2026-05-21,1013,Aqua,MODIS,54,6.1NRT,321.07,8.37,D
24.82304,75.25327,335.83,1.07,1.03,2026-05-21,1013,Aqua,MODIS,72,6.1NRT,321.17,14.83,D
25.38154,79.82516,334.35,2.03,1.39,2026-05-21,1013,Aqua,MODIS,72,6.1NRT,315.16,35,D
24.83274,76.22411,331.05,1.17,1.08,2026-05-21,1013,Aqua,MODIS,37,6.1NRT,320.16,9.13,D
23.74979,69.26306,349.02,1.53,1.22,2026-05-21,1013,Aqua,MODIS,92,6.1NRT,318.94,72.86,D
24.45626,73.84054,333.04,1,1,2026-05-21,1013,Aqua,MODIS,67,6.1NRT,319.35,11.83,D
24.34796,73.72894,331.79,1,1,2026-05-21,1013,Aqua,MODIS,60,6.1NRT,318.14,9.67,D
24.4007,74.09026,338.05,1,1,2026-05-21,1013,Aqua,MODIS,78,6.1NRT,320.48,17.94,D
24.40208,74.09979,332.57,1,1,2026-05-21,1013,Aqua,MODIS,65,6.1NRT,320.18,9.91,D
24.13373,73.39395,327.94,1,1,2026-05-21,1013,Aqua,MODIS,31,6.1NRT,316.02,6.63,D
24.5743,77.2514,333.93,1.32,1.14,2026-05-21,1013,Aqua,MODIS,66,6.1NRT,321.15,15.3,D
24.10328,73.95671,343.28,1,1,2026-05-21,1013,Aqua,MODIS,85,6.1NRT,321.64,26.88,D
23.90304,73.34592,333.56,1.01,1,2026-05-21,1013,Aqua,MODIS,68,6.1NRT,317.56,13.56,D
24.41825,78.35754,331.25,1.55,1.23,2026-05-21,1013,Aqua,MODIS,55,6.1NRT,319.8,15.7,D
23.8669,74.48391,334.16,1.01,1,2026-05-21,1013,Aqua,MODIS,68,6.1NRT,318.26,11.45,D
23.85077,74.49647,333.61,1.01,1,2026-05-21,1013,Aqua,MODIS,66,6.1NRT,319.7,10.22,D
23.21141,72.05206,333.61,1.09,1.04,2026-05-21,1013,Aqua,MODIS,68,6.1NRT,319.15,11.21,D
23.51996,75.70406,334.07,1.08,1.04,2026-05-21,1013,Aqua,MODIS,67,6.1NRT,317.15,11.83,D
23.37209,76.1102,332.42,1.12,1.05,2026-05-21,1013,Aqua,MODIS,60,6.1NRT,316.26,8.97,D
23.73178,79.37021,332.09,1.78,1.31,2026-05-21,1013,Aqua,MODIS,67,6.1NRT,316.46,21.81,D
21.89681,72.01112,329.83,1.13,1.06,2026-05-21,1013,Aqua,MODIS,38,6.1NRT,310.4,10.05,D
21.89852,72.02167,341.61,1.13,1.06,2026-05-21,1013,Aqua,MODIS,83,6.1NRT,310.51,31.54,D
22.28045,76.08315,335.69,1.09,1.04,2026-05-21,1013,Aqua,MODIS,77,6.1NRT,312.17,16.88,D
22.28184,76.0933,346.35,1.09,1.04,2026-05-21,1013,Aqua,MODIS,90,6.1NRT,312.72,37.53,D
22.28325,76.10358,332.86,1.09,1.04,2026-05-21,1013,Aqua,MODIS,68,6.1NRT,309.92,12.24,D
22.27139,76.08466,330.5,1.09,1.04,2026-05-21,1013,Aqua,MODIS,54,6.1NRT,311.38,9.48,D
22.27276,76.09473,339.91,1.09,1.04,2026-05-21,1013,Aqua,MODIS,83,6.1NRT,312.45,25.14,D
22.27416,76.10493,344.81,1.09,1.04,2026-05-21,1013,Aqua,MODIS,88,6.1NRT,310.96,34.27,D
22.24812,77.36397,334.57,1.25,1.11,2026-05-21,1013,Aqua,MODIS,74,6.1NRT,312.15,19.86,D
21.18011,70.98882,327.31,1.32,1.14,2026-05-21,1013,Aqua,MODIS,46,6.1NRT,304.94,12.27,D
22.10127,77.40394,331.15,1.25,1.11,2026-05-21,1013,Aqua,MODIS,63,6.1NRT,312.7,12.17,D
21.97246,77.22283,334.16,1.22,1.1,2026-05-21,1013,Aqua,MODIS,71,6.1NRT,311.85,19.23,D
21.9629,77.22434,328.87,1.22,1.1,2026-05-21,1013,Aqua,MODIS,37,6.1NRT,309.86,10.24,D
21.64801,77.07264,330.55,1.19,1.08,2026-05-21,1013,Aqua,MODIS,56,6.1NRT,312.08,12.06,D
21.71413,77.25172,335.25,1.22,1.1,2026-05-21,1013,Aqua,MODIS,73,6.1NRT,313.95,15.45,D
21.7072,77.04752,335.07,1.19,1.08,2026-05-21,1013,Aqua,MODIS,72,6.1NRT,313.8,15.79,D
20.3933,73.46226,329.83,1.04,1.02,2026-05-21,1013,Aqua,MODIS,66,6.1NRT,304.47,12.55,D
21.31763,79.29754,341.61,1.62,1.25,2026-05-21,1013,Aqua,MODIS,84,6.1NRT,312.95,46.87,D
21.32032,79.29019,338.17,1.62,1.25,2026-05-21,1013,Aqua,MODIS,70,6.1NRT,312.59,35.66,D
20.98171,73.13631,333.98,1.05,1.02,2026-05-21,1013,Aqua,MODIS,77,6.1NRT,303.37,23.29,D
29.28075,74.31543,332.57,1.08,1.04,2026-05-21,1015,Aqua,MODIS,38,6.1NRT,312.54,12.56,D
28.51898,76.54332,332.57,1.35,1.15,2026-05-21,1015,Aqua,MODIS,65,6.1NRT,313.03,15.63,D
29.27732,79.85047,317.99,2.32,1.47,2026-05-21,1015,Aqua,MODIS,47,6.1NRT,298.33,23.74,D
29.31804,79.73444,317.11,2.28,1.46,2026-05-21,1015,Aqua,MODIS,18,6.1NRT,301.89,19.72,D
29.31708,79.72874,317.04,2.28,1.46,2026-05-21,1015,Aqua,MODIS,32,6.1NRT,302.14,21.17,D
29.02634,76.61449,337.46,1.38,1.16,2026-05-21,1015,Aqua,MODIS,79,6.1NRT,310.42,29.17,D
29.59669,79.25183,320.04,2.12,1.42,2026-05-21,1015,Aqua,MODIS,57,6.1NRT,301.76,23.61,D
29.59469,79.23138,318.99,2.12,1.41,2026-05-21,1015,Aqua,MODIS,45,6.1NRT,303.67,19.53,D
29.72075,79.74236,318.41,2.31,1.47,2026-05-21,1015,Aqua,MODIS,55,6.1NRT,302.84,26.39,D
29.76449,79.64092,318.78,2.28,1.46,2026-05-21,1015,Aqua,MODIS,58,6.1NRT,302.54,29.02,D
29.82194,78.65791,324.09,1.94,1.36,2026-05-21,1015,Aqua,MODIS,67,6.1NRT,305.69,27.32,D
29.86779,78.86886,320.6,2.01,1.38,2026-05-21,1015,Aqua,MODIS,53,6.1NRT,305.36,19.47,D
29.82895,78.64902,327.57,1.94,1.36,2026-05-21,1015,Aqua,MODIS,72,6.1NRT,307.07,36.26,D
29.87523,78.87826,321.17,2.02,1.38,2026-05-21,1015,Aqua,MODIS,62,6.1NRT,304.29,22.25,D
30.01655,78.77818,323.68,1.99,1.38,2026-05-21,1015,Aqua,MODIS,67,6.1NRT,308.55,26.22,D
30.1651,78.8069,322.62,2.01,1.38,2026-05-21,1015,Aqua,MODIS,44,6.1NRT,307.28,23.08,D
30.22593,78.73676,325,1.99,1.38,2026-05-21,1015,Aqua,MODIS,70,6.1NRT,307.92,25.13,D
30.36649,79.13955,317,2.14,1.42,2026-05-21,1015,Aqua,MODIS,29,6.1NRT,300.15,22.25,D
30.37578,78.60468,320.51,1.96,1.37,2026-05-21,1015,Aqua,MODIS,32,6.1NRT,305.88,17.04,D
30.43151,75.99393,328.94,1.33,1.14,2026-05-21,1015,Aqua,MODIS,64,6.1NRT,311.86,11.69,D
30.32713,74.27407,330.65,1.1,1.04,2026-05-21,1015,Aqua,MODIS,66,6.1NRT,312.24,10.04,D
30.61208,75.61246,328.57,1.27,1.12,2026-05-21,1015,Aqua,MODIS,64,6.1NRT,310.01,10.69,D
31.02612,78.05973,320.7,1.83,1.33,2026-05-21,1015,Aqua,MODIS,34,6.1NRT,306.31,16.99,D
30.93883,77.03237,326.24,1.56,1.23,2026-05-21,1015,Aqua,MODIS,69,6.1NRT,304.64,25.43,D
30.94478,77.04141,324.32,1.57,1.23,2026-05-21,1015,Aqua,MODIS,65,6.1NRT,303.7,21.62,D
30.9431,77.02547,324.49,1.56,1.23,2026-05-21,1015,Aqua,MODIS,66,6.1NRT,304.88,21.61,D
30.85201,75.15893,330.6,1.21,1.09,2026-05-21,1015,Aqua,MODIS,70,6.1NRT,311.79,11.27,D
31.03663,76.01999,332.47,1.36,1.15,2026-05-21,1015,Aqua,MODIS,77,6.1NRT,311.89,18.85,D
31.16115,75.86974,345.12,1.33,1.14,2026-05-21,1015,Aqua,MODIS,90,6.1NRT,312.87,48.77,D
31.09381,75.23254,326.66,1.23,1.1,2026-05-21,1015,Aqua,MODIS,62,6.1NRT,309.12,11.39,D
32.26662,75.37733,330.14,1.29,1.13,2026-05-21,1017,Aqua,MODIS,71,6.1NRT,311.61,14.87,D
32.02784,75.16317,327.19,1.25,1.11,2026-05-21,1017,Aqua,MODIS,60,6.1NRT,310.59,7.95,D
31.91029,74.7935,329.78,1.2,1.09,2026-05-21,1017,Aqua,MODIS,57,6.1NRT,313.08,10.24,D
31.88833,74.7723,332.76,1.19,1.09,2026-05-21,1017,Aqua,MODIS,74,6.1NRT,313.18,15.06,D
15.17286,76.66047,310.8,1.2,1.09,2026-05-21,1524,Terra,MODIS,54,6.1NRT,297.39,5.81,N
22.31993,76.95953,311.04,1.02,1.01,2026-05-21,1526,Terra,MODIS,59,6.1NRT,298.86,5.45,N
22.07743,76.93434,312.61,1.02,1.01,2026-05-21,1526,Terra,MODIS,67,6.1NRT,300.63,6.11,N
22.40565,79.72321,310.83,1.1,1.05,2026-05-21,1526,Terra,MODIS,68,6.1NRT,300.28,6.46,N
22.39517,79.71419,314.46,1.1,1.04,2026-05-21,1526,Terra,MODIS,83,6.1NRT,300.97,9.25,N
22.39648,79.72458,317.35,1.1,1.05,2026-05-21,1526,Terra,MODIS,93,6.1NRT,300.62,12.26,N
22.08846,78.07486,309.04,1,1,2026-05-21,1526,Terra,MODIS,52,6.1NRT,297.97,5.06,N
22.10209,78.86538,311.97,1.03,1.01,2026-05-21,1526,Terra,MODIS,74,6.1NRT,297.42,7.91,N
22.01469,78.3429,308.72,1.01,1,2026-05-21,1526,Terra,MODIS,53,6.1NRT,297.94,5.26,N
21.11179,72.64282,311.68,1.77,1.3,2026-05-21,1526,Terra,MODIS,70,6.1NRT,297.52,15.06,N
21.83462,78.4415,313.23,1.01,1,2026-05-21,1526,Terra,MODIS,79,6.1NRT,298.91,7.44,N
21.25659,75.1747,313.77,1.21,1.09,2026-05-21,1526,Terra,MODIS,75,6.1NRT,301.55,6.52,N
21.33859,79.36575,315.38,1.05,1.02,2026-05-21,1526,Terra,MODIS,83,6.1NRT,302.31,8.16,N
20.39122,75.90923,310.85,1.14,1.06,2026-05-21,1526,Terra,MODIS,61,6.1NRT,299.17,5.69,N
20.13074,75.35343,310.55,1.22,1.1,2026-05-21,1526,Terra,MODIS,68,6.1NRT,297.23,6.28,N
20.27005,76.45752,313.71,1.08,1.04,2026-05-21,1526,Terra,MODIS,78,6.1NRT,298.71,7.67,N
19.35916,78.34866,315.08,1,1,2026-05-21,1526,Terra,MODIS,90,6.1NRT,299.01,7.63,N
19.05948,78.05524,315.79,1.01,1,2026-05-21,1526,Terra,MODIS,49,6.1NRT,300.47,9.21,N
19.07113,78.13847,313.28,1,1,2026-05-21,1526,Terra,MODIS,85,6.1NRT,299.46,6.5,N
19.14773,78.95655,313.76,1.01,1,2026-05-21,1526,Terra,MODIS,82,6.1NRT,298.6,6.65,N
19.13895,78.9579,310.28,1.01,1,2026-05-21,1526,Terra,MODIS,67,6.1NRT,299.12,4.23,N
18.97623,78.85318,322.41,1,1,2026-05-21,1526,Terra,MODIS,100,6.1NRT,301.66,14.01,N
22.34402,76.86099,310.42,1.02,1.01,2026-05-21,1526,Terra,MODIS,54,6.1NRT,298.61,5.07,N
18.42467,79.54929,315.63,1.02,1.01,2026-05-21,1526,Terra,MODIS,89,6.1NRT,297.57,9.51,N
18.3203,79.32326,315.47,1.01,1.01,2026-05-21,1526,Terra,MODIS,88,6.1NRT,299.61,8.87,N
18.34627,79.72059,306.93,1.03,1.01,2026-05-21,1526,Terra,MODIS,53,6.1NRT,283.54,5.09,N
18.28468,79.52829,311,1.02,1.01,2026-05-21,1526,Terra,MODIS,74,6.1NRT,296.1,6.23,N
18.31196,79.73534,306.45,1.03,1.01,2026-05-21,1526,Terra,MODIS,34,6.1NRT,281.18,5.46,N
16.74058,74.52444,323.67,1.56,1.23,2026-05-21,1526,Terra,MODIS,100,6.1NRT,294.79,35.15,N
17.2842,79.97948,312.61,1.03,1.01,2026-05-21,1526,Terra,MODIS,80,6.1NRT,301.46,5.11,N
22.39733,77.31618,309.82,1,1,2026-05-21,1526,Terra,MODIS,50,6.1NRT,299.01,5.41,N
17.20977,80.04486,312.65,1.03,1.02,2026-05-21,1526,Terra,MODIS,82,6.1NRT,301.68,4.82,N
17.0724,80.2611,315.68,1.05,1.02,2026-05-21,1526,Terra,MODIS,79,6.1NRT,300.5,7.95,N
17.07367,80.27067,316.6,1.05,1.02,2026-05-21,1526,Terra,MODIS,62,6.1NRT,300.56,9.41,N
17.07493,80.28024,315.5,1.05,1.02,2026-05-21,1526,Terra,MODIS,53,6.1NRT,298.98,8.83,N
22.27963,76.10915,316.21,1.07,1.03,2026-05-21,1526,Terra,MODIS,86,6.1NRT,302,7.93,N
22.27815,76.09917,315.72,1.07,1.03,2026-05-21,1526,Terra,MODIS,84,6.1NRT,302.5,7.75,N
22.78429,79.44771,310.59,1.08,1.04,2026-05-21,1526,Terra,MODIS,64,6.1NRT,299.59,5.67,N
22.51564,76.77034,313.11,1.02,1.01,2026-05-21,1526,Terra,MODIS,74,6.1NRT,300.44,6.52,N
23.0059,79.67673,312.08,1.11,1.05,2026-05-21,1526,Terra,MODIS,76,6.1NRT,300.41,7.05,N
23.06637,79.63585,309.67,1.1,1.05,2026-05-21,1526,Terra,MODIS,64,6.1NRT,298.99,6.47,N
23.26134,79.72346,310.02,1.12,1.05,2026-05-21,1526,Terra,MODIS,64,6.1NRT,298.18,7.31,N
23.12801,77.26196,312.08,1,1,2026-05-21,1526,Terra,MODIS,70,6.1NRT,300.16,6.22,N
23.12668,77.25247,310.01,1,1,2026-05-21,1526,Terra,MODIS,55,6.1NRT,299.43,4.68,N
23.22602,76.90183,317.86,1.01,1,2026-05-21,1526,Terra,MODIS,93,6.1NRT,300.46,11.55,N
23.53142,79.09877,310.92,1.06,1.03,2026-05-21,1526,Terra,MODIS,70,6.1NRT,300.62,6.62,N
23.3255,77.01548,314.11,1.01,1,2026-05-21,1526,Terra,MODIS,80,6.1NRT,298.2,8.32,N
23.66932,79.5349,315.62,1.11,1.05,2026-05-21,1526,Terra,MODIS,88,6.1NRT,300.63,11.61,N
23.68684,78.73544,309.11,1.04,1.02,2026-05-21,1526,Terra,MODIS,61,6.1NRT,297.69,6.41,N
23.58752,77.5722,310.98,1,1,2026-05-21,1526,Terra,MODIS,67,6.1NRT,300.12,5.43,N
23.49153,76.6311,318.31,1.02,1.01,2026-05-21,1526,Terra,MODIS,95,6.1NRT,301.93,10.58,N
23.70363,76.8877,311.73,1.01,1,2026-05-21,1526,Terra,MODIS,69,6.1NRT,300,6.48,N
23.91835,78.1752,310.91,1.02,1.01,2026-05-21,1526,Terra,MODIS,71,6.1NRT,299.69,6.6,N
23.78551,76.54589,316.01,1.02,1.01,2026-05-21,1526,Terra,MODIS,88,6.1NRT,301.41,9.44,N
23.8827,77.16755,308.73,1,1,2026-05-21,1526,Terra,MODIS,53,6.1NRT,298.67,4.77,N
18.86289,78.89577,308.4,1,1,2026-05-21,1526,Terra,MODIS,54,6.1NRT,296.1,3.39,N
21.91901,75.80403,317.03,1.11,1.05,2026-05-21,1526,Terra,MODIS,89,6.1NRT,301.32,9.71,N
22.41815,78.74227,317.57,1.03,1.01,2026-05-21,1526,Terra,MODIS,93,6.1NRT,299.63,11.41,N
22.64525,79.8672,314.97,1.12,1.05,2026-05-21,1526,Terra,MODIS,85,6.1NRT,299.82,10.8,N
22.64392,79.85666,311.44,1.12,1.05,2026-05-21,1526,Terra,MODIS,70,6.1NRT,299.7,7.42,N
29.79237,79.76249,305.28,1.32,1.14,2026-05-21,1529,Terra,MODIS,59,6.1NRT,293.85,6.63,N
24.19641,77.36999,311.26,1,1,2026-05-21,1529,Terra,MODIS,72,6.1NRT,299.03,7.1,N
24.59306,77.09632,308.71,1,1,2026-05-21,1529,Terra,MODIS,62,6.1NRT,298.54,6.27,N
24.6368,74.93156,354.37,1.13,1.06,2026-05-21,1529,Terra,MODIS,100,6.1NRT,306.05,80.97,N
24.63515,74.92074,322.54,1.13,1.06,2026-05-21,1529,Terra,MODIS,100,6.1NRT,303.92,18.98,N
24.64451,74.93496,332.52,1.13,1.06,2026-05-21,1529,Terra,MODIS,100,6.1NRT,303.68,32.8,N
24.64284,74.92421,329.72,1.13,1.06,2026-05-21,1529,Terra,MODIS,100,6.1NRT,303.87,28.45,N
25.48666,75.60393,315.44,1.05,1.02,2026-05-21,1529,Terra,MODIS,88,6.1NRT,299.35,12.18,N
25.61649,73.17807,314.67,1.35,1.15,2026-05-21,1529,Terra,MODIS,84,6.1NRT,302.58,13.42,N
29.03468,76.61225,331.28,1,1,2026-05-21,1529,Terra,MODIS,100,6.1NRT,301.6,27.06,N
24.19773,77.37953,313.01,1,1,2026-05-21,1529,Terra,MODIS,79,6.1NRT,298.86,8.48,N
29.79313,79.77017,307.72,1.33,1.14,2026-05-21,1529,Terra,MODIS,72,6.1NRT,294.26,8.44,N
29.82749,79.99744,303.91,1.37,1.16,2026-05-21,1529,Terra,MODIS,54,6.1NRT,293.05,6.81,N
29.84033,79.82971,304.14,1.34,1.15,2026-05-21,1529,Terra,MODIS,59,6.1NRT,293.29,5.93,N
29.83553,79.69308,305.32,1.31,1.14,2026-05-21,1529,Terra,MODIS,59,6.1NRT,292.67,7.44,N
29.8457,79.40911,305.1,1.27,1.12,2026-05-21,1529,Terra,MODIS,63,6.1NRT,293.77,6.13,N
29.84446,79.39783,305.63,1.27,1.12,2026-05-21,1529,Terra,MODIS,65,6.1NRT,295.03,6.63,N
29.79593,78.96171,308.45,1.2,1.09,2026-05-21,1529,Terra,MODIS,74,6.1NRT,294.38,8.26,N
29.80561,78.96135,306.42,1.2,1.09,2026-05-21,1529,Terra,MODIS,61,6.1NRT,294.96,6.42,N
29.43186,74.46339,316.29,1.06,1.03,2026-05-21,1529,Terra,MODIS,90,6.1NRT,301.04,11.39,N
29.43028,74.45285,317.14,1.06,1.03,2026-05-21,1529,Terra,MODIS,92,6.1NRT,299.97,12.17,N
30.19125,79.32883,312.75,1.27,1.12,2026-05-21,1529,Terra,MODIS,86,6.1NRT,296.06,12.39,N
30.18126,78.53941,306.04,1.16,1.07,2026-05-21,1529,Terra,MODIS,47,6.1NRT,295.32,5.65,N
30.27834,78.74871,311.05,1.19,1.08,2026-05-21,1529,Terra,MODIS,82,6.1NRT,296.39,9.27,N
30.34529,78.53623,305.41,1.16,1.07,2026-05-21,1529,Terra,MODIS,64,6.1NRT,294.19,5.04,N
30.41806,78.37543,303.73,1.15,1.07,2026-05-21,1529,Terra,MODIS,54,6.1NRT,293.03,5.42,N
30.62185,77.70463,307.42,1.08,1.04,2026-05-21,1529,Terra,MODIS,58,6.1NRT,294.78,5.52,N
30.807,77.34494,308.3,1.06,1.03,2026-05-21,1529,Terra,MODIS,74,6.1NRT,294.43,7.42,N
30.95348,77.047,305.24,1.04,1.02,2026-05-21,1529,Terra,MODIS,63,6.1NRT,295.21,4.64,N
30.95214,77.03634,311.19,1.04,1.02,2026-05-21,1529,Terra,MODIS,82,6.1NRT,296.12,8.82,N
31.47191,76.3625,311.69,1.01,1.01,2026-05-21,1529,Terra,MODIS,83,6.1NRT,300.58,6.13,N
32.45576,76.06915,303.36,1.01,1.01,2026-05-21,1529,Terra,MODIS,55,6.1NRT,288.63,5.75,N
33.1731,74.30328,308.51,1.01,1.01,2026-05-21,1529,Terra,MODIS,75,6.1NRT,295.67,5.92,N
23.77889,86.21489,303.59,2.04,1.39,2026-05-21,2218,Aqua,MODIS,56,6.1NRT,289.34,10.5,N
30.07613,78.7571,305.92,1.16,1.07,2026-05-21,2218,Aqua,MODIS,27,6.1NRT,289.08,10.15,N
25.43667,77.88044,310.96,1.13,1.06,2026-05-21,2218,Aqua,MODIS,81,6.1NRT,299.84,8.1,N
20.96569,85.18379,308.86,1.97,1.37,2026-05-21,2220,Aqua,MODIS,76,6.1NRT,292.18,16.33,N
23.17053,82.33881,302.64,1.18,1.08,2026-05-21,2220,Aqua,MODIS,47,6.1NRT,284.1,5.28,N
21.25435,79.21541,305.47,1,1,2026-05-21,2220,Aqua,MODIS,57,6.1NRT,289.39,4.32,N
22.07989,79.52332,301.5,1,1,2026-05-21,2220,Aqua,MODIS,34,6.1NRT,290.36,3.81,N
20.96903,85.16579,308.04,1.96,1.37,2026-05-21,2220,Aqua,MODIS,66,6.1NRT,292.21,14.39,N
17.95132,80.78951,309.54,1.15,1.07,2026-05-21,2222,Aqua,MODIS,72,6.1NRT,298.95,5.77,N
20.85088,81.92739,326.38,1,1,2026-05-22,0334,Terra,MODIS,69,6.1NRT,303.98,10.84,D
26.34335,79.11794,334.97,1.44,1.19,2026-05-22,0334,Terra,MODIS,79,6.1NRT,312.11,31.58,D
26.33773,79.11045,329.01,1.44,1.19,2026-05-22,0334,Terra,MODIS,68,6.1NRT,311.94,19.09,D
25.6318,80.97124,325.45,1.12,1.06,2026-05-22,0334,Terra,MODIS,52,6.1NRT,310.73,7.85,D
25.09505,82.8371,323.2,1,1,2026-05-22,0334,Terra,MODIS,32,6.1NRT,307.84,5.84,D
25.43609,77.88051,328.24,1.69,1.28,2026-05-22,0334,Terra,MODIS,41,6.1NRT,313.89,25.42,D
24.86726,82.22562,324.21,1.02,1.01,2026-05-22,0334,Terra,MODIS,48,6.1NRT,307.82,6.61,D
24.70514,81.09554,330.78,1.09,1.04,2026-05-22,0334,Terra,MODIS,68,6.1NRT,314.19,14.11,D
24.63057,81.09502,332.39,1.09,1.04,2026-05-22,0334,Terra,MODIS,74,6.1NRT,313.3,15.61,D
23.66856,86.92341,318.95,1.43,1.18,2026-05-22,0334,Terra,MODIS,68,6.1NRT,293.86,15.61,D
23.77839,86.21655,314.97,1.29,1.13,2026-05-22,0334,Terra,MODIS,33,6.1NRT,294.04,6.83,D
23.77794,86.21063,319.32,1.29,1.13,2026-05-22,0334,Terra,MODIS,61,6.1NRT,295.45,12.92,D
24.50451,79.36769,330.88,1.32,1.14,2026-05-22,0334,Terra,MODIS,66,6.1NRT,316.12,18.49,D
24.49334,79.28837,328.28,1.33,1.14,2026-05-22,0334,Terra,MODIS,59,6.1NRT,316.03,12.46,D
23.96445,80.6981,325.84,1.11,1.05,2026-05-22,0334,Terra,MODIS,59,6.1NRT,310.86,9.24,D
23.39445,83.67448,317.87,1.02,1.01,2026-05-22,0334,Terra,MODIS,61,6.1NRT,294.67,7.36,D
23.50974,79.74133,323.68,1.22,1.1,2026-05-22,0334,Terra,MODIS,58,6.1NRT,304.58,9.66,D
23.42663,79.85783,321.91,1.2,1.09,2026-05-22,0334,Terra,MODIS,49,6.1NRT,300.66,10.35,D
23.40743,79.85513,326.11,1.2,1.09,2026-05-22,0334,Terra,MODIS,63,6.1NRT,301.81,14.67,D
23.32272,80.33553,319.41,1.14,1.06,2026-05-22,0334,Terra,MODIS,22,6.1NRT,296.01,8.77,D
23.37162,77.86818,325.88,1.59,1.24,2026-05-22,0334,Terra,MODIS,59,6.1NRT,309.2,12.7,D
23.39569,76.10317,324.52,2.14,1.42,2026-05-22,0334,Terra,MODIS,59,6.1NRT,306.94,20.89,D
22.0807,83.98783,320.07,1.06,1.03,2026-05-22,0334,Terra,MODIS,67,6.1NRT,299.59,8.13,D
21.74197,83.84344,323.6,1.06,1.03,2026-05-22,0334,Terra,MODIS,72,6.1NRT,302.36,10.06,D
22.28582,79.74236,333.94,1.18,1.08,2026-05-22,0334,Terra,MODIS,82,6.1NRT,302.5,24.49,D
22.2844,79.75352,327.98,1.18,1.08,2026-05-22,0334,Terra,MODIS,75,6.1NRT,301.7,14.73,D
21.75818,83.11349,318.33,1.02,1.01,2026-05-22,0334,Terra,MODIS,41,6.1NRT,295.63,6.49,D
21.74242,82.97456,319.72,1.01,1.01,2026-05-22,0334,Terra,MODIS,53,6.1NRT,296.1,6.67,D
21.64391,81.53259,325.82,1.01,1.01,2026-05-22,0334,Terra,MODIS,69,6.1NRT,303.84,9.34,D
21.07503,85.04572,316.4,1.21,1.09,2026-05-22,0334,Terra,MODIS,59,6.1NRT,296.09,7.09,D
20.97207,85.17361,322.97,1.24,1.1,2026-05-22,0334,Terra,MODIS,35,6.1NRT,296.38,12.82,D
20.96242,85.17182,323.13,1.24,1.1,2026-05-22,0334,Terra,MODIS,53,6.1NRT,297.11,13.81,D
20.96059,85.18333,320.65,1.24,1.11,2026-05-22,0334,Terra,MODIS,34,6.1NRT,297.11,10.88,D
21.54253,78.83289,332.44,1.3,1.13,2026-05-22,0334,Terra,MODIS,79,6.1NRT,305.35,22.38,D
20.8522,81.91805,326.66,1,1,2026-05-22,0334,Terra,MODIS,70,6.1NRT,303.98,10.86,D
20.94832,81.16171,323.07,1.02,1.01,2026-05-22,0334,Terra,MODIS,60,6.1NRT,302.68,7.41,D
21.12351,79.2555,328.18,1.22,1.1,2026-05-22,0334,Terra,MODIS,67,6.1NRT,295.82,18.46,D
20.70666,80.01188,321.63,1.11,1.05,2026-05-22,0334,Terra,MODIS,53,6.1NRT,302.93,8.01,D
20.64224,80.35604,323.8,1.07,1.03,2026-05-22,0334,Terra,MODIS,63,6.1NRT,303.41,9.22,D
20.34893,79.49358,331.95,1.16,1.07,2026-05-22,0334,Terra,MODIS,77,6.1NRT,307.6,20.81,D
19.67334,79.66875,333.85,1.12,1.06,2026-05-22,0334,Terra,MODIS,81,6.1NRT,306.2,20.44,D
19.66268,78.44821,325.98,1.3,1.13,2026-05-22,0334,Terra,MODIS,58,6.1NRT,306.03,10.14,D
19.53538,78.15572,323.52,1.35,1.15,2026-05-22,0334,Terra,MODIS,33,6.1NRT,301.62,12.27,D
19.43988,78.68401,325.22,1.25,1.11,2026-05-22,0334,Terra,MODIS,64,6.1NRT,305.06,9.52,D
19.3019,78.3141,325.41,1.31,1.14,2026-05-22,0334,Terra,MODIS,66,6.1NRT,304.48,11.07,D
19.12283,79.65855,327.11,1.11,1.05,2026-05-22,0334,Terra,MODIS,72,6.1NRT,301.6,12.49,D
19.26632,78.18995,323.06,1.34,1.15,2026-05-22,0334,Terra,MODIS,46,6.1NRT,302.34,9.13,D
19.26354,77.95936,323.53,1.38,1.16,2026-05-22,0334,Terra,MODIS,59,6.1NRT,300.6,9.19,D
19.26149,77.80121,322.91,1.42,1.18,2026-05-22,0334,Terra,MODIS,61,6.1NRT,301.13,11.85,D
18.8842,78.72233,321.19,1.23,1.1,2026-05-22,0334,Terra,MODIS,55,6.1NRT,299.08,9.28,D
18.88278,78.73367,324.51,1.23,1.1,2026-05-22,0334,Terra,MODIS,68,6.1NRT,299.39,13.98,D
17.85561,79.71012,328.95,1.08,1.04,2026-05-22,0336,Terra,MODIS,77,6.1NRT,305.42,15.23,D
18.38793,79.64977,324.4,1.1,1.04,2026-05-22,0336,Terra,MODIS,68,6.1NRT,305.26,8.4,D
18.3245,79.71627,327.69,1.09,1.04,2026-05-22,0336,Terra,MODIS,75,6.1NRT,303.61,14.17,D
18.23944,80.00642,328.38,1.06,1.03,2026-05-22,0336,Terra,MODIS,76,6.1NRT,305.64,13.65,D
18.27048,79.64121,331.33,1.09,1.04,2026-05-22,0336,Terra,MODIS,79,6.1NRT,303.13,19.09,D
18.25698,79.74146,335.05,1.08,1.04,2026-05-22,0336,Terra,MODIS,83,6.1NRT,303.42,25.26,D
18.25563,79.75144,322.94,1.08,1.04,2026-05-22,0336,Terra,MODIS,65,6.1NRT,303.42,8.28,D
18.29527,79.38508,334.19,1.12,1.06,2026-05-22,0336,Terra,MODIS,72,6.1NRT,300.75,28.34,D
18.29391,79.3954,324.03,1.12,1.06,2026-05-22,0336,Terra,MODIS,39,6.1NRT,296.41,13.45,D
18.22746,79.46986,322.33,1.11,1.05,2026-05-22,0336,Terra,MODIS,60,6.1NRT,300.81,10.05,D
18.22612,79.48009,321.65,1.11,1.05,2026-05-22,0336,Terra,MODIS,61,6.1NRT,300.15,8.97,D
18.03857,80.59761,324.81,1.02,1.01,2026-05-22,0336,Terra,MODIS,71,6.1NRT,304.17,9.27,D
17.94936,80.78439,321.34,1.01,1.01,2026-05-22,0336,Terra,MODIS,60,6.1NRT,303.13,6.98,D
17.93231,79.68651,326.14,1.08,1.04,2026-05-22,0336,Terra,MODIS,73,6.1NRT,305.22,11.31,D
17.9165,79.80527,326.46,1.07,1.03,2026-05-22,0336,Terra,MODIS,73,6.1NRT,305.7,11.69,D
17.88273,79.78442,324.57,1.07,1.03,2026-05-22,0336,Terra,MODIS,70,6.1NRT,305.72,9.26,D
18.40765,79.64225,328.33,1.1,1.04,2026-05-22,0336,Terra,MODIS,76,6.1NRT,305.01,12.95,D
17.65845,80.67843,321.12,1.01,1.01,2026-05-22,0336,Terra,MODIS,61,6.1NRT,303.51,6.41,D
17.31101,80.45986,322.94,1.02,1.01,2026-05-22,0336,Terra,MODIS,67,6.1NRT,303.75,7.56,D
17.13477,80.67397,321.71,1.01,1,2026-05-22,0336,Terra,MODIS,63,6.1NRT,301.93,6.97,D
17.13349,80.6832,321.74,1.01,1,2026-05-22,0336,Terra,MODIS,63,6.1NRT,301.15,7.03,D
16.89023,82.11182,318.67,1.02,1.01,2026-05-22,0336,Terra,MODIS,59,6.1NRT,299.89,5.82,D
17.10315,80.23547,326.46,1.03,1.01,2026-05-22,0336,Terra,MODIS,74,6.1NRT,302.81,11.64,D
17.10186,80.2449,322.35,1.03,1.01,2026-05-22,0336,Terra,MODIS,67,6.1NRT,303.28,6.79,D
17.09661,80.14185,323.05,1.03,1.02,2026-05-22,0336,Terra,MODIS,55,6.1NRT,303.08,7.48,D
17.06703,80.22411,324.23,1.03,1.01,2026-05-22,0336,Terra,MODIS,71,6.1NRT,301.81,9.26,D
17.05322,80.12595,324.08,1.03,1.02,2026-05-22,0336,Terra,MODIS,71,6.1NRT,301.83,10.38,D
16.7735,82.03059,323.21,1.02,1.01,2026-05-22,0336,Terra,MODIS,67,6.1NRT,301.08,7.82,D
16.77213,82.03987,338.29,1.02,1.01,2026-05-22,0336,Terra,MODIS,87,6.1NRT,301.63,28.37,D
17.02962,79.89285,323.17,1.05,1.02,2026-05-22,0336,Terra,MODIS,70,6.1NRT,302.33,9.27,D
16.65677,81.29991,317.65,1,1,2026-05-22,0336,Terra,MODIS,52,6.1NRT,297.83,7.59,D
16.46579,80.37489,322.8,1.02,1.01,2026-05-22,0336,Terra,MODIS,67,6.1NRT,302.81,6.82,D
16.57479,79.37022,322.11,1.09,1.04,2026-05-22,0336,Terra,MODIS,59,6.1NRT,296.38,10.81,D
16.35047,80.60513,324.05,1.01,1,2026-05-22,0336,Terra,MODIS,68,6.1NRT,301.45,8.61,D
16.34274,80.66006,325.81,1.01,1,2026-05-22,0336,Terra,MODIS,71,6.1NRT,302,9.01,D
16.34466,80.38849,324.86,1.01,1.01,2026-05-22,0336,Terra,MODIS,70,6.1NRT,302.66,10.35,D
16.19218,80.01589,322.38,1.03,1.01,2026-05-22,0336,Terra,MODIS,68,6.1NRT,300.7,9.19,D
15.82735,80.05246,322.04,1.02,1.01,2026-05-22,0336,Terra,MODIS,68,6.1NRT,300.36,9.26,D
15.82605,80.06175,327.29,1.02,1.01,2026-05-22,0336,Terra,MODIS,79,6.1NRT,300.93,15.03,D
12.52798,79.98202,317.67,1,1,2026-05-22,0336,Terra,MODIS,54,6.1NRT,301.53,5.1,D
19.98234,83.62761,335.74,2.07,1.4,2026-05-22,0911,Aqua,MODIS,85,6.1NRT,294.62,87.94,D
20.96025,85.17381,325.43,1.53,1.22,2026-05-22,0911,Aqua,MODIS,61,6.1NRT,299.37,18.28,D
20.94502,86.04558,320.57,1.34,1.15,2026-05-22,0911,Aqua,MODIS,36,6.1NRT,299.63,9.83,D
18.05544,79.98159,326.36,4.34,1.92,2026-05-22,0911,Aqua,MODIS,70,6.1NRT,297.19,77.43,D
18.06029,79.97672,328.89,4.34,1.92,2026-05-22,0911,Aqua,MODIS,77,6.1NRT,297.6,104.09,D
18.05217,79.938,336,4.38,1.93,2026-05-22,0911,Aqua,MODIS,85,6.1NRT,298.11,187.35,D
18.28837,79.48555,325.87,4.68,1.98,2026-05-22,0911,Aqua,MODIS,59,6.1NRT,299.32,72.25,D
18.3389,79.64371,326.07,4.54,1.96,2026-05-22,0911,Aqua,MODIS,74,6.1NRT,301.12,62.77,D
18.34217,79.63912,327.24,4.54,1.96,2026-05-22,0911,Aqua,MODIS,75,6.1NRT,301.09,75.33,D
18.41721,79.31975,326.68,4.79,2,2026-05-22,0911,Aqua,MODIS,74,6.1NRT,298.96,88.19,D
18.41917,79.3121,330.14,4.79,2,2026-05-22,0911,Aqua,MODIS,79,6.1NRT,299.41,125.72,D
18.44444,79.26159,323.82,4.82,2,2026-05-22,0911,Aqua,MODIS,65,6.1NRT,297.91,55.87,D
18.44557,79.25716,324.33,4.82,2,2026-05-22,0911,Aqua,MODIS,70,6.1NRT,297.8,61.21,D
19.78025,83.56792,317.16,2.12,1.41,2026-05-22,0911,Aqua,MODIS,56,6.1NRT,296.55,18.48,D
19.78729,83.57971,316.37,2.11,1.41,2026-05-22,0911,Aqua,MODIS,50,6.1NRT,296.41,18.02,D
19.98997,83.63157,324.38,2.07,1.4,2026-05-22,0911,Aqua,MODIS,73,6.1NRT,294.61,44.56,D
19.98687,83.61446,320.74,2.08,1.4,2026-05-22,0911,Aqua,MODIS,66,6.1NRT,293.99,36.33,D
23.39465,81.35711,329.89,2.58,1.54,2026-05-22,0913,Aqua,MODIS,75,6.1NRT,303.88,50.11,D
23.66706,86.91696,323.55,1.11,1.05,2026-05-22,0913,Aqua,MODIS,69,6.1NRT,303.77,11.86,D
23.77505,86.20361,326.58,1.19,1.09,2026-05-22,0913,Aqua,MODIS,76,6.1NRT,304.72,17.16,D
23.38143,81.36038,337.96,2.58,1.54,2026-05-22,0913,Aqua,MODIS,85,6.1NRT,304.79,96.79,D
25.45968,76.94724,328.18,4.82,2,2026-05-22,0913,Aqua,MODIS,57,6.1NRT,309.53,79.5,D
20.78103,81.16855,326.74,3.06,1.66,2026-05-22,0913,Aqua,MODIS,66,6.1NRT,303.72,43.15,D
20.78922,81.18877,328.89,3.05,1.66,2026-05-22,0913,Aqua,MODIS,74,6.1NRT,303.05,54.1,D
29.99093,78.74469,315.56,2.78,1.59,2026-05-22,0915,Aqua,MODIS,52,6.1NRT,298.38,27.51,D
29.22254,79.92416,317.61,2.4,1.49,2026-05-22,0915,Aqua,MODIS,61,6.1NRT,296.78,33.74,D
29.22457,79.92791,316.52,2.4,1.49,2026-05-22,0915,Aqua,MODIS,56,6.1NRT,296.84,30.51,D
21.78783,72.03481,328.48,2.43,1.5,2026-05-22,1051,Aqua,MODIS,51,6.1NRT,301.5,32.33,D
24.17645,69.32214,336.57,1.65,1.26,2026-05-22,1051,Aqua,MODIS,82,6.1NRT,311.72,40.88,D
24.13169,69.42486,327.84,1.68,1.27,2026-05-22,1051,Aqua,MODIS,29,6.1NRT,312.66,15.05,D
24.13021,69.41434,336.65,1.68,1.27,2026-05-22,1051,Aqua,MODIS,82,6.1NRT,312.9,39.53,D
24.12279,69.54619,328.48,1.71,1.28,2026-05-22,1051,Aqua,MODIS,70,6.1NRT,313.94,18.12,D
24.09093,69.56701,332.42,1.72,1.29,2026-05-22,1051,Aqua,MODIS,77,6.1NRT,313.91,27.63,D
24.00829,69.55222,334.98,1.71,1.28,2026-05-22,1051,Aqua,MODIS,81,6.1NRT,312.46,33.33,D
20.96635,85.16817,311.24,2.64,1.56,2026-05-22,1429,Terra,MODIS,74,6.1NRT,294.74,24.35,N
29.90215,78.99202,303.22,4.54,1.96,2026-05-22,1429,Terra,MODIS,54,6.1NRT,290.47,48.94,N
25.99543,73.57978,313.23,2.07,1.4,2026-05-22,1607,Terra,MODIS,79,6.1NRT,301.26,22.47,N
21.79272,72.0361,314.38,1.41,1.18,2026-05-22,1607,Terra,MODIS,80,6.1NRT,299.13,12.16,N
21.10634,72.63491,316.31,1.51,1.21,2026-05-22,1607,Terra,MODIS,90,6.1NRT,293.91,19.26,N
19.90343,75.42529,306.23,1.99,1.38,2026-05-22,2259,Aqua,MODIS,67,6.1NRT,293.11,13.88,N
21.10981,72.64099,321.67,1.23,1.1,2026-05-22,2259,Aqua,MODIS,91,6.1NRT,296.15,0,N
19.90083,75.41124,306.31,1.98,1.37,2026-05-22,2259,Aqua,MODIS,68,6.1NRT,292.1,12.82,N
21.79539,72.03471,305.29,1.12,1.06,2026-05-22,2259,Aqua,MODIS,45,6.1NRT,294.32,4.26,N
22.33871,69.73947,317.89,1,1,2026-05-22,2259,Aqua,MODIS,95,6.1NRT,296.38,12.61,N
30.18348,74.14995,327.98,1,1,2026-05-23,0412,Terra,MODIS,70,6.1NRT,307.48,10.76,D
27.8528,76.35988,330.46,1.13,1.06,2026-05-23,0412,Terra,MODIS,70,6.1NRT,310.71,12.81,D
33.11062,74.17805,331.78,1.02,1.01,2026-05-23,0412,Terra,MODIS,83,6.1NRT,303.52,23.7,D
24.96281,80.91678,326.74,2.51,1.52,2026-05-23,0412,Terra,MODIS,66,6.1NRT,302.63,41.84,D
25.46794,77.80618,328.12,1.48,1.2,2026-05-23,0412,Terra,MODIS,60,6.1NRT,310.85,17.52,D
24.95822,80.9213,327.91,2.51,1.52,2026-05-23,0412,Terra,MODIS,69,6.1NRT,302.89,46.92,D
33.10919,74.18868,322.03,1.02,1.01,2026-05-23,0412,Terra,MODIS,71,6.1NRT,301.15,12.03,D
33.10177,74.17628,322.25,1.02,1.01,2026-05-23,0412,Terra,MODIS,70,6.1NRT,301.13,12.3,D
32.79748,74.65787,324.09,1.01,1,2026-05-23,0412,Terra,MODIS,75,6.1NRT,307.11,7.34,D
31.666,76.26331,319.2,1.04,1.02,2026-05-23,0412,Terra,MODIS,72,6.1NRT,301.54,9.99,D
31.7719,75.43699,321.91,1.01,1,2026-05-23,0412,Terra,MODIS,67,6.1NRT,307.34,5.83,D
31.62095,75.20478,326.79,1,1,2026-05-23,0412,Terra,MODIS,73,6.1NRT,310.85,9.66,D
31.48113,75.71092,321.73,1.02,1.01,2026-05-23,0412,Terra,MODIS,69,6.1NRT,306.16,6.95,D
30.14974,79.36718,310.41,1.52,1.22,2026-05-23,0412,Terra,MODIS,59,6.1NRT,298.46,8.36,D
29.80342,78.97874,308.1,1.46,1.19,2026-05-23,0412,Terra,MODIS,15,6.1NRT,297.5,6.33,D
22.31607,75.71212,326.76,1.24,1.11,2026-05-23,0414,Terra,MODIS,68,6.1NRT,308.37,10.98,D
22.49878,71.76904,326.53,1.02,1.01,2026-05-23,0414,Terra,MODIS,67,6.1NRT,304.65,6.98,D
22.16727,72.61003,326.03,1,1,2026-05-23,0414,Terra,MODIS,46,6.1NRT,305.01,6.76,D
22.46787,69.13496,312.28,1.31,1.14,2026-05-23,0414,Terra,MODIS,36,6.1NRT,299.27,8.57,D
21.36651,71.9556,328.92,1,1,2026-05-23,0414,Terra,MODIS,73,6.1NRT,303.65,11.32,D
21.3577,71.95423,342.31,1,1,2026-05-23,0414,Terra,MODIS,88,6.1NRT,303.21,31.44,D
21.35638,71.96365,326.09,1,1,2026-05-23,0414,Terra,MODIS,67,6.1NRT,302.91,8.16,D
21.10118,72.64874,323.99,1,1,2026-05-23,0414,Terra,MODIS,0,6.1NRT,300.32,9.63,D
20.33877,77.37125,321.09,1.72,1.29,2026-05-23,0414,Terra,MODIS,61,6.1NRT,298.67,14.25,D
19.35687,78.35215,325.85,2.12,1.42,2026-05-23,0414,Terra,MODIS,77,6.1NRT,287.45,48.39,D
19.34455,78.34974,326.35,2.12,1.42,2026-05-23,0414,Terra,MODIS,77,6.1NRT,287.17,49.18,D
19.693,74.93555,320.12,1.22,1.1,2026-05-23,0414,Terra,MODIS,64,6.1NRT,301.06,8.76,D
19.66359,73.31062,322.51,1.04,1.02,2026-05-23,0414,Terra,MODIS,36,6.1NRT,302.35,9.71,D
19.42935,73.1516,323.45,1.04,1.02,2026-05-23,0414,Terra,MODIS,66,6.1NRT,301.03,7.32,D
18.27226,79.58682,326.74,2.78,1.59,2026-05-23,0414,Terra,MODIS,80,6.1NRT,296.04,57.77,D
18.26747,79.57924,324.52,2.78,1.59,2026-05-23,0414,Terra,MODIS,77,6.1NRT,297.13,46.52,D
18.44124,77.62852,314.82,1.95,1.36,2026-05-23,0414,Terra,MODIS,43,6.1NRT,285.01,14.26,D
23.21179,69.97315,327.33,1.2,1.09,2026-05-23,0414,Terra,MODIS,70,6.1NRT,307.52,12.86,D
22.40186,78.93887,317.28,2.04,1.39,2026-05-23,0414,Terra,MODIS,30,6.1NRT,294.56,15.42,D
22.42099,79.55898,322.07,2.26,1.46,2026-05-23,0414,Terra,MODIS,59,6.1NRT,298.53,27.28,D
23.288,76.87016,326.03,1.4,1.17,2026-05-23,0414,Terra,MODIS,66,6.1NRT,307.56,11.74,D
23.88902,73.85801,323.6,1.02,1.01,2026-05-23,0414,Terra,MODIS,54,6.1NRT,309.53,6.89,D
24.44211,71.56513,324.38,1.06,1.03,2026-05-23,0414,Terra,MODIS,60,6.1NRT,309.46,8,D
24.88165,72.6722,327.42,1.01,1,2026-05-23,0414,Terra,MODIS,67,6.1NRT,310.85,9.74,D
24.883,72.66251,328.87,1.01,1,2026-05-23,0414,Terra,MODIS,70,6.1NRT,310.59,11.6,D
25.53857,76.58842,327.25,1.25,1.11,2026-05-23,0414,Terra,MODIS,65,6.1NRT,310.71,9.48,D
20.94128,82.79202,347.19,1.18,1.08,2026-05-23,0949,Aqua,MODIS,91,6.1NRT,315.53,47.65,D
20.86511,82.14595,328.97,1.1,1.05,2026-05-23,0949,Aqua,MODIS,67,6.1NRT,304.03,15.66,D
20.87562,82.15476,332.42,1.1,1.05,2026-05-23,0949,Aqua,MODIS,75,6.1NRT,306.48,20.2,D
20.87803,81.96816,328.75,1.08,1.04,2026-05-23,0949,Aqua,MODIS,43,6.1NRT,307.53,11.43,D
20.88708,81.96674,333.56,1.08,1.04,2026-05-23,0949,Aqua,MODIS,66,6.1NRT,310.39,16.99,D
20.89752,81.97539,330.65,1.08,1.04,2026-05-23,0949,Aqua,MODIS,62,6.1NRT,311.6,12.79,D
20.87263,81.79578,330.25,1.07,1.03,2026-05-23,0949,Aqua,MODIS,60,6.1NRT,308.33,12.71,D
20.90748,81.97749,330.95,1.09,1.04,2026-05-23,0949,Aqua,MODIS,46,6.1NRT,310.49,14.29,D
20.65188,80.10341,331.7,1,1,2026-05-23,0949,Aqua,MODIS,71,6.1NRT,312.86,13.9,D
19.41677,80.20856,332.38,1,1,2026-05-23,0949,Aqua,MODIS,79,6.1NRT,312.14,14.21,D
16.67018,78.2159,327.32,1.24,1.1,2026-05-23,0949,Aqua,MODIS,70,6.1NRT,301.61,14.45,D
16.97737,80.04794,327.73,1.03,1.01,2026-05-23,0949,Aqua,MODIS,74,6.1NRT,306.6,8.62,D
16.97312,80.02,330.14,1.03,1.01,2026-05-23,0949,Aqua,MODIS,77,6.1NRT,306.29,11.92,D
17.32405,80.88846,335.69,1,1,2026-05-23,0949,Aqua,MODIS,83,6.1NRT,310.75,20.41,D
17.25928,80.45169,333.23,1.01,1,2026-05-23,0949,Aqua,MODIS,80,6.1NRT,302.32,18.92,D
17.35208,80.8784,335.65,1,1,2026-05-23,0949,Aqua,MODIS,83,6.1NRT,310.22,20.73,D
17.35074,80.86933,334.98,1,1,2026-05-23,0949,Aqua,MODIS,83,6.1NRT,311.88,19.82,D
17.2999,80.46753,338.83,1.01,1,2026-05-23,0949,Aqua,MODIS,86,6.1NRT,304.65,30.14,D
17.19625,79.60695,330.85,1.05,1.03,2026-05-23,0949,Aqua,MODIS,77,6.1NRT,305.71,13.81,D
17.19479,79.5974,332.42,1.06,1.03,2026-05-23,0949,Aqua,MODIS,79,6.1NRT,305.86,16.17,D
17.56495,79.71461,331.3,1.04,1.02,2026-05-23,0949,Aqua,MODIS,60,6.1NRT,306.42,13.32,D
17.7156,79.91348,334.39,1.03,1.01,2026-05-23,0949,Aqua,MODIS,83,6.1NRT,308.4,18.82,D
17.71419,79.90416,333.28,1.03,1.01,2026-05-23,0949,Aqua,MODIS,77,6.1NRT,307.83,17.34,D
17.68461,79.59056,329.78,1.05,1.02,2026-05-23,0949,Aqua,MODIS,67,6.1NRT,296.37,18.14,D
17.85475,80.22613,333.42,1.01,1.01,2026-05-23,0949,Aqua,MODIS,82,6.1NRT,305.99,18.58,D
18.27207,79.07412,350.78,1.08,1.04,2026-05-23,0949,Aqua,MODIS,95,6.1NRT,298.51,58.19,D
18.38511,79.68397,330.9,1.03,1.01,2026-05-23,0949,Aqua,MODIS,78,6.1NRT,305.8,15.63,D
18.34871,79.44749,331.3,1.05,1.02,2026-05-23,0949,Aqua,MODIS,73,6.1NRT,307.15,16.32,D
18.45072,79.51202,326.09,1.04,1.02,2026-05-23,0949,Aqua,MODIS,68,6.1NRT,305.11,10.59,D
18.46563,79.43147,332.14,1.05,1.02,2026-05-23,0949,Aqua,MODIS,80,6.1NRT,297.76,22.74,D
18.47596,79.43944,335.56,1.04,1.02,2026-05-23,0949,Aqua,MODIS,84,6.1NRT,297.97,27.07,D
18.80733,81.22232,325.53,1.01,1,2026-05-23,0949,Aqua,MODIS,51,6.1NRT,302.91,12.02,D
19.26452,83.27,325.34,1.2,1.09,2026-05-23,0949,Aqua,MODIS,66,6.1NRT,309.97,12.23,D
18.73898,78.68655,320.09,1.1,1.05,2026-05-23,0949,Aqua,MODIS,48,6.1NRT,295.91,7.05,D
18.80471,78.5116,316.3,1.12,1.06,2026-05-23,0949,Aqua,MODIS,19,6.1NRT,282.53,9.74,D
19.65335,83.27804,327.94,1.21,1.09,2026-05-23,0949,Aqua,MODIS,73,6.1NRT,310.21,14.68,D
19.375,81.06521,322.69,1.01,1,2026-05-23,0949,Aqua,MODIS,47,6.1NRT,306.05,7.9,D
19.38509,81.0731,322.61,1.01,1,2026-05-23,0949,Aqua,MODIS,38,6.1NRT,307.03,7.97,D
19.38374,81.0638,363.81,1.01,1,2026-05-23,0949,Aqua,MODIS,100,6.1NRT,310.06,85.63,D
19.66879,82.09351,327.38,1.07,1.03,2026-05-23,0949,Aqua,MODIS,69,6.1NRT,311.94,10.16,D
19.55862,80.6687,328.88,1,1,2026-05-23,0949,Aqua,MODIS,72,6.1NRT,310.87,12.35,D
20.00187,82.91048,324.11,1.17,1.08,2026-05-23,0949,Aqua,MODIS,50,6.1NRT,309.12,9.49,D
19.34867,78.33009,329.05,1.13,1.06,2026-05-23,0949,Aqua,MODIS,68,6.1NRT,294.2,18.33,D
19.35786,78.32845,344.21,1.13,1.06,2026-05-23,0949,Aqua,MODIS,86,6.1NRT,303.38,46.16,D
19.36705,78.32681,338.99,1.13,1.06,2026-05-23,0949,Aqua,MODIS,70,6.1NRT,304.03,36.15,D
19.91624,80.83053,329.63,1,1,2026-05-23,0949,Aqua,MODIS,73,6.1NRT,310.26,13.89,D
19.76934,79.83462,323.48,1.01,1,2026-05-23,0949,Aqua,MODIS,59,6.1NRT,302.92,8.19,D
19.90826,80.52972,332.86,1,1,2026-05-23,0949,Aqua,MODIS,78,6.1NRT,312.92,13.53,D
19.86184,79.91393,330.19,1.01,1,2026-05-23,0949,Aqua,MODIS,75,6.1NRT,307.31,12.55,D
20.11443,80.86173,328.9,1.01,1,2026-05-23,0949,Aqua,MODIS,69,6.1NRT,312.19,10.84,D
19.95973,79.45432,325.88,1.02,1.01,2026-05-23,0949,Aqua,MODIS,55,6.1NRT,285.4,15.1,D
19.96852,79.4528,346.59,1.02,1.01,2026-05-23,0949,Aqua,MODIS,92,6.1NRT,288.13,48.02,D
20.68869,84.3475,327.49,1.45,1.19,2026-05-23,0949,Aqua,MODIS,42,6.1NRT,310.38,13.02,D
20.21385,80.6586,337.59,1,1,2026-05-23,0949,Aqua,MODIS,84,6.1NRT,313.6,22.36,D
20.11798,79.94648,334.57,1,1,2026-05-23,0949,Aqua,MODIS,69,6.1NRT,314.77,12.98,D
20.96054,85.18003,330.3,1.68,1.27,2026-05-23,0949,Aqua,MODIS,55,6.1NRT,311.92,25.76,D
20.41178,80.36161,330.3,1,1,2026-05-23,0949,Aqua,MODIS,65,6.1NRT,314.12,9.49,D
20.35944,79.8873,337.25,1,1,2026-05-23,0949,Aqua,MODIS,83,6.1NRT,315.61,19.73,D
20.54901,80.23737,341.95,1,1,2026-05-23,0949,Aqua,MODIS,87,6.1NRT,315.24,26.86,D
20.9427,82.80297,330.95,1.18,1.08,2026-05-23,0949,Aqua,MODIS,73,6.1NRT,314.44,13.72,D
15.03585,80.00792,349.9,1.06,1.03,2026-05-23,0949,Aqua,MODIS,89,6.1NRT,296.3,56.83,D
15.38404,80.04247,326.48,1.05,1.03,2026-05-23,0949,Aqua,MODIS,73,6.1NRT,302.73,9.78,D
15.38258,80.033,327.19,1.05,1.03,2026-05-23,0949,Aqua,MODIS,74,6.1NRT,302.89,10.35,D
15.8564,79.98145,346.35,1.05,1.02,2026-05-23,0949,Aqua,MODIS,86,6.1NRT,305.79,41.96,D
16.73957,81.95345,328.63,1.02,1.01,2026-05-23,0949,Aqua,MODIS,61,6.1NRT,302.48,14.45,D
16.77618,82.00804,326.58,1.02,1.01,2026-05-23,0949,Aqua,MODIS,78,6.1NRT,304.9,11.94,D
20.97228,81.97765,333.23,1.09,1.04,2026-05-23,0952,Aqua,MODIS,74,6.1NRT,308.24,18.21,D
20.98134,81.97624,328.37,1.09,1.04,2026-05-23,0952,Aqua,MODIS,52,6.1NRT,309.09,11.07,D
21.0277,81.98391,331.3,1.09,1.04,2026-05-23,0952,Aqua,MODIS,65,6.1NRT,314.56,14.03,D
21.22241,83.16237,334.12,1.24,1.11,2026-05-23,0952,Aqua,MODIS,78,6.1NRT,315.21,21.87,D
21.07862,82.01735,331.99,1.09,1.04,2026-05-23,0952,Aqua,MODIS,33,6.1NRT,315.93,13.73,D
21.07167,81.96674,339.59,1.09,1.04,2026-05-23,0952,Aqua,MODIS,83,6.1NRT,314.32,29.34,D
20.96949,80.89532,331.65,1.01,1.01,2026-05-23,0952,Aqua,MODIS,71,6.1NRT,314.7,12.05,D
21.26212,82.90566,349.77,1.21,1.09,2026-05-23,0952,Aqua,MODIS,93,6.1NRT,314.91,53.66,D
21.26065,82.89445,334.26,1.21,1.09,2026-05-23,0952,Aqua,MODIS,71,6.1NRT,314.75,18.12,D
21.27164,82.90422,333.04,1.21,1.09,2026-05-23,0952,Aqua,MODIS,69,6.1NRT,314.94,15.81,D
21.15053,81.99944,331.89,1.09,1.04,2026-05-23,0952,Aqua,MODIS,62,6.1NRT,311.93,16.75,D
21.14915,81.98929,336.26,1.09,1.04,2026-05-23,0952,Aqua,MODIS,79,6.1NRT,309.57,24.09,D
21.08606,80.88023,339.35,1.01,1.01,2026-05-23,0952,Aqua,MODIS,83,6.1NRT,319.49,20.3,D
21.03227,80.05235,344.49,1,1,2026-05-23,0952,Aqua,MODIS,88,6.1NRT,315.59,29.87,D
21.35753,81.76366,338.62,1.07,1.03,2026-05-23,0952,Aqua,MODIS,82,6.1NRT,317.07,20.43,D
21.72241,82.91038,360.6,1.22,1.1,2026-05-23,0952,Aqua,MODIS,75,6.1NRT,313.71,90.46,D
21.72093,82.89897,387.71,1.22,1.1,2026-05-23,0952,Aqua,MODIS,94,6.1NRT,320.18,223.35,D
21.71945,82.88757,333.93,1.22,1.1,2026-05-23,0952,Aqua,MODIS,75,6.1NRT,315.76,17.47,D
21.732,82.90894,350.39,1.22,1.1,2026-05-23,0952,Aqua,MODIS,88,6.1NRT,314.46,56.84,D
21.73052,82.89754,382.73,1.22,1.1,2026-05-23,0952,Aqua,MODIS,100,6.1NRT,317.74,191.9,D
21.72903,82.88615,341.27,1.22,1.1,2026-05-23,0952,Aqua,MODIS,85,6.1NRT,315.85,32.03,D
21.74908,82.96481,336.13,1.23,1.1,2026-05-23,0952,Aqua,MODIS,79,6.1NRT,313.58,21.59,D
21.74758,82.95332,332.95,1.23,1.1,2026-05-23,0952,Aqua,MODIS,68,6.1NRT,313.27,15.97,D
21.7401,82.8961,335.83,1.22,1.1,2026-05-23,0952,Aqua,MODIS,78,6.1NRT,313.14,21.1,D
21.73861,82.88471,343.86,1.22,1.1,2026-05-23,0952,Aqua,MODIS,88,6.1NRT,314.62,38.81,D
21.75871,82.96338,335.25,1.23,1.1,2026-05-23,0952,Aqua,MODIS,74,6.1NRT,312.82,18.77,D
21.7572,82.95189,336.26,1.23,1.1,2026-05-23,0952,Aqua,MODIS,76,6.1NRT,313.33,21.53,D
21.8647,83.3752,338.83,1.31,1.13,2026-05-23,0952,Aqua,MODIS,83,6.1NRT,314.36,32.47,D
21.22754,78.71701,333.79,1.05,1.02,2026-05-23,0952,Aqua,MODIS,76,6.1NRT,298.64,19.44,D
21.72642,81.76282,335.91,1.08,1.04,2026-05-23,0952,Aqua,MODIS,71,6.1NRT,316.31,16.6,D
21.44859,79.4442,331.25,1.01,1,2026-05-23,0952,Aqua,MODIS,73,6.1NRT,310.02,13.88,D
21.83068,81.91665,331,1.1,1.05,2026-05-23,0952,Aqua,MODIS,66,6.1NRT,317.12,9.66,D
21.8293,81.90638,331.75,1.1,1.05,2026-05-23,0952,Aqua,MODIS,68,6.1NRT,317.17,11.06,D
22.08712,83.11581,329.32,1.27,1.12,2026-05-23,0952,Aqua,MODIS,67,6.1NRT,315.13,13.59,D
22.02863,82.50803,327.64,1.17,1.08,2026-05-23,0952,Aqua,MODIS,51,6.1NRT,312.44,12.62,D
21.87815,79.33819,331.55,1.01,1,2026-05-23,0952,Aqua,MODIS,61,6.1NRT,314.02,10.37,D
22.03685,80.23077,330.9,1,1,2026-05-23,0952,Aqua,MODIS,70,6.1NRT,312.85,13.15,D
21.62887,77.04737,331.65,1.22,1.1,2026-05-23,0952,Aqua,MODIS,61,6.1NRT,312.21,14.08,D
22.40289,81.04729,330.5,1.04,1.02,2026-05-23,0952,Aqua,MODIS,70,6.1NRT,307.94,17.73,D
22.56951,81.44727,324.87,1.07,1.03,2026-05-23,0952,Aqua,MODIS,45,6.1NRT,309.6,10.37,D
22.42232,79.56199,333.28,1,1,2026-05-23,0952,Aqua,MODIS,70,6.1NRT,317.22,10.35,D
22.47136,79.59184,333.09,1,1,2026-05-23,0952,Aqua,MODIS,70,6.1NRT,316.26,10.41,D
23.15946,82.86804,327.79,1.27,1.12,2026-05-23,0952,Aqua,MODIS,64,6.1NRT,312.75,10.71,D
22.92849,80.50271,331.75,1.02,1.01,2026-05-23,0952,Aqua,MODIS,67,6.1NRT,317.51,10.75,D
22.31461,76.38542,338.25,1.3,1.13,2026-05-23,0952,Aqua,MODIS,83,6.1NRT,313.97,32.1,D
23.27706,82.19504,329.32,1.17,1.08,2026-05-23,0952,Aqua,MODIS,66,6.1NRT,311.56,13.49,D
23.49742,82.95885,327.89,1.29,1.13,2026-05-23,0952,Aqua,MODIS,54,6.1NRT,312.71,11.27,D
22.25271,73.95039,330.45,1.91,1.35,2026-05-23,0952,Aqua,MODIS,67,6.1NRT,307.45,28,D
23.27499,79.57957,330.55,1,1,2026-05-23,0952,Aqua,MODIS,68,6.1NRT,312.22,9.43,D
23.25307,79.37086,334.3,1,1,2026-05-23,0952,Aqua,MODIS,78,6.1NRT,316.99,11.6,D
23.59132,81.15825,328.66,1.07,1.03,2026-05-23,0952,Aqua,MODIS,66,6.1NRT,315.08,9.77,D
23.64111,81.38966,333.14,1.09,1.04,2026-05-23,0952,Aqua,MODIS,76,6.1NRT,316.35,13.36,D
23.27764,78.73654,335.47,1.02,1.01,2026-05-23,0952,Aqua,MODIS,78,6.1NRT,315.06,13.25,D
23.50908,80.18219,341.34,1.01,1,2026-05-23,0952,Aqua,MODIS,85,6.1NRT,310.08,30.99,D
23.50771,80.17268,332.09,1.01,1,2026-05-23,0952,Aqua,MODIS,72,6.1NRT,313.66,16.17,D
23.8894,81.05038,326.26,1.06,1.03,2026-05-23,0952,Aqua,MODIS,32,6.1NRT,310.07,7.08,D
23.98912,81.64741,326.61,1.12,1.06,2026-05-23,0952,Aqua,MODIS,43,6.1NRT,309.37,9.53,D
24.02933,81.82072,325.37,1.14,1.07,2026-05-23,0952,Aqua,MODIS,44,6.1NRT,308.22,8.87,D
23.79654,80.10835,333.52,1.01,1,2026-05-23,0952,Aqua,MODIS,69,6.1NRT,318.17,13.49,D
24.00025,81.18134,331.7,1.08,1.04,2026-05-23,0952,Aqua,MODIS,71,6.1NRT,310.13,16.02,D
23.84536,79.68519,332.86,1,1,2026-05-23,0952,Aqua,MODIS,67,6.1NRT,316.98,11.21,D
24.39723,83.63888,328.45,1.47,1.2,2026-05-23,0952,Aqua,MODIS,69,6.1NRT,310.78,17.56,D
24.14167,81.00056,335.91,1.06,1.03,2026-05-23,0952,Aqua,MODIS,45,6.1NRT,313.22,19.28,D
24.13284,79.93786,328.43,1.01,1,2026-05-23,0952,Aqua,MODIS,45,6.1NRT,312.43,6.9,D
24.4626,82.10292,336.57,1.19,1.09,2026-05-23,0952,Aqua,MODIS,80,6.1NRT,310.22,26.69,D
24.46115,82.09167,328.6,1.19,1.09,2026-05-23,0952,Aqua,MODIS,51,6.1NRT,309.23,12.77,D
24.94435,80.93849,335.21,1.07,1.03,2026-05-23,0952,Aqua,MODIS,78,6.1NRT,310.64,19.3,D
24.94297,80.92822,337.21,1.07,1.03,2026-05-23,0952,Aqua,MODIS,80,6.1NRT,310.55,22.94,D
24.95196,80.92661,335.83,1.07,1.03,2026-05-23,0952,Aqua,MODIS,68,6.1NRT,311.6,22.15,D
25.19242,77.87448,332.76,1.04,1.02,2026-05-23,0952,Aqua,MODIS,67,6.1NRT,315.88,9.63,D
25.40076,78.43568,332.14,1.01,1,2026-05-23,0952,Aqua,MODIS,41,6.1NRT,316.33,8.59,D
25.49497,78.27286,340.42,1.01,1.01,2026-05-23,0952,Aqua,MODIS,83,6.1NRT,317.85,21.05,D
25.44156,77.80888,356.65,1.04,1.02,2026-05-23,0952,Aqua,MODIS,97,6.1NRT,315.7,56.74,D
25.44001,77.79893,336.44,1.04,1.02,2026-05-23,0952,Aqua,MODIS,71,6.1NRT,315.15,13.79,D
25.45038,77.80717,339.11,1.04,1.02,2026-05-23,0952,Aqua,MODIS,70,6.1NRT,314.74,19.84,D
25.45921,77.80546,337.67,1.04,1.02,2026-05-23,0952,Aqua,MODIS,67,6.1NRT,313.89,19.04,D
25.77619,79.42107,332.04,1,1,2026-05-23,0952,Aqua,MODIS,66,6.1NRT,316.16,10.93,D
25.84091,79.74799,335.56,1.01,1.01,2026-05-23,0952,Aqua,MODIS,76,6.1NRT,315.1,14.54,D
25.83952,79.73824,330.8,1.01,1.01,2026-05-23,0952,Aqua,MODIS,45,6.1NRT,314.5,7.32,D
25.84967,79.74646,331.7,1.01,1.01,2026-05-23,0952,Aqua,MODIS,66,6.1NRT,314.96,9.57,D
25.84828,79.73669,333.19,1.01,1.01,2026-05-23,0952,Aqua,MODIS,71,6.1NRT,314.75,11.2,D
25.69106,78.46275,336.99,1.01,1,2026-05-23,0952,Aqua,MODIS,79,6.1NRT,316.29,17.42,D
25.6896,78.4531,334.98,1.01,1,2026-05-23,0952,Aqua,MODIS,76,6.1NRT,317.7,14.69,D
25.69977,78.46112,381.33,1.01,1,2026-05-23,0952,Aqua,MODIS,100,6.1NRT,319.72,137.25,D
25.69831,78.45147,376.7,1.01,1,2026-05-23,0952,Aqua,MODIS,100,6.1NRT,321.83,118.78,D
25.40576,76.16016,338.05,1.2,1.09,2026-05-23,0952,Aqua,MODIS,81,6.1NRT,312.99,25.92,D
25.4038,76.14867,331.35,1.21,1.09,2026-05-23,0952,Aqua,MODIS,49,6.1NRT,312.82,14.81,D
25.89503,77.97514,335.91,1.02,1.01,2026-05-23,0952,Aqua,MODIS,62,6.1NRT,312.62,17.54,D
25.9038,77.97348,340.61,1.02,1.01,2026-05-23,0952,Aqua,MODIS,85,6.1NRT,312.8,25.59,D
26.18862,79.01948,339.51,1,1,2026-05-23,0952,Aqua,MODIS,84,6.1NRT,307.94,24.33,D
26.18721,79.00983,335.91,1,1,2026-05-23,0952,Aqua,MODIS,80,6.1NRT,312.41,18.99,D
27.37912,81.3932,347.35,1.19,1.08,2026-05-23,0952,Aqua,MODIS,0,6.1NRT,308.11,54.43,D
27.21563,78.75704,326.58,1,1,2026-05-23,0952,Aqua,MODIS,67,6.1NRT,310.66,8.05,D
20.94591,81.92015,332.38,1.08,1.04,2026-05-23,0952,Aqua,MODIS,74,6.1NRT,313.41,15.89,D
20.94453,81.91013,331.65,1.08,1.04,2026-05-23,0952,Aqua,MODIS,72,6.1NRT,312.91,14.77,D
20.96321,81.97907,341.08,1.09,1.04,2026-05-23,0952,Aqua,MODIS,85,6.1NRT,310.12,31.44,D
20.96183,81.96899,351.41,1.09,1.04,2026-05-23,0952,Aqua,MODIS,94,6.1NRT,312.22,53.81,D
20.70494,80.16079,335.61,1,1,2026-05-23,0952,Aqua,MODIS,78,6.1NRT,315.3,16.33,D
20.70357,80.15154,334.21,1,1,2026-05-23,0952,Aqua,MODIS,76,6.1NRT,315.82,14.49,D
30.06945,78.94981,315.81,1.03,1.01,2026-05-23,0954,Aqua,MODIS,49,6.1NRT,301.76,6.38,D
28.62348,76.6382,327.6,1.06,1.03,2026-05-23,0954,Aqua,MODIS,66,6.1NRT,310.51,7.57,D
29.71675,79.8061,325.03,1.08,1.04,2026-05-23,0954,Aqua,MODIS,76,6.1NRT,303.87,16.64,D
29.71529,79.79523,316.27,1.07,1.03,2026-05-23,0954,Aqua,MODIS,49,6.1NRT,303.45,7.56,D
29.66976,79.39256,317.01,1.04,1.02,2026-05-23,0954,Aqua,MODIS,57,6.1NRT,305.04,5.89,D
29.71635,79.2625,316.83,1.04,1.02,2026-05-23,0954,Aqua,MODIS,37,6.1NRT,303.64,5.87,D
29.69517,78.20197,327.05,1,1,2026-05-23,0954,Aqua,MODIS,69,6.1NRT,309.45,12.74,D
29.87718,79.4224,315.13,1.05,1.02,2026-05-23,0954,Aqua,MODIS,19,6.1NRT,303.57,5.95,D
29.79684,78.83561,315.33,1.02,1.01,2026-05-23,0954,Aqua,MODIS,40,6.1NRT,302.76,5.05,D
29.93745,79.73724,319.96,1.07,1.03,2026-05-23,0954,Aqua,MODIS,69,6.1NRT,302.41,10.69,D
29.91758,79.5877,319.67,1.06,1.03,2026-05-23,0954,Aqua,MODIS,68,6.1NRT,302.78,8.39,D
29.91612,79.57676,317.08,1.06,1.03,2026-05-23,0954,Aqua,MODIS,55,6.1NRT,302.87,6.28,D
29.89816,79.37553,324.52,1.05,1.02,2026-05-23,0954,Aqua,MODIS,75,6.1NRT,303.49,13.73,D
29.91421,79.42669,317.87,1.05,1.02,2026-05-23,0954,Aqua,MODIS,52,6.1NRT,304.75,7.34,D
29.91283,79.4165,319.08,1.05,1.02,2026-05-23,0954,Aqua,MODIS,65,6.1NRT,304.45,8.92,D
29.90003,79.32233,319.16,1.04,1.02,2026-05-23,0954,Aqua,MODIS,65,6.1NRT,306.1,7.23,D
29.87289,79.12434,315.69,1.03,1.02,2026-05-23,0954,Aqua,MODIS,43,6.1NRT,302.98,5.44,D
29.88909,79.11084,316.58,1.03,1.01,2026-05-23,0954,Aqua,MODIS,26,6.1NRT,302.21,5.56,D
29.88766,79.10053,326.95,1.03,1.01,2026-05-23,0954,Aqua,MODIS,77,6.1NRT,302.59,17.05,D
29.97518,79.67531,316.42,1.07,1.03,2026-05-23,0954,Aqua,MODIS,61,6.1NRT,302.03,7.92,D
29.81244,78.50203,317.17,1.01,1,2026-05-23,0954,Aqua,MODIS,51,6.1NRT,306.29,4.81,D
29.91684,79.18051,319.54,1.04,1.02,2026-05-23,0954,Aqua,MODIS,61,6.1NRT,305.58,7.23,D
29.89869,78.70678,316.43,1.01,1.01,2026-05-23,0954,Aqua,MODIS,48,6.1NRT,303.97,5.23,D
29.38043,75.13107,334.39,1.19,1.09,2026-05-23,0954,Aqua,MODIS,72,6.1NRT,315.97,17.54,D
29.38981,75.12894,338.54,1.19,1.09,2026-05-23,0954,Aqua,MODIS,80,6.1NRT,317.6,25.11,D
29.98648,78.36385,322.46,1,1,2026-05-23,0954,Aqua,MODIS,69,6.1NRT,310.12,7.92,D
30.067,78.86749,321.31,1.02,1.01,2026-05-23,0954,Aqua,MODIS,65,6.1NRT,303.61,8.48,D
30.05685,78.79559,319.26,1.02,1.01,2026-05-23,0954,Aqua,MODIS,64,6.1NRT,303.44,7.48,D
30.08785,78.86694,319.74,1.02,1.01,2026-05-23,0954,Aqua,MODIS,51,6.1NRT,302.77,8.38,D
30.08642,78.85664,318.34,1.02,1.01,2026-05-23,0954,Aqua,MODIS,41,6.1NRT,304.22,7.14,D
30.14,78.98309,314.74,1.03,1.01,2026-05-23,0954,Aqua,MODIS,45,6.1NRT,302.78,5.27,D
30.11145,78.77827,316.72,1.02,1.01,2026-05-23,0954,Aqua,MODIS,45,6.1NRT,303.09,6.99,D
30.10574,78.73761,323.87,1.02,1.01,2026-05-23,0954,Aqua,MODIS,70,6.1NRT,302.2,13.94,D
30.15684,78.63959,319.48,1.01,1.01,2026-05-23,0954,Aqua,MODIS,51,6.1NRT,305.92,5.6,D
30.25286,79.13654,319.23,1.04,1.02,2026-05-23,0954,Aqua,MODIS,59,6.1NRT,305.24,9.51,D
30.26345,79.08173,318.72,1.04,1.02,2026-05-23,0954,Aqua,MODIS,47,6.1NRT,306.21,7.61,D
30.33293,79.3096,321.09,1.05,1.02,2026-05-23,0954,Aqua,MODIS,71,6.1NRT,299.8,10.75,D
30.30413,78.83493,317.46,1.02,1.01,2026-05-23,0954,Aqua,MODIS,51,6.1NRT,303.2,7.41,D
30.32865,78.94642,323.98,1.03,1.01,2026-05-23,0954,Aqua,MODIS,74,6.1NRT,302.44,13.05,D
30.33751,78.94514,327.35,1.03,1.01,2026-05-23,0954,Aqua,MODIS,78,6.1NRT,305.08,16.33,D
30.35919,79.03635,319.68,1.03,1.02,2026-05-23,0954,Aqua,MODIS,67,6.1NRT,304.42,7.76,D
30.35777,79.02605,327.95,1.03,1.02,2026-05-23,0954,Aqua,MODIS,79,6.1NRT,305.39,16.7,D
30.36594,78.494,321.68,1.01,1.01,2026-05-23,0954,Aqua,MODIS,59,6.1NRT,306.44,8.91,D
30.36457,78.48425,334.89,1.01,1,2026-05-23,0954,Aqua,MODIS,84,6.1NRT,309.65,25.43,D
30.34576,78.22821,316.79,1,1,2026-05-23,0954,Aqua,MODIS,40,6.1NRT,303,7.72,D
30.1195,76.58405,331.4,1.04,1.02,2026-05-23,0954,Aqua,MODIS,73,6.1NRT,314.54,12.87,D
30.5003,78.51751,324.56,1.01,1.01,2026-05-23,0954,Aqua,MODIS,72,6.1NRT,300.45,14.5,D
30.49891,78.50768,320.78,1.01,1.01,2026-05-23,0954,Aqua,MODIS,26,6.1NRT,305.21,9.78,D
30.37009,77.43777,320.54,1,1,2026-05-23,0954,Aqua,MODIS,37,6.1NRT,308.99,4.65,D
30.39648,77.49455,324.84,1,1,2026-05-23,0954,Aqua,MODIS,58,6.1NRT,311.12,9.08,D
30.00803,74.67822,336.48,1.23,1.1,2026-05-23,0954,Aqua,MODIS,79,6.1NRT,313.19,24.04,D
30.59035,78.30714,324.11,1.01,1,2026-05-23,0954,Aqua,MODIS,72,6.1NRT,304.23,10.55,D
30.47052,77.30733,321.5,1,1,2026-05-23,0954,Aqua,MODIS,38,6.1NRT,309.35,5.15,D
30.469,77.29721,328.72,1,1,2026-05-23,0954,Aqua,MODIS,74,6.1NRT,311.44,13.16,D
30.47769,77.29548,324.61,1,1,2026-05-23,0954,Aqua,MODIS,52,6.1NRT,309.96,8.33,D
30.46249,76.53624,335.56,1.03,1.02,2026-05-23,0954,Aqua,MODIS,81,6.1NRT,315.06,18.59,D
30.67552,77.80189,324.89,1,1,2026-05-23,0954,Aqua,MODIS,67,6.1NRT,308.26,11.48,D
30.67405,77.79186,331.75,1,1,2026-05-23,0954,Aqua,MODIS,81,6.1NRT,307.83,19.42,D
30.71096,77.47929,326.14,1,1,2026-05-23,0954,Aqua,MODIS,74,6.1NRT,308.66,13.7,D
30.73242,77.20524,324.82,1.01,1,2026-05-23,0954,Aqua,MODIS,70,6.1NRT,304.92,13.83,D
30.7309,77.19518,342.77,1.01,1,2026-05-23,0954,Aqua,MODIS,90,6.1NRT,305.89,39.7,D
30.70899,76.67795,329,1.02,1.01,2026-05-23,0954,Aqua,MODIS,74,6.1NRT,314.7,10.48,D
30.88329,77.03678,320.01,1.01,1,2026-05-23,0954,Aqua,MODIS,58,6.1NRT,304.29,9.49,D
31.12335,76.60815,336.39,1.02,1.01,2026-05-23,0954,Aqua,MODIS,85,6.1NRT,310.8,23.76,D
31.01669,75.92799,333.23,1.06,1.03,2026-05-23,0954,Aqua,MODIS,78,6.1NRT,315.38,16.43,D
31.23081,77.18017,325.56,1,1,2026-05-23,0954,Aqua,MODIS,61,6.1NRT,308.3,13.36,D
31.24708,77.22892,321.3,1,1,2026-05-23,0954,Aqua,MODIS,68,6.1NRT,306.81,9.17,D
31.23947,77.17825,325.59,1,1,2026-05-23,0954,Aqua,MODIS,62,6.1NRT,307.91,12.45,D
30.93749,75.10674,333.65,1.14,1.06,2026-05-23,0954,Aqua,MODIS,76,6.1NRT,316.4,15.47,D
31.08619,75.55321,333.14,1.09,1.04,2026-05-23,0954,Aqua,MODIS,77,6.1NRT,315.51,16.13,D
31.14555,75.57389,330.9,1.09,1.04,2026-05-23,0954,Aqua,MODIS,74,6.1NRT,315.19,12.21,D
31.20308,75.64583,329.83,1.08,1.04,2026-05-23,0954,Aqua,MODIS,74,6.1NRT,315.6,10.27,D
31.18573,75.09002,327.3,1.13,1.06,2026-05-23,0954,Aqua,MODIS,66,6.1NRT,311.51,8.79,D
31.36483,75.78219,330.9,1.06,1.03,2026-05-23,0954,Aqua,MODIS,77,6.1NRT,315.31,12.91,D
31.65453,76.25952,327.16,1.03,1.01,2026-05-23,0954,Aqua,MODIS,72,6.1NRT,305.76,13.56,D
31.66329,76.25752,326.64,1.03,1.01,2026-05-23,0954,Aqua,MODIS,71,6.1NRT,306.67,13.33,D
31.66164,76.24699,327.93,1.03,1.01,2026-05-23,0954,Aqua,MODIS,74,6.1NRT,307.14,14.25,D
31.92366,76.31166,323.15,1.02,1.01,2026-05-23,0954,Aqua,MODIS,58,6.1NRT,305.9,9.99,D
31.92205,76.30138,339.67,1.02,1.01,2026-05-23,0954,Aqua,MODIS,86,6.1NRT,308.14,32.71,D
31.96282,76.38883,319.8,1.02,1.01,2026-05-23,0954,Aqua,MODIS,28,6.1NRT,307.28,6.99,D
32.12673,75.26627,325.39,1.09,1.04,2026-05-23,0954,Aqua,MODIS,48,6.1NRT,311.43,7.98,D
32.45321,75.10407,325.83,1.09,1.04,2026-05-23,0954,Aqua,MODIS,61,6.1NRT,312.08,7.01,D
32.75512,74.67894,331.35,1.12,1.06,2026-05-23,0954,Aqua,MODIS,71,6.1NRT,313.24,14.78,D
32.7532,74.66743,338.09,1.13,1.06,2026-05-23,0954,Aqua,MODIS,87,6.1NRT,317.11,25.76,D
33.12369,74.15773,337.8,1.17,1.08,2026-05-23,0954,Aqua,MODIS,87,6.1NRT,307.87,34.08,D
33.13301,74.15567,337.59,1.17,1.08,2026-05-23,0954,Aqua,MODIS,87,6.1NRT,304.43,34.36,D
16.01711,80.1819,312.47,1.44,1.19,2026-05-23,1505,Terra,MODIS,74,6.1NRT,301.11,7.57,N
16.01916,80.19482,317.25,1.43,1.18,2026-05-23,1505,Terra,MODIS,92,6.1NRT,301.29,14.2,N
16.15894,79.77579,316.67,1.53,1.22,2026-05-23,1505,Terra,MODIS,91,6.1NRT,298.49,17.44,N
23.355,77.26115,308.74,1.7,1.28,2026-05-23,1507,Terra,MODIS,57,6.1NRT,297.41,9.85,N
24.20678,82.70916,312.35,1,1,2026-05-23,1507,Terra,MODIS,68,6.1NRT,302.13,5.52,N
23.89671,80.52648,307.94,1.08,1.04,2026-05-23,1507,Terra,MODIS,49,6.1NRT,296.28,4.96,N
23.71441,79.06045,308.21,1.28,1.12,2026-05-23,1507,Terra,MODIS,58,6.1NRT,296.33,6.71,N
20.95089,81.98919,313.68,1.03,1.01,2026-05-23,1507,Terra,MODIS,80,6.1NRT,299,8.51,N
20.64023,80.35606,308.86,1.2,1.09,2026-05-23,1507,Terra,MODIS,32,6.1NRT,298.14,5.36,N
20.84719,81.97311,308.89,1.03,1.01,2026-05-23,1507,Terra,MODIS,63,6.1NRT,297.88,5.83,N
20.82439,81.87833,309.53,1.04,1.02,2026-05-23,1507,Terra,MODIS,66,6.1NRT,297.01,6.48,N
20.97875,85.13154,311.92,1.11,1.05,2026-05-23,1507,Terra,MODIS,77,6.1NRT,294.28,7.24,N
20.97213,85.15368,311.59,1.11,1.05,2026-05-23,1507,Terra,MODIS,76,6.1NRT,294.86,6.54,N
20.97473,85.17451,316.84,1.12,1.05,2026-05-23,1507,Terra,MODIS,92,6.1NRT,296.2,11.67,N
20.95124,85.06168,308.02,1.1,1.05,2026-05-23,1507,Terra,MODIS,60,6.1NRT,292.42,4.89,N
20.96419,85.16541,316.46,1.11,1.05,2026-05-23,1507,Terra,MODIS,91,6.1NRT,296.37,10.98,N
20.96548,85.17583,316.94,1.12,1.05,2026-05-23,1507,Terra,MODIS,92,6.1NRT,297.25,11.53,N
20.96678,85.18626,315.28,1.12,1.05,2026-05-23,1507,Terra,MODIS,88,6.1NRT,296.95,9.97,N
20.96614,86.01475,309.04,1.23,1.1,2026-05-23,1507,Terra,MODIS,63,6.1NRT,298.43,7.4,N
20.95673,86.04575,313.12,1.23,1.1,2026-05-23,1507,Terra,MODIS,81,6.1NRT,297.9,10.62,N
20.94705,86.04719,311.37,1.23,1.1,2026-05-23,1507,Terra,MODIS,74,6.1NRT,298.38,8.74,N
19.45641,78.16528,309.12,1.74,1.29,2026-05-23,1507,Terra,MODIS,35,6.1NRT,294.94,8.38,N
19.45767,78.17127,310.95,1.74,1.29,2026-05-23,1507,Terra,MODIS,62,6.1NRT,295,10.06,N
19.35624,78.32635,305.21,1.7,1.28,2026-05-23,1507,Terra,MODIS,45,6.1NRT,290.29,5.29,N
19.35882,78.34188,307.01,1.69,1.28,2026-05-23,1507,Terra,MODIS,59,6.1NRT,291.84,7.63,N
19.34688,78.40751,306.28,1.68,1.27,2026-05-23,1507,Terra,MODIS,54,6.1NRT,292.67,6.12,N
19.34943,78.42274,310.73,1.67,1.27,2026-05-23,1507,Terra,MODIS,75,6.1NRT,293.8,12.1,N
18.78129,82.05571,311.57,1.06,1.03,2026-05-23,1507,Terra,MODIS,74,6.1NRT,300.44,6.05,N
17.60661,83.20399,310.97,1.01,1,2026-05-23,1507,Terra,MODIS,70,6.1NRT,299.21,5.31,N
17.02076,80.29243,311.4,1.36,1.16,2026-05-23,1507,Terra,MODIS,78,6.1NRT,298.95,8.79,N
21.76612,84.02428,311.79,1.03,1.02,2026-05-23,1507,Terra,MODIS,77,6.1NRT,297.74,6.46,N
21.04708,82.01579,310.68,1.03,1.01,2026-05-23,1507,Terra,MODIS,68,6.1NRT,299.46,6.13,N
20.97814,81.97829,316.65,1.03,1.01,2026-05-23,1507,Terra,MODIS,91,6.1NRT,298.31,11.09,N
20.97953,81.98788,312.16,1.03,1.01,2026-05-23,1507,Terra,MODIS,75,6.1NRT,299.15,7.14,N
23.55085,80.81261,313.13,1.07,1.03,2026-05-23,1507,Terra,MODIS,80,6.1NRT,300.37,8.21,N
23.47327,79.10094,310.62,1.28,1.12,2026-05-23,1507,Terra,MODIS,67,6.1NRT,300.5,7.29,N
23.44187,78.84013,309.79,1.33,1.14,2026-05-23,1507,Terra,MODIS,38,6.1NRT,298.62,6.25,N
23.22747,77.05775,308.68,1.77,1.3,2026-05-23,1507,Terra,MODIS,54,6.1NRT,298.38,9.59,N
23.54872,78.86468,313.42,1.32,1.14,2026-05-23,1507,Terra,MODIS,80,6.1NRT,297.14,11.35,N
20.67538,80.01143,310.73,1.25,1.11,2026-05-23,1507,Terra,MODIS,63,6.1NRT,300.59,6.28,N
20.66569,80.01319,311.39,1.25,1.11,2026-05-23,1507,Terra,MODIS,68,6.1NRT,300.07,6.98,N
20.66748,80.02478,312.89,1.25,1.11,2026-05-23,1507,Terra,MODIS,75,6.1NRT,300.63,8.42,N
22.76488,77.06227,312.13,1.8,1.32,2026-05-23,1507,Terra,MODIS,73,6.1NRT,298.95,12.58,N
22.55739,77.33916,307.84,1.74,1.29,2026-05-23,1507,Terra,MODIS,49,6.1NRT,296.41,13.17,N
23.34913,82.42229,310.09,1,1,2026-05-23,1507,Terra,MODIS,69,6.1NRT,298.32,5.56,N
22.55592,77.32827,308.63,1.74,1.29,2026-05-23,1507,Terra,MODIS,24,6.1NRT,296.64,15.08,N
22.90231,79.46104,311.95,1.25,1.11,2026-05-23,1507,Terra,MODIS,74,6.1NRT,299.18,8.59,N
22.89264,79.46287,312.66,1.25,1.11,2026-05-23,1507,Terra,MODIS,77,6.1NRT,298.32,8.98,N
23.77995,86.21015,308.79,1.36,1.16,2026-05-23,1507,Terra,MODIS,68,6.1NRT,287.78,9.1,N
21.74198,83.84078,315.57,1.02,1.01,2026-05-23,1507,Terra,MODIS,88,6.1NRT,301.32,7.86,N
21.82389,83.90045,312.15,1.03,1.01,2026-05-23,1507,Terra,MODIS,78,6.1NRT,300.99,5.84,N
21.86499,83.3815,311.65,1.01,1,2026-05-23,1507,Terra,MODIS,74,6.1NRT,299.72,6.21,N
22.03947,83.72707,312.52,1.02,1.01,2026-05-23,1507,Terra,MODIS,79,6.1NRT,301.77,6.69,N
22.08768,83.11533,313.11,1,1,2026-05-23,1507,Terra,MODIS,80,6.1NRT,301.57,6.97,N
21.681,77.69637,308.05,1.7,1.28,2026-05-23,1507,Terra,MODIS,42,6.1NRT,297.59,8.98,N
21.97836,79.39572,315.22,1.3,1.13,2026-05-23,1507,Terra,MODIS,87,6.1NRT,298.34,14.84,N
22.01,79.33968,310.38,1.31,1.13,2026-05-23,1507,Terra,MODIS,68,6.1NRT,298.12,9.44,N
21.83331,78.2579,312.02,1.55,1.23,2026-05-23,1507,Terra,MODIS,73,6.1NRT,293.68,15.56,N
21.8309,78.24347,314.78,1.55,1.23,2026-05-23,1507,Terra,MODIS,84,6.1NRT,293.08,19.75,N
22.06692,78.98854,309.74,1.37,1.16,2026-05-23,1507,Terra,MODIS,64,6.1NRT,299.08,8.71,N
22.21037,79.56179,307.3,1.26,1.12,2026-05-23,1507,Terra,MODIS,50,6.1NRT,296.52,5.95,N
22.19579,78.89862,308.88,1.38,1.16,2026-05-23,1507,Terra,MODIS,58,6.1NRT,298.11,8.1,N
22.10095,78.064,311.91,1.58,1.24,2026-05-23,1507,Terra,MODIS,74,6.1NRT,297.48,13.39,N
23.06537,83.0461,306.61,1.01,1,2026-05-23,1507,Terra,MODIS,41,6.1NRT,296.04,5.39,N
22.37808,76.89946,310.67,1.89,1.34,2026-05-23,1507,Terra,MODIS,67,6.1NRT,296.7,15.93,N
22.37332,76.89402,312.85,1.89,1.34,2026-05-23,1507,Terra,MODIS,77,6.1NRT,296.92,19.59,N
23.5482,78.85906,308.08,1.32,1.14,2026-05-23,1507,Terra,MODIS,55,6.1NRT,296.41,6.12,N
23.75978,86.40047,310.2,1.4,1.17,2026-05-23,1507,Terra,MODIS,44,6.1NRT,291.35,7.8,N
23.57185,78.81572,310.43,1.33,1.14,2026-05-23,1507,Terra,MODIS,69,6.1NRT,296.33,9.56,N
23.35772,77.27705,307.51,1.69,1.28,2026-05-23,1507,Terra,MODIS,46,6.1NRT,297.28,7.9,N
33.1404,74.16631,307.49,1.73,1.29,2026-05-23,1509,Terra,MODIS,72,6.1NRT,296.86,12.48,N
33.13711,74.1491,327.69,1.73,1.29,2026-05-23,1509,Terra,MODIS,100,6.1NRT,297.48,53.37,N
33.14828,74.14629,312.21,1.73,1.29,2026-05-23,1509,Terra,MODIS,84,6.1NRT,295.52,19.82,N
33.18471,74.1534,307.43,1.73,1.29,2026-05-23,1509,Terra,MODIS,71,6.1NRT,296.55,12.24,N
33.13504,74.13607,307.31,1.74,1.29,2026-05-23,1509,Terra,MODIS,66,6.1NRT,295.54,10.97,N
33.13841,74.1544,331.6,1.73,1.29,2026-05-23,1509,Terra,MODIS,100,6.1NRT,297.98,63.58,N
33.15894,74.63844,306.97,1.61,1.25,2026-05-23,1509,Terra,MODIS,67,6.1NRT,293.38,11.99,N
30.62438,77.41176,311,1.24,1.11,2026-05-23,1509,Terra,MODIS,81,6.1NRT,295.96,10.24,N
30.74306,78.39768,306.37,1.11,1.05,2026-05-23,1509,Terra,MODIS,12,6.1NRT,292.48,9.17,N
30.47405,77.30447,315.81,1.26,1.12,2026-05-23,1509,Terra,MODIS,92,6.1NRT,301,12.9,N
30.56137,77.95792,303.76,1.17,1.08,2026-05-23,1509,Terra,MODIS,12,6.1NRT,289.24,6.31,N
30.30121,78.89253,303.98,1.08,1.04,2026-05-23,1509,Terra,MODIS,56,6.1NRT,291.14,5.35,N
30.21963,78.72654,311.76,1.1,1.04,2026-05-23,1509,Terra,MODIS,83,6.1NRT,296.31,8.9,N
30.19734,78.8177,314.51,1.09,1.04,2026-05-23,1509,Terra,MODIS,89,6.1NRT,294.27,12.12,N
30.10109,78.73297,302.04,1.1,1.05,2026-05-23,1509,Terra,MODIS,46,6.1NRT,291.05,4.8,N
30.11769,78.84161,302.71,1.09,1.04,2026-05-23,1509,Terra,MODIS,51,6.1NRT,292.55,4.9,N
30.10123,78.85624,310.84,1.09,1.04,2026-05-23,1509,Terra,MODIS,81,6.1NRT,293.07,9.83,N
30.10279,78.86637,311.21,1.09,1.04,2026-05-23,1509,Terra,MODIS,82,6.1NRT,294.04,9.87,N
30.064,78.79656,304.88,1.09,1.04,2026-05-23,1509,Terra,MODIS,62,6.1NRT,292.76,6.3,N
30.07559,78.87172,305.85,1.09,1.04,2026-05-23,1509,Terra,MODIS,66,6.1NRT,294.91,5.7,N
30.12258,79.42336,309.23,1.04,1.02,2026-05-23,1509,Terra,MODIS,77,6.1NRT,290.42,10.41,N
30.1243,79.43465,307.64,1.04,1.02,2026-05-23,1509,Terra,MODIS,72,6.1NRT,288.61,9.74,N
29.9025,79.37808,304.06,1.05,1.02,2026-05-23,1509,Terra,MODIS,58,6.1NRT,292.86,4.8,N
29.92463,79.58862,300.79,1.04,1.02,2026-05-23,1509,Terra,MODIS,16,6.1NRT,290.74,3.33,N
29.94599,79.73359,304.89,1.03,1.01,2026-05-23,1509,Terra,MODIS,61,6.1NRT,291.61,5.41,N
29.94753,79.74409,303.03,1.03,1.01,2026-05-23,1509,Terra,MODIS,51,6.1NRT,291.55,4.33,N
29.91426,79.58025,303.8,1.04,1.02,2026-05-23,1509,Terra,MODIS,57,6.1NRT,290.59,5.5,N
29.92446,79.89618,307.89,1.02,1.01,2026-05-23,1509,Terra,MODIS,45,6.1NRT,289.39,8.73,N
29.90508,79.82604,305.02,1.03,1.01,2026-05-23,1509,Terra,MODIS,63,6.1NRT,292.72,5.5,N
29.86557,79.69182,303.03,1.03,1.02,2026-05-23,1509,Terra,MODIS,53,6.1NRT,292.18,4.23,N
29.83612,79.67757,305.78,1.03,1.02,2026-05-23,1509,Terra,MODIS,66,6.1NRT,289.72,7.25,N
29.85634,80.12545,305.93,1.01,1.01,2026-05-23,1509,Terra,MODIS,32,6.1NRT,292.02,7.03,N
29.75464,79.75166,307.11,1.03,1.01,2026-05-23,1509,Terra,MODIS,70,6.1NRT,292.73,7,N
29.47651,79.43446,309.95,1.06,1.03,2026-05-23,1509,Terra,MODIS,79,6.1NRT,292.3,9.73,N
29.281,79.73753,306.32,1.04,1.02,2026-05-23,1509,Terra,MODIS,68,6.1NRT,294.58,6.28,N
26.06392,80.18034,315.48,1.07,1.03,2026-05-23,1509,Terra,MODIS,87,6.1NRT,300,9.76,N
25.21164,76.66978,311.67,1.72,1.29,2026-05-23,1509,Terra,MODIS,68,6.1NRT,301.36,10.65,N
24.39706,77.05125,310.45,1.68,1.27,2026-05-23,1509,Terra,MODIS,66,6.1NRT,299.81,10.81,N
24.45342,77.37608,309.42,1.59,1.24,2026-05-23,1509,Terra,MODIS,62,6.1NRT,299.13,8.31,N
24.91834,80.43531,326.59,1.07,1.03,2026-05-23,1509,Terra,MODIS,100,6.1NRT,297.24,21.97,N
24.78723,80.05847,310.43,1.11,1.05,2026-05-23,1509,Terra,MODIS,68,6.1NRT,298.19,6,N
25.00433,81.86642,316.93,1,1,2026-05-23,1509,Terra,MODIS,91,6.1NRT,296.86,10.98,N
24.55917,79.31586,310.85,1.21,1.09,2026-05-23,1509,Terra,MODIS,72,6.1NRT,299.95,7.19,N
23.7939,86.35268,318.6,1.05,1.02,2026-05-24,0315,Terra,MODIS,50,6.1NRT,298.06,6.81,D
22.792,86.20142,320.07,1.04,1.02,2026-05-24,0315,Terra,MODIS,0,6.1NRT,302.6,8.13,D
22.36347,87.30383,314.25,1,1,2026-05-24,0315,Terra,MODIS,51,6.1NRT,294.73,5.01,D
20.75776,85.29988,318.57,1.08,1.04,2026-05-24,0315,Terra,MODIS,56,6.1NRT,304.18,6.61,D
20.78991,85.25956,320.56,1.09,1.04,2026-05-24,0315,Terra,MODIS,63,6.1NRT,305.26,7.23,D
21.21689,82.07812,326.88,1.68,1.28,2026-05-24,0315,Terra,MODIS,62,6.1NRT,309.52,19.24,D
20.96763,85.177,328.52,1.1,1.04,2026-05-24,0315,Terra,MODIS,60,6.1NRT,304.88,15.07,D
21.07763,85.04134,322.02,1.11,1.05,2026-05-24,0315,Terra,MODIS,67,6.1NRT,305.07,10.67,D
22.5332,80.08244,323.13,2.48,1.52,2026-05-24,0315,Terra,MODIS,65,6.1NRT,302.36,25.88,D
21.23331,81.32204,330.42,1.91,1.35,2026-05-24,0315,Terra,MODIS,66,6.1NRT,307.98,37.95,D
20.92965,81.99157,329.48,1.69,1.28,2026-05-24,0315,Terra,MODIS,73,6.1NRT,309.13,21.62,D
20.91479,81.17483,324.61,1.95,1.36,2026-05-24,0315,Terra,MODIS,54,6.1NRT,309.12,16.63,D
20.90761,81.18539,326.18,1.94,1.36,2026-05-24,0315,Terra,MODIS,58,6.1NRT,309.21,19.48,D
16.90751,80.59201,319.09,1.89,1.34,2026-05-24,0317,Terra,MODIS,65,6.1NRT,299.57,18.07,D
17.108,81.62023,319.12,1.59,1.24,2026-05-24,0317,Terra,MODIS,45,6.1NRT,298.68,13.29,D
16.90851,80.11167,318.67,2.05,1.39,2026-05-24,0317,Terra,MODIS,58,6.1NRT,299.82,16.5,D
16.73356,81.57131,318.3,1.58,1.24,2026-05-24,0317,Terra,MODIS,58,6.1NRT,299.66,12.97,D
17.2292,80.59702,320,1.9,1.35,2026-05-24,0317,Terra,MODIS,65,6.1NRT,301.45,14.89,D
17.08479,81.32373,317.78,1.67,1.27,2026-05-24,0317,Terra,MODIS,54,6.1NRT,296.02,14.1,D
15.92435,80.0819,318.71,2,1.38,2026-05-24,0317,Terra,MODIS,64,6.1NRT,299.04,13.48,D
18.46948,79.32362,326.93,2.49,1.52,2026-05-24,0317,Terra,MODIS,74,6.1NRT,303.27,46.75,D
17.9427,79.72779,321.39,2.28,1.46,2026-05-24,0317,Terra,MODIS,67,6.1NRT,302.94,19.73,D
17.27092,80.8913,318,1.81,1.32,2026-05-24,0317,Terra,MODIS,58,6.1NRT,301.2,13.01,D
16.7929,82.1396,319.93,1.45,1.19,2026-05-24,0317,Terra,MODIS,62,6.1NRT,302.24,11.02,D
16.75825,81.93721,323.99,1.49,1.21,2026-05-24,0317,Terra,MODIS,67,6.1NRT,302.64,16.81,D
17.083,81.33897,322.27,1.67,1.27,2026-05-24,0317,Terra,MODIS,68,6.1NRT,295.74,22.57,D
16.54105,78.38184,326.34,2.31,1.47,2026-05-24,1026,Aqua,MODIS,74,6.1NRT,301.31,33.13,D
13.17913,79.98004,322.66,2.75,1.59,2026-05-24,1026,Aqua,MODIS,70,6.1NRT,296.66,39.3,D
13.1741,79.98567,323.66,2.75,1.59,2026-05-24,1026,Aqua,MODIS,72,6.1NRT,296.56,43.85,D
10.39011,79.27721,326.9,2.18,1.43,2026-05-24,1026,Aqua,MODIS,78,6.1NRT,293.94,53.42,D
16.54134,78.37426,331,2.31,1.47,2026-05-24,1026,Aqua,MODIS,79,6.1NRT,301.47,52.31,D
16.53854,78.36093,325.43,2.3,1.47,2026-05-24,1026,Aqua,MODIS,72,6.1NRT,301.64,30.91,D
23.36289,70.1562,331.99,1,1,2026-05-24,1028,Aqua,MODIS,69,6.1NRT,313.89,9.22,D
19.70639,73.18092,324.61,1.13,1.06,2026-05-24,1028,Aqua,MODIS,42,6.1NRT,299.47,12.27,D
18.4819,74.51218,321.83,1.29,1.13,2026-05-24,1028,Aqua,MODIS,48,6.1NRT,303.48,11.57,D
18.05494,78.15068,325.26,2.34,1.48,2026-05-24,1028,Aqua,MODIS,55,6.1NRT,305.85,20.21,D
21.42386,71.6422,335.61,1.03,1.01,2026-05-24,1028,Aqua,MODIS,64,6.1NRT,305.82,23.8,D
21.32533,73.42841,324.9,1.21,1.1,2026-05-24,1028,Aqua,MODIS,50,6.1NRT,306.5,10.19,D
21.65625,77.13305,326.64,2.21,1.44,2026-05-24,1028,Aqua,MODIS,44,6.1NRT,308.01,19.35,D
22.70217,72.22107,347.38,1.1,1.05,2026-05-24,1028,Aqua,MODIS,91,6.1NRT,311.59,41.16,D
23.35888,69.19135,330.6,1.02,1.01,2026-05-24,1030,Aqua,MODIS,68,6.1NRT,314.23,12.26,D
24.11855,73.94462,356.52,1.42,1.18,2026-05-24,1030,Aqua,MODIS,97,6.1NRT,313.09,96.17,D
30.6935,77.28154,332.62,3.02,1.65,2026-05-24,1032,Aqua,MODIS,78,6.1NRT,299.8,114.17,D
30.69496,77.27637,333.79,3.02,1.65,2026-05-24,1032,Aqua,MODIS,80,6.1NRT,299.65,122.12,D
18.68637,73.03365,310.71,1.01,1.01,2026-05-24,1544,Terra,MODIS,75,6.1NRT,298.98,6.16,N
18.53514,79.41225,308.32,1.88,1.34,2026-05-24,1544,Terra,MODIS,66,6.1NRT,297.56,10.46,N
18.53708,79.42964,310.4,1.89,1.34,2026-05-24,1544,Terra,MODIS,75,6.1NRT,298.06,14.42,N
18.32651,79.50255,310.86,1.9,1.35,2026-05-24,1544,Terra,MODIS,72,6.1NRT,297.69,14.43,N
16.84506,79.61563,310.28,1.84,1.33,2026-05-24,1544,Terra,MODIS,76,6.1NRT,299.28,10.9,N
17.21704,80.2141,310.08,2.07,1.4,2026-05-24,1544,Terra,MODIS,71,6.1NRT,298.84,12.78,N
19.04701,72.84631,308.75,1.02,1.01,2026-05-24,1544,Terra,MODIS,66,6.1NRT,297.67,5.01,N
21.63388,77.07706,315.73,1.42,1.18,2026-05-24,1546,Terra,MODIS,88,6.1NRT,297.72,14.36,N
21.62508,77.09203,318.33,1.42,1.18,2026-05-24,1546,Terra,MODIS,95,6.1NRT,296.51,19.19,N
20.6151,76.2988,315.11,1.23,1.1,2026-05-24,1546,Terra,MODIS,87,6.1NRT,299.26,10.38,N
20.60541,76.30021,316.77,1.23,1.1,2026-05-24,1546,Terra,MODIS,92,6.1NRT,299.13,12.42,N
21.66237,77.14155,308.72,1.43,1.18,2026-05-24,1546,Terra,MODIS,57,6.1NRT,294.97,6.37,N
21.10349,72.6468,321.42,1.01,1,2026-05-24,1546,Terra,MODIS,91,6.1NRT,299.39,0,N
21.41043,72.99078,316.45,1,1,2026-05-24,1546,Terra,MODIS,89,6.1NRT,299.61,9.46,N
23.76117,78.91461,306.94,2.04,1.39,2026-05-24,1546,Terra,MODIS,33,6.1NRT,295.93,10.24,N
24.05819,76.94122,312.9,1.49,1.21,2026-05-24,1546,Terra,MODIS,72,6.1NRT,301.1,9.94,N
25.07269,76.34331,313.23,1.41,1.17,2026-05-24,1546,Terra,MODIS,73,6.1NRT,301.65,7.61,N
25.34185,76.3857,310.61,1.43,1.18,2026-05-24,1546,Terra,MODIS,60,6.1NRT,300,7.63,N
21.40913,72.98142,312.66,1,1,2026-05-24,1546,Terra,MODIS,74,6.1NRT,299.61,6.35,N
23.34501,78.07767,317.53,1.75,1.3,2026-05-24,1546,Terra,MODIS,93,6.1NRT,299.37,22.5,N
23.34316,78.07234,315.62,1.75,1.3,2026-05-24,1546,Terra,MODIS,87,6.1NRT,299.74,19.2,N
23.34834,75.44376,312.16,1.19,1.09,2026-05-24,1546,Terra,MODIS,62,6.1NRT,301.4,6.77,N
25.35225,76.38431,310.69,1.43,1.18,2026-05-24,1546,Terra,MODIS,60,6.1NRT,299.85,7.82,N
25.34818,76.37907,318.7,1.43,1.18,2026-05-24,1546,Terra,MODIS,96,6.1NRT,300.15,19.1,N
21.76198,78.01975,307.71,1.65,1.26,2026-05-24,1546,Terra,MODIS,43,6.1NRT,297.34,8.99,N
21.63541,77.09045,314.12,1.42,1.18,2026-05-24,1546,Terra,MODIS,83,6.1NRT,297.44,12.56,N
29.80181,78.97996,310.53,2.49,1.52,2026-05-24,1548,Terra,MODIS,52,6.1NRT,291.6,30.57,N
29.84466,79.23259,305.73,2.6,1.55,2026-05-24,1548,Terra,MODIS,65,6.1NRT,293.6,20.86,N
29.81106,78.97622,306.06,2.49,1.52,2026-05-24,1548,Terra,MODIS,64,6.1NRT,292.52,20.17,N
29.813,79.00092,304.89,2.5,1.52,2026-05-24,1548,Terra,MODIS,36,6.1NRT,292.21,17.52,N
30.34734,79.25496,302.29,2.64,1.56,2026-05-24,1548,Terra,MODIS,48,6.1NRT,291.73,16.66,N
29.79744,78.97433,305.03,2.49,1.52,2026-05-24,1548,Terra,MODIS,42,6.1NRT,291.15,17.74,N
30.33833,79.23064,301.83,2.63,1.56,2026-05-24,1548,Terra,MODIS,45,6.1NRT,291.22,14.86,N
30.20179,79.35527,302.23,2.68,1.57,2026-05-24,1548,Terra,MODIS,36,6.1NRT,291.08,18.05,N
30.11054,79.342,301.74,2.66,1.57,2026-05-24,1548,Terra,MODIS,38,6.1NRT,290.79,18.36,N
29.93198,79.19173,308.69,2.58,1.54,2026-05-24,1548,Terra,MODIS,75,6.1NRT,293.22,31.3,N
30.56363,78.502,303.2,2.35,1.48,2026-05-24,1548,Terra,MODIS,54,6.1NRT,292.25,18.01,N
30.70284,77.2723,314.94,1.93,1.36,2026-05-24,1548,Terra,MODIS,90,6.1NRT,294.21,30.58,N
30.96694,77.02343,302.95,1.01,1.01,2026-05-24,2233,Aqua,MODIS,52,6.1NRT,291.32,5.47,N
30.11388,78.84644,304.22,1.04,1.02,2026-05-24,2233,Aqua,MODIS,59,6.1NRT,291.26,5.96,N
30.10573,78.72751,305.76,1.03,1.01,2026-05-24,2233,Aqua,MODIS,66,6.1NRT,291.16,6.77,N
30.0937,78.74586,303.39,1.03,1.01,2026-05-24,2233,Aqua,MODIS,27,6.1NRT,291.58,5.05,N
29.85599,79.28902,305.35,1.07,1.03,2026-05-24,2233,Aqua,MODIS,64,6.1NRT,291.18,7.38,N
29.74553,79.78113,304.75,1.12,1.05,2026-05-24,2233,Aqua,MODIS,61,6.1NRT,290.2,7.72,N
29.73591,79.73807,301.42,1.12,1.05,2026-05-24,2233,Aqua,MODIS,41,6.1NRT,289.51,5.82,N
29.83913,78.76958,303.34,1.04,1.02,2026-05-24,2233,Aqua,MODIS,55,6.1NRT,292.29,5.03,N
29.36302,79.57505,303.9,1.11,1.05,2026-05-24,2233,Aqua,MODIS,58,6.1NRT,291.91,6.2,N
29.345,79.45824,303.99,1.1,1.05,2026-05-24,2233,Aqua,MODIS,58,6.1NRT,292.61,5.04,N
30.11558,78.83583,302.01,1.04,1.02,2026-05-24,2233,Aqua,MODIS,46,6.1NRT,290.83,4.7,N
30.23693,78.43379,308.09,1.02,1.01,2026-05-24,2233,Aqua,MODIS,73,6.1NRT,290.18,8.16,N
30.24559,78.43599,303.07,1.02,1.01,2026-05-24,2233,Aqua,MODIS,53,6.1NRT,290.67,4.94,N
30.4472,77.53444,307.96,1,1,2026-05-24,2233,Aqua,MODIS,73,6.1NRT,297.42,5.9,N
30.54424,77.26024,308.24,1,1,2026-05-24,2233,Aqua,MODIS,74,6.1NRT,297.81,5.59,N
30.25818,79.15902,304.62,1.05,1.03,2026-05-24,2233,Aqua,MODIS,48,6.1NRT,291.02,6.25,N
30.26695,79.16171,309.29,1.05,1.03,2026-05-24,2233,Aqua,MODIS,77,6.1NRT,292.12,9.29,N
30.34959,79.22776,301.46,1.06,1.03,2026-05-24,2233,Aqua,MODIS,41,6.1NRT,289.34,5.55,N
30.34818,79.29286,302.15,1.06,1.03,2026-05-24,2233,Aqua,MODIS,47,6.1NRT,289.77,5.17,N
30.34992,79.28217,302.42,1.06,1.03,2026-05-24,2233,Aqua,MODIS,49,6.1NRT,289.98,5.33,N
30.3874,79.05103,304.13,1.04,1.02,2026-05-24,2233,Aqua,MODIS,59,6.1NRT,290,6.75,N
30.35877,79.2845,300.91,1.06,1.03,2026-05-24,2233,Aqua,MODIS,16,6.1NRT,289.79,4.71,N
30.90463,77.0051,304.3,1.01,1.01,2026-05-24,2233,Aqua,MODIS,59,6.1NRT,293.25,5.64,N
31.27306,77.33805,307.78,1.01,1,2026-05-24,2233,Aqua,MODIS,72,6.1NRT,292.06,8.71,N
31.48868,76.73969,306.02,1.03,1.01,2026-05-24,2233,Aqua,MODIS,62,6.1NRT,294.33,6.45,N
32.13138,76.43677,304.31,1.06,1.03,2026-05-24,2233,Aqua,MODIS,59,6.1NRT,293.57,6.29,N
26.46644,81.12141,304.98,1.49,1.2,2026-05-24,2235,Aqua,MODIS,62,6.1NRT,294.5,8.93,N
20.28382,78.26383,310.69,1.26,1.12,2026-05-24,2237,Aqua,MODIS,70,6.1NRT,299.06,7.47,N
21.1111,72.64315,313.98,1.18,1.08,2026-05-24,2237,Aqua,MODIS,86,6.1NRT,298.13,10.68,N
18.10357,79.86362,305.92,1.77,1.3,2026-05-24,2237,Aqua,MODIS,64,6.1NRT,294.9,9.48,N
26.0948,77.98257,327.15,1.01,1,2026-05-25,0351,Terra,MODIS,65,6.1NRT,309.26,10.47,D
26.33443,77.71276,332.61,1.02,1.01,2026-05-25,0351,Terra,MODIS,76,6.1NRT,309.27,16.44,D
26.22567,78.80464,330.09,1,1,2026-05-25,0351,Terra,MODIS,73,6.1NRT,307.66,13.93,D
26.54831,76.79806,325.15,1.08,1.04,2026-05-25,0351,Terra,MODIS,56,6.1NRT,309.82,6.84,D
27.01735,80.13745,323.72,1.05,1.02,2026-05-25,0351,Terra,MODIS,68,6.1NRT,304.65,9.86,D
31.48303,76.7373,316.35,1.21,1.09,2026-05-25,0351,Terra,MODIS,59,6.1NRT,301.48,8.72,D
30.73791,78.33676,315.46,1.04,1.02,2026-05-25,0351,Terra,MODIS,66,6.1NRT,301.07,7.03,D
30.68349,78.25826,324.48,1.04,1.02,2026-05-25,0351,Terra,MODIS,71,6.1NRT,301.41,15.67,D
30.73031,77.32059,315.78,1.12,1.05,2026-05-25,0351,Terra,MODIS,41,6.1NRT,303.74,6.45,D
30.64401,77.78227,318.38,1.07,1.03,2026-05-25,0351,Terra,MODIS,55,6.1NRT,305.83,7.36,D
30.46909,78.68659,314.53,1.02,1.01,2026-05-25,0351,Terra,MODIS,64,6.1NRT,301.86,7.24,D
30.64651,77.10154,320.89,1.14,1.06,2026-05-25,0351,Terra,MODIS,60,6.1NRT,307.2,8.53,D
30.64504,77.11351,324.42,1.14,1.06,2026-05-25,0351,Terra,MODIS,69,6.1NRT,306.21,12.89,D
30.35836,79.29181,322.29,1,1,2026-05-25,0351,Terra,MODIS,23,6.1NRT,300.35,11.58,D
30.34959,79.29031,322.79,1,1,2026-05-25,0351,Terra,MODIS,53,6.1NRT,298.93,12.67,D
30.34084,79.28863,324.51,1,1,2026-05-25,0351,Terra,MODIS,64,6.1NRT,297.83,14.39,D
30.34058,79.22649,312.1,1,1,2026-05-25,0351,Terra,MODIS,65,6.1NRT,300.13,5.75,D
30.24507,79.44057,312.65,1,1,2026-05-25,0351,Terra,MODIS,46,6.1NRT,299.41,6.37,D
30.26597,79.16472,316.82,1,1,2026-05-25,0351,Terra,MODIS,61,6.1NRT,301.93,7.23,D
30.24677,79.15572,310.92,1,1,2026-05-25,0351,Terra,MODIS,36,6.1NRT,298.05,6.31,D
30.44697,77.52857,325.29,1.09,1.04,2026-05-25,0351,Terra,MODIS,71,6.1NRT,305.02,15.64,D
30.44558,77.53941,317.5,1.09,1.04,2026-05-25,0351,Terra,MODIS,30,6.1NRT,305.07,5.65,D
30.46325,77.3263,325.3,1.11,1.05,2026-05-25,0351,Terra,MODIS,70,6.1NRT,307.17,13.51,D
30.255,78.5723,315.17,1.02,1.01,2026-05-25,0351,Terra,MODIS,48,6.1NRT,303.27,5.25,D
30.10442,78.7225,318.38,1.01,1.01,2026-05-25,0351,Terra,MODIS,57,6.1NRT,300.58,8.76,D
29.92015,79.19077,314.68,1,1,2026-05-25,0351,Terra,MODIS,57,6.1NRT,301.22,5.02,D
29.86256,79.40699,315.11,1,1,2026-05-25,0351,Terra,MODIS,65,6.1NRT,299.25,7.61,D
29.87092,79.28496,316.24,1,1,2026-05-25,0351,Terra,MODIS,66,6.1NRT,302.45,6.99,D
29.87469,79.17661,316.07,1,1,2026-05-25,0351,Terra,MODIS,63,6.1NRT,302.12,6.92,D
29.73156,79.73701,314.79,1,1,2026-05-25,0351,Terra,MODIS,65,6.1NRT,298.03,8.49,D
29.73009,79.74707,309.42,1,1,2026-05-25,0351,Terra,MODIS,34,6.1NRT,297.97,4.2,D
29.83914,78.7711,315.58,1.01,1,2026-05-25,0351,Terra,MODIS,53,6.1NRT,300.85,7.43,D
29.80818,78.99333,316.61,1,1,2026-05-25,0351,Terra,MODIS,51,6.1NRT,302.3,8.47,D
29.83029,78.76981,314.09,1.01,1,2026-05-25,0351,Terra,MODIS,43,6.1NRT,299.05,6.27,D
29.70721,78.38943,328.63,1.02,1.01,2026-05-25,0351,Terra,MODIS,77,6.1NRT,307.83,16.1,D
29.35768,79.56401,314.66,1,1,2026-05-25,0351,Terra,MODIS,40,6.1NRT,299.87,7.2,D
29.53406,76.15907,325.87,1.22,1.1,2026-05-25,0351,Terra,MODIS,64,6.1NRT,307.29,10.56,D
29.35623,79.57397,313.31,1,1,2026-05-25,0351,Terra,MODIS,24,6.1NRT,300.51,6.11,D
26.02487,75.69137,327.8,1.18,1.08,2026-05-25,0351,Terra,MODIS,67,6.1NRT,308.43,13.13,D
25.67963,79.86964,324.54,1.05,1.02,2026-05-25,0351,Terra,MODIS,56,6.1NRT,306.5,7.03,D
26.14052,77.30557,332,1.03,1.02,2026-05-25,0351,Terra,MODIS,75,6.1NRT,309.5,15.97,D
22.32842,76.93797,325.25,1.01,1.01,2026-05-25,0353,Terra,MODIS,61,6.1NRT,305.01,8.78,D
25.54458,78.15135,326.91,1,1,2026-05-25,0353,Terra,MODIS,57,6.1NRT,313.37,7.56,D
24.82568,81.5606,325.34,1.28,1.12,2026-05-25,0353,Terra,MODIS,57,6.1NRT,305.96,10.72,D
24.82365,81.57278,325.95,1.28,1.12,2026-05-25,0353,Terra,MODIS,60,6.1NRT,305.9,11.84,D
24.63898,81.06587,331.78,1.21,1.09,2026-05-25,0353,Terra,MODIS,72,6.1NRT,312.43,17.38,D
25.18436,76.87964,329.2,1.05,1.02,2026-05-25,0353,Terra,MODIS,66,6.1NRT,312.35,10.17,D
24.44474,80.42538,328.97,1.13,1.06,2026-05-25,0353,Terra,MODIS,65,6.1NRT,312.87,10.18,D
24.15064,80.97712,328.98,1.21,1.09,2026-05-25,0353,Terra,MODIS,67,6.1NRT,311.67,11.87,D
23.97767,78.58437,334.85,1.01,1,2026-05-25,0353,Terra,MODIS,77,6.1NRT,313.39,16.67,D
24.16436,75.87829,325.51,1.11,1.05,2026-05-25,0353,Terra,MODIS,57,6.1NRT,309.7,8.86,D
23.33297,78.93624,328.08,1.03,1.01,2026-05-25,0353,Terra,MODIS,63,6.1NRT,311.68,7.75,D
23.58304,76.45752,325.27,1.05,1.02,2026-05-25,0353,Terra,MODIS,51,6.1NRT,309.6,6.82,D
23.52335,76.83184,328.54,1.03,1.01,2026-05-25,0353,Terra,MODIS,64,6.1NRT,311.5,9.43,D
23.12752,77.15955,328.34,1.01,1,2026-05-25,0353,Terra,MODIS,69,6.1NRT,310.81,8.44,D
23.19431,76.40375,332.04,1.05,1.02,2026-05-25,0353,Terra,MODIS,74,6.1NRT,309.72,15.8,D
22.7312,77.03265,329.53,1.01,1.01,2026-05-25,0353,Terra,MODIS,73,6.1NRT,311.26,8.63,D
22.75074,76.61557,326.54,1.03,1.01,2026-05-25,0353,Terra,MODIS,67,6.1NRT,309.59,6.9,D
22.7494,76.62531,332.96,1.03,1.01,2026-05-25,0353,Terra,MODIS,78,6.1NRT,309.53,15.75,D
22.33592,76.94888,322.59,1.01,1,2026-05-25,0353,Terra,MODIS,45,6.1NRT,305.15,6.12,D
22.115,77.99555,326.52,1,1,2026-05-25,0353,Terra,MODIS,64,6.1NRT,309.06,7.15,D
22.15509,77.19572,326.59,1,1,2026-05-25,0353,Terra,MODIS,66,6.1NRT,307.55,9.65,D
22.15377,77.20519,327.05,1,1,2026-05-25,0353,Terra,MODIS,67,6.1NRT,306.91,10.09,D
21.23761,82.14135,329.2,1.6,1.24,2026-05-25,0353,Terra,MODIS,73,6.1NRT,311.46,19.87,D
21.64149,78.19669,327.4,1.01,1.01,2026-05-25,0353,Terra,MODIS,62,6.1NRT,310.35,9.12,D
21.00803,82.00867,342.24,1.58,1.24,2026-05-25,0353,Terra,MODIS,88,6.1NRT,308.74,56.73,D
21.00548,82.02328,326.52,1.58,1.24,2026-05-25,0353,Terra,MODIS,68,6.1NRT,308.92,13.01,D
21.00579,82.00173,330.92,1.58,1.24,2026-05-25,0353,Terra,MODIS,76,6.1NRT,308.37,22.87,D
21.00335,82.01633,333.98,1.58,1.24,2026-05-25,0353,Terra,MODIS,80,6.1NRT,308.65,32.01,D
22.16355,73.54174,324.89,1.41,1.18,2026-05-25,0353,Terra,MODIS,60,6.1NRT,304.14,14.14,D
21.68476,76.98763,332.48,1.01,1,2026-05-25,0353,Terra,MODIS,75,6.1NRT,307.76,14.52,D
21.37784,79.08811,333.43,1.07,1.03,2026-05-25,0353,Terra,MODIS,76,6.1NRT,311.74,16.97,D
20.88211,81.98714,327.49,1.58,1.24,2026-05-25,0353,Terra,MODIS,69,6.1NRT,308.24,15.06,D
21.15017,79.96593,325.15,1.18,1.08,2026-05-25,0353,Terra,MODIS,49,6.1NRT,310.05,10.69,D
21.19608,79.60943,328.85,1.13,1.06,2026-05-25,0353,Terra,MODIS,67,6.1NRT,313.3,9.61,D
21.10785,79.45892,328.24,1.12,1.05,2026-05-25,0353,Terra,MODIS,66,6.1NRT,310.96,9.01,D
20.68409,81.57838,327.65,1.49,1.21,2026-05-25,0353,Terra,MODIS,72,6.1NRT,307.1,18.31,D
21.29147,77.49187,326.65,1,1,2026-05-25,0353,Terra,MODIS,59,6.1NRT,309.78,8.21,D
21.66861,72.24803,324.39,1.71,1.28,2026-05-25,0353,Terra,MODIS,64,6.1NRT,303.98,14.02,D
20.68222,79.63044,327.79,1.15,1.07,2026-05-25,0353,Terra,MODIS,64,6.1NRT,310.31,11.27,D
20.59975,80.14696,327.79,1.22,1.1,2026-05-25,0353,Terra,MODIS,69,6.1NRT,308.93,14.05,D
20.01395,80.58458,328.15,1.32,1.14,2026-05-25,0353,Terra,MODIS,73,6.1NRT,307.14,15.57,D
20.2823,78.26033,325.53,1.03,1.02,2026-05-25,0353,Terra,MODIS,44,6.1NRT,309.25,6.49,D
19.92179,79.29144,326.46,1.13,1.06,2026-05-25,0353,Terra,MODIS,53,6.1NRT,308.36,9.48,D
19.74119,80.0383,320.08,1.24,1.11,2026-05-25,0353,Terra,MODIS,32,6.1NRT,303.74,8.46,D
19.16636,78.06221,326.78,1.04,1.02,2026-05-25,0353,Terra,MODIS,61,6.1NRT,306.17,8.89,D
19.13653,78.07093,325.62,1.04,1.02,2026-05-25,0353,Terra,MODIS,30,6.1NRT,305.6,7.27,D
19.12294,78.03937,328.43,1.04,1.02,2026-05-25,0353,Terra,MODIS,68,6.1NRT,304.78,10.67,D
19.10084,78.06515,328.34,1.04,1.02,2026-05-25,0353,Terra,MODIS,72,6.1NRT,305.53,10.52,D
19.01229,77.91753,326.5,1.03,1.01,2026-05-25,0353,Terra,MODIS,68,6.1NRT,305.98,9.59,D
18.70698,79.76682,326.72,1.24,1.1,2026-05-25,0353,Terra,MODIS,0,6.1NRT,305.89,13.78,D
18.67989,79.41421,325.03,1.18,1.08,2026-05-25,0353,Terra,MODIS,66,6.1NRT,305.74,11.08,D
18.8095,78.52298,322.92,1.08,1.04,2026-05-25,0353,Terra,MODIS,54,6.1NRT,303.74,7.94,D
15.33627,78.26021,321.51,1.13,1.06,2026-05-25,0355,Terra,MODIS,68,6.1NRT,300.94,8.22,D
17.03354,80.37794,324.97,1.43,1.18,2026-05-25,0355,Terra,MODIS,65,6.1NRT,305.16,15.05,D
17.35012,80.53138,323.04,1.45,1.19,2026-05-25,0355,Terra,MODIS,55,6.1NRT,304.92,13.13,D
16.96785,80.70821,325.41,1.51,1.21,2026-05-25,0355,Terra,MODIS,66,6.1NRT,304.98,16.03,D
17.66016,80.19774,325.56,1.36,1.15,2026-05-25,0355,Terra,MODIS,69,6.1NRT,305.13,13.6,D
18.27995,79.01943,325.5,1.14,1.07,2026-05-25,0355,Terra,MODIS,55,6.1NRT,303.13,10.87,D
18.29372,79.05407,327.61,1.15,1.07,2026-05-25,0355,Terra,MODIS,73,6.1NRT,304.27,13.96,D
18.40961,79.49547,328.14,1.21,1.09,2026-05-25,0355,Terra,MODIS,48,6.1NRT,304.41,14.22,D
18.44785,79.50197,328.64,1.21,1.09,2026-05-25,0355,Terra,MODIS,75,6.1NRT,306.4,13.85,D
18.51546,79.16459,323.75,1.16,1.07,2026-05-25,0355,Terra,MODIS,60,6.1NRT,300.38,10.9,D
18.60741,79.22961,325.48,1.16,1.07,2026-05-25,0355,Terra,MODIS,45,6.1NRT,300.47,13.99,D
17.38337,78.776,326.38,1.14,1.06,2026-05-25,0355,Terra,MODIS,70,6.1NRT,303.85,13.03,D
16.96556,80.72187,328.19,1.51,1.21,2026-05-25,0355,Terra,MODIS,72,6.1NRT,304.56,22.88,D
16.97223,80.71653,322.95,1.51,1.21,2026-05-25,0355,Terra,MODIS,59,6.1NRT,304.26,12.04,D
16.96162,80.71468,326.61,1.51,1.21,2026-05-25,0355,Terra,MODIS,69,6.1NRT,304.64,19.64,D
17.23544,77.99411,325.99,1.06,1.03,2026-05-25,0355,Terra,MODIS,70,6.1NRT,304.65,10.88,D
16.53863,79.88693,330.46,1.35,1.15,2026-05-25,0355,Terra,MODIS,77,6.1NRT,304.75,22.06,D
16.5365,78.27257,317,1.1,1.05,2026-05-25,0355,Terra,MODIS,38,6.1NRT,300.68,6.34,D
16.16882,80.57008,323.24,1.52,1.22,2026-05-25,0355,Terra,MODIS,63,6.1NRT,304.13,16.09,D
16.15817,80.56824,326.75,1.52,1.22,2026-05-25,0355,Terra,MODIS,71,6.1NRT,303.69,22.82,D
16.16489,80.56351,328.34,1.52,1.22,2026-05-25,0355,Terra,MODIS,75,6.1NRT,304.54,26.41,D
16.1627,80.57727,320.5,1.53,1.22,2026-05-25,0355,Terra,MODIS,25,6.1NRT,302.7,11.43,D
16.46075,78.4097,327.14,1.12,1.06,2026-05-25,0355,Terra,MODIS,75,6.1NRT,303.15,15.7,D
13.76723,79.34957,332.7,1.37,1.16,2026-05-25,0357,Terra,MODIS,83,6.1NRT,297.49,37.92,D
12.30092,78.41711,320.53,1.26,1.12,2026-05-25,0357,Terra,MODIS,73,6.1NRT,296.98,16.11,D
17.47118,82.34856,321.32,1.49,1.21,2026-05-25,0926,Aqua,MODIS,58,6.1NRT,301.54,17.22,D
16.74686,81.49737,326.72,1.77,1.3,2026-05-25,0926,Aqua,MODIS,64,6.1NRT,305.25,20.36,D
23.24795,83.47602,321.37,1.07,1.03,2026-05-25,0928,Aqua,MODIS,28,6.1NRT,307.11,5.91,D
17.32493,80.8829,323.26,1.92,1.35,2026-05-25,0928,Aqua,MODIS,43,6.1NRT,301.49,23.55,D
17.24914,80.4514,339.47,2.08,1.4,2026-05-25,0928,Aqua,MODIS,87,6.1NRT,304.44,72.53,D
17.24585,80.43279,338.21,2.09,1.41,2026-05-25,0928,Aqua,MODIS,86,6.1NRT,305.13,62.72,D
17.25245,80.44564,346.69,2.08,1.4,2026-05-25,0928,Aqua,MODIS,92,6.1NRT,304.79,111.13,D
17.46939,79.90038,325.42,2.27,1.46,2026-05-25,0928,Aqua,MODIS,65,6.1NRT,303,21.22,D
18.5094,83.94327,326.35,1.15,1.07,2026-05-25,0928,Aqua,MODIS,71,6.1NRT,306.55,9.9,D
18.5077,83.93276,333.42,1.15,1.07,2026-05-25,0928,Aqua,MODIS,81,6.1NRT,307.23,20.98,D
18.89729,84.27979,319.72,1.1,1.05,2026-05-25,0928,Aqua,MODIS,55,6.1NRT,303.47,8.74,D
18.14889,79.78441,324.59,2.24,1.45,2026-05-25,0928,Aqua,MODIS,52,6.1NRT,303.82,21.03,D
20.96185,85.17178,336.74,1.01,1,2026-05-25,0928,Aqua,MODIS,78,6.1NRT,312.46,18.85,D
20.96777,85.15156,331.7,1.01,1,2026-05-25,0928,Aqua,MODIS,22,6.1NRT,310.77,10.64,D
20.97369,85.13133,329.94,1.01,1,2026-05-25,0928,Aqua,MODIS,62,6.1NRT,311.28,9.49,D
20.95531,85.00947,327.73,1.01,1.01,2026-05-25,0928,Aqua,MODIS,62,6.1NRT,310.98,9.16,D
20.68892,81.56664,329.68,1.48,1.2,2026-05-25,0928,Aqua,MODIS,60,6.1NRT,312.53,15.49,D
20.81661,81.76886,334.3,1.42,1.18,2026-05-25,0928,Aqua,MODIS,74,6.1NRT,312.6,22.13,D
20.81439,81.75575,330.95,1.43,1.18,2026-05-25,0928,Aqua,MODIS,38,6.1NRT,313.84,13.95,D
20.82329,81.76214,338.91,1.42,1.18,2026-05-25,0928,Aqua,MODIS,82,6.1NRT,313.48,30.73,D
20.99681,82.10339,337.67,1.35,1.15,2026-05-25,0928,Aqua,MODIS,81,6.1NRT,312.25,30.76,D
21.00752,81.98483,333.75,1.37,1.16,2026-05-25,0928,Aqua,MODIS,72,6.1NRT,316.85,15.97,D
21.00106,81.94688,330.85,1.38,1.16,2026-05-25,0928,Aqua,MODIS,49,6.1NRT,315.12,11.85,D
21.01756,81.98284,333.56,1.37,1.16,2026-05-25,0928,Aqua,MODIS,75,6.1NRT,315.72,15.45,D
21.06023,82.05219,333.19,1.35,1.15,2026-05-25,0928,Aqua,MODIS,73,6.1NRT,314.96,15.23,D
21.74496,82.9512,328.97,1.18,1.08,2026-05-25,0928,Aqua,MODIS,62,6.1NRT,311.46,10.02,D
21.74319,82.94028,332.33,1.18,1.08,2026-05-25,0928,Aqua,MODIS,64,6.1NRT,312.28,16.22,D
21.7383,82.85062,332.47,1.19,1.09,2026-05-25,0928,Aqua,MODIS,73,6.1NRT,314.52,12.96,D
21.8967,82.92139,328.22,1.17,1.08,2026-05-25,0928,Aqua,MODIS,27,6.1NRT,311.67,10.08,D
21.90605,82.9196,330.7,1.17,1.08,2026-05-25,0928,Aqua,MODIS,42,6.1NRT,311.79,15.24,D
21.72163,81.75539,332.47,1.38,1.16,2026-05-25,0928,Aqua,MODIS,44,6.1NRT,314.26,17.04,D
22.47353,83.16142,332.38,1.13,1.06,2026-05-25,0928,Aqua,MODIS,77,6.1NRT,312.47,17.07,D
23.77476,86.2062,327.4,1.03,1.01,2026-05-25,0928,Aqua,MODIS,73,6.1NRT,309.05,11.98,D
23.53885,82.80733,324.84,1.13,1.06,2026-05-25,0928,Aqua,MODIS,60,6.1NRT,309.02,7.88,D
23.93334,83.89134,331.45,1.03,1.02,2026-05-25,0928,Aqua,MODIS,76,6.1NRT,309.53,13.81,D
23.93183,83.88155,326.16,1.03,1.02,2026-05-25,0928,Aqua,MODIS,65,6.1NRT,308.74,7.06,D
23.79698,82.85993,327.13,1.12,1.06,2026-05-25,0928,Aqua,MODIS,67,6.1NRT,306.68,10.55,D
23.83347,83.02586,326.07,1.1,1.05,2026-05-25,0928,Aqua,MODIS,56,6.1NRT,306.78,9.06,D
23.96105,83.23814,326.6,1.08,1.04,2026-05-25,0928,Aqua,MODIS,55,6.1NRT,304.75,7.1,D
23.95941,83.22793,336.22,1.08,1.04,2026-05-25,0928,Aqua,MODIS,81,6.1NRT,307.13,21.54,D
24.18164,83.51595,329.37,1.05,1.02,2026-05-25,0928,Aqua,MODIS,56,6.1NRT,309.5,12.2,D
24.58356,81.59914,336.04,1.26,1.12,2026-05-25,0930,Aqua,MODIS,78,6.1NRT,316.09,20.78,D
24.51905,82.73473,327.8,1.11,1.05,2026-05-25,0930,Aqua,MODIS,58,6.1NRT,310.97,7.26,D
24.58558,81.61108,332.81,1.26,1.12,2026-05-25,0930,Aqua,MODIS,72,6.1NRT,314.65,14.26,D
25.63728,78.40868,335.96,1.96,1.37,2026-05-25,0930,Aqua,MODIS,76,6.1NRT,317.13,43.01,D
25.64088,78.42722,332.04,1.95,1.36,2026-05-25,0930,Aqua,MODIS,67,6.1NRT,316.35,28.98,D
24.96241,80.91674,331.1,1.37,1.16,2026-05-25,0930,Aqua,MODIS,67,6.1NRT,314.39,14.44,D
24.96467,80.92951,336.87,1.36,1.16,2026-05-25,0930,Aqua,MODIS,79,6.1NRT,314.58,27.79,D
24.73582,80.68956,332.42,1.42,1.18,2026-05-25,0930,Aqua,MODIS,71,6.1NRT,314.54,18.39,D
24.78938,82.15849,333.89,1.17,1.08,2026-05-25,0930,Aqua,MODIS,73,6.1NRT,310.76,15.89,D
24.79118,82.16954,332.76,1.17,1.08,2026-05-25,0930,Aqua,MODIS,71,6.1NRT,310.88,14.4,D
24.78008,82.16069,332.09,1.17,1.08,2026-05-25,0930,Aqua,MODIS,69,6.1NRT,312.34,13.45,D
24.7819,82.17179,349.96,1.17,1.08,2026-05-25,0930,Aqua,MODIS,93,6.1NRT,314.19,52.74,D
30.34077,79.21648,317.37,1.39,1.17,2026-05-25,0932,Aqua,MODIS,55,6.1NRT,303.13,12.16,D
29.30594,79.91769,315.32,1.32,1.14,2026-05-25,0932,Aqua,MODIS,64,6.1NRT,299.95,9.36,D
29.29291,79.7268,316.83,1.35,1.15,2026-05-25,0932,Aqua,MODIS,66,6.1NRT,301.79,10.12,D
29.58888,80.16421,319.66,1.26,1.12,2026-05-25,0932,Aqua,MODIS,73,6.1NRT,299.76,15.62,D
29.71997,79.73751,336.31,1.33,1.14,2026-05-25,0932,Aqua,MODIS,87,6.1NRT,303.28,45.25,D
29.74862,79.78371,318.7,1.32,1.14,2026-05-25,0932,Aqua,MODIS,67,6.1NRT,302.44,12.01,D
29.87922,79.64292,315.95,1.34,1.15,2026-05-25,0932,Aqua,MODIS,65,6.1NRT,303.16,9.07,D
29.87699,79.63052,316.08,1.34,1.15,2026-05-25,0932,Aqua,MODIS,65,6.1NRT,302.86,9.66,D
29.97685,79.67034,317.16,1.33,1.14,2026-05-25,0932,Aqua,MODIS,65,6.1NRT,303.68,12.18,D
29.85329,78.81499,317.94,1.5,1.21,2026-05-25,0932,Aqua,MODIS,53,6.1NRT,301.09,14.38,D
30.0638,79.57498,316.9,1.34,1.15,2026-05-25,0932,Aqua,MODIS,48,6.1NRT,304.35,9.77,D
30.08742,78.74075,323.03,1.5,1.21,2026-05-25,0932,Aqua,MODIS,65,6.1NRT,302.33,21.05,D
30.30965,79.21536,323.99,1.39,1.17,2026-05-25,0932,Aqua,MODIS,76,6.1NRT,303.19,22.05,D
30.30723,79.2019,321.28,1.39,1.17,2026-05-25,0932,Aqua,MODIS,72,6.1NRT,304.09,18.24,D
30.3201,79.21538,366.7,1.39,1.17,2026-05-25,0932,Aqua,MODIS,100,6.1NRT,304.78,156.43,D
30.31736,79.19994,332.62,1.39,1.17,2026-05-25,0932,Aqua,MODIS,84,6.1NRT,304.54,37.86,D
30.2549,78.69604,325.68,1.5,1.21,2026-05-25,0932,Aqua,MODIS,75,6.1NRT,308.35,19.8,D
30.2394,78.43782,322.08,1.56,1.23,2026-05-25,0932,Aqua,MODIS,65,6.1NRT,300.29,23.4,D
30.2365,78.42233,320.1,1.56,1.23,2026-05-25,0932,Aqua,MODIS,59,6.1NRT,299.37,19.85,D
30.29856,78.43482,320.62,1.55,1.23,2026-05-25,0932,Aqua,MODIS,59,6.1NRT,299.56,21.11,D
20.85898,81.95446,323.54,2,1.38,2026-05-25,1446,Terra,MODIS,100,6.1NRT,297.09,45.8,N
20.96983,85.15627,312.94,1.21,1.1,2026-05-25,1446,Terra,MODIS,86,6.1NRT,298.14,9.34,N
20.84243,81.96425,309.77,2,1.38,2026-05-25,1446,Terra,MODIS,28,6.1NRT,297.15,12.34,N
20.96549,85.19179,309.29,1.21,1.09,2026-05-25,1446,Terra,MODIS,76,6.1NRT,298.86,6.15,N
20.96375,85.18059,312.45,1.21,1.09,2026-05-25,1446,Terra,MODIS,85,6.1NRT,299.57,9.12,N
20.96202,85.16933,315.46,1.21,1.09,2026-05-25,1446,Terra,MODIS,91,6.1NRT,299.63,11.99,N
17.35902,80.86668,316.08,2.86,1.61,2026-05-25,1446,Terra,MODIS,92,6.1NRT,295.87,42.73,N
17.36367,80.89244,310.65,2.84,1.61,2026-05-25,1446,Terra,MODIS,80,6.1NRT,295.57,22.8,N
20.93672,82.0086,314.15,1.97,1.37,2026-05-25,1446,Terra,MODIS,85,6.1NRT,298.1,21.73,N
25.0348,87.37524,302.33,1,1,2026-05-25,1446,Terra,MODIS,36,6.1NRT,283.29,3.25,N
24.05116,81.77583,311.52,1.78,1.31,2026-05-25,1446,Terra,MODIS,75,6.1NRT,299.18,12.41,N
22.12616,79.47693,307.41,2.88,1.62,2026-05-25,1446,Terra,MODIS,40,6.1NRT,291.59,17.39,N
21.07343,82.04922,313.85,1.95,1.36,2026-05-25,1446,Terra,MODIS,71,6.1NRT,296.92,20.23,N
21.0066,81.95031,314,1.98,1.37,2026-05-25,1446,Terra,MODIS,83,6.1NRT,298.43,19.62,N
21.01642,82.0048,313.53,1.96,1.37,2026-05-25,1446,Terra,MODIS,84,6.1NRT,298.55,18.92,N
21.01048,81.9368,317.06,1.99,1.38,2026-05-25,1446,Terra,MODIS,93,6.1NRT,298.91,28.13,N
20.84702,81.95692,308.62,2,1.38,2026-05-25,1446,Terra,MODIS,61,6.1NRT,296.68,11.92,N
20.86223,81.9728,320.19,1.99,1.38,2026-05-25,1446,Terra,MODIS,100,6.1NRT,296.84,36.56,N
20.92821,81.99709,309.93,1.98,1.37,2026-05-25,1446,Terra,MODIS,64,6.1NRT,297.11,13.46,N
20.98108,81.98072,313.65,1.98,1.37,2026-05-25,1446,Terra,MODIS,84,6.1NRT,298.42,19.68,N
20.9733,85.17883,312.6,1.21,1.09,2026-05-25,1446,Terra,MODIS,85,6.1NRT,298.58,8.97,N
20.97157,85.16756,314.02,1.21,1.09,2026-05-25,1446,Terra,MODIS,88,6.1NRT,299.02,10.18,N
26.9471,78.34384,313.43,2.71,1.58,2026-05-25,1448,Terra,MODIS,82,6.1NRT,299.84,31.83,N
30.30824,78.32244,301.67,2.28,1.46,2026-05-25,1448,Terra,MODIS,43,6.1NRT,291.4,12.85,N
30.30226,78.42395,301.22,2.24,1.45,2026-05-25,1448,Terra,MODIS,39,6.1NRT,288.08,11.76,N
30.30071,78.42961,301.63,2.24,1.45,2026-05-25,1448,Terra,MODIS,41,6.1NRT,288.22,12,N
30.09776,78.80885,300.71,2.13,1.42,2026-05-25,1448,Terra,MODIS,32,6.1NRT,290.67,9.9,N
30.10236,78.83202,315.8,2.12,1.42,2026-05-25,1448,Terra,MODIS,92,6.1NRT,290.94,40.53,N
30.09586,78.81733,307.19,2.13,1.42,2026-05-25,1448,Terra,MODIS,71,6.1NRT,290.71,20.67,N
30.09983,78.83806,313.67,2.12,1.42,2026-05-25,1448,Terra,MODIS,88,6.1NRT,291.44,34.32,N
29.65479,79.95418,308.08,1.82,1.32,2026-05-25,1448,Terra,MODIS,72,6.1NRT,294.13,15.42,N
29.6464,79.96057,305.63,1.82,1.32,2026-05-25,1448,Terra,MODIS,65,6.1NRT,294.38,11.94,N
26.95316,78.33717,311.14,2.71,1.58,2026-05-25,1448,Terra,MODIS,74,6.1NRT,299.5,25.52,N
24.79162,82.1655,317.13,1.61,1.25,2026-05-25,1448,Terra,MODIS,91,6.1NRT,303.61,17.87,N
30.49156,78.31208,301.65,2.26,1.46,2026-05-25,1450,Terra,MODIS,43,6.1NRT,287.89,16.59,N
30.63953,77.72742,307.15,2.46,1.51,2026-05-25,1450,Terra,MODIS,70,6.1NRT,294.53,23.25,N
20.9723,85.17591,308.9,1.72,1.29,2026-05-25,2138,Aqua,MODIS,76,6.1NRT,295.04,13.7,N
33.01398,74.43373,305.21,1.66,1.27,2026-05-25,2312,Aqua,MODIS,63,6.1NRT,292.69,13.17,N
31.23236,75.95023,332,1.79,1.31,2026-05-26,0429,Terra,MODIS,83,6.1NRT,316.57,32.11,D
30.8278,77.30894,312.28,2.26,1.46,2026-05-26,0429,Terra,MODIS,51,6.1NRT,299.82,19.64,D
29.93496,76.15897,330.88,1.97,1.37,2026-05-26,0429,Terra,MODIS,77,6.1NRT,314.98,31.8,D
33.01678,74.42844,315.19,1.33,1.14,2026-05-26,0429,Terra,MODIS,55,6.1NRT,305.01,7.84,D
21.98837,73.19941,322.48,1.79,1.31,2026-05-26,0432,Terra,MODIS,54,6.1NRT,304.66,17.46,D
22.37364,69.79516,325.53,1.1,1.05,2026-05-26,0434,Terra,MODIS,54,6.1NRT,305.13,12.1,D
21.29807,71.90519,322.82,1.49,1.21,2026-05-26,0434,Terra,MODIS,61,6.1NRT,305.58,9.88,D
12.53209,79.83649,321.69,1.08,1.04,2026-05-26,1004,Aqua,MODIS,54,6.1NRT,303.21,5.98,D
12.30842,79.76244,339.11,1.07,1.03,2026-05-26,1004,Aqua,MODIS,86,6.1NRT,305.16,28.15,D
17.07006,80.14227,328.1,1.24,1.11,2026-05-26,1004,Aqua,MODIS,41,6.1NRT,306.36,12.04,D
14.84384,79.01063,328.95,1.05,1.02,2026-05-26,1004,Aqua,MODIS,61,6.1NRT,301.85,17.25,D
15.85004,79.67809,327.45,1.14,1.06,2026-05-26,1004,Aqua,MODIS,65,6.1NRT,306.27,8.83,D
16.01427,80.1441,332.81,1.21,1.09,2026-05-26,1004,Aqua,MODIS,75,6.1NRT,308.82,12.95,D
16.0128,80.13322,335.96,1.21,1.09,2026-05-26,1004,Aqua,MODIS,80,6.1NRT,308.68,19.19,D
17.57187,81.59225,323.42,1.57,1.24,2026-05-26,1004,Aqua,MODIS,48,6.1NRT,301.86,20.39,D
17.34615,80.86642,326.67,1.39,1.17,2026-05-26,1004,Aqua,MODIS,59,6.1NRT,306.63,15.51,D
17.34774,80.87913,326.85,1.39,1.17,2026-05-26,1004,Aqua,MODIS,61,6.1NRT,305.36,15.57,D
17.33884,80.87308,328.46,1.39,1.17,2026-05-26,1004,Aqua,MODIS,60,6.1NRT,305.99,18.12,D
17.33031,80.88723,334.12,1.39,1.17,2026-05-26,1004,Aqua,MODIS,80,6.1NRT,305.88,30.14,D
17.32012,80.88873,337.21,1.39,1.17,2026-05-26,1004,Aqua,MODIS,84,6.1NRT,305.07,38.15,D
17.19217,80.14069,331.35,1.25,1.11,2026-05-26,1004,Aqua,MODIS,76,6.1NRT,306.12,16.63,D
16.1518,80.87158,335.52,1.34,1.15,2026-05-26,1004,Aqua,MODIS,74,6.1NRT,306.05,27.08,D
17.11471,80.18192,330.6,1.25,1.11,2026-05-26,1004,Aqua,MODIS,74,6.1NRT,306.27,15.97,D
16.15338,80.8768,332.23,1.34,1.15,2026-05-26,1004,Aqua,MODIS,73,6.1NRT,306.09,18.85,D
16.73204,82.03843,324.89,1.65,1.26,2026-05-26,1004,Aqua,MODIS,53,6.1NRT,305.12,13.31,D
16.52318,78.29259,325.53,1.03,1.01,2026-05-26,1004,Aqua,MODIS,55,6.1NRT,307.39,8.01,D
16.56162,78.28957,327.95,1.03,1.01,2026-05-26,1004,Aqua,MODIS,66,6.1NRT,307.4,10.59,D
17.08151,80.32067,330.9,1.27,1.12,2026-05-26,1004,Aqua,MODIS,74,6.1NRT,306.91,15.49,D
14.76177,79.67669,328.96,1.11,1.05,2026-05-26,1004,Aqua,MODIS,71,6.1NRT,306.7,11.25,D
14.29814,76.37144,320.34,1.06,1.03,2026-05-26,1004,Aqua,MODIS,58,6.1NRT,302.16,8.87,D
13.32553,80.09924,315.61,1.12,1.06,2026-05-26,1004,Aqua,MODIS,64,6.1NRT,299.08,7.13,D
12.2619,75.23647,308.92,1.26,1.11,2026-05-26,1004,Aqua,MODIS,50,6.1NRT,294.44,5.54,D
12.87078,79.42398,321.85,1.05,1.02,2026-05-26,1004,Aqua,MODIS,68,6.1NRT,303.41,8.56,D
20.99987,80.93307,332.47,1.58,1.24,2026-05-26,1006,Aqua,MODIS,72,6.1NRT,309.44,22.02,D
20.98829,82.02,329.05,1.9,1.35,2026-05-26,1006,Aqua,MODIS,68,6.1NRT,307.5,23.01,D
19.68686,73.88782,325.27,1.19,1.08,2026-05-26,1006,Aqua,MODIS,59,6.1NRT,304.09,10.28,D
20.57443,80.14779,330.8,1.38,1.16,2026-05-26,1006,Aqua,MODIS,55,6.1NRT,312.68,16.12,D
20.75894,81.8166,335.91,1.82,1.32,2026-05-26,1006,Aqua,MODIS,80,6.1NRT,308.21,44.42,D
20.76083,81.83352,339.83,1.83,1.32,2026-05-26,1006,Aqua,MODIS,84,6.1NRT,308.29,60.23,D
20.76266,81.82159,349.65,1.82,1.32,2026-05-26,1006,Aqua,MODIS,93,6.1NRT,307.92,102.75,D
20.76467,81.8385,332.04,1.83,1.32,2026-05-26,1006,Aqua,MODIS,74,6.1NRT,307.52,30.89,D
20.1518,80.59122,332.9,1.46,1.19,2026-05-26,1006,Aqua,MODIS,76,6.1NRT,309.76,26.22,D
20.1535,80.60463,330.6,1.46,1.19,2026-05-26,1006,Aqua,MODIS,71,6.1NRT,308.73,20.59,D
19.73475,79.57326,336.91,1.24,1.11,2026-05-26,1006,Aqua,MODIS,80,6.1NRT,309.52,29.9,D
19.72508,79.57463,335.16,1.24,1.11,2026-05-26,1006,Aqua,MODIS,78,6.1NRT,310.23,25.2,D
18.39979,78.29653,329.42,1.06,1.03,2026-05-26,1006,Aqua,MODIS,62,6.1NRT,309.16,11.1,D
18.57743,79.73175,332.18,1.23,1.1,2026-05-26,1006,Aqua,MODIS,64,6.1NRT,305.18,22.33,D
17.7518,74.53565,328.26,1.16,1.07,2026-05-26,1006,Aqua,MODIS,41,6.1NRT,306.67,14,D
17.50732,73.30061,320.84,1.39,1.17,2026-05-26,1006,Aqua,MODIS,29,6.1NRT,296.54,18.58,D
18.39967,79.44918,333.56,1.18,1.08,2026-05-26,1006,Aqua,MODIS,76,6.1NRT,305.84,18.2,D
18.40111,79.45998,330.19,1.18,1.08,2026-05-26,1006,Aqua,MODIS,66,6.1NRT,306.86,13.23,D
18.39167,79.46139,328.44,1.18,1.08,2026-05-26,1006,Aqua,MODIS,62,6.1NRT,306.15,10.1,D
18.36095,79.30212,331,1.16,1.07,2026-05-26,1006,Aqua,MODIS,71,6.1NRT,307.14,15.53,D
18.36193,79.57207,346.59,1.2,1.09,2026-05-26,1006,Aqua,MODIS,91,6.1NRT,309.4,44.54,D
18.29033,79.25455,327.43,1.15,1.07,2026-05-26,1006,Aqua,MODIS,60,6.1NRT,308.61,8.73,D
18.29174,79.26505,329.42,1.15,1.07,2026-05-26,1006,Aqua,MODIS,67,6.1NRT,309.62,11.27,D
18.2952,79.36182,331.25,1.17,1.07,2026-05-26,1006,Aqua,MODIS,71,6.1NRT,309.69,12.21,D
18.31527,79.5123,331.65,1.19,1.08,2026-05-26,1006,Aqua,MODIS,66,6.1NRT,305.45,16.25,D
18.30581,79.51366,333.28,1.19,1.08,2026-05-26,1006,Aqua,MODIS,70,6.1NRT,305.91,20.1,D
18.26566,79.35528,331.55,1.16,1.07,2026-05-26,1006,Aqua,MODIS,64,6.1NRT,309.41,13.05,D
18.25628,79.35661,328.77,1.16,1.07,2026-05-26,1006,Aqua,MODIS,56,6.1NRT,309.05,9.67,D
18.27745,79.62378,334.57,1.2,1.09,2026-05-26,1006,Aqua,MODIS,78,6.1NRT,308.89,18.72,D
18.27893,79.63477,334.21,1.2,1.09,2026-05-26,1006,Aqua,MODIS,77,6.1NRT,309.54,17.46,D
18.23151,79.35524,337.25,1.16,1.07,2026-05-26,1006,Aqua,MODIS,81,6.1NRT,307.55,25.81,D
18.18593,79.77914,328.78,1.22,1.1,2026-05-26,1006,Aqua,MODIS,46,6.1NRT,308.49,10.75,D
17.25303,74.71442,327.84,1.16,1.07,2026-05-26,1006,Aqua,MODIS,68,6.1NRT,308.48,7.7,D
17.70424,78.27796,325.28,1.04,1.02,2026-05-26,1006,Aqua,MODIS,35,6.1NRT,305.76,7.99,D
17.72932,79.87633,327.14,1.22,1.1,2026-05-26,1006,Aqua,MODIS,46,6.1NRT,306.81,11.09,D
17.78111,80.5836,331.05,1.35,1.15,2026-05-26,1006,Aqua,MODIS,75,6.1NRT,308.24,16.16,D
17.62316,80.70693,327.15,1.37,1.16,2026-05-26,1006,Aqua,MODIS,68,6.1NRT,305.4,12.68,D
17.32085,78.841,324.43,1.08,1.04,2026-05-26,1006,Aqua,MODIS,27,6.1NRT,298.13,10.99,D
18.09558,79.93539,329.32,1.24,1.11,2026-05-26,1006,Aqua,MODIS,58,6.1NRT,307.85,11.56,D
24.93719,80.92805,329.47,1.81,1.32,2026-05-26,1006,Aqua,MODIS,53,6.1NRT,311.36,21.99,D
24.52472,80.7178,331.75,1.72,1.29,2026-05-26,1006,Aqua,MODIS,67,6.1NRT,315.85,19.16,D
24.00371,81.57065,333.19,1.95,1.36,2026-05-26,1006,Aqua,MODIS,77,6.1NRT,312.95,39.9,D
23.50024,78.54472,334.48,1.21,1.09,2026-05-26,1006,Aqua,MODIS,73,6.1NRT,317.08,15.79,D
23.61614,81.08536,333.09,1.78,1.31,2026-05-26,1006,Aqua,MODIS,77,6.1NRT,308.52,38.28,D
23.60743,81.09239,326.23,1.78,1.31,2026-05-26,1006,Aqua,MODIS,61,6.1NRT,307.17,18.23,D
22.18881,72.80197,340.1,1.25,1.11,2026-05-26,1006,Aqua,MODIS,82,6.1NRT,315.11,33.64,D
22.12428,72.73647,329.83,1.27,1.12,2026-05-26,1006,Aqua,MODIS,55,6.1NRT,314.37,10.35,D
22.18736,73.11559,354.32,1.21,1.09,2026-05-26,1006,Aqua,MODIS,96,6.1NRT,316.9,68.78,D
22.18921,73.12679,368.17,1.2,1.09,2026-05-26,1006,Aqua,MODIS,100,6.1NRT,317.45,119.47,D
21.84395,71.99479,333.33,1.42,1.18,2026-05-26,1006,Aqua,MODIS,48,6.1NRT,317.43,17.68,D
21.8462,72.00794,344.98,1.42,1.18,2026-05-26,1006,Aqua,MODIS,88,6.1NRT,316.6,50.84,D
22.21085,74.59019,331.5,1.05,1.02,2026-05-26,1006,Aqua,MODIS,60,6.1NRT,315.68,8.11,D
22.41158,78.29995,332.33,1.15,1.07,2026-05-26,1006,Aqua,MODIS,68,6.1NRT,312.72,18.25,D
22.36056,78.38961,330.14,1.16,1.07,2026-05-26,1006,Aqua,MODIS,58,6.1NRT,312.28,15.17,D
22.3512,78.39085,347.68,1.16,1.07,2026-05-26,1006,Aqua,MODIS,90,6.1NRT,314.87,49.09,D
22.35266,78.40172,348.45,1.16,1.07,2026-05-26,1006,Aqua,MODIS,91,6.1NRT,313.28,50.64,D
22.14022,77.24678,337.29,1.04,1.02,2026-05-26,1006,Aqua,MODIS,77,6.1NRT,314.14,20.37,D
21.96338,77.23789,332.18,1.04,1.02,2026-05-26,1006,Aqua,MODIS,47,6.1NRT,314.23,9.72,D
22.06144,77.95518,331.84,1.1,1.05,2026-05-26,1006,Aqua,MODIS,59,6.1NRT,314.91,10.67,D
22.03432,78.16616,336.31,1.12,1.05,2026-05-26,1006,Aqua,MODIS,74,6.1NRT,311.79,24.74,D
22.02513,78.16765,331.45,1.12,1.05,2026-05-26,1006,Aqua,MODIS,59,6.1NRT,313.22,17.62,D
22.32855,80.64091,334.89,1.58,1.24,2026-05-26,1006,Aqua,MODIS,76,6.1NRT,308.66,43.12,D
22.33027,80.65536,326.19,1.58,1.24,2026-05-26,1006,Aqua,MODIS,38,6.1NRT,310.04,19.07,D
21.12024,72.71515,324.12,1.32,1.14,2026-05-26,1006,Aqua,MODIS,0,6.1NRT,307.71,11.9,D
21.90689,78.59122,331.99,1.17,1.08,2026-05-26,1006,Aqua,MODIS,64,6.1NRT,314.24,11.53,D
21.64653,77.15078,337.21,1.03,1.01,2026-05-26,1006,Aqua,MODIS,75,6.1NRT,313.54,18.59,D
21.64787,77.16039,333.84,1.03,1.01,2026-05-26,1006,Aqua,MODIS,67,6.1NRT,311.45,12.88,D
21.60041,77.15435,334.48,1.03,1.01,2026-05-26,1006,Aqua,MODIS,69,6.1NRT,313.41,14.38,D
21.68301,78.72781,333.89,1.18,1.08,2026-05-26,1006,Aqua,MODIS,72,6.1NRT,316.3,11.75,D
21.5958,78.61292,337.59,1.16,1.07,2026-05-26,1006,Aqua,MODIS,78,6.1NRT,317.02,14.79,D
21.39453,77.47262,336.04,1.04,1.02,2026-05-26,1006,Aqua,MODIS,75,6.1NRT,314.06,17.12,D
21.66526,81.53316,333.98,1.79,1.31,2026-05-26,1006,Aqua,MODIS,77,6.1NRT,314.47,24.81,D
20.26213,73.94298,328.58,1.16,1.07,2026-05-26,1006,Aqua,MODIS,54,6.1NRT,304.03,14.41,D
21.29506,82.08816,336.48,1.95,1.36,2026-05-26,1006,Aqua,MODIS,77,6.1NRT,309.28,53.01,D
21.22619,82.52222,327.61,2.09,1.41,2026-05-26,1006,Aqua,MODIS,45,6.1NRT,307.02,28.32,D
30.48295,77.28977,338.58,1.26,1.12,2026-05-26,1009,Aqua,MODIS,84,6.1NRT,315.15,35.21,D
24.91816,74.54174,344.42,1.01,1.01,2026-05-26,1009,Aqua,MODIS,87,6.1NRT,318.09,28.05,D
24.91669,74.53208,350.84,1.01,1.01,2026-05-26,1009,Aqua,MODIS,93,6.1NRT,318.84,41.01,D
24.80203,73.73346,340.69,1.06,1.03,2026-05-26,1009,Aqua,MODIS,83,6.1NRT,315.74,26.13,D
24.80045,73.72343,336.52,1.06,1.03,2026-05-26,1009,Aqua,MODIS,77,6.1NRT,316.15,18.91,D
24.83714,73.84035,334.26,1.05,1.02,2026-05-26,1009,Aqua,MODIS,72,6.1NRT,317.92,14.47,D
25.69483,78.44936,333.42,1.27,1.12,2026-05-26,1009,Aqua,MODIS,68,6.1NRT,317.77,15.47,D
25.68898,77.85974,353.28,1.18,1.08,2026-05-26,1009,Aqua,MODIS,72,6.1NRT,318.26,60.18,D
26.1974,79.64138,333.47,1.53,1.22,2026-05-26,1009,Aqua,MODIS,72,6.1NRT,316.88,21.44,D
26.13377,78.27561,333.65,1.26,1.12,2026-05-26,1009,Aqua,MODIS,67,6.1NRT,313.98,15.53,D
26.00742,77.20171,357.97,1.11,1.05,2026-05-26,1009,Aqua,MODIS,98,6.1NRT,320.25,66.26,D
26.00602,77.19102,350.87,1.11,1.05,2026-05-26,1009,Aqua,MODIS,93,6.1NRT,319.98,46.02,D
26.44903,80.22752,331.3,1.69,1.28,2026-05-26,1009,Aqua,MODIS,70,6.1NRT,315.48,24.71,D
28.83046,76.96673,328.97,1.16,1.07,2026-05-26,1009,Aqua,MODIS,59,6.1NRT,314.58,9.01,D
29.26325,79.61778,322.63,1.69,1.28,2026-05-26,1009,Aqua,MODIS,66,6.1NRT,307.11,21.16,D
29.79393,79.04954,322.58,1.58,1.24,2026-05-26,1009,Aqua,MODIS,53,6.1NRT,303.04,23.95,D
29.82677,79.22543,319.43,1.62,1.25,2026-05-26,1009,Aqua,MODIS,50,6.1NRT,304.72,12.66,D
29.98964,78.74117,318.41,1.51,1.21,2026-05-26,1009,Aqua,MODIS,47,6.1NRT,305.58,9.21,D
30.00744,78.36077,322.18,1.43,1.18,2026-05-26,1009,Aqua,MODIS,48,6.1NRT,309.26,9.19,D
30.10198,78.82355,326.4,1.54,1.22,2026-05-26,1009,Aqua,MODIS,73,6.1NRT,304.31,27.49,D
30.10045,78.80979,325.38,1.54,1.22,2026-05-26,1009,Aqua,MODIS,71,6.1NRT,306.84,25.1,D
30.10076,78.71664,323.85,1.51,1.21,2026-05-26,1009,Aqua,MODIS,60,6.1NRT,308.59,19.92,D
30.09916,78.70248,324.98,1.51,1.21,2026-05-26,1009,Aqua,MODIS,66,6.1NRT,308.13,21.17,D
30.14152,78.75216,334.12,1.53,1.22,2026-05-26,1009,Aqua,MODIS,82,6.1NRT,306.27,43.55,D
30.13976,78.73596,319.16,1.52,1.22,2026-05-26,1009,Aqua,MODIS,27,6.1NRT,305.69,9.57,D
30.1519,78.74842,330.25,1.53,1.22,2026-05-26,1009,Aqua,MODIS,78,6.1NRT,303.63,31.94,D
30.21822,78.7076,324.68,1.52,1.22,2026-05-26,1009,Aqua,MODIS,58,6.1NRT,308.97,13.26,D
30.21671,78.69371,329.47,1.51,1.21,2026-05-26,1009,Aqua,MODIS,77,6.1NRT,311.43,23.6,D
29.88648,75.79911,330.55,1.07,1.03,2026-05-26,1009,Aqua,MODIS,61,6.1NRT,316.27,8.64,D
30.37782,78.55508,328.16,1.49,1.21,2026-05-26,1009,Aqua,MODIS,75,6.1NRT,308.75,24.51,D
30.38523,78.56077,323.61,1.49,1.21,2026-05-26,1009,Aqua,MODIS,46,6.1NRT,307.91,15.44,D
30.4235,78.61621,318.87,1.51,1.21,2026-05-26,1009,Aqua,MODIS,28,6.1NRT,303.93,10.4,D
30.43214,78.5975,320.69,1.5,1.21,2026-05-26,1009,Aqua,MODIS,51,6.1NRT,301.98,14.52,D
30.33308,77.7366,330.3,1.33,1.14,2026-05-26,1009,Aqua,MODIS,75,6.1NRT,309.4,24.96,D
30.4168,77.9389,322.33,1.37,1.16,2026-05-26,1009,Aqua,MODIS,50,6.1NRT,309.84,11.12,D
30.41524,77.92524,334.67,1.37,1.16,2026-05-26,1009,Aqua,MODIS,82,6.1NRT,309.79,34.09,D
30.36572,77.49969,328.45,1.29,1.13,2026-05-26,1009,Aqua,MODIS,71,6.1NRT,315.53,15.54,D
30.48332,78.43545,327.94,1.47,1.2,2026-05-26,1009,Aqua,MODIS,75,6.1NRT,309.33,22.66,D
30.37552,77.4979,343.78,1.29,1.13,2026-05-26,1009,Aqua,MODIS,89,6.1NRT,316.13,48.64,D
30.51948,78.2887,318.89,1.44,1.19,2026-05-26,1009,Aqua,MODIS,28,6.1NRT,302.75,14.64,D
30.44089,77.54047,326.34,1.3,1.13,2026-05-26,1009,Aqua,MODIS,59,6.1NRT,312.56,14.95,D
30.42506,77.41117,326.37,1.28,1.12,2026-05-26,1009,Aqua,MODIS,66,6.1NRT,312.7,12.21,D
30.44372,77.54649,326.25,1.3,1.13,2026-05-26,1009,Aqua,MODIS,57,6.1NRT,312.86,13.19,D
30.55633,78.35565,329.83,1.46,1.19,2026-05-26,1009,Aqua,MODIS,69,6.1NRT,306.85,29.69,D
30.48009,77.51398,325,1.3,1.13,2026-05-26,1009,Aqua,MODIS,47,6.1NRT,312.34,10.22,D
30.49512,77.47186,329.83,1.29,1.13,2026-05-26,1009,Aqua,MODIS,66,6.1NRT,315.9,18.61,D
30.57985,77.76144,328.07,1.34,1.15,2026-05-26,1009,Aqua,MODIS,55,6.1NRT,314.62,18.11,D
30.54156,77.18551,327.86,1.25,1.11,2026-05-26,1009,Aqua,MODIS,69,6.1NRT,314.65,12.47,D
30.65346,77.68609,340.03,1.33,1.14,2026-05-26,1009,Aqua,MODIS,87,6.1NRT,312.52,43.46,D
30.58388,77.09539,330.3,1.24,1.1,2026-05-26,1009,Aqua,MODIS,75,6.1NRT,317.28,14.78,D
30.59349,77.09367,328.89,1.24,1.1,2026-05-26,1009,Aqua,MODIS,63,6.1NRT,316.2,12.56,D
30.48898,76.2524,331.05,1.13,1.06,2026-05-26,1009,Aqua,MODIS,72,6.1NRT,315.26,14.21,D
30.65816,77.46776,325.08,1.3,1.13,2026-05-26,1009,Aqua,MODIS,65,6.1NRT,309.79,14.59,D
30.81288,76.90542,328.97,1.22,1.1,2026-05-26,1009,Aqua,MODIS,74,6.1NRT,316.64,12.39,D
30.93815,77.85168,328.05,1.37,1.16,2026-05-26,1009,Aqua,MODIS,68,6.1NRT,314.88,19.45,D
30.85005,76.94255,326.56,1.22,1.1,2026-05-26,1009,Aqua,MODIS,63,6.1NRT,312.12,12.09,D
30.87724,77.08634,333.19,1.24,1.11,2026-05-26,1009,Aqua,MODIS,81,6.1NRT,305.71,33.4,D
31.01207,78.06252,325.29,1.42,1.18,2026-05-26,1009,Aqua,MODIS,23,6.1NRT,309.24,18.91,D
30.8828,76.97072,320.34,1.23,1.1,2026-05-26,1009,Aqua,MODIS,35,6.1NRT,306.42,9.74,D
30.88147,76.95985,341.23,1.23,1.1,2026-05-26,1009,Aqua,MODIS,88,6.1NRT,312.2,45.73,D
31.02228,78.06047,328.53,1.42,1.18,2026-05-26,1009,Aqua,MODIS,78,6.1NRT,308.88,25.63,D
30.87085,76.71724,335.61,1.19,1.09,2026-05-26,1009,Aqua,MODIS,82,6.1NRT,315.65,25.7,D
30.93607,76.96931,342.1,1.23,1.1,2026-05-26,1009,Aqua,MODIS,89,6.1NRT,306.95,49.34,D
30.93451,76.95634,322.69,1.23,1.1,2026-05-26,1009,Aqua,MODIS,54,6.1NRT,307.74,12.25,D
30.9457,76.96802,350.33,1.23,1.1,2026-05-26,1009,Aqua,MODIS,94,6.1NRT,310.39,69.7,D
30.94411,76.95486,332.76,1.23,1.1,2026-05-26,1009,Aqua,MODIS,80,6.1NRT,309.21,27.2,D
31.02392,77.04532,322.24,1.24,1.11,2026-05-26,1009,Aqua,MODIS,61,6.1NRT,309.31,10.18,D
31.02573,77.03946,322.13,1.24,1.11,2026-05-26,1009,Aqua,MODIS,62,6.1NRT,309.56,10.18,D
31.05765,77.22543,353.65,1.27,1.12,2026-05-26,1009,Aqua,MODIS,96,6.1NRT,309.13,88.61,D
31.05624,77.21352,325.98,1.27,1.12,2026-05-26,1009,Aqua,MODIS,72,6.1NRT,307.9,20.59,D
30.95652,76.09425,330.9,1.12,1.06,2026-05-26,1009,Aqua,MODIS,74,6.1NRT,318.14,12.09,D
30.95505,76.08291,332.76,1.12,1.05,2026-05-26,1009,Aqua,MODIS,77,6.1NRT,317.93,14.56,D
31.04232,76.54193,326.64,1.17,1.08,2026-05-26,1009,Aqua,MODIS,0,6.1NRT,313.92,11.19,D
31.13348,75.61096,331,1.08,1.04,2026-05-26,1009,Aqua,MODIS,73,6.1NRT,316.95,11.83,D
31.23892,75.99072,332.66,1.12,1.05,2026-05-26,1009,Aqua,MODIS,77,6.1NRT,317.6,13.95,D
31.45741,77.67464,326.12,1.36,1.16,2026-05-26,1009,Aqua,MODIS,71,6.1NRT,309.41,23.72,D
31.31228,76.48815,336.69,1.18,1.08,2026-05-26,1009,Aqua,MODIS,84,6.1NRT,317.79,26.09,D
31.48633,76.8803,322.62,1.24,1.1,2026-05-26,1009,Aqua,MODIS,66,6.1NRT,309.67,10.78,D
31.5244,76.95116,322.49,1.25,1.11,2026-05-26,1009,Aqua,MODIS,64,6.1NRT,308.52,10.83,D
31.53411,76.94987,322.62,1.25,1.11,2026-05-26,1009,Aqua,MODIS,67,6.1NRT,308.17,11.41,D
31.51359,76.43474,324.12,1.18,1.08,2026-05-26,1009,Aqua,MODIS,60,6.1NRT,312.78,10.22,D
31.50043,76.3283,332.28,1.16,1.07,2026-05-26,1009,Aqua,MODIS,79,6.1NRT,320.05,17.49,D
31.7416,76.17701,324.01,1.15,1.07,2026-05-26,1009,Aqua,MODIS,62,6.1NRT,312.77,10.53,D
31.84603,76.42001,325.29,1.18,1.08,2026-05-26,1009,Aqua,MODIS,69,6.1NRT,311.66,11.19,D
31.88745,76.40669,325.43,1.18,1.08,2026-05-26,1009,Aqua,MODIS,70,6.1NRT,310.84,10.63,D
31.88595,76.39445,328.86,1.18,1.08,2026-05-26,1009,Aqua,MODIS,75,6.1NRT,311.37,16.29,D
31.89982,76.42889,326.02,1.19,1.08,2026-05-26,1009,Aqua,MODIS,69,6.1NRT,310.45,13.43,D
32.03042,76.42371,319.45,1.19,1.09,2026-05-26,1009,Aqua,MODIS,49,6.1NRT,306.05,7.7,D
32.02674,75.67928,331.99,1.11,1.05,2026-05-26,1009,Aqua,MODIS,76,6.1NRT,318.35,13.47,D
32.17173,76.0105,331.35,1.14,1.07,2026-05-26,1009,Aqua,MODIS,77,6.1NRT,313.56,19,D
32.09318,75.06635,328.91,1.06,1.03,2026-05-26,1009,Aqua,MODIS,68,6.1NRT,316.92,9.81,D
32.31384,75.83,323.43,1.13,1.06,2026-05-26,1009,Aqua,MODIS,49,6.1NRT,311.59,5.83,D
32.31237,75.81853,326.84,1.13,1.06,2026-05-26,1009,Aqua,MODIS,64,6.1NRT,312.06,10.06,D
32.59179,75.99915,318.82,1.16,1.07,2026-05-26,1009,Aqua,MODIS,38,6.1NRT,305.15,9.63,D
32.7037,74.66397,329.32,1.04,1.02,2026-05-26,1009,Aqua,MODIS,49,6.1NRT,315.01,10.06,D
32.95421,74.88072,326.71,1.06,1.03,2026-05-26,1009,Aqua,MODIS,67,6.1NRT,314.91,9.65,D
32.92767,74.61301,323.78,1.04,1.02,2026-05-26,1009,Aqua,MODIS,61,6.1NRT,312,6.08,D
32.99429,75.04586,344.81,1.07,1.03,2026-05-26,1009,Aqua,MODIS,91,6.1NRT,310.53,44.69,D
32.96749,74.63834,323.4,1.04,1.02,2026-05-26,1009,Aqua,MODIS,64,6.1NRT,312.13,6.22,D
33.00886,74.67464,322.93,1.05,1.02,2026-05-26,1009,Aqua,MODIS,63,6.1NRT,312.24,6.3,D
18.42839,77.5856,312.71,1.04,1.02,2026-05-26,1524,Terra,MODIS,60,6.1NRT,297.32,6.08,N
16.35101,80.65241,311.85,1.05,1.03,2026-05-26,1524,Terra,MODIS,72,6.1NRT,298.57,5.6,N
16.38539,80.6318,317.8,1.05,1.02,2026-05-26,1524,Terra,MODIS,93,6.1NRT,298.79,10.32,N
16.62325,81.18211,309.54,1.11,1.05,2026-05-26,1524,Terra,MODIS,61,6.1NRT,296.07,4.46,N
17.36713,80.53689,310.98,1.06,1.03,2026-05-26,1524,Terra,MODIS,79,6.1NRT,294.68,4.18,N
17.67966,81.10496,312.49,1.12,1.06,2026-05-26,1524,Terra,MODIS,78,6.1NRT,296.12,6,N
21.54053,81.63585,309.94,1.33,1.14,2026-05-26,1526,Terra,MODIS,59,6.1NRT,298.57,7.64,N
21.40172,76.6251,312.94,1.06,1.03,2026-05-26,1526,Terra,MODIS,72,6.1NRT,302.45,6.02,N
21.40028,76.61523,315.42,1.06,1.03,2026-05-26,1526,Terra,MODIS,84,6.1NRT,302.29,8.26,N
21.84883,79.11302,311.6,1.03,1.01,2026-05-26,1526,Terra,MODIS,70,6.1NRT,300.29,6.58,N
21.8512,78.9257,311.99,1.02,1.01,2026-05-26,1526,Terra,MODIS,71,6.1NRT,301.04,6.15,N
21.73622,77.99212,310.6,1,1,2026-05-26,1526,Terra,MODIS,60,6.1NRT,299.76,5.86,N
22.05056,79.53147,311.46,1.06,1.03,2026-05-26,1526,Terra,MODIS,71,6.1NRT,299.2,7.42,N
22.10343,79.51333,333.77,1.06,1.03,2026-05-26,1526,Terra,MODIS,100,6.1NRT,299.36,33.48,N
21.10054,72.6355,317.07,1.81,1.32,2026-05-26,1526,Terra,MODIS,91,6.1NRT,299.54,26.84,N
21.97037,77.769,312.2,1,1,2026-05-26,1526,Terra,MODIS,69,6.1NRT,299.54,6.63,N
22.04403,77.63506,311,1,1,2026-05-26,1526,Terra,MODIS,59,6.1NRT,300.29,5.74,N
22.32147,79.56489,310.11,1.07,1.03,2026-05-26,1526,Terra,MODIS,61,6.1NRT,300,5.61,N
22.41227,79.6963,312.39,1.08,1.04,2026-05-26,1526,Terra,MODIS,74,6.1NRT,300.72,6.95,N
21.90973,75.88118,316.18,1.11,1.05,2026-05-26,1526,Terra,MODIS,85,6.1NRT,295.54,10.5,N
22.08202,76.85599,320.28,1.03,1.01,2026-05-26,1526,Terra,MODIS,100,6.1NRT,304.72,10.58,N
24.43975,77.40179,314.02,1,1,2026-05-26,1526,Terra,MODIS,76,6.1NRT,301.82,7.24,N
24.22626,75.91343,317.6,1.06,1.03,2026-05-26,1526,Terra,MODIS,91,6.1NRT,304.78,10.1,N
25.04912,77.00969,312.94,1,1,2026-05-26,1526,Terra,MODIS,68,6.1NRT,302.39,5.94,N
25.75231,78.25998,313.87,1.03,1.02,2026-05-26,1526,Terra,MODIS,79,6.1NRT,301.03,7.83,N
26.19897,79.64152,314.94,1.17,1.08,2026-05-26,1526,Terra,MODIS,87,6.1NRT,301.08,11.49,N
26.37847,78.99944,327.69,1.1,1.05,2026-05-26,1526,Terra,MODIS,100,6.1NRT,301.12,25.16,N
22.53769,80.03176,318.02,1.12,1.05,2026-05-26,1526,Terra,MODIS,94,6.1NRT,298.74,13.13,N
22.53635,80.02115,313.04,1.12,1.05,2026-05-26,1526,Terra,MODIS,77,6.1NRT,298.98,8.07,N
22.33396,76.93338,315.09,1.02,1.01,2026-05-26,1526,Terra,MODIS,80,6.1NRT,304.14,6.68,N
22.63979,78.68922,310.85,1.02,1.01,2026-05-26,1526,Terra,MODIS,58,6.1NRT,300.72,5.22,N
23.1335,77.29731,313.33,1,1,2026-05-26,1526,Terra,MODIS,73,6.1NRT,302.19,5.96,N
23.13216,77.28781,322.23,1,1,2026-05-26,1526,Terra,MODIS,100,6.1NRT,302.7,14.11,N
23.17894,77.0295,317.55,1.01,1.01,2026-05-26,1526,Terra,MODIS,91,6.1NRT,302.85,9.94,N
23.52445,78.82722,313.58,1.04,1.02,2026-05-26,1526,Terra,MODIS,77,6.1NRT,301.81,6.82,N
23.47916,78.21008,314.88,1.01,1,2026-05-26,1526,Terra,MODIS,81,6.1NRT,299.46,8.38,N
23.4447,77.158,318.58,1.01,1,2026-05-26,1526,Terra,MODIS,95,6.1NRT,304.18,10.26,N
23.60903,78.20634,315.93,1.01,1,2026-05-26,1526,Terra,MODIS,86,6.1NRT,301.35,8.75,N
23.76748,79.07217,310.55,1.06,1.03,2026-05-26,1526,Terra,MODIS,55,6.1NRT,300.38,4.84,N
23.55904,76.2151,317.37,1.05,1.02,2026-05-26,1526,Terra,MODIS,90,6.1NRT,304.52,9.64,N
23.47608,75.65761,314.02,1.1,1.04,2026-05-26,1526,Terra,MODIS,75,6.1NRT,303.37,7.79,N
23.93092,78.55195,312.37,1.03,1.01,2026-05-26,1526,Terra,MODIS,71,6.1NRT,300.54,6.8,N
24.04282,78.35891,312.27,1.02,1.01,2026-05-26,1526,Terra,MODIS,70,6.1NRT,300.68,6.37,N
24.1047,77.64841,315.34,1,1,2026-05-26,1526,Terra,MODIS,83,6.1NRT,301.27,8.46,N
24.07102,77.14612,314,1,1,2026-05-26,1526,Terra,MODIS,76,6.1NRT,303.88,6.93,N
24.07236,77.15567,313.94,1,1,2026-05-26,1526,Terra,MODIS,76,6.1NRT,303.19,6.91,N
19.47571,74.13374,309.15,1.52,1.22,2026-05-26,1526,Terra,MODIS,65,6.1NRT,297.47,9.21,N
20.96593,85.17011,315.6,2.33,1.48,2026-05-26,1526,Terra,MODIS,90,6.1NRT,299.98,29.9,N
20.95907,80.20749,312.83,1.1,1.05,2026-05-26,1526,Terra,MODIS,79,6.1NRT,302.44,6.07,N
20.95777,80.19723,313.15,1.1,1.05,2026-05-26,1526,Terra,MODIS,80,6.1NRT,301.87,6.14,N
20.85713,77.91791,319.25,1,1,2026-05-26,1526,Terra,MODIS,97,6.1NRT,300.98,10.77,N
31.05725,77.21793,311.35,1.05,1.02,2026-05-26,1529,Terra,MODIS,82,6.1NRT,291.72,11.38,N
30.31894,79.24544,302.12,1.24,1.11,2026-05-26,1529,Terra,MODIS,29,6.1NRT,291,4.69,N
30.22793,78.70895,310.17,1.16,1.07,2026-05-26,1529,Terra,MODIS,79,6.1NRT,296.74,8.53,N
30.29866,79.32854,303.07,1.25,1.11,2026-05-26,1529,Terra,MODIS,53,6.1NRT,292.14,6.24,N
30.21839,78.7095,307.15,1.16,1.07,2026-05-26,1529,Terra,MODIS,70,6.1NRT,296.78,6.32,N
30.24829,79.14218,302.53,1.22,1.1,2026-05-26,1529,Terra,MODIS,38,6.1NRT,292.42,5.08,N
30.2539,79.48069,302.47,1.27,1.12,2026-05-26,1529,Terra,MODIS,49,6.1NRT,289.87,8.34,N
30.14879,78.73532,307.71,1.17,1.07,2026-05-26,1529,Terra,MODIS,54,6.1NRT,293,8.07,N
30.15019,78.74722,306.6,1.17,1.08,2026-05-26,1529,Terra,MODIS,45,6.1NRT,293.42,7.02,N
30.14223,78.76129,313.41,1.17,1.08,2026-05-26,1529,Terra,MODIS,60,6.1NRT,293.32,12.89,N
30.19223,79.37399,303.42,1.25,1.11,2026-05-26,1529,Terra,MODIS,43,6.1NRT,291.44,6.87,N
30.16717,79.23685,312.66,1.23,1.1,2026-05-26,1529,Terra,MODIS,85,6.1NRT,291.88,14.27,N
30.16361,79.23177,305.4,1.23,1.1,2026-05-26,1529,Terra,MODIS,64,6.1NRT,292.54,8.18,N
30.16482,79.24242,302.18,1.23,1.1,2026-05-26,1529,Terra,MODIS,44,6.1NRT,290.15,5.89,N
30.09293,78.71416,314.58,1.16,1.07,2026-05-26,1529,Terra,MODIS,89,6.1NRT,294.02,14.46,N
30.09706,78.74891,303.51,1.17,1.07,2026-05-26,1529,Terra,MODIS,55,6.1NRT,292.68,5.74,N
30.15457,79.41176,301.81,1.26,1.11,2026-05-26,1529,Terra,MODIS,9,6.1NRT,291.63,5.4,N
30.14211,79.38937,303.6,1.25,1.11,2026-05-26,1529,Terra,MODIS,25,6.1NRT,293.39,5.49,N
30.08538,79.61146,309.64,1.29,1.13,2026-05-26,1529,Terra,MODIS,78,6.1NRT,290.83,13.75,N
30.08668,79.62318,304.74,1.29,1.13,2026-05-26,1529,Terra,MODIS,61,6.1NRT,290.15,9.5,N
29.94331,78.79352,313.28,1.17,1.08,2026-05-26,1529,Terra,MODIS,87,6.1NRT,294.99,13.41,N
29.95079,79.40578,303.85,1.25,1.11,2026-05-26,1529,Terra,MODIS,57,6.1NRT,292.55,6.56,N
29.95211,79.41756,303.61,1.25,1.11,2026-05-26,1529,Terra,MODIS,44,6.1NRT,292.55,6,N
29.95467,79.44038,307.82,1.26,1.11,2026-05-26,1529,Terra,MODIS,73,6.1NRT,291.14,10.37,N
29.98341,79.69858,322.18,1.3,1.13,2026-05-26,1529,Terra,MODIS,100,6.1NRT,290.57,30.01,N
29.9847,79.71037,307.1,1.3,1.13,2026-05-26,1529,Terra,MODIS,70,6.1NRT,289.57,11.85,N
29.9268,79.36845,305.82,1.24,1.11,2026-05-26,1529,Terra,MODIS,66,6.1NRT,293.14,7.53,N
29.82443,78.64174,321.63,1.15,1.07,2026-05-26,1529,Terra,MODIS,100,6.1NRT,300.43,19.16,N
29.82573,78.65286,332.66,1.15,1.07,2026-05-26,1529,Terra,MODIS,100,6.1NRT,300.87,35.44,N
29.82705,78.66416,335.26,1.15,1.07,2026-05-26,1529,Terra,MODIS,100,6.1NRT,299.61,40.66,N
29.82059,78.66045,317.62,1.15,1.07,2026-05-26,1529,Terra,MODIS,95,6.1NRT,300.23,14.84,N
29.7901,79.05626,305.84,1.2,1.09,2026-05-26,1529,Terra,MODIS,50,6.1NRT,291.84,7.29,N
29.85295,79.61933,305.65,1.28,1.12,2026-05-26,1529,Terra,MODIS,65,6.1NRT,291.26,9.89,N
29.69605,79.3238,305.72,1.23,1.1,2026-05-26,1529,Terra,MODIS,65,6.1NRT,295.56,6.89,N
29.53115,79.39832,305.15,1.24,1.1,2026-05-26,1529,Terra,MODIS,63,6.1NRT,295.14,6.64,N
29.37925,79.56467,303.76,1.26,1.11,2026-05-26,1529,Terra,MODIS,57,6.1NRT,293.24,6.68,N
29.37773,79.5716,305.31,1.26,1.11,2026-05-26,1529,Terra,MODIS,64,6.1NRT,293.7,7.53,N
30.99374,77.08372,305.24,1.04,1.02,2026-05-26,1529,Terra,MODIS,63,6.1NRT,294.33,5.74,N
30.94202,76.96434,309.99,1.03,1.01,2026-05-26,1529,Terra,MODIS,79,6.1NRT,296.57,7.75,N
31.04075,77.82587,314.35,1.09,1.04,2026-05-26,1529,Terra,MODIS,89,6.1NRT,294.32,13.67,N
31.042,77.83617,306.26,1.09,1.04,2026-05-26,1529,Terra,MODIS,60,6.1NRT,293.64,6.97,N
30.91236,76.87498,329.29,1.02,1.01,2026-05-26,1529,Terra,MODIS,100,6.1NRT,302.74,24.73,N
30.91368,76.88517,326.04,1.03,1.01,2026-05-26,1529,Terra,MODIS,100,6.1NRT,302.4,20.66,N
30.86519,76.94222,310,1.03,1.01,2026-05-26,1529,Terra,MODIS,79,6.1NRT,299.77,5.87,N
30.85633,76.94389,312.95,1.03,1.01,2026-05-26,1529,Terra,MODIS,86,6.1NRT,300.52,7.69,N
30.87503,77.08914,314.55,1.04,1.02,2026-05-26,1529,Terra,MODIS,89,6.1NRT,294.97,12.38,N
30.8662,77.09116,312.96,1.04,1.02,2026-05-26,1529,Terra,MODIS,86,6.1NRT,295.8,11.13,N
30.93323,77.85102,309.4,1.09,1.04,2026-05-26,1529,Terra,MODIS,72,6.1NRT,295.78,8.89,N
30.93449,77.86144,315.2,1.09,1.04,2026-05-26,1529,Terra,MODIS,91,6.1NRT,295.29,13.89,N
30.80124,77.30311,309.69,1.05,1.02,2026-05-26,1529,Terra,MODIS,78,6.1NRT,296.43,8.31,N
30.75402,77.29627,311.24,1.05,1.02,2026-05-26,1529,Terra,MODIS,82,6.1NRT,297.85,8.96,N
30.80029,77.66123,311.3,1.07,1.03,2026-05-26,1529,Terra,MODIS,82,6.1NRT,295.97,9.85,N
30.84608,78.18459,309.2,1.12,1.06,2026-05-26,1529,Terra,MODIS,77,6.1NRT,291.68,10.48,N
30.83691,78.18667,302.1,1.12,1.06,2026-05-26,1529,Terra,MODIS,27,6.1NRT,292.04,4.87,N
30.66445,77.45869,328.75,1.05,1.03,2026-05-26,1529,Terra,MODIS,100,6.1NRT,298.57,26.88,N
30.66568,77.4686,338.52,1.06,1.03,2026-05-26,1529,Terra,MODIS,100,6.1NRT,297.95,41.89,N
30.65675,77.4705,307.54,1.06,1.03,2026-05-26,1529,Terra,MODIS,70,6.1NRT,296.23,6.02,N
30.48715,77.29102,313.39,1.04,1.02,2026-05-26,1529,Terra,MODIS,65,6.1NRT,302.83,8.19,N
30.4885,77.30168,315.84,1.04,1.02,2026-05-26,1529,Terra,MODIS,76,6.1NRT,302.7,10.21,N
30.55365,78.35763,307.31,1.13,1.06,2026-05-26,1529,Terra,MODIS,71,6.1NRT,295.73,7.56,N
30.53607,78.28915,303.74,1.12,1.06,2026-05-26,1529,Terra,MODIS,52,6.1NRT,293.23,5.62,N
30.52542,78.41396,311.01,1.14,1.06,2026-05-26,1529,Terra,MODIS,81,6.1NRT,293.58,11.24,N
30.36258,77.61826,311.83,1.06,1.03,2026-05-26,1529,Terra,MODIS,83,6.1NRT,301.81,6.86,N
30.47279,78.61349,307.1,1.16,1.07,2026-05-26,1529,Terra,MODIS,70,6.1NRT,294.4,8.46,N
30.44292,78.49107,306.19,1.14,1.07,2026-05-26,1529,Terra,MODIS,67,6.1NRT,292.79,7.56,N
30.33181,77.73865,319.26,1.07,1.03,2026-05-26,1529,Terra,MODIS,98,6.1NRT,302.23,13.17,N
30.32547,78.22045,307.6,1.11,1.05,2026-05-26,1529,Terra,MODIS,48,6.1NRT,294.93,6.61,N
30.31466,78.42527,305.62,1.13,1.06,2026-05-26,1529,Terra,MODIS,60,6.1NRT,294.38,6.58,N
30.36268,79.25934,310.93,1.24,1.11,2026-05-26,1529,Terra,MODIS,81,6.1NRT,291.47,12.99,N
30.36411,79.27229,312.32,1.24,1.11,2026-05-26,1529,Terra,MODIS,85,6.1NRT,291.78,14.62,N
30.36567,79.28634,303.95,1.25,1.11,2026-05-26,1529,Terra,MODIS,58,6.1NRT,292.03,6.69,N
30.32724,79.2317,303.9,1.24,1.11,2026-05-26,1529,Terra,MODIS,19,6.1NRT,291.39,6.13,N
30.31758,79.23344,307.72,1.24,1.11,2026-05-26,1529,Terra,MODIS,72,6.1NRT,292.05,9.37,N
33.31405,74.15189,313.65,1.02,1.01,2026-05-26,1529,Terra,MODIS,88,6.1NRT,295.9,10.45,N
33.3053,74.15407,307.07,1.02,1.01,2026-05-26,1529,Terra,MODIS,70,6.1NRT,294.69,5.63,N
33.12492,74.8899,316.5,1,1,2026-05-26,1529,Terra,MODIS,93,6.1NRT,295.44,12.5,N
32.93209,75.23468,306.28,1,1,2026-05-26,1529,Terra,MODIS,67,6.1NRT,295.21,5.35,N
32.93353,75.24504,320.4,1,1,2026-05-26,1529,Terra,MODIS,100,6.1NRT,296.08,16.76,N
32.60186,76.00066,307.41,1.01,1,2026-05-26,1529,Terra,MODIS,71,6.1NRT,294.33,6.49,N
32.425,75.83797,308.15,1,1,2026-05-26,1529,Terra,MODIS,74,6.1NRT,297.72,6.05,N
31.86356,76.40099,322.91,1.02,1.01,2026-05-26,1529,Terra,MODIS,100,6.1NRT,298.35,18.79,N
31.86493,76.41151,315.18,1.02,1.01,2026-05-26,1529,Terra,MODIS,91,6.1NRT,297.3,11.48,N
31.79663,76.03174,312.77,1,1,2026-05-26,1529,Terra,MODIS,86,6.1NRT,298.13,9.58,N
31.31435,76.49617,313.22,1.01,1.01,2026-05-26,1529,Terra,MODIS,87,6.1NRT,301.43,8.69,N
31.23893,77.05582,307.88,1.04,1.02,2026-05-26,1529,Terra,MODIS,73,6.1NRT,295.61,6.48,N
31.23004,77.0575,309.23,1.04,1.02,2026-05-26,1529,Terra,MODIS,77,6.1NRT,295.43,7.58,N
31.25329,77.31393,305.04,1.05,1.03,2026-05-26,1529,Terra,MODIS,51,6.1NRT,293.7,5.45,N
31.09126,76.9051,331.51,1.03,1.01,2026-05-26,1529,Terra,MODIS,100,6.1NRT,297.57,30.28,N
31.09262,76.91573,316.1,1.03,1.01,2026-05-26,1529,Terra,MODIS,93,6.1NRT,296.48,13.04,N
29.37797,79.57867,316.76,1.5,1.21,2026-05-27,0332,Terra,MODIS,51,6.1NRT,300.25,15.51,D
29.80251,79.57634,314.88,1.53,1.22,2026-05-27,0332,Terra,MODIS,62,6.1NRT,300.26,12.45,D
29.81306,79.57936,312.42,1.53,1.22,2026-05-27,0332,Terra,MODIS,43,6.1NRT,299.78,8.42,D
30.10128,78.76089,315.85,1.74,1.29,2026-05-27,0332,Terra,MODIS,42,6.1NRT,301.33,13.17,D
30.1691,79.42331,312.98,1.58,1.24,2026-05-27,0332,Terra,MODIS,42,6.1NRT,296.48,13.7,D
30.36884,79.26326,326.9,1.62,1.25,2026-05-27,0332,Terra,MODIS,79,6.1NRT,298.89,37.24,D
30.37023,79.26833,326.66,1.62,1.25,2026-05-27,0332,Terra,MODIS,79,6.1NRT,299.55,36.96,D
30.37161,79.25436,313.39,1.63,1.26,2026-05-27,0332,Terra,MODIS,24,6.1NRT,296.92,11.64,D
30.4944,78.466,321.77,1.85,1.33,2026-05-27,0332,Terra,MODIS,70,6.1NRT,302.54,26.58,D
30.49606,78.44856,316.81,1.85,1.33,2026-05-27,0332,Terra,MODIS,53,6.1NRT,300.21,15.31,D
30.71159,78.34727,315.98,1.89,1.34,2026-05-27,0332,Terra,MODIS,55,6.1NRT,303.41,15.89,D
30.93731,77.88005,314.2,2.05,1.39,2026-05-27,0332,Terra,MODIS,22,6.1NRT,301.19,12.85,D
25.56384,85.17892,317.24,1.08,1.04,2026-05-27,0332,Terra,MODIS,59,6.1NRT,298.38,6.7,D
26.45145,79.66014,324.34,1.36,1.16,2026-05-27,0332,Terra,MODIS,47,6.1NRT,309.52,11.04,D
26.55356,84.51095,313.72,1.02,1.01,2026-05-27,0332,Terra,MODIS,55,6.1NRT,299.06,5.17,D
20.99051,81.92352,331.19,1,1,2026-05-27,0334,Terra,MODIS,76,6.1NRT,307.5,14.83,D
20.95094,82.01304,340.33,1,1,2026-05-27,0334,Terra,MODIS,87,6.1NRT,308.23,27.11,D
20.93191,82.00362,326.93,1,1,2026-05-27,0334,Terra,MODIS,69,6.1NRT,308.11,9.11,D
20.939,81.8899,333.22,1,1,2026-05-27,0334,Terra,MODIS,79,6.1NRT,307.76,17.65,D
20.91921,81.83892,328.79,1,1,2026-05-27,0334,Terra,MODIS,73,6.1NRT,307.23,13.8,D
21.97848,81.85672,327.37,1.01,1,2026-05-27,0334,Terra,MODIS,66,6.1NRT,309.25,8.39,D
21.74474,83.84203,324.98,1.05,1.02,2026-05-27,0334,Terra,MODIS,73,6.1NRT,303.08,9.92,D
21.78312,83.83479,323.31,1.05,1.02,2026-05-27,0334,Terra,MODIS,72,6.1NRT,303.48,8.66,D
21.93718,82.98478,324.49,1.01,1,2026-05-27,0334,Terra,MODIS,69,6.1NRT,305.26,7.81,D
21.99883,83.01054,323.9,1.01,1,2026-05-27,0334,Terra,MODIS,69,6.1NRT,305.62,7.44,D
22.75689,76.89272,327.83,1.87,1.34,2026-05-27,0334,Terra,MODIS,73,6.1NRT,310.77,19.69,D
22.03884,83.73016,320.64,1.04,1.02,2026-05-27,0334,Terra,MODIS,55,6.1NRT,299.43,6.39,D
23.41343,78.82151,328.97,1.4,1.17,2026-05-27,0334,Terra,MODIS,68,6.1NRT,308.32,18.86,D
23.16417,82.3396,324.75,1,1,2026-05-27,0334,Terra,MODIS,55,6.1NRT,308.88,8.56,D
24.0226,78.29475,328.08,1.55,1.23,2026-05-27,0334,Terra,MODIS,59,6.1NRT,312.22,14.53,D
24.16187,79.29847,327.73,1.34,1.15,2026-05-27,0334,Terra,MODIS,60,6.1NRT,310.77,13.62,D
20.80917,82.54755,323.73,1,1,2026-05-27,0334,Terra,MODIS,64,6.1NRT,305.55,8.08,D
20.87437,81.96596,326.39,1,1,2026-05-27,0334,Terra,MODIS,68,6.1NRT,306.76,8.58,D
20.95668,81.03181,332.79,1.04,1.02,2026-05-27,0334,Terra,MODIS,78,6.1NRT,307.73,17.52,D
20.81168,81.88316,333.56,1,1,2026-05-27,0334,Terra,MODIS,80,6.1NRT,307.71,19.27,D
20.83067,81.21317,335.82,1.03,1.01,2026-05-27,0334,Terra,MODIS,82,6.1NRT,307.51,21.64,D
20.79639,81.19823,326.94,1.03,1.01,2026-05-27,0334,Terra,MODIS,69,6.1NRT,305.87,9.04,D
24.99805,75.18481,326.2,2.69,1.57,2026-05-27,0334,Terra,MODIS,50,6.1NRT,306.73,33,D
24.50871,80.62113,330.19,1.15,1.07,2026-05-27,0334,Terra,MODIS,71,6.1NRT,312.41,10.9,D
25.26193,77.50716,326.25,1.83,1.32,2026-05-27,0334,Terra,MODIS,59,6.1NRT,307.54,17.33,D
25.25805,77.51281,326.32,1.83,1.32,2026-05-27,0334,Terra,MODIS,60,6.1NRT,307.46,18.38,D
21.58887,81.33533,335.5,1.03,1.01,2026-05-27,0334,Terra,MODIS,81,6.1NRT,310.11,18.25,D
21.48514,81.6845,325.1,1.01,1.01,2026-05-27,0334,Terra,MODIS,62,6.1NRT,308.41,6.78,D
20.96394,85.17222,315.33,1.22,1.1,2026-05-27,0334,Terra,MODIS,27,6.1NRT,293.93,6.68,D
21.4185,82.9882,325.24,1.01,1,2026-05-27,0334,Terra,MODIS,70,6.1NRT,306.57,9.16,D
20.96213,85.18353,314.88,1.22,1.1,2026-05-27,0334,Terra,MODIS,32,6.1NRT,293.75,6.57,D
21.25366,83.0516,327.92,1.01,1.01,2026-05-27,0334,Terra,MODIS,75,6.1NRT,308.42,9.42,D
21.25225,83.06107,327.36,1.01,1.01,2026-05-27,0334,Terra,MODIS,74,6.1NRT,308.19,9.04,D
21.24637,82.71639,319.91,1,1,2026-05-27,0334,Terra,MODIS,44,6.1NRT,301.59,4.49,D
21.19127,82.06313,324.51,1,1,2026-05-27,0334,Terra,MODIS,62,6.1NRT,306.98,7.92,D
21.17366,81.46601,324.86,1.02,1.01,2026-05-27,0334,Terra,MODIS,58,6.1NRT,306.65,7.34,D
21.06845,82.15224,329.62,1,1,2026-05-27,0334,Terra,MODIS,74,6.1NRT,306.58,14.5,D
18.24417,79.55087,313,1.12,1.05,2026-05-27,0334,Terra,MODIS,67,6.1NRT,281.24,6.24,D
18.23058,79.79729,309.23,1.09,1.04,2026-05-27,0334,Terra,MODIS,47,6.1NRT,276.59,4.01,D
18.23191,79.78724,309.41,1.09,1.04,2026-05-27,0334,Terra,MODIS,39,6.1NRT,276.8,4.09,D
18.34559,79.55065,310.6,1.12,1.05,2026-05-27,0334,Terra,MODIS,28,6.1NRT,275.77,5.03,D
19.36848,81.90122,314.15,1,1,2026-05-27,0334,Terra,MODIS,62,6.1NRT,286.88,7.12,D
19.39874,81.95915,310.04,1,1,2026-05-27,0334,Terra,MODIS,56,6.1NRT,280.76,5.08,D
20.77915,75.8549,323.79,2.1,1.41,2026-05-27,0334,Terra,MODIS,62,6.1NRT,304.21,22.2,D
20.43136,80.00026,322.23,1.12,1.05,2026-05-27,0334,Terra,MODIS,54,6.1NRT,303.17,7.2,D
20.26478,81.57953,322.34,1.01,1,2026-05-27,0334,Terra,MODIS,65,6.1NRT,305.2,6.3,D
20.75632,80.03986,322.65,1.12,1.06,2026-05-27,0334,Terra,MODIS,54,6.1NRT,304.9,8.32,D
20.79758,80.01365,321.84,1.13,1.06,2026-05-27,0334,Terra,MODIS,40,6.1NRT,305,6.6,D
20.83142,79.89974,323.29,1.14,1.06,2026-05-27,0334,Terra,MODIS,45,6.1NRT,305.69,8.87,D
20.62961,82.11899,320.89,1,1,2026-05-27,0334,Terra,MODIS,56,6.1NRT,303.94,6.96,D
20.78488,81.21606,323.89,1.03,1.01,2026-05-27,0334,Terra,MODIS,52,6.1NRT,304.81,7.2,D
20.78619,81.20647,355.83,1.03,1.01,2026-05-27,0334,Terra,MODIS,97,6.1NRT,306.67,62.9,D
20.78749,81.19689,347.5,1.03,1.01,2026-05-27,0334,Terra,MODIS,92,6.1NRT,306.44,43.02,D
20.7888,81.1873,336.33,1.03,1.01,2026-05-27,0334,Terra,MODIS,83,6.1NRT,307.36,23.05,D
20.79378,81.2174,357.55,1.03,1.01,2026-05-27,0334,Terra,MODIS,98,6.1NRT,306.17,67.06,D
20.79508,81.20782,365.2,1.03,1.01,2026-05-27,0334,Terra,MODIS,100,6.1NRT,308.14,88.4,D
25.01334,75.24596,325.87,2.66,1.57,2026-05-27,0334,Terra,MODIS,35,6.1NRT,306.51,31.86,D
9.1744,77.44157,316.69,1.15,1.07,2026-05-27,0336,Terra,MODIS,21,6.1NRT,299.7,6.83,D
21.73527,82.76147,334.76,2.97,1.64,2026-05-27,0907,Aqua,MODIS,70,6.1NRT,307.38,85.65,D
21.74036,82.73872,328.31,2.99,1.64,2026-05-27,0907,Aqua,MODIS,54,6.1NRT,307.36,42.29,D
20.86289,81.78812,325.97,3.68,1.8,2026-05-27,0907,Aqua,MODIS,56,6.1NRT,299.93,51.73,D
20.8681,81.79137,330.19,3.68,1.8,2026-05-27,0907,Aqua,MODIS,77,6.1NRT,299.95,83.56,D
29.9082,78.95985,316.59,3.55,1.77,2026-05-27,0909,Aqua,MODIS,71,6.1NRT,296.82,53.61,D
30.95494,77.82934,321.06,3.97,1.85,2026-05-27,0909,Aqua,MODIS,57,6.1NRT,305.1,93.4,D
30.96227,77.85966,318.93,3.95,1.85,2026-05-27,0909,Aqua,MODIS,50,6.1NRT,303.97,74.2,D
30.93169,77.87228,319.87,3.95,1.85,2026-05-27,0909,Aqua,MODIS,34,6.1NRT,306.13,69.77,D
30.74154,77.296,316.5,4.38,1.93,2026-05-27,0909,Aqua,MODIS,72,6.1NRT,303.28,59.76,D
30.44522,78.5915,311.8,3.64,1.79,2026-05-27,0909,Aqua,MODIS,45,6.1NRT,298.79,34.46,D
30.43374,78.59529,312.81,3.64,1.79,2026-05-27,0909,Aqua,MODIS,58,6.1NRT,299.48,37.89,D
30.34778,79.24818,317.39,3.3,1.72,2026-05-27,0909,Aqua,MODIS,31,6.1NRT,300.87,42.54,D
29.90485,78.95258,309.29,3.55,1.77,2026-05-27,0909,Aqua,MODIS,13,6.1NRT,296.64,22.12,D
23.18413,69.64101,329.32,1.3,1.13,2026-05-27,1045,Aqua,MODIS,63,6.1NRT,311.82,15.63,D
21.94911,71.79607,333.65,1.74,1.29,2026-05-27,1045,Aqua,MODIS,66,6.1NRT,315.61,15.9,D
21.94943,71.80315,334.44,1.74,1.29,2026-05-27,1045,Aqua,MODIS,73,6.1NRT,315.77,20.25,D
21.09601,72.63944,324.22,1.95,1.36,2026-05-27,1045,Aqua,MODIS,0,6.1NRT,305.9,24.64,D
21.10763,72.63942,323.82,1.48,1.2,2026-05-27,1605,Terra,MODIS,100,6.1NRT,298.71,32.58,N
33.1605,74.05194,320.68,2.69,1.57,2026-05-27,1609,Terra,MODIS,100,6.1NRT,299.45,66.35,N
32.13865,76.49387,304.27,1.11,1.05,2026-05-27,2248,Aqua,MODIS,59,6.1NRT,294.19,6.8,N
31.42382,77.39811,303.37,1.25,1.11,2026-05-27,2248,Aqua,MODIS,54,6.1NRT,291.52,7.88,N
33.02702,75.13705,304.44,1.01,1,2026-05-27,2248,Aqua,MODIS,32,6.1NRT,291.39,6.16,N
30.90337,76.95429,310.93,1.21,1.09,2026-05-27,2248,Aqua,MODIS,81,6.1NRT,295.2,11.71,N
21.57312,77.16549,312.41,1.85,1.33,2026-05-27,2252,Aqua,MODIS,80,6.1NRT,297.08,21.44,N
21.57622,77.14877,319.19,1.84,1.33,2026-05-27,2252,Aqua,MODIS,98,6.1NRT,297.39,35.19,N
18.68552,73.04452,307.77,1.13,1.06,2026-05-27,2254,Aqua,MODIS,72,6.1NRT,296.19,6.45,N
30.24207,76.40394,324.36,1.07,1.03,2026-05-28,0410,Terra,MODIS,70,6.1NRT,306.12,10.34,D
30.73372,78.42973,315.89,1.29,1.13,2026-05-28,0410,Terra,MODIS,76,6.1NRT,298.6,12.6,D
31.02475,75.82546,325.97,1.02,1.01,2026-05-28,0410,Terra,MODIS,72,6.1NRT,308.01,9.33,D
30.96427,75.42667,329.62,1.01,1,2026-05-28,0410,Terra,MODIS,66,6.1NRT,309.39,14.72,D
31.02299,77.82252,316.69,1.19,1.08,2026-05-28,0410,Terra,MODIS,72,6.1NRT,299.57,13.83,D
30.41035,78.62491,320.85,1.33,1.14,2026-05-28,0410,Terra,MODIS,80,6.1NRT,298.78,18.55,D
30.40932,78.63155,318.71,1.34,1.15,2026-05-28,0410,Terra,MODIS,72,6.1NRT,298.58,16.12,D
30.26277,79.41576,310.82,1.5,1.21,2026-05-28,0410,Terra,MODIS,28,6.1NRT,295.84,10.28,D
30.25237,79.41288,317.28,1.5,1.21,2026-05-28,0410,Terra,MODIS,74,6.1NRT,294.51,21.65,D
30.34187,75.50356,323.44,1.01,1.01,2026-05-28,0410,Terra,MODIS,57,6.1NRT,307.28,7.89,D
30.87175,74.91526,326.6,1,1,2026-05-28,0410,Terra,MODIS,69,6.1NRT,312,7.74,D
30.9659,77.84255,317.34,1.19,1.09,2026-05-28,0410,Terra,MODIS,73,6.1NRT,301.35,12.04,D
30.39327,74.38321,333.98,1,1,2026-05-28,0410,Terra,MODIS,79,6.1NRT,314.41,13.9,D
31.02788,78.08741,308.92,1.22,1.1,2026-05-28,0410,Terra,MODIS,48,6.1NRT,296.92,6.76,D
31.44732,75.72806,326.84,1.01,1.01,2026-05-28,0410,Terra,MODIS,74,6.1NRT,307.67,12.41,D
29.04663,75.75259,328.22,1.04,1.02,2026-05-28,0412,Terra,MODIS,63,6.1NRT,313.11,7.93,D
26.56039,75.54515,329.91,1.07,1.03,2026-05-28,0412,Terra,MODIS,69,6.1NRT,312.71,11.8,D
23.70363,70.95781,328.96,1.11,1.05,2026-05-28,0412,Terra,MODIS,73,6.1NRT,308.56,12.53,D
24.63918,76.3326,331.24,1.22,1.1,2026-05-28,0412,Terra,MODIS,72,6.1NRT,311.4,17.77,D
24.68457,77.41756,327.55,1.41,1.18,2026-05-28,0412,Terra,MODIS,59,6.1NRT,311.07,13.24,D
25.63697,76.40397,329.86,1.2,1.09,2026-05-28,0412,Terra,MODIS,68,6.1NRT,313.87,10.76,D
25.63883,76.39246,331.33,1.2,1.09,2026-05-28,0412,Terra,MODIS,72,6.1NRT,313.65,13.19,D
21.29613,74.70532,323.68,1.12,1.06,2026-05-28,0414,Terra,MODIS,62,6.1NRT,307.02,7.12,D
21.86135,73.10266,320.59,1.01,1,2026-05-28,0414,Terra,MODIS,49,6.1NRT,302.15,7.87,D
22.04793,73.39837,321.92,1.01,1.01,2026-05-28,0414,Terra,MODIS,53,6.1NRT,303.98,7.94,D
21.27782,72.01788,325.4,1.01,1,2026-05-28,0414,Terra,MODIS,67,6.1NRT,303.76,10.95,D
20.13369,79.20469,322.15,2.32,1.47,2026-05-28,0414,Terra,MODIS,60,6.1NRT,296.71,27.95,D
18.61252,74.46429,331.55,1.17,1.08,2026-05-28,0414,Terra,MODIS,80,6.1NRT,304.07,25.39,D
17.8855,73.24062,316.31,1.06,1.03,2026-05-28,0414,Terra,MODIS,29,6.1NRT,299.24,5.79,D
17.88404,73.25034,325.72,1.06,1.03,2026-05-28,0414,Terra,MODIS,73,6.1NRT,298.72,16.35,D
18.0305,79.96606,324.47,2.94,1.63,2026-05-28,0414,Terra,MODIS,73,6.1NRT,300.61,45.37,D
18.32727,79.85616,320.72,2.84,1.61,2026-05-28,0414,Terra,MODIS,50,6.1NRT,300.13,26.45,D
18.33131,79.86372,321.51,2.84,1.61,2026-05-28,0414,Terra,MODIS,56,6.1NRT,300.15,31.89,D
18.97771,78.86873,325.03,2.31,1.47,2026-05-28,0414,Terra,MODIS,70,6.1NRT,302.72,38.51,D
12.31748,79.77427,326.42,1.48,1.2,2026-05-28,0941,Aqua,MODIS,74,6.1NRT,303.52,16.4,D
12.32259,79.77874,326.83,1.48,1.2,2026-05-28,0941,Aqua,MODIS,75,6.1NRT,303.11,16.98,D
18.94054,78.95962,328.43,1.31,1.13,2026-05-28,0943,Aqua,MODIS,63,6.1NRT,309.93,11.46,D
18.95036,78.95773,335.87,1.31,1.13,2026-05-28,0943,Aqua,MODIS,79,6.1NRT,308.74,25.96,D
19.06549,78.96051,329.11,1.3,1.13,2026-05-28,0943,Aqua,MODIS,62,6.1NRT,309.82,14.31,D
19.05349,78.88918,328.03,1.31,1.14,2026-05-28,0943,Aqua,MODIS,56,6.1NRT,308.41,13.56,D
19.95082,80.70781,322.8,1.05,1.02,2026-05-28,0943,Aqua,MODIS,50,6.1NRT,305.61,7.63,D
20.96446,85.17675,333,1.29,1.13,2026-05-28,0943,Aqua,MODIS,69,6.1NRT,308.01,23.51,D
20.96291,85.16483,330.7,1.28,1.12,2026-05-28,0943,Aqua,MODIS,54,6.1NRT,308.21,18.19,D
20.97118,85.15153,326.67,1.28,1.12,2026-05-28,0943,Aqua,MODIS,24,6.1NRT,306.42,10.77,D
20.95259,85.00996,325.55,1.26,1.11,2026-05-28,0943,Aqua,MODIS,56,6.1NRT,307.26,11.8,D
20.77733,83.43742,332.81,1.06,1.03,2026-05-28,0943,Aqua,MODIS,76,6.1NRT,312.67,13.72,D
20.77598,83.42758,330.19,1.06,1.03,2026-05-28,0943,Aqua,MODIS,72,6.1NRT,313.2,9.57,D
20.65254,82.17763,334.03,1,1,2026-05-28,0943,Aqua,MODIS,77,6.1NRT,310.63,17.22,D
20.66351,81.99003,330.65,1,1,2026-05-28,0943,Aqua,MODIS,53,6.1NRT,312.05,11.48,D
18.34467,79.28124,328.82,1.28,1.12,2026-05-28,0943,Aqua,MODIS,65,6.1NRT,310.14,10.88,D
18.3428,79.2697,331.05,1.28,1.12,2026-05-28,0943,Aqua,MODIS,72,6.1NRT,309.42,15.2,D
18.40499,79.51075,331.65,1.23,1.1,2026-05-28,0943,Aqua,MODIS,69,6.1NRT,309.53,13.73,D
18.40313,79.49955,345.4,1.24,1.1,2026-05-28,0943,Aqua,MODIS,90,6.1NRT,310.14,45.17,D
18.38059,79.36388,332.81,1.26,1.11,2026-05-28,0943,Aqua,MODIS,75,6.1NRT,309.52,18.57,D
17.20786,79.50124,332.62,1.29,1.13,2026-05-28,0943,Aqua,MODIS,64,6.1NRT,307.94,23.18,D
17.18962,80.16774,330.65,1.18,1.08,2026-05-28,0943,Aqua,MODIS,77,6.1NRT,305.74,15.24,D
17.05733,80.28475,330.8,1.17,1.08,2026-05-28,0943,Aqua,MODIS,56,6.1NRT,306.11,14.41,D
16.84912,80.95321,322.4,1.1,1.04,2026-05-28,0943,Aqua,MODIS,48,6.1NRT,294.95,6.66,D
16.85065,80.96309,327,1.09,1.04,2026-05-28,0943,Aqua,MODIS,70,6.1NRT,295.87,12.66,D
16.797,82.12025,322.07,1.01,1.01,2026-05-28,0943,Aqua,MODIS,64,6.1NRT,302.24,6.74,D
16.77947,82.12315,320.96,1.01,1.01,2026-05-28,0943,Aqua,MODIS,33,6.1NRT,302.86,6.24,D
17.59763,80.18611,328.73,1.16,1.07,2026-05-28,0943,Aqua,MODIS,39,6.1NRT,307.75,14.06,D
17.58932,81.24615,329,1.05,1.02,2026-05-28,0943,Aqua,MODIS,66,6.1NRT,306.91,9.06,D
17.29546,79.73195,334.94,1.24,1.11,2026-05-28,0943,Aqua,MODIS,54,6.1NRT,308.31,28.21,D
17.42725,80.73906,324.12,1.1,1.05,2026-05-28,0943,Aqua,MODIS,56,6.1NRT,303.49,8.47,D
17.21762,79.4995,331.4,1.29,1.13,2026-05-28,0943,Aqua,MODIS,54,6.1NRT,306.18,22.05,D
17.79544,79.96332,332.52,1.19,1.08,2026-05-28,0943,Aqua,MODIS,75,6.1NRT,307.84,16.48,D
17.72485,79.32367,329.63,1.29,1.13,2026-05-28,0943,Aqua,MODIS,70,6.1NRT,308.63,11.05,D
17.81964,79.47306,334.85,1.26,1.12,2026-05-28,0943,Aqua,MODIS,79,6.1NRT,309.58,20.49,D
18.00195,80.03564,331.45,1.17,1.08,2026-05-28,0943,Aqua,MODIS,68,6.1NRT,306.07,17.4,D
18.12025,80.61034,331.89,1.1,1.05,2026-05-28,0943,Aqua,MODIS,74,6.1NRT,308.83,9.44,D
18.11866,80.60036,341.61,1.1,1.05,2026-05-28,0943,Aqua,MODIS,86,6.1NRT,311.35,27,D
18.03442,79.95739,328.95,1.18,1.08,2026-05-28,0943,Aqua,MODIS,42,6.1NRT,306.72,13.11,D
18.14367,79.61062,332.71,1.23,1.1,2026-05-28,0943,Aqua,MODIS,76,6.1NRT,307,15.74,D
18.14183,79.59946,356.78,1.23,1.1,2026-05-28,0943,Aqua,MODIS,98,6.1NRT,308.23,77.02,D
18.13999,79.58831,331.55,1.23,1.1,2026-05-28,0943,Aqua,MODIS,72,6.1NRT,309.36,13.4,D
18.15139,79.59772,328.84,1.23,1.1,2026-05-28,0943,Aqua,MODIS,54,6.1NRT,307.88,7.87,D
18.21512,79.86845,332.47,1.19,1.08,2026-05-28,0943,Aqua,MODIS,76,6.1NRT,309.07,15.36,D
18.15769,79.51585,329.78,1.24,1.11,2026-05-28,0943,Aqua,MODIS,70,6.1NRT,309.73,12.78,D
18.15213,79.48199,336.65,1.25,1.11,2026-05-28,0943,Aqua,MODIS,81,6.1NRT,309.88,24.6,D
18.83185,83.91796,321.36,1.06,1.03,2026-05-28,0943,Aqua,MODIS,66,6.1NRT,299.99,8.45,D
18.29483,79.96964,332.09,1.17,1.08,2026-05-28,0943,Aqua,MODIS,74,6.1NRT,308.98,17.95,D
17.7372,79.78337,328.72,1.22,1.1,2026-05-28,0943,Aqua,MODIS,59,6.1NRT,308.67,8.6,D
17.68513,79.58591,329.16,1.25,1.11,2026-05-28,0943,Aqua,MODIS,43,6.1NRT,308.95,13.13,D
17.59196,79.27498,334.62,1.31,1.14,2026-05-28,0943,Aqua,MODIS,79,6.1NRT,308.9,21.64,D
17.60938,79.68609,332.9,1.24,1.11,2026-05-28,0943,Aqua,MODIS,76,6.1NRT,308.77,18.25,D
17.61122,79.69726,328.43,1.24,1.1,2026-05-28,0943,Aqua,MODIS,60,6.1NRT,306.09,10,D
18.28788,79.92698,327.55,1.18,1.08,2026-05-28,0943,Aqua,MODIS,64,6.1NRT,306.48,10.77,D
18.28614,79.91634,330.5,1.18,1.08,2026-05-28,0943,Aqua,MODIS,71,6.1NRT,307.13,15.58,D
18.29725,79.92527,330.75,1.18,1.08,2026-05-28,0943,Aqua,MODIS,72,6.1NRT,306.81,15.69,D
18.29551,79.9146,332.28,1.18,1.08,2026-05-28,0943,Aqua,MODIS,75,6.1NRT,307.39,18.44,D
18.23458,79.5426,328.3,1.24,1.1,2026-05-28,0943,Aqua,MODIS,55,6.1NRT,308.58,8.89,D
18.32956,79.88636,328.55,1.18,1.08,2026-05-28,0943,Aqua,MODIS,57,6.1NRT,308.04,9.54,D
18.33723,79.87392,328.74,1.18,1.08,2026-05-28,0943,Aqua,MODIS,59,6.1NRT,308.24,9.23,D
18.29986,79.51914,332.38,1.24,1.11,2026-05-28,0943,Aqua,MODIS,75,6.1NRT,309.76,16.24,D
18.33327,79.57542,347.74,1.23,1.1,2026-05-28,0943,Aqua,MODIS,92,6.1NRT,309.75,49.48,D
18.37327,79.57951,331.15,1.22,1.1,2026-05-28,0943,Aqua,MODIS,69,6.1NRT,310.62,12.73,D
20.79009,85.25133,324.2,1.29,1.13,2026-05-28,0943,Aqua,MODIS,61,6.1NRT,305.47,10.03,D
17.86312,80.50919,332.04,1.12,1.05,2026-05-28,0943,Aqua,MODIS,74,6.1NRT,308.97,15.07,D
18.57631,80.27146,324.87,1.12,1.06,2026-05-28,0943,Aqua,MODIS,54,6.1NRT,304.3,6.71,D
18.57401,79.7343,330.04,1.19,1.09,2026-05-28,0943,Aqua,MODIS,59,6.1NRT,310.75,11.42,D
18.54055,79.46779,328.32,1.24,1.1,2026-05-28,0943,Aqua,MODIS,61,6.1NRT,307.92,10.43,D
18.50005,79.03498,333.7,1.31,1.14,2026-05-28,0943,Aqua,MODIS,75,6.1NRT,311.9,21.89,D
18.502,79.0414,329.21,1.31,1.14,2026-05-28,0943,Aqua,MODIS,66,6.1NRT,311.51,12.57,D
18.60743,79.55347,331.05,1.22,1.1,2026-05-28,0943,Aqua,MODIS,72,6.1NRT,308.94,13.51,D
18.62041,79.33128,331.7,1.25,1.11,2026-05-28,0943,Aqua,MODIS,69,6.1NRT,308.72,18.35,D
18.61855,79.31983,330.5,1.26,1.11,2026-05-28,0943,Aqua,MODIS,47,6.1NRT,308,17.72,D
21.20489,82.87301,329.47,1.03,1.01,2026-05-28,0943,Aqua,MODIS,66,6.1NRT,311.37,7.95,D
20.77728,80.12516,333.84,1.08,1.04,2026-05-28,0943,Aqua,MODIS,77,6.1NRT,309.19,17.13,D
21.04542,82.19598,335.34,1,1,2026-05-28,0943,Aqua,MODIS,77,6.1NRT,313.67,17.72,D
21.04677,82.20528,337.08,1,1,2026-05-28,0943,Aqua,MODIS,79,6.1NRT,312.86,20.33,D
21.09292,82.59036,330.75,1.01,1.01,2026-05-28,0943,Aqua,MODIS,66,6.1NRT,312.98,9.53,D
20.9568,81.91222,331.15,1,1,2026-05-28,0943,Aqua,MODIS,68,6.1NRT,313.17,8.93,D
20.8588,81.87841,328.89,1,1,2026-05-28,0943,Aqua,MODIS,36,6.1NRT,310.73,5.76,D
20.87799,82.13153,331.45,1,1,2026-05-28,0943,Aqua,MODIS,69,6.1NRT,312.28,10.46,D
20.82043,81.79951,330.19,1,1,2026-05-28,0943,Aqua,MODIS,65,6.1NRT,310.82,8.74,D
20.85652,82.10661,338.78,1,1,2026-05-28,0943,Aqua,MODIS,82,6.1NRT,311.47,22.45,D
20.85787,82.11589,329.47,1,1,2026-05-28,0943,Aqua,MODIS,63,6.1NRT,310.99,8.64,D
20.79333,81.87614,346.95,1,1,2026-05-28,0943,Aqua,MODIS,91,6.1NRT,312.44,36.3,D
20.79469,81.8854,364.21,1,1,2026-05-28,0943,Aqua,MODIS,94,6.1NRT,313.46,78.55,D
20.79605,81.89466,332.62,1,1,2026-05-28,0943,Aqua,MODIS,55,6.1NRT,310.18,13.3,D
20.80421,81.9502,331.89,1,1,2026-05-28,0943,Aqua,MODIS,67,6.1NRT,311.9,11.02,D
20.77372,81.80357,332.23,1,1,2026-05-28,0943,Aqua,MODIS,73,6.1NRT,311.27,10.55,D
20.77509,81.81283,331.1,1,1,2026-05-28,0943,Aqua,MODIS,70,6.1NRT,311.77,9.32,D
20.70318,81.56867,333.61,1,1,2026-05-28,0943,Aqua,MODIS,75,6.1NRT,310.93,13.91,D
21.0336,84.23612,328.26,1.15,1.07,2026-05-28,0943,Aqua,MODIS,59,6.1NRT,309.68,11.93,D
18.34212,79.38812,340.14,1.26,1.11,2026-05-28,0943,Aqua,MODIS,80,6.1NRT,309.21,32.07,D
18.38281,79.57774,337.67,1.22,1.1,2026-05-28,0943,Aqua,MODIS,82,6.1NRT,310.94,25.62,D
18.39414,79.5871,329.83,1.22,1.1,2026-05-28,0943,Aqua,MODIS,58,6.1NRT,309.02,10.56,D
18.39235,79.576,338.46,1.22,1.1,2026-05-28,0943,Aqua,MODIS,83,6.1NRT,310.54,27.02,D
18.50008,78.04716,331.15,1.53,1.22,2026-05-28,0943,Aqua,MODIS,71,6.1NRT,309.46,21.29,D
19.47308,83.62533,316.12,1.05,1.02,2026-05-28,0943,Aqua,MODIS,50,6.1NRT,295.23,7.15,D
19.47173,83.61572,319.01,1.05,1.02,2026-05-28,0943,Aqua,MODIS,62,6.1NRT,293.58,9.84,D
21.64864,83.40641,333.79,1.07,1.03,2026-05-28,0945,Aqua,MODIS,78,6.1NRT,308.04,18.22,D
21.31724,82.94627,330.6,1.03,1.02,2026-05-28,0945,Aqua,MODIS,69,6.1NRT,308.82,10.51,D
21.21522,82.29472,338.99,1.01,1,2026-05-28,0945,Aqua,MODIS,83,6.1NRT,312.23,22.49,D
21.16013,82.40922,330.9,1.01,1,2026-05-28,0945,Aqua,MODIS,52,6.1NRT,310.63,11.5,D
21.26776,82.7878,328.3,1.03,1.01,2026-05-28,0945,Aqua,MODIS,62,6.1NRT,309.92,8.78,D
21.2691,82.79733,339.23,1.03,1.01,2026-05-28,0945,Aqua,MODIS,83,6.1NRT,311.32,25.04,D
21.25126,82.92747,328.58,1.03,1.02,2026-05-28,0945,Aqua,MODIS,63,6.1NRT,310.21,6.95,D
21.65627,83.39497,328.36,1.07,1.03,2026-05-28,0945,Aqua,MODIS,67,6.1NRT,310.05,9.92,D
21.64587,83.38638,331.55,1.07,1.03,2026-05-28,0945,Aqua,MODIS,74,6.1NRT,309.61,14.1,D
21.64726,83.39639,360.75,1.07,1.03,2026-05-28,0945,Aqua,MODIS,100,6.1NRT,311.27,78.18,D
24.55621,82.53599,330.65,1.06,1.03,2026-05-28,0945,Aqua,MODIS,68,6.1NRT,309.57,9.72,D
24.39435,81.69984,334.07,1.01,1.01,2026-05-28,0945,Aqua,MODIS,67,6.1NRT,309.6,16.89,D
24.39572,81.70943,332.62,1.01,1.01,2026-05-28,0945,Aqua,MODIS,63,6.1NRT,310.45,13.97,D
24.27848,81.87,328.2,1.02,1.01,2026-05-28,0945,Aqua,MODIS,53,6.1NRT,308.14,9.15,D
23.39769,77.61605,339.83,1.34,1.15,2026-05-28,0945,Aqua,MODIS,76,6.1NRT,315.17,31.17,D
23.78005,86.20567,322.15,1.65,1.26,2026-05-28,0945,Aqua,MODIS,70,6.1NRT,302.59,17.93,D
22.35765,78.36851,336.09,1.25,1.11,2026-05-28,0945,Aqua,MODIS,75,6.1NRT,312.92,27.45,D
22.15754,77.4966,329.94,1.43,1.18,2026-05-28,0945,Aqua,MODIS,49,6.1NRT,314.2,13.31,D
22.24926,80.1157,335.52,1.05,1.02,2026-05-28,0945,Aqua,MODIS,76,6.1NRT,318.48,15.11,D
22.3284,80.62837,328.74,1.02,1.01,2026-05-28,0945,Aqua,MODIS,61,6.1NRT,305.99,14.54,D
22.32985,80.63793,338.13,1.02,1.01,2026-05-28,0945,Aqua,MODIS,82,6.1NRT,310.21,27.4,D
21.57216,77.15466,332.42,1.54,1.22,2026-05-28,0945,Aqua,MODIS,66,6.1NRT,310.76,24.53,D
21.87134,79.89339,334.16,1.08,1.04,2026-05-28,0945,Aqua,MODIS,77,6.1NRT,312.06,17.31,D
22.06175,83.31952,326.91,1.07,1.03,2026-05-28,0945,Aqua,MODIS,61,6.1NRT,307.74,7.93,D
21.94919,82.6369,326.2,1.03,1.01,2026-05-28,0945,Aqua,MODIS,58,6.1NRT,306.79,8.3,D
21.96382,83.01752,331.55,1.05,1.02,2026-05-28,0945,Aqua,MODIS,74,6.1NRT,312.97,10.95,D
21.63986,81.34599,332.18,1,1,2026-05-28,0945,Aqua,MODIS,73,6.1NRT,311.1,7.63,D
21.8239,82.73842,346.45,1.03,1.01,2026-05-28,0945,Aqua,MODIS,68,6.1NRT,314.59,34.27,D
21.81507,82.73987,333.79,1.03,1.01,2026-05-28,0945,Aqua,MODIS,57,6.1NRT,312.94,11.96,D
21.84956,83.05167,330.85,1.05,1.02,2026-05-28,0945,Aqua,MODIS,71,6.1NRT,312.53,9.25,D
21.73391,82.75973,344.63,1.03,1.01,2026-05-28,0945,Aqua,MODIS,64,6.1NRT,316.05,33.53,D
21.73526,82.76933,350.27,1.03,1.01,2026-05-28,0945,Aqua,MODIS,70,6.1NRT,315.75,44.41,D
21.78036,83.8279,329.94,1.12,1.05,2026-05-28,0945,Aqua,MODIS,67,6.1NRT,310.79,11.33,D
21.74319,83.97322,328.76,1.13,1.06,2026-05-28,0945,Aqua,MODIS,66,6.1NRT,309.64,11.94,D
25.51574,77.81396,335.29,1.21,1.09,2026-05-28,0947,Aqua,MODIS,71,6.1NRT,315.57,19.92,D
25.24561,78.31168,336.52,1.15,1.07,2026-05-28,0947,Aqua,MODIS,73,6.1NRT,314.5,19.85,D
25.23635,78.31356,346.02,1.15,1.07,2026-05-28,0947,Aqua,MODIS,88,6.1NRT,314.72,39.28,D
25.23814,78.32453,340.03,1.15,1.07,2026-05-28,0947,Aqua,MODIS,80,6.1NRT,314.25,26.12,D
25.19909,78.37757,333.14,1.15,1.07,2026-05-28,0947,Aqua,MODIS,64,6.1NRT,316.34,9.92,D
25.89622,84.42377,321.21,1.34,1.15,2026-05-28,0947,Aqua,MODIS,0,6.1NRT,303.16,10.1,D
26.3184,78.23353,336.95,1.13,1.06,2026-05-28,0947,Aqua,MODIS,77,6.1NRT,313.95,17.84,D
31.58933,76.22355,318.28,1.19,1.08,2026-05-28,0947,Aqua,MODIS,30,6.1NRT,300.92,4.92,D
31.45664,76.88311,322.1,1.12,1.05,2026-05-28,0947,Aqua,MODIS,40,6.1NRT,307.37,11.28,D
31.17885,75.69634,329.47,1.28,1.12,2026-05-28,0947,Aqua,MODIS,76,6.1NRT,314.36,11.61,D
31.18111,75.70914,329.47,1.28,1.12,2026-05-28,0947,Aqua,MODIS,76,6.1NRT,314.55,11.49,D
31.27975,76.9943,321.71,1.11,1.05,2026-05-28,0947,Aqua,MODIS,69,6.1NRT,305.56,12.92,D
31.28157,77.00525,324.04,1.11,1.05,2026-05-28,0947,Aqua,MODIS,73,6.1NRT,303.93,15.08,D
31.3466,77.39994,324.05,1.07,1.03,2026-05-28,0947,Aqua,MODIS,64,6.1NRT,307.46,12.56,D
31.25968,77.32632,355.45,1.08,1.04,2026-05-28,0947,Aqua,MODIS,97,6.1NRT,306.18,72.95,D
31.26138,77.33672,382.58,1.08,1.04,2026-05-28,0947,Aqua,MODIS,100,6.1NRT,309,173.86,D
30.69051,74.87689,329.42,1.45,1.19,2026-05-28,0947,Aqua,MODIS,67,6.1NRT,310.07,15.4,D
31.03053,77.28912,318.12,1.09,1.04,2026-05-28,0947,Aqua,MODIS,38,6.1NRT,300.7,10.48,D
30.91666,76.8774,324.78,1.13,1.06,2026-05-28,0947,Aqua,MODIS,44,6.1NRT,299.83,13.93,D
30.86903,77.15408,341.27,1.11,1.05,2026-05-28,0947,Aqua,MODIS,89,6.1NRT,303.59,42.75,D
30.87082,77.16493,331.79,1.1,1.05,2026-05-28,0947,Aqua,MODIS,80,6.1NRT,303.8,26.12,D
30.95978,77.82703,345.26,1.05,1.02,2026-05-28,0947,Aqua,MODIS,85,6.1NRT,303.86,49.63,D
30.80769,77.28616,322.31,1.1,1.04,2026-05-28,0947,Aqua,MODIS,64,6.1NRT,306.34,10.11,D
30.44737,77.02552,323.18,1.13,1.06,2026-05-28,0947,Aqua,MODIS,61,6.1NRT,306.81,7,D
30.48665,77.26077,322.1,1.11,1.05,2026-05-28,0947,Aqua,MODIS,50,6.1NRT,303.04,8.5,D
30.46845,77.26445,326.03,1.11,1.05,2026-05-28,0947,Aqua,MODIS,60,6.1NRT,304.26,12.62,D
30.22976,77.735,327.72,1.07,1.03,2026-05-28,0947,Aqua,MODIS,74,6.1NRT,306.46,13.44,D
30.32059,79.34731,319.22,1,1,2026-05-28,0947,Aqua,MODIS,56,6.1NRT,304.36,7.7,D
30.27847,79.30422,318.39,1,1,2026-05-28,0947,Aqua,MODIS,41,6.1NRT,303.07,7.06,D
30.26832,79.29604,317.17,1,1,2026-05-28,0947,Aqua,MODIS,16,6.1NRT,302.47,6.29,D
30.08225,78.6766,319.7,1.02,1.01,2026-05-28,0947,Aqua,MODIS,52,6.1NRT,302.28,9.07,D
30.01181,78.70773,319.26,1.02,1.01,2026-05-28,0947,Aqua,MODIS,64,6.1NRT,301.81,8.44,D
29.96784,79.64724,319.39,1,1,2026-05-28,0947,Aqua,MODIS,66,6.1NRT,300.44,9.86,D
29.40718,76.44458,338.62,1.24,1.11,2026-05-28,0947,Aqua,MODIS,84,6.1NRT,312.08,29.83,D
29.55935,79.62926,319.51,1,1,2026-05-28,0947,Aqua,MODIS,57,6.1NRT,304.42,6.4,D
29.37057,79.0464,327.09,1.01,1.01,2026-05-28,0947,Aqua,MODIS,76,6.1NRT,307.91,11.97,D
29.33321,80.18751,316.27,1,1,2026-05-28,0947,Aqua,MODIS,48,6.1NRT,298.84,8.96,D
27.74814,77.39113,330.14,1.18,1.08,2026-05-28,0947,Aqua,MODIS,71,6.1NRT,307.4,15.36,D
28.12029,80.11235,326.05,1,1,2026-05-28,0947,Aqua,MODIS,68,6.1NRT,307.27,10.09,D
27.77536,81.51118,324.82,1.04,1.02,2026-05-28,0947,Aqua,MODIS,68,6.1NRT,307.19,8.02,D
20.15266,80.66452,319.32,1.19,1.09,2026-05-28,1505,Terra,MODIS,98,6.1NRT,299.53,15.07,N
20.15437,80.67555,311.47,1.19,1.08,2026-05-28,1505,Terra,MODIS,72,6.1NRT,300,6.38,N
20.79478,85.24899,312.03,1.1,1.05,2026-05-28,1505,Terra,MODIS,79,6.1NRT,298.21,6.78,N
16.57661,80.73297,308.09,1.32,1.14,2026-05-28,1505,Terra,MODIS,68,6.1NRT,287.84,6.91,N
17.60847,83.20091,309.54,1.01,1.01,2026-05-28,1505,Terra,MODIS,67,6.1NRT,293.63,5.51,N
18.18803,80.13158,312.74,1.36,1.16,2026-05-28,1505,Terra,MODIS,78,6.1NRT,293.12,11.3,N
18.61821,79.27302,318.6,1.53,1.22,2026-05-28,1505,Terra,MODIS,91,6.1NRT,275.89,27.35,N
18.61598,79.25903,309.4,1.54,1.22,2026-05-28,1505,Terra,MODIS,19,6.1NRT,275.82,15.04,N
18.62199,79.26598,316.33,1.53,1.22,2026-05-28,1505,Terra,MODIS,75,6.1NRT,268.68,22.98,N
19.97098,80.68587,309.78,1.19,1.09,2026-05-28,1505,Terra,MODIS,62,6.1NRT,298.93,5.21,N
20.0062,80.72482,313.16,1.19,1.08,2026-05-28,1505,Terra,MODIS,78,6.1NRT,299.34,7.92,N
20.79608,85.25932,312.61,1.11,1.05,2026-05-28,1505,Terra,MODIS,81,6.1NRT,298.55,7.36,N
20.81774,81.94984,315.93,1.04,1.02,2026-05-28,1507,Terra,MODIS,92,6.1NRT,295.89,11.75,N
24.70358,83.09327,312.65,1.01,1.01,2026-05-28,1507,Terra,MODIS,73,6.1NRT,299.92,6.76,N
24.5533,80.52903,307.74,1.08,1.04,2026-05-28,1507,Terra,MODIS,47,6.1NRT,296.7,4.98,N
24.70323,80.66418,308.14,1.07,1.03,2026-05-28,1507,Terra,MODIS,40,6.1NRT,298.01,4.12,N
25.43872,86.07321,308.06,1.37,1.16,2026-05-28,1507,Terra,MODIS,67,6.1NRT,294.15,9.12,N
25.43721,86.0599,307.88,1.37,1.16,2026-05-28,1507,Terra,MODIS,66,6.1NRT,294.09,8.85,N
24.70487,83.103,310.04,1.01,1.01,2026-05-28,1507,Terra,MODIS,56,6.1NRT,299.92,4.79,N
23.52362,78.90691,310.67,1.34,1.15,2026-05-28,1507,Terra,MODIS,63,6.1NRT,300.51,7.36,N
23.84282,81.85583,311.15,1.01,1.01,2026-05-28,1507,Terra,MODIS,67,6.1NRT,300.65,4.36,N
22.99778,79.67309,321.33,1.23,1.1,2026-05-28,1507,Terra,MODIS,100,6.1NRT,300,18.61,N
22.96396,79.83325,314.2,1.21,1.09,2026-05-28,1507,Terra,MODIS,83,6.1NRT,299.95,8.94,N
23.78492,86.21099,307.69,1.34,1.15,2026-05-28,1507,Terra,MODIS,67,6.1NRT,293.84,7.56,N
23.16425,82.34268,311.62,1,1,2026-05-28,1507,Terra,MODIS,75,6.1NRT,299.18,5.72,N
22.16399,77.29762,312.19,1.82,1.32,2026-05-28,1507,Terra,MODIS,72,6.1NRT,300.44,10.62,N
22.19293,79.52097,308.67,1.29,1.13,2026-05-28,1507,Terra,MODIS,50,6.1NRT,296.56,6.02,N
22.12963,79.5146,316.45,1.29,1.13,2026-05-28,1507,Terra,MODIS,89,6.1NRT,297,14.34,N
21.97224,78.74122,317.02,1.46,1.19,2026-05-28,1507,Terra,MODIS,91,6.1NRT,299.34,17.09,N
22.00137,79.3549,314.92,1.33,1.14,2026-05-28,1507,Terra,MODIS,84,6.1NRT,299.49,11.65,N
21.84921,79.11675,311.96,1.38,1.16,2026-05-28,1507,Terra,MODIS,69,6.1NRT,300.23,8.16,N
22.04256,83.73035,304.39,1.02,1.01,2026-05-28,1507,Terra,MODIS,14,6.1NRT,283.66,4.26,N
21.72832,81.73429,312.33,1.04,1.02,2026-05-28,1507,Terra,MODIS,74,6.1NRT,297.44,7.18,N
21.91984,83.35239,307.41,1,1,2026-05-28,1507,Terra,MODIS,36,6.1NRT,288.88,5.77,N
21.63444,81.5348,312.05,1.06,1.03,2026-05-28,1507,Terra,MODIS,72,6.1NRT,298,6.26,N
21.63588,81.54469,315.95,1.06,1.03,2026-05-28,1507,Terra,MODIS,88,6.1NRT,298.37,9.69,N
21.62111,81.50665,309.23,1.06,1.03,2026-05-28,1507,Terra,MODIS,54,6.1NRT,298.56,4.48,N
21.76801,82.78699,312,1,1,2026-05-28,1507,Terra,MODIS,77,6.1NRT,299.6,6.93,N
21.20295,82.05819,314.07,1.03,1.01,2026-05-28,1507,Terra,MODIS,86,6.1NRT,299.54,7.5,N
21.2817,82.80103,311.49,1,1,2026-05-28,1507,Terra,MODIS,80,6.1NRT,300.15,5.19,N
21.25636,82.83026,328.54,1,1,2026-05-28,1507,Terra,MODIS,100,6.1NRT,300.12,21.35,N
21.25766,82.83963,318.46,1,1,2026-05-28,1507,Terra,MODIS,97,6.1NRT,299.75,10.67,N
21.26549,82.89582,312.13,1,1,2026-05-28,1507,Terra,MODIS,82,6.1NRT,299.25,5.35,N
21.25672,82.89724,322.94,1,1,2026-05-28,1507,Terra,MODIS,100,6.1NRT,299.39,15.01,N
21.23303,82.92022,311.87,1,1,2026-05-28,1507,Terra,MODIS,81,6.1NRT,299.42,4.87,N
21.23433,82.92958,313.53,1,1,2026-05-28,1507,Terra,MODIS,86,6.1NRT,299.48,6.14,N
20.79744,81.87362,309.58,1.05,1.02,2026-05-28,1507,Terra,MODIS,64,6.1NRT,296.56,6.31,N
20.80882,81.95135,308.44,1.04,1.02,2026-05-28,1507,Terra,MODIS,54,6.1NRT,294.58,5.59,N
20.98316,85.13578,311.65,1.1,1.04,2026-05-28,1507,Terra,MODIS,59,6.1NRT,297.74,6.21,N
20.96867,85.16928,321.28,1.1,1.05,2026-05-28,1507,Terra,MODIS,100,6.1NRT,298.81,15.19,N
20.96996,85.17957,316.51,1.1,1.05,2026-05-28,1507,Terra,MODIS,91,6.1NRT,298.34,10.55,N
20.96077,85.18091,312.86,1.1,1.05,2026-05-28,1507,Terra,MODIS,69,6.1NRT,298.94,7.4,N
20.96206,85.19128,312.73,1.1,1.05,2026-05-28,1507,Terra,MODIS,76,6.1NRT,298.76,7.43,N
20.96981,86.00743,307.45,1.21,1.09,2026-05-28,1507,Terra,MODIS,48,6.1NRT,297.41,5.76,N
24.04888,76.33206,314.32,1.96,1.37,2026-05-28,1507,Terra,MODIS,81,6.1NRT,303.26,15.75,N
24.73524,79.32608,311.21,1.22,1.1,2026-05-28,1507,Terra,MODIS,65,6.1NRT,300.71,6.27,N
24.5618,77.08105,327.92,1.69,1.28,2026-05-28,1507,Terra,MODIS,100,6.1NRT,302.64,43.78,N
24.78686,78.19953,314.08,1.41,1.18,2026-05-28,1507,Terra,MODIS,76,6.1NRT,302.84,11.27,N
25.51793,79.81315,318.5,1.13,1.06,2026-05-28,1507,Terra,MODIS,95,6.1NRT,303.88,10.95,N
27.82398,81.69423,318.99,1,1,2026-05-28,1507,Terra,MODIS,98,6.1NRT,297.05,13.17,N
32.13921,76.4853,303.77,1.33,1.14,2026-05-28,1509,Terra,MODIS,57,6.1NRT,293,7.89,N
31.28779,77.00718,307.08,1.29,1.13,2026-05-28,1509,Terra,MODIS,53,6.1NRT,294.23,8.11,N
32.83434,74.86755,307.58,1.61,1.25,2026-05-28,1509,Terra,MODIS,72,6.1NRT,297.58,10.19,N
31.28577,76.99512,308.8,1.29,1.13,2026-05-28,1509,Terra,MODIS,26,6.1NRT,294.42,11.34,N
31.3435,77.4055,300.4,1.23,1.1,2026-05-28,1509,Terra,MODIS,5,6.1NRT,288.49,3.96,N
31.26743,77.32527,308.73,1.24,1.11,2026-05-28,1509,Terra,MODIS,75,6.1NRT,295.07,9.03,N
30.5918,78.50228,301.12,1.12,1.06,2026-05-28,1509,Terra,MODIS,32,6.1NRT,285.08,5.24,N
30.28172,79.13497,305.83,1.07,1.03,2026-05-28,1509,Terra,MODIS,66,6.1NRT,289.54,6.91,N
21.08262,85.03736,302.62,1.06,1.03,2026-05-28,2153,Aqua,MODIS,50,6.1NRT,288.44,4.06,N
21.78471,83.83283,300.14,1.21,1.09,2026-05-28,2153,Aqua,MODIS,19,6.1NRT,279.39,4.17,N
20.80164,85.25242,303.61,1.04,1.02,2026-05-28,2153,Aqua,MODIS,35,6.1NRT,286.26,3.92,N
21.08124,85.04719,301.36,1.05,1.03,2026-05-28,2153,Aqua,MODIS,40,6.1NRT,287.06,3.29,N
23.768,86.40406,305.46,1.01,1.01,2026-05-28,2153,Aqua,MODIS,14,6.1NRT,295.02,4.19,N
23.80275,86.35085,304.67,1.02,1.01,2026-05-28,2153,Aqua,MODIS,32,6.1NRT,292.81,3.91,N
23.80555,86.3316,306.3,1.02,1.01,2026-05-28,2153,Aqua,MODIS,45,6.1NRT,295.53,4.88,N
20.92085,81.83434,306.26,1.57,1.23,2026-05-28,2153,Aqua,MODIS,67,6.1NRT,292.94,9,N
20.80025,85.26202,305.01,1.04,1.02,2026-05-28,2153,Aqua,MODIS,52,6.1NRT,286.63,4.75,N
20.96762,85.19283,308.15,1.04,1.02,2026-05-28,2153,Aqua,MODIS,23,6.1NRT,288.59,8.6,N
21.49915,83.25539,323.13,1.44,1.19,2026-05-29,0315,Terra,MODIS,68,6.1NRT,297.07,17.36,D
21.08839,81.93629,323.93,1.76,1.3,2026-05-29,0315,Terra,MODIS,68,6.1NRT,303.26,15.72,D
20.79396,85.2556,316.48,1.1,1.05,2026-05-29,0315,Terra,MODIS,61,6.1NRT,295.37,7.3,D
20.96282,85.17072,321.91,1.11,1.05,2026-05-29,0315,Terra,MODIS,54,6.1NRT,298.57,12.18,D
20.96923,85.17773,326.29,1.11,1.05,2026-05-29,0315,Terra,MODIS,68,6.1NRT,297.63,15.96,D
21.07879,85.03977,319.24,1.13,1.06,2026-05-29,0315,Terra,MODIS,68,6.1NRT,300.34,9.1,D
21.94521,82.74704,322.35,1.58,1.24,2026-05-29,0315,Terra,MODIS,67,6.1NRT,301.46,11.99,D
21.77737,83.83368,319.42,1.33,1.14,2026-05-29,0315,Terra,MODIS,64,6.1NRT,297.25,11.69,D
21.95612,82.74841,327.08,1.58,1.24,2026-05-29,0315,Terra,MODIS,75,6.1NRT,301.99,21.41,D
22.36878,87.29953,316.39,1,1,2026-05-29,0315,Terra,MODIS,53,6.1NRT,294.61,6.62,D
19.77974,82.07643,320.52,1.65,1.26,2026-05-29,0315,Terra,MODIS,68,6.1NRT,299.61,15.14,D
20.74388,80.10033,318.87,2.39,1.49,2026-05-29,0315,Terra,MODIS,40,6.1NRT,297.79,20.75,D
20.74089,80.10697,319.14,2.39,1.49,2026-05-29,0315,Terra,MODIS,55,6.1NRT,298,23.71,D
33.03233,74.55212,320.7,2.76,1.59,2026-05-29,0449,Terra,MODIS,72,6.1NRT,298.48,49.09,D
33.02739,74.54415,313.86,2.76,1.59,2026-05-29,0449,Terra,MODIS,37,6.1NRT,298.15,21.47,D
33.04033,74.55157,316.58,2.76,1.59,2026-05-29,0449,Terra,MODIS,62,6.1NRT,299.46,31.95,D
33.63944,73.98198,315.44,2.45,1.51,2026-05-29,0449,Terra,MODIS,67,6.1NRT,300.46,25.88,D
33.63452,74.00497,312.6,2.46,1.51,2026-05-29,0449,Terra,MODIS,42,6.1NRT,299.44,17.79,D
25.54479,93.13482,315.96,1.18,1.08,2026-05-29,0845,Aqua,MODIS,70,6.1NRT,300.93,9.3,D
25.79121,92.67838,314.19,1.24,1.1,2026-05-29,0845,Aqua,MODIS,42,6.1NRT,298.62,8.49,D
25.77954,92.66798,312.5,1.24,1.11,2026-05-29,0845,Aqua,MODIS,51,6.1NRT,297.85,7.25,D
25.7816,92.68005,317.33,1.24,1.1,2026-05-29,0845,Aqua,MODIS,69,6.1NRT,298.36,12.48,D
26.29828,93.66329,320,1.1,1.04,2026-05-29,0848,Aqua,MODIS,67,6.1NRT,298.86,12.33,D
26.16395,93.24187,312,1.15,1.07,2026-05-29,0848,Aqua,MODIS,54,6.1NRT,298.39,6.04,D
26.27503,93.75076,317.04,1.09,1.04,2026-05-29,0848,Aqua,MODIS,69,6.1NRT,299.24,9.63,D
26.35039,93.69677,314,1.09,1.04,2026-05-29,0848,Aqua,MODIS,40,6.1NRT,297.95,7.76,D
26.31077,93.68257,327.63,1.09,1.04,2026-05-29,0848,Aqua,MODIS,81,6.1NRT,299.31,20.82,D
25.93405,92.42633,311.95,1.27,1.12,2026-05-29,0848,Aqua,MODIS,54,6.1NRT,297.49,7.84,D
25.93198,92.4143,314.78,1.27,1.12,2026-05-29,0848,Aqua,MODIS,63,6.1NRT,297.3,11.09,D
26.21797,93.6862,312.1,1.1,1.04,2026-05-29,0848,Aqua,MODIS,51,6.1NRT,298.65,5.82,D
26.23048,93.70574,326.51,1.09,1.04,2026-05-29,0848,Aqua,MODIS,80,6.1NRT,298.6,20.86,D
26.17702,93.20531,345.43,1.15,1.07,2026-05-29,0848,Aqua,MODIS,93,6.1NRT,299.14,56.95,D
26.17883,93.21632,326.22,1.15,1.07,2026-05-29,0848,Aqua,MODIS,80,6.1NRT,298.4,21.29,D
26.27898,93.19918,315.46,1.15,1.07,2026-05-29,0848,Aqua,MODIS,65,6.1NRT,298.31,8.31,D
17.67566,79.9435,324.94,2.34,1.48,2026-05-29,1021,Aqua,MODIS,67,6.1NRT,302.87,20.96,D
21.33344,74.28724,327.66,1.1,1.05,2026-05-29,1021,Aqua,MODIS,60,6.1NRT,313.36,8.2,D
20.67683,73.52966,327.48,1.03,1.01,2026-05-29,1021,Aqua,MODIS,53,6.1NRT,310.28,8.14,D
20.6634,73.50827,328.88,1.03,1.01,2026-05-29,1021,Aqua,MODIS,60,6.1NRT,311.79,10.11,D
20.89052,77.89689,354.68,1.82,1.32,2026-05-29,1021,Aqua,MODIS,96,6.1NRT,314.78,122.14,D
20.89245,77.91381,331,1.83,1.32,2026-05-29,1021,Aqua,MODIS,62,6.1NRT,313.4,19.21,D
20.29929,73.61026,329.05,1.03,1.01,2026-05-29,1021,Aqua,MODIS,61,6.1NRT,312.23,9.7,D
18.30958,79.4443,327.62,2.19,1.43,2026-05-29,1021,Aqua,MODIS,66,6.1NRT,305.56,25.35,D
18.31196,79.46423,334.8,2.19,1.44,2026-05-29,1021,Aqua,MODIS,76,6.1NRT,305.3,56.5,D
18.03121,78.20698,326.42,1.74,1.29,2026-05-29,1021,Aqua,MODIS,61,6.1NRT,306.66,18.69,D
16.08151,73.63692,322.47,1,1,2026-05-29,1021,Aqua,MODIS,64,6.1NRT,304.22,6.75,D
13.6851,74.83768,317.79,1.02,1.01,2026-05-29,1021,Aqua,MODIS,72,6.1NRT,290.51,10.55,D
20.30062,73.61971,332.57,1.03,1.01,2026-05-29,1021,Aqua,MODIS,71,6.1NRT,312.03,14.62,D
19.59507,73.21202,326.86,1.01,1,2026-05-29,1021,Aqua,MODIS,59,6.1NRT,310.68,6.51,D
19.534,74.08151,327.05,1.05,1.02,2026-05-29,1021,Aqua,MODIS,57,6.1NRT,312,9.85,D
20.17076,79.52752,326.45,2.37,1.49,2026-05-29,1021,Aqua,MODIS,47,6.1NRT,307.3,33.93,D
20.15776,79.52898,355.12,2.37,1.49,2026-05-29,1021,Aqua,MODIS,91,6.1NRT,308.84,206.53,D
20.16007,79.55049,326.97,2.38,1.49,2026-05-29,1021,Aqua,MODIS,54,6.1NRT,305.53,34.58,D
19.85648,79.39648,326.82,2.29,1.46,2026-05-29,1021,Aqua,MODIS,32,6.1NRT,307.03,23.43,D
18.69823,79.76529,328.22,2.35,1.48,2026-05-29,1021,Aqua,MODIS,50,6.1NRT,306.38,28.79,D
18.08268,74.79384,327.54,1.08,1.04,2026-05-29,1021,Aqua,MODIS,47,6.1NRT,310.58,8.61,D
18.41085,79.39878,334.98,2.18,1.43,2026-05-29,1021,Aqua,MODIS,80,6.1NRT,305.44,56.09,D
18.31253,79.45873,337.88,2.19,1.44,2026-05-29,1021,Aqua,MODIS,84,6.1NRT,305.84,70.62,D
22.49391,72.21986,335.38,1,1,2026-05-29,1024,Aqua,MODIS,77,6.1NRT,312.8,14.48,D
22.49527,72.22924,332.52,1,1,2026-05-29,1024,Aqua,MODIS,71,6.1NRT,312.69,10.44,D
22.34257,74.66684,328.14,1.18,1.08,2026-05-29,1024,Aqua,MODIS,57,6.1NRT,312.6,9.65,D
31.3735,75.6288,326.26,1.78,1.31,2026-05-29,1024,Aqua,MODIS,63,6.1NRT,306.7,18.92,D
22.05974,75.80961,333.52,1.36,1.15,2026-05-29,1024,Aqua,MODIS,72,6.1NRT,316.38,16.9,D
21.59541,73.63284,331.45,1.05,1.02,2026-05-29,1024,Aqua,MODIS,73,6.1NRT,310.17,13.17,D
21.94147,73.19955,324.77,1.03,1.01,2026-05-29,1024,Aqua,MODIS,25,6.1NRT,306.93,7.27,D
21.94282,73.20917,333.42,1.03,1.01,2026-05-29,1024,Aqua,MODIS,75,6.1NRT,307.62,18.53,D
25.02005,75.58066,347.48,1.44,1.19,2026-05-29,1024,Aqua,MODIS,90,6.1NRT,307.24,65.11,D
25.03036,75.57877,329.94,1.44,1.19,2026-05-29,1024,Aqua,MODIS,60,6.1NRT,307.77,16.68,D
29.39082,75.56856,325.34,1.65,1.26,2026-05-29,1024,Aqua,MODIS,60,6.1NRT,304.47,16.18,D
23.63762,70.47048,327.63,1.04,1.02,2026-05-29,1024,Aqua,MODIS,65,6.1NRT,309.45,8.16,D
23.55492,73.38423,326.24,1.07,1.03,2026-05-29,1024,Aqua,MODIS,42,6.1NRT,307.79,6.92,D
22.92312,70.10403,326.81,1.08,1.04,2026-05-29,1024,Aqua,MODIS,0,6.1NRT,305.89,18.4,D
22.81763,69.67764,319.63,1.12,1.06,2026-05-29,1024,Aqua,MODIS,22,6.1NRT,299.6,12.71,D
23.19028,75.80271,331.7,1.4,1.17,2026-05-29,1024,Aqua,MODIS,66,6.1NRT,311.25,20.23,D
23.57935,78.12963,313.6,1.74,1.29,2026-05-29,1544,Terra,MODIS,78,6.1NRT,299.36,15.46,N
18.57493,79.26011,309.35,1.79,1.31,2026-05-29,1544,Terra,MODIS,61,6.1NRT,299.03,12.2,N
18.38003,79.3642,313.31,1.81,1.32,2026-05-29,1544,Terra,MODIS,80,6.1NRT,299.28,17.52,N
18.38181,79.38094,310.32,1.82,1.32,2026-05-29,1544,Terra,MODIS,68,6.1NRT,299.4,11.96,N
18.38336,79.37015,317.47,1.81,1.32,2026-05-29,1544,Terra,MODIS,93,6.1NRT,299.34,25.59,N
17.35043,79.13624,308.81,1.68,1.28,2026-05-29,1544,Terra,MODIS,61,6.1NRT,295.89,9.14,N
15.1782,76.66055,308.92,1.11,1.05,2026-05-29,1544,Terra,MODIS,60,6.1NRT,295.17,4.85,N
15.17951,76.67063,310.72,1.11,1.05,2026-05-29,1544,Terra,MODIS,75,6.1NRT,295.22,6.17,N
22.82106,69.68188,311.29,1.26,1.12,2026-05-29,1544,Terra,MODIS,73,6.1NRT,298.87,11.48,N
22.59124,77.0496,312,1.42,1.18,2026-05-29,1544,Terra,MODIS,71,6.1NRT,301.18,9.04,N
22.29693,76.9724,311.07,1.39,1.17,2026-05-29,1544,Terra,MODIS,64,6.1NRT,300.88,7.25,N
21.69035,72.53098,312.19,1.01,1.01,2026-05-29,1544,Terra,MODIS,71,6.1NRT,299.13,6.58,N
22.24403,76.8734,314.95,1.37,1.16,2026-05-29,1544,Terra,MODIS,83,6.1NRT,302.33,11.12,N
22.23382,76.87474,313.17,1.37,1.16,2026-05-29,1544,Terra,MODIS,75,6.1NRT,302.32,8.86,N
21.10499,72.64117,324.81,1.01,1.01,2026-05-29,1544,Terra,MODIS,94,6.1NRT,300.62,0,N
20.79635,81.80376,307.94,3.02,1.65,2026-05-29,1544,Terra,MODIS,45,6.1NRT,295.86,21.17,N
20.79453,81.81049,308.9,3.02,1.65,2026-05-29,1544,Terra,MODIS,56,6.1NRT,295.73,25.98,N
33.0331,74.55748,305.5,1.36,1.16,2026-05-29,1548,Terra,MODIS,31,6.1NRT,292.29,7.29,N
32.88506,75.29992,304.58,1.5,1.21,2026-05-29,1548,Terra,MODIS,58,6.1NRT,289.17,12.12,N
33.02283,74.55816,309.74,1.36,1.16,2026-05-29,1548,Terra,MODIS,78,6.1NRT,293.23,11.52,N
33.04019,74.56903,302.83,1.65,1.26,2026-05-29,2227,Aqua,MODIS,48,6.1NRT,290.67,9.23,N
21.74816,83.84399,304.69,2.19,1.44,2026-05-29,2229,Aqua,MODIS,61,6.1NRT,289.42,14.18,N
20.97085,85.16995,302.31,2.87,1.62,2026-05-29,2229,Aqua,MODIS,27,6.1NRT,283.78,20.51,N
20.82681,81.82096,305.52,1.63,1.26,2026-05-29,2229,Aqua,MODIS,60,6.1NRT,293.15,9.03,N
21.78987,83.83941,303.88,2.19,1.43,2026-05-29,2229,Aqua,MODIS,57,6.1NRT,288.33,12.8,N
21.74884,83.85133,305.77,2.19,1.44,2026-05-29,2229,Aqua,MODIS,66,6.1NRT,288.79,16.16,N
23.26563,77.45102,307.82,1,1,2026-05-29,2229,Aqua,MODIS,72,6.1NRT,294.03,5.76,N
30.84668,75.2981,314.31,1.45,1.19,2026-05-30,0349,Terra,MODIS,19,6.1NRT,292.37,7.42,D
22.04475,76.74139,322.18,1.02,1.01,2026-05-30,0351,Terra,MODIS,51,6.1NRT,300.07,7.44,D
22.77909,77.42975,326.63,1,1,2026-05-30,0351,Terra,MODIS,66,6.1NRT,302.13,11.57,D
23.45731,72.01999,321.85,1.92,1.35,2026-05-30,0351,Terra,MODIS,67,6.1NRT,299.44,17.23,D
23.46325,72.0265,321.43,1.92,1.35,2026-05-30,0351,Terra,MODIS,67,6.1NRT,299.18,15.7,D
22.53084,80.03019,326.19,1.13,1.06,2026-05-30,0351,Terra,MODIS,70,6.1NRT,306.09,10.22,D
22.11334,82.85645,318.04,1.69,1.28,2026-05-30,0351,Terra,MODIS,30,6.1NRT,299.01,10.66,D
22.96449,78.01112,323.37,1,1,2026-05-30,0351,Terra,MODIS,59,6.1NRT,302.87,8.28,D
23.56684,75.37819,310.07,1.17,1.08,2026-05-30,0351,Terra,MODIS,46,6.1NRT,293.48,5.42,D
23.10466,80.09454,323.95,1.12,1.05,2026-05-30,0351,Terra,MODIS,65,6.1NRT,305.55,6.42,D
23.35608,78.87661,327.02,1.02,1.01,2026-05-30,0351,Terra,MODIS,68,6.1NRT,307.38,8.71,D
29.15889,79.30738,318.59,1,1,2026-05-30,0351,Terra,MODIS,55,6.1NRT,301.1,9.56,D
23.88226,75.71851,315.61,1.14,1.06,2026-05-30,0351,Terra,MODIS,70,6.1NRT,296.28,6.72,D
24.17836,76.49579,317.32,1.07,1.03,2026-05-30,0351,Terra,MODIS,64,6.1NRT,298.64,5.49,D
23.79801,78.87808,324.25,1.02,1.01,2026-05-30,0351,Terra,MODIS,49,6.1NRT,306.89,6.66,D
21.9327,81.17537,324.23,1.32,1.14,2026-05-30,0351,Terra,MODIS,66,6.1NRT,304.82,9.36,D
23.57046,78.29115,326.15,1,1,2026-05-30,0351,Terra,MODIS,66,6.1NRT,306.98,8.16,D
23.11071,79.51848,341.35,1.06,1.03,2026-05-30,0351,Terra,MODIS,88,6.1NRT,305.53,34.52,D
23.11225,79.50843,324.67,1.06,1.03,2026-05-30,0351,Terra,MODIS,66,6.1NRT,305.42,9.26,D
22.49191,76.57425,320.35,1.04,1.02,2026-05-30,0351,Terra,MODIS,71,6.1NRT,299.76,7.53,D
22.07851,76.96816,323.74,1.01,1.01,2026-05-30,0351,Terra,MODIS,65,6.1NRT,299.31,8.63,D
21.86828,78.31426,327.49,1.01,1.01,2026-05-30,0351,Terra,MODIS,71,6.1NRT,306.95,8.97,D
21.40938,81.2269,322.13,1.35,1.15,2026-05-30,0351,Terra,MODIS,52,6.1NRT,304.14,8.61,D
18.45366,79.37527,323.06,1.17,1.08,2026-05-30,0353,Terra,MODIS,58,6.1NRT,306.37,7.84,D
18.44918,79.34161,327.03,1.16,1.07,2026-05-30,0353,Terra,MODIS,71,6.1NRT,306.62,13.15,D
18.38207,79.58582,324.84,1.2,1.09,2026-05-30,0353,Terra,MODIS,68,6.1NRT,306.24,10.79,D
18.30581,79.94211,326.16,1.26,1.11,2026-05-30,0353,Terra,MODIS,71,6.1NRT,305.06,13.2,D
18.26536,80.00622,323.36,1.27,1.12,2026-05-30,0353,Terra,MODIS,64,6.1NRT,306.69,10.05,D
18.26447,79.99961,327.04,1.27,1.12,2026-05-30,0353,Terra,MODIS,72,6.1NRT,306.85,14.66,D
18.36828,79.26676,328.32,1.16,1.07,2026-05-30,0353,Terra,MODIS,74,6.1NRT,305.75,16.49,D
21.92398,76.61846,332.44,1.03,1.01,2026-05-30,0353,Terra,MODIS,80,6.1NRT,300.92,18.98,D
21.02393,82.1843,333.04,1.59,1.24,2026-05-30,0353,Terra,MODIS,82,6.1NRT,303.85,42.33,D
21.38136,79.62794,323.4,1.11,1.05,2026-05-30,0353,Terra,MODIS,57,6.1NRT,304.11,8.16,D
21.33131,79.23988,333.09,1.08,1.04,2026-05-30,0353,Terra,MODIS,78,6.1NRT,306.45,18.75,D
20.80834,81.81404,324.64,1.51,1.21,2026-05-30,0353,Terra,MODIS,69,6.1NRT,306.05,14.08,D
20.62246,79.92567,325.58,1.17,1.08,2026-05-30,0353,Terra,MODIS,48,6.1NRT,306.39,11.84,D
20.60684,80.02403,323.46,1.19,1.08,2026-05-30,0353,Terra,MODIS,57,6.1NRT,306.23,8.55,D
20.47946,80.36512,327.38,1.24,1.11,2026-05-30,0353,Terra,MODIS,68,6.1NRT,308.47,13.86,D
20.16857,79.52406,322.64,1.13,1.06,2026-05-30,0353,Terra,MODIS,34,6.1NRT,306.52,8.31,D
20.14676,79.54157,328.05,1.14,1.06,2026-05-30,0353,Terra,MODIS,66,6.1NRT,305.64,15.52,D
20.11201,79.10687,323.7,1.09,1.04,2026-05-30,0353,Terra,MODIS,56,6.1NRT,306.02,6.8,D
19.94818,79.27606,326.17,1.11,1.05,2026-05-30,0353,Terra,MODIS,61,6.1NRT,306.6,10.7,D
19.65948,80.03598,336.53,1.22,1.1,2026-05-30,0353,Terra,MODIS,84,6.1NRT,307.32,31.56,D
19.43456,78.57695,323.97,1.06,1.03,2026-05-30,0353,Terra,MODIS,56,6.1NRT,306.83,7.57,D
19.07807,80.05482,324.67,1.25,1.11,2026-05-30,0353,Terra,MODIS,67,6.1NRT,306.96,10.15,D
19.16459,78.27986,325.59,1.04,1.02,2026-05-30,0353,Terra,MODIS,66,6.1NRT,306.59,9.68,D
18.87077,80.00657,323.19,1.25,1.11,2026-05-30,0353,Terra,MODIS,65,6.1NRT,306.09,9.7,D
18.9772,79.14493,328.82,1.12,1.06,2026-05-30,0353,Terra,MODIS,73,6.1NRT,307.16,14.35,D
18.85401,79.17564,327.68,1.13,1.06,2026-05-30,0353,Terra,MODIS,71,6.1NRT,307.21,14.72,D
18.8855,78.78333,321.58,1.09,1.04,2026-05-30,0353,Terra,MODIS,49,6.1NRT,306.02,7.06,D
18.84996,79.0161,323.03,1.11,1.05,2026-05-30,0353,Terra,MODIS,58,6.1NRT,306.95,7.75,D
18.85328,78.93298,328.38,1.1,1.05,2026-05-30,0353,Terra,MODIS,72,6.1NRT,306.13,14.66,D
18.58722,79.85676,324.9,1.23,1.1,2026-05-30,0353,Terra,MODIS,62,6.1NRT,307.48,10.68,D
18.58541,79.86806,329.91,1.24,1.1,2026-05-30,0353,Terra,MODIS,77,6.1NRT,308.19,18.35,D
18.55877,79.91003,324.36,1.24,1.11,2026-05-30,0353,Terra,MODIS,68,6.1NRT,307.77,9.14,D
18.6043,79.3474,326.22,1.16,1.07,2026-05-30,0353,Terra,MODIS,66,6.1NRT,306.51,11.57,D
18.47095,80.06644,328.17,1.27,1.12,2026-05-30,0353,Terra,MODIS,70,6.1NRT,307.04,16.46,D
18.57948,79.32139,324.86,1.16,1.07,2026-05-30,0353,Terra,MODIS,66,6.1NRT,306.13,10.64,D
18.58009,79.25636,323.08,1.15,1.07,2026-05-30,0353,Terra,MODIS,57,6.1NRT,306.05,9.27,D
18.51686,79.50256,324.09,1.18,1.08,2026-05-30,0353,Terra,MODIS,65,6.1NRT,307,9.57,D
18.48179,79.66542,328.2,1.21,1.09,2026-05-30,0353,Terra,MODIS,74,6.1NRT,307.94,13.88,D
18.48942,79.55379,323.9,1.19,1.09,2026-05-30,0353,Terra,MODIS,65,6.1NRT,306.5,9.63,D
18.36665,79.27739,321.54,1.16,1.07,2026-05-30,0353,Terra,MODIS,56,6.1NRT,305.52,6.94,D
18.29893,79.4642,322.66,1.19,1.08,2026-05-30,0353,Terra,MODIS,61,6.1NRT,306.1,7.72,D
18.35756,78.96543,322.98,1.12,1.05,2026-05-30,0353,Terra,MODIS,57,6.1NRT,305.54,8.8,D
18.27288,79.22303,330.78,1.15,1.07,2026-05-30,0353,Terra,MODIS,78,6.1NRT,305.15,20.89,D
18.20735,79.64563,323.12,1.22,1.1,2026-05-30,0353,Terra,MODIS,65,6.1NRT,305.6,10.29,D
18.1925,79.55234,322.3,1.2,1.09,2026-05-30,0353,Terra,MODIS,62,6.1NRT,305.65,8.22,D
18.26016,78.27378,335.42,1.06,1.03,2026-05-30,0353,Terra,MODIS,82,6.1NRT,305.51,25.52,D
18.02318,78.55814,318.8,1.09,1.04,2026-05-30,0353,Terra,MODIS,31,6.1NRT,302.37,6.34,D
18.00735,78.294,321.79,1.06,1.03,2026-05-30,0353,Terra,MODIS,59,6.1NRT,301.85,9.35,D
17.57709,79.74426,322.88,1.25,1.11,2026-05-30,0353,Terra,MODIS,67,6.1NRT,303.08,9.2,D
17.24008,79.85239,319.22,1.29,1.13,2026-05-30,0353,Terra,MODIS,45,6.1NRT,293.24,7.79,D
17.36174,78.7641,319.79,1.12,1.06,2026-05-30,0353,Terra,MODIS,57,6.1NRT,300.73,8.21,D
17.0262,79.77961,317.31,1.28,1.12,2026-05-30,0353,Terra,MODIS,42,6.1NRT,288.71,8.08,D
17.38997,74.6393,322.49,1.1,1.05,2026-05-30,0353,Terra,MODIS,60,6.1NRT,306.16,9.46,D
17.38865,74.64943,319.9,1.1,1.05,2026-05-30,0353,Terra,MODIS,54,6.1NRT,304.71,6.31,D
12.30585,78.42145,309.41,1.24,1.11,2026-05-30,0355,Terra,MODIS,39,6.1NRT,292.84,5.66,D
9.38428,77.38847,308.55,1.18,1.08,2026-05-30,0357,Terra,MODIS,49,6.1NRT,279.1,8.84,D
18.25391,79.27868,327.16,3.32,1.72,2026-05-30,0922,Aqua,MODIS,75,6.1NRT,303.17,54.55,D
18.2534,79.27194,328.25,3.32,1.72,2026-05-30,0922,Aqua,MODIS,76,6.1NRT,303.25,62.37,D
18.5582,79.49235,326.93,3.14,1.68,2026-05-30,0922,Aqua,MODIS,60,6.1NRT,299.51,54.21,D
18.55905,79.48764,328.36,3.14,1.68,2026-05-30,0922,Aqua,MODIS,71,6.1NRT,300.21,63.56,D
19.79209,79.56777,328.58,2.91,1.63,2026-05-30,0922,Aqua,MODIS,73,6.1NRT,304.19,52.34,D
19.79646,79.56021,335.69,2.91,1.63,2026-05-30,0922,Aqua,MODIS,82,6.1NRT,304.49,100.33,D
20.02343,80.58339,331.25,2.41,1.5,2026-05-30,0922,Aqua,MODIS,77,6.1NRT,305.4,48.28,D
21.77436,83.83501,322.14,1.31,1.13,2026-05-30,0922,Aqua,MODIS,65,6.1NRT,296.77,11.38,D
21.03062,82.00486,332.76,1.79,1.31,2026-05-30,0922,Aqua,MODIS,79,6.1NRT,297.41,39.43,D
17.14676,81.07821,306.96,2.54,1.53,2026-05-30,0922,Aqua,MODIS,30,6.1NRT,276.37,13.78,D
23.73,86.43037,309.5,1,1,2026-05-30,0924,Aqua,MODIS,39,6.1NRT,286.98,4.43,D
23.6446,85.43882,312.67,1.05,1.02,2026-05-30,0924,Aqua,MODIS,61,6.1NRT,294.68,6.31,D
21.93946,83.2373,326.59,1.41,1.18,2026-05-30,0924,Aqua,MODIS,69,6.1NRT,304.1,13.22,D
21.89824,82.88369,332.38,1.49,1.21,2026-05-30,0924,Aqua,MODIS,78,6.1NRT,304.11,26.35,D
23.75597,86.39967,312.72,1,1,2026-05-30,0924,Aqua,MODIS,24,6.1NRT,291.74,5.99,D
23.62803,86.28914,303.54,1.04,1.02,2026-05-30,1446,Terra,MODIS,56,6.1NRT,291.41,4.09,N
20.94868,86.04453,302.68,1.12,1.05,2026-05-30,1446,Terra,MODIS,51,6.1NRT,282.12,5.13,N
23.68085,86.40094,304,1.03,1.02,2026-05-30,1446,Terra,MODIS,58,6.1NRT,291.15,4.19,N
23.69097,87.11787,301.55,1,1,2026-05-30,1446,Terra,MODIS,30,6.1NRT,281.62,3.74,N
22.86802,79.68232,303.98,2.74,1.58,2026-05-30,1446,Terra,MODIS,24,6.1NRT,289.89,10.7,N
22.86217,79.68887,302.71,2.74,1.58,2026-05-30,1446,Terra,MODIS,3,6.1NRT,288.43,6.3,N
23.78276,86.20909,308.88,1.04,1.02,2026-05-30,1446,Terra,MODIS,76,6.1NRT,292.2,7.72,N
23.64877,85.43357,307.06,1.11,1.05,2026-05-30,1446,Terra,MODIS,70,6.1NRT,294.07,6.64,N
23.78039,86.38731,308.78,1.03,1.01,2026-05-30,1446,Terra,MODIS,62,6.1NRT,292.07,6.13,N
23.76405,86.40021,312.66,1.03,1.01,2026-05-30,1446,Terra,MODIS,82,6.1NRT,292.65,8.75,N
23.7417,86.43427,305.15,1.03,1.01,2026-05-30,1446,Terra,MODIS,28,6.1NRT,291.13,4.01,N
21.10902,72.63656,307.85,1.69,1.28,2026-05-30,2309,Aqua,MODIS,73,6.1NRT,295.87,11.9,N
20.96745,85.17828,319,2.37,1.49,2026-05-31,0253,Terra,MODIS,55,6.1NRT,294.5,33.13,D
21.85862,70.48859,323.8,1.18,1.08,2026-05-31,0432,Terra,MODIS,64,6.1NRT,298.01,14.44,D
23.43678,68.94768,323.67,1.02,1.01,2026-05-31,0432,Terra,MODIS,55,6.1NRT,304.74,11.08,D
23.05625,69.75784,321.89,1.07,1.03,2026-05-31,0432,Terra,MODIS,56,6.1NRT,302.26,12.82,D
23.01305,69.12812,319.21,1.03,1.01,2026-05-31,0432,Terra,MODIS,57,6.1NRT,303.19,6.99,D
20.98373,73.14376,319.08,1.81,1.32,2026-05-31,0432,Terra,MODIS,55,6.1NRT,299.69,18.54,D
17.13531,79.87829,330.75,1.03,1.01,2026-05-31,0958,Aqua,MODIS,72,6.1NRT,309.53,10.76,D
16.36411,78.8165,325.87,1,1,2026-05-31,0958,Aqua,MODIS,62,6.1NRT,308.82,8.84,D
15.91251,80.04468,327.26,1.02,1.01,2026-05-31,0958,Aqua,MODIS,77,6.1NRT,306.09,9.54,D
15.91383,80.05391,331,1.02,1.01,2026-05-31,0958,Aqua,MODIS,82,6.1NRT,305.36,14.24,D
14.29566,79.93234,343.82,1,1,2026-05-31,0958,Aqua,MODIS,90,6.1NRT,301.75,38.01,D
14.07423,79.98814,322.55,1,1,2026-05-31,0958,Aqua,MODIS,58,6.1NRT,303.25,6.36,D
13.69963,79.83284,323.47,1,1,2026-05-31,0958,Aqua,MODIS,61,6.1NRT,303.59,7.62,D
13.19886,79.93166,326.99,1,1,2026-05-31,0958,Aqua,MODIS,74,6.1NRT,302.12,12,D
12.99344,80.00056,335.96,1,1,2026-05-31,0958,Aqua,MODIS,84,6.1NRT,300.87,25.85,D
12.76428,80.00275,321.15,1,1,2026-05-31,0958,Aqua,MODIS,44,6.1NRT,301.55,5.56,D
12.69984,79.68556,324.53,1,1,2026-05-31,0958,Aqua,MODIS,65,6.1NRT,302.98,5.3,D
12.44298,79.57997,327.48,1,1,2026-05-31,0958,Aqua,MODIS,72,6.1NRT,304.19,9.14,D
12.4443,79.58887,328.99,1,1,2026-05-31,0958,Aqua,MODIS,75,6.1NRT,304.08,10.71,D
12.38316,79.80473,324.46,1,1,2026-05-31,0958,Aqua,MODIS,52,6.1NRT,303.58,5.97,D
16.44745,78.2199,323.38,1.02,1.01,2026-05-31,0958,Aqua,MODIS,42,6.1NRT,307.4,6.69,D
16.44607,78.21073,323.72,1.02,1.01,2026-05-31,0958,Aqua,MODIS,47,6.1NRT,307.72,7.23,D
16.99697,82.05686,322.72,1.27,1.12,2026-05-31,0958,Aqua,MODIS,66,6.1NRT,301.76,11.67,D
16.58884,78.2877,327.26,1.01,1.01,2026-05-31,0958,Aqua,MODIS,63,6.1NRT,310.02,9.97,D
16.94744,79.91991,326.29,1.03,1.01,2026-05-31,0958,Aqua,MODIS,58,6.1NRT,307.87,6.88,D
16.72468,78.33368,330.19,1.01,1.01,2026-05-31,0958,Aqua,MODIS,70,6.1NRT,309.7,12.13,D
17.10889,80.6804,323.2,1.09,1.04,2026-05-31,0958,Aqua,MODIS,53,6.1NRT,304.45,9.79,D
17.06025,80.26228,343.17,1.05,1.02,2026-05-31,0958,Aqua,MODIS,88,6.1NRT,307.61,35.81,D
17.06787,80.05805,328.95,1.04,1.02,2026-05-31,0958,Aqua,MODIS,69,6.1NRT,308.21,11.85,D
16.99327,82.05252,325.85,1.27,1.12,2026-05-31,0958,Aqua,MODIS,73,6.1NRT,301.53,15.75,D
15.71411,73.84335,323.09,1.81,1.32,2026-05-31,0958,Aqua,MODIS,67,6.1NRT,300.4,24.99,D
16.82552,82.00053,323.19,1.26,1.11,2026-05-31,0958,Aqua,MODIS,63,6.1NRT,302.04,10.44,D
17.25586,77.56575,326.14,1.04,1.02,2026-05-31,0958,Aqua,MODIS,42,6.1NRT,305.52,7.79,D
17.47818,79.62912,329.58,1.02,1.01,2026-05-31,0958,Aqua,MODIS,69,6.1NRT,310.77,9.54,D
17.4487,79.54876,332.76,1.02,1.01,2026-05-31,0958,Aqua,MODIS,72,6.1NRT,307.74,16.57,D
17.34726,79.55248,329.52,1.01,1.01,2026-05-31,0958,Aqua,MODIS,48,6.1NRT,310.89,9.91,D
17.26302,79.92252,327.85,1.03,1.01,2026-05-31,0958,Aqua,MODIS,64,6.1NRT,308.87,9.49,D
12.17606,79.59469,329.26,1,1,2026-05-31,0958,Aqua,MODIS,74,6.1NRT,301.28,12.9,D
12.17738,79.60358,331.6,1,1,2026-05-31,0958,Aqua,MODIS,74,6.1NRT,303.25,16.16,D
12.16865,79.60495,326.98,1,1,2026-05-31,0958,Aqua,MODIS,47,6.1NRT,302.79,10.16,D
11.69995,78.64562,321.07,1.06,1.03,2026-05-31,0958,Aqua,MODIS,63,6.1NRT,297.5,13.49,D
17.2526,79.93072,331.75,1.03,1.01,2026-05-31,0958,Aqua,MODIS,70,6.1NRT,308.85,13.62,D
17.20571,79.72867,334.94,1.02,1.01,2026-05-31,0958,Aqua,MODIS,77,6.1NRT,311.63,16.78,D
17.14422,79.5499,325.87,1.01,1.01,2026-05-31,0958,Aqua,MODIS,48,6.1NRT,307.97,6.55,D
17.97844,78.11549,325.03,1.01,1,2026-05-31,1000,Aqua,MODIS,36,6.1NRT,306.43,8.25,D
18.25475,79.95789,332.14,1.05,1.02,2026-05-31,1000,Aqua,MODIS,72,6.1NRT,307.63,13.03,D
18.40153,80.28629,330.85,1.08,1.04,2026-05-31,1000,Aqua,MODIS,36,6.1NRT,308.49,18.55,D
18.35375,79.73578,330.5,1.04,1.02,2026-05-31,1000,Aqua,MODIS,59,6.1NRT,307.56,13.71,D
18.36955,79.46475,357.72,1.02,1.01,2026-05-31,1000,Aqua,MODIS,98,6.1NRT,311.1,60.84,D
18.36822,79.45544,344.1,1.02,1.01,2026-05-31,1000,Aqua,MODIS,89,6.1NRT,311.07,30.56,D
18.42641,79.53606,331.2,1.02,1.01,2026-05-31,1000,Aqua,MODIS,73,6.1NRT,309.09,10.72,D
18.41848,79.47997,328.44,1.02,1.01,2026-05-31,1000,Aqua,MODIS,66,6.1NRT,309.41,6.91,D
18.45368,79.47438,332.04,1.02,1.01,2026-05-31,1000,Aqua,MODIS,74,6.1NRT,309.55,12.02,D
21.7569,81.74052,327.12,1.41,1.17,2026-05-31,1000,Aqua,MODIS,46,6.1NRT,305.44,15.44,D
21.82154,82.78207,328.81,1.66,1.27,2026-05-31,1000,Aqua,MODIS,68,6.1NRT,307.53,16.12,D
21.78832,82.78656,328.36,1.66,1.27,2026-05-31,1000,Aqua,MODIS,70,6.1NRT,308.23,12.38,D
21.37857,79.59244,331.89,1.08,1.04,2026-05-31,1000,Aqua,MODIS,72,6.1NRT,312.31,10.15,D
21.77131,83.83228,322.2,1.98,1.37,2026-05-31,1000,Aqua,MODIS,52,6.1NRT,304.74,21.17,D
21.05721,81.05648,328.71,1.25,1.11,2026-05-31,1000,Aqua,MODIS,42,6.1NRT,307.33,12.75,D
21.02596,80.96689,330.9,1.24,1.1,2026-05-31,1000,Aqua,MODIS,72,6.1NRT,311.17,11.49,D
20.877,79.97668,334.8,1.1,1.05,2026-05-31,1000,Aqua,MODIS,77,6.1NRT,310.69,20.57,D
20.87837,79.98692,347.38,1.1,1.05,2026-05-31,1000,Aqua,MODIS,91,6.1NRT,310.77,44.98,D
20.38709,76.6651,328.79,1.05,1.03,2026-05-31,1000,Aqua,MODIS,58,6.1NRT,310.97,8.15,D
20.77463,81.97517,326.82,1.41,1.18,2026-05-31,1000,Aqua,MODIS,23,6.1NRT,307.69,11.84,D
20.49413,80.41577,330.35,1.14,1.06,2026-05-31,1000,Aqua,MODIS,68,6.1NRT,312.37,13.18,D
20.64664,82.08614,333.61,1.43,1.18,2026-05-31,1000,Aqua,MODIS,70,6.1NRT,306.2,30.53,D
20.96437,85.15403,326.89,2.44,1.51,2026-05-31,1000,Aqua,MODIS,57,6.1NRT,302.99,41.84,D
19.76653,77.57757,331.55,1.01,1.01,2026-05-31,1000,Aqua,MODIS,68,6.1NRT,310.82,11.29,D
19.8061,78.08228,336.39,1,1,2026-05-31,1000,Aqua,MODIS,80,6.1NRT,314.38,13.46,D
19.84754,79.40132,343.42,1.04,1.02,2026-05-31,1000,Aqua,MODIS,88,6.1NRT,309.17,33.68,D
19.84888,79.41084,343.13,1.04,1.02,2026-05-31,1000,Aqua,MODIS,88,6.1NRT,307.02,33.61,D
19.62757,80.01061,332.28,1.08,1.04,2026-05-31,1000,Aqua,MODIS,77,6.1NRT,310.3,12.64,D
18.27783,73.191,322,1.81,1.32,2026-05-31,1000,Aqua,MODIS,53,6.1NRT,301.6,16.38,D
18.94955,78.04605,328.94,1,1,2026-05-31,1000,Aqua,MODIS,45,6.1NRT,307.58,9.89,D
17.98054,73.2864,321.78,1.8,1.32,2026-05-31,1000,Aqua,MODIS,50,6.1NRT,303.31,18.2,D
18.88574,79.98473,330.65,1.06,1.03,2026-05-31,1000,Aqua,MODIS,75,6.1NRT,307.34,11.97,D
18.88708,79.99443,327.82,1.06,1.03,2026-05-31,1000,Aqua,MODIS,56,6.1NRT,307.16,8.57,D
18.77743,79.80039,330.4,1.05,1.02,2026-05-31,1000,Aqua,MODIS,62,6.1NRT,310.54,8.31,D
18.60522,79.30463,330.75,1.02,1.01,2026-05-31,1000,Aqua,MODIS,55,6.1NRT,309.42,11.27,D
18.60655,79.31393,331.5,1.02,1.01,2026-05-31,1000,Aqua,MODIS,47,6.1NRT,309.53,11.72,D
18.11738,79.58073,328.53,1.02,1.01,2026-05-31,1000,Aqua,MODIS,53,6.1NRT,308.41,8.46,D
18.07456,79.407,328.95,1.02,1.01,2026-05-31,1000,Aqua,MODIS,67,6.1NRT,303.96,14.98,D
18.70939,80.04426,329.99,1.06,1.03,2026-05-31,1000,Aqua,MODIS,61,6.1NRT,311.7,10.26,D
18.10817,79.8995,333.23,1.04,1.02,2026-05-31,1000,Aqua,MODIS,59,6.1NRT,309.94,15.26,D
17.69332,78.06889,323.67,1.01,1.01,2026-05-31,1000,Aqua,MODIS,27,6.1NRT,305.74,6.99,D
18.60175,79.3432,330.85,1.02,1.01,2026-05-31,1000,Aqua,MODIS,72,6.1NRT,309.92,11.22,D
18.60647,79.89812,337.42,1.05,1.02,2026-05-31,1000,Aqua,MODIS,74,6.1NRT,310.85,21.29,D
18.44023,79.04397,330.14,1.01,1,2026-05-31,1000,Aqua,MODIS,70,6.1NRT,306.12,11.65,D
18.47635,79.35938,339.19,1.02,1.01,2026-05-31,1000,Aqua,MODIS,84,6.1NRT,310.17,23.7,D
18.47767,79.36867,334.67,1.02,1.01,2026-05-31,1000,Aqua,MODIS,78,6.1NRT,308.24,16.38,D
18.58135,80.18624,329.78,1.07,1.03,2026-05-31,1000,Aqua,MODIS,62,6.1NRT,310.85,13.27,D
18.45797,79.37848,339.67,1.02,1.01,2026-05-31,1000,Aqua,MODIS,84,6.1NRT,309.63,23.92,D
18.16771,79.47095,330.25,1.02,1.01,2026-05-31,1000,Aqua,MODIS,66,6.1NRT,308.88,10.74,D
18.16639,79.46166,328.52,1.02,1.01,2026-05-31,1000,Aqua,MODIS,60,6.1NRT,308.65,8.44,D
18.24718,79.96882,328.61,1.05,1.02,2026-05-31,1000,Aqua,MODIS,61,6.1NRT,308.63,7.97,D
18.18978,79.5627,325.36,1.02,1.01,2026-05-31,1000,Aqua,MODIS,24,6.1NRT,305.8,4,D
18.18845,79.55336,360.82,1.02,1.01,2026-05-31,1000,Aqua,MODIS,100,6.1NRT,308.99,71.81,D
21.33727,75.02428,330.14,1.21,1.09,2026-05-31,1002,Aqua,MODIS,72,6.1NRT,309.25,12.67,D
22.84627,76.87302,328.84,1.01,1,2026-05-31,1002,Aqua,MODIS,22,6.1NRT,310.63,9.65,D
21.45581,75.06459,328.74,1.2,1.09,2026-05-31,1002,Aqua,MODIS,69,6.1NRT,309.57,10.16,D
31.19736,75.70839,320.1,1,1,2026-05-31,1004,Aqua,MODIS,67,6.1NRT,302.08,8.47,D
20.97503,81.91351,307.36,1.33,1.14,2026-05-31,1524,Terra,MODIS,27,6.1NRT,294.01,9.4,N
21.05351,82.1548,311.55,1.38,1.16,2026-05-31,1524,Terra,MODIS,51,6.1NRT,278.81,21.99,N
21.74038,83.83926,309.27,1.85,1.33,2026-05-31,1524,Terra,MODIS,77,6.1NRT,296.86,12.75,N
21.75211,83.83792,306.71,1.85,1.33,2026-05-31,1524,Terra,MODIS,34,6.1NRT,296.05,7.74,N
21.78293,83.82739,312.08,1.85,1.33,2026-05-31,1524,Terra,MODIS,84,6.1NRT,297.67,18.39,N
21.62816,81.48923,312.83,1.28,1.12,2026-05-31,1524,Terra,MODIS,86,6.1NRT,297.35,10.32,N
21.54306,80.46968,308.27,1.13,1.06,2026-05-31,1524,Terra,MODIS,74,6.1NRT,295.01,5.6,N
22.03819,83.731,310.28,1.83,1.33,2026-05-31,1524,Terra,MODIS,76,6.1NRT,296.39,14.91,N
21.84356,78.25885,312.03,1,1,2026-05-31,1524,Terra,MODIS,80,6.1NRT,296.14,8.34,N
21.95647,78.76145,307.07,1.01,1,2026-05-31,1524,Terra,MODIS,70,6.1NRT,296.55,4.07,N
21.93291,78.23854,307.43,1,1,2026-05-31,1524,Terra,MODIS,62,6.1NRT,295.32,5.72,N
21.10259,72.64614,323.78,1.85,1.33,2026-05-31,1524,Terra,MODIS,100,6.1NRT,296.92,42.89,N
22.08352,78.05777,310.18,1,1,2026-05-31,1524,Terra,MODIS,77,6.1NRT,297.96,6.65,N
22.0337,77.70012,307.77,1,1,2026-05-31,1524,Terra,MODIS,66,6.1NRT,297.47,4.59,N
22.57103,79.22974,309.37,1.04,1.02,2026-05-31,1524,Terra,MODIS,77,6.1NRT,295.36,6.74,N
22.51311,77.31747,309.56,1.01,1.01,2026-05-31,1524,Terra,MODIS,68,6.1NRT,297.51,6.13,N
23.19975,78.54761,307.28,1.01,1.01,2026-05-31,1524,Terra,MODIS,71,6.1NRT,297.14,4.28,N
23.59468,78.88721,309.57,1.03,1.02,2026-05-31,1524,Terra,MODIS,73,6.1NRT,297.44,5.75,N
23.67127,78.76896,314,1.03,1.01,2026-05-31,1524,Terra,MODIS,85,6.1NRT,297.87,8.77,N
23.81695,78.54456,309.6,1.02,1.01,2026-05-31,1524,Terra,MODIS,40,6.1NRT,298.97,5.27,N
23.85001,78.65862,310.24,1.02,1.01,2026-05-31,1524,Terra,MODIS,69,6.1NRT,298.94,5.18,N
23.77765,77.50675,313.41,1,1,2026-05-31,1524,Terra,MODIS,82,6.1NRT,297.65,8.94,N
21.54173,80.45908,310.68,1.13,1.06,2026-05-31,1524,Terra,MODIS,81,6.1NRT,294.56,8.08,N
20.96804,85.18015,315.44,2.28,1.46,2026-05-31,1524,Terra,MODIS,82,6.1NRT,298.4,31.64,N
20.96589,85.15891,313.49,2.27,1.46,2026-05-31,1524,Terra,MODIS,59,6.1NRT,297.75,26.45,N
20.9899,82.03937,326.25,1.36,1.15,2026-05-31,1524,Terra,MODIS,91,6.1NRT,298.12,33.44,N
15.17446,76.65868,310.72,1.24,1.11,2026-05-31,1524,Terra,MODIS,72,6.1NRT,298.51,7,N
17.22578,76.3026,310.26,1.22,1.1,2026-05-31,1524,Terra,MODIS,80,6.1NRT,298.11,7.15,N
18.1022,79.9027,320.35,1.02,1.01,2026-05-31,1524,Terra,MODIS,0,6.1NRT,290.95,17.79,N
18.12951,79.48397,308.54,1.01,1,2026-05-31,1524,Terra,MODIS,75,6.1NRT,297.59,4.27,N
17.34137,73.45213,305.4,1.9,1.35,2026-05-31,1524,Terra,MODIS,39,6.1NRT,292.93,13.44,N
18.57886,79.88768,309.73,1.03,1.01,2026-05-31,1524,Terra,MODIS,28,6.1NRT,291.55,7.46,N
18.62852,79.17029,306.73,1,1,2026-05-31,1524,Terra,MODIS,69,6.1NRT,295.76,4.45,N
18.83545,78.98801,309.28,1,1,2026-05-31,1524,Terra,MODIS,73,6.1NRT,298.16,5.14,N
25.36468,77.10736,307.61,1,1,2026-05-31,1526,Terra,MODIS,64,6.1NRT,295.14,5.56,N
29.19332,75.66704,307.2,1.01,1.01,2026-05-31,1526,Terra,MODIS,70,6.1NRT,295.83,5,N
23.69297,87.12861,304.97,1.37,1.16,2026-05-31,2208,Aqua,MODIS,58,6.1NRT,294.78,6.52,N
23.76673,86.40069,309.3,1.24,1.11,2026-05-31,2208,Aqua,MODIS,71,6.1NRT,295.82,8.52,N
21.78158,83.8418,305.69,1.03,1.01,2026-05-31,2208,Aqua,MODIS,64,6.1NRT,295,4.09,N
23.78862,86.21366,304.66,1.21,1.1,2026-05-31,2208,Aqua,MODIS,51,6.1NRT,294.62,5.09,N
23.77912,86.21179,306.99,1.21,1.1,2026-05-31,2208,Aqua,MODIS,70,6.1NRT,295.39,7.34,N
23.6841,86.40179,310.01,1.25,1.11,2026-05-31,2208,Aqua,MODIS,78,6.1NRT,295.87,10.62,N
23.1682,82.34165,307.58,1.02,1.01,2026-05-31,2208,Aqua,MODIS,72,6.1NRT,293.6,6.87,N
22.35872,82.3061,305.57,1.01,1,2026-05-31,2208,Aqua,MODIS,65,6.1NRT,294.67,4.9,N
22.04157,83.72971,309.77,1.02,1.01,2026-05-31,2208,Aqua,MODIS,71,6.1NRT,295.61,6.51,N
22.04008,83.73923,307.12,1.02,1.01,2026-05-31,2208,Aqua,MODIS,33,6.1NRT,296.06,4.63,N
21.92325,83.35674,308.62,1.01,1,2026-05-31,2208,Aqua,MODIS,75,6.1NRT,295.17,6.2,N
21.75362,83.84666,311.61,1.03,1.01,2026-05-31,2208,Aqua,MODIS,83,6.1NRT,296.27,7.88,N
21.78309,83.83221,311.74,1.03,1.01,2026-05-31,2208,Aqua,MODIS,83,6.1NRT,295.09,8.37,N
21.7448,83.84508,315.6,1.03,1.01,2026-05-31,2208,Aqua,MODIS,91,6.1NRT,296.47,11.25,N
21.75159,83.97476,306.76,1.04,1.02,2026-05-31,2208,Aqua,MODIS,68,6.1NRT,296.35,4.91,N
20.96876,85.19657,308.12,1.17,1.08,2026-05-31,2210,Aqua,MODIS,47,6.1NRT,297.4,6.52,N
20.80258,85.2545,306.46,1.19,1.08,2026-05-31,2210,Aqua,MODIS,44,6.1NRT,296.41,5.65,N
20.97238,85.1749,322.2,1.17,1.08,2026-05-31,2210,Aqua,MODIS,100,6.1NRT,298.58,20.24,N
20.97057,85.18571,316.01,1.17,1.08,2026-05-31,2210,Aqua,MODIS,89,6.1NRT,297.93,13.48,N
21.54272,83.26331,319.55,1.01,1.01,2026-06-01,0332,Terra,MODIS,62,6.1NRT,301.11,6.57,D
20.95245,85.01321,320,1.17,1.08,2026-06-01,0332,Terra,MODIS,53,6.1NRT,302.37,8.52,D
20.95842,85.19045,324.75,1.2,1.09,2026-06-01,0332,Terra,MODIS,74,6.1NRT,304.31,14.93,D
20.96023,85.17924,324.35,1.2,1.09,2026-06-01,0332,Terra,MODIS,63,6.1NRT,304.67,13,D
20.96202,85.16814,326.27,1.2,1.09,2026-06-01,0332,Terra,MODIS,56,6.1NRT,304.37,15.04,D
20.96974,85.18095,325.82,1.2,1.09,2026-06-01,0332,Terra,MODIS,42,6.1NRT,302.79,14.3,D
20.97152,85.16988,326.49,1.2,1.09,2026-06-01,0332,Terra,MODIS,36,6.1NRT,303.33,14.75,D
20.97685,85.13663,322.31,1.19,1.09,2026-06-01,0332,Terra,MODIS,50,6.1NRT,302.17,10.25,D
21.29155,83.08691,320.67,1.01,1,2026-06-01,0332,Terra,MODIS,67,6.1NRT,301.97,6.49,D
21.34616,82.83592,322.78,1,1,2026-06-01,0332,Terra,MODIS,71,6.1NRT,300.8,9.47,D
21.074,85.04718,320.16,1.17,1.08,2026-06-01,0332,Terra,MODIS,64,6.1NRT,303.16,9.06,D
21.07574,85.03629,322.03,1.17,1.08,2026-06-01,0332,Terra,MODIS,69,6.1NRT,303.82,11.19,D
20.95071,86.05509,320,1.34,1.15,2026-06-01,0332,Terra,MODIS,62,6.1NRT,301.76,12.54,D
20.96683,86.01957,319.9,1.34,1.15,2026-06-01,0332,Terra,MODIS,64,6.1NRT,303,13.52,D
21.61309,83.29063,323.51,1.01,1.01,2026-06-01,0332,Terra,MODIS,70,6.1NRT,301.8,8.36,D
21.67552,84.04034,319.31,1.05,1.03,2026-06-01,0332,Terra,MODIS,62,6.1NRT,301.72,6.83,D
21.74216,83.8464,324.52,1.04,1.02,2026-06-01,0332,Terra,MODIS,73,6.1NRT,301.13,12.07,D
21.74979,83.97812,320.85,1.05,1.02,2026-06-01,0332,Terra,MODIS,66,6.1NRT,302.4,7.31,D
21.88342,83.07625,321.46,1.01,1,2026-06-01,0332,Terra,MODIS,66,6.1NRT,302.66,6.06,D
21.78076,83.83298,327.81,1.04,1.02,2026-06-01,0332,Terra,MODIS,77,6.1NRT,300.67,17.26,D
22.03611,83.73583,321.66,1.03,1.01,2026-06-01,0332,Terra,MODIS,45,6.1NRT,301.52,6.8,D
22.50322,80.3631,325.5,1.14,1.07,2026-06-01,0332,Terra,MODIS,61,6.1NRT,308.29,8.01,D
21.9283,85.21965,313.82,1.17,1.08,2026-06-01,0332,Terra,MODIS,45,6.1NRT,300.53,7.17,D
22.20537,84.86018,316.72,1.12,1.05,2026-06-01,0332,Terra,MODIS,53,6.1NRT,299.12,6.3,D
23.64311,85.43803,315.09,1.14,1.07,2026-06-01,0332,Terra,MODIS,53,6.1NRT,300.53,6.64,D
25.00967,75.24727,320.76,2.73,1.58,2026-06-01,0332,Terra,MODIS,56,6.1NRT,299.12,30.2,D
25.01719,75.22841,323.75,2.74,1.58,2026-06-01,0332,Terra,MODIS,39,6.1NRT,299.13,41.09,D
23.7766,86.214,318.29,1.24,1.11,2026-06-01,0332,Terra,MODIS,65,6.1NRT,300.6,10.95,D
23.76471,86.40875,317.22,1.28,1.12,2026-06-01,0332,Terra,MODIS,28,6.1NRT,300.5,7.72,D
23.79409,86.35232,317.82,1.27,1.12,2026-06-01,0332,Terra,MODIS,44,6.1NRT,301.76,8.95,D
24.82283,83.8243,317.36,1.01,1,2026-06-01,0332,Terra,MODIS,38,6.1NRT,297.95,6.97,D
21.06819,81.06166,321.89,1.05,1.02,2026-06-01,0334,Terra,MODIS,62,6.1NRT,301.54,7.68,D
20.76421,81.19624,321.57,1.03,1.02,2026-06-01,0334,Terra,MODIS,54,6.1NRT,301.63,5.75,D
20.79281,85.25224,320.11,1.21,1.1,2026-06-01,0334,Terra,MODIS,63,6.1NRT,302.8,8.36,D
20.88544,79.99677,330,1.15,1.07,2026-06-01,0334,Terra,MODIS,76,6.1NRT,305.64,15.67,D
20.73594,79.95198,320.5,1.15,1.07,2026-06-01,0334,Terra,MODIS,43,6.1NRT,302.78,9.2,D
20.49243,81.50356,319.89,1.02,1.01,2026-06-01,0334,Terra,MODIS,59,6.1NRT,301.62,6.58,D
20.61272,80.04736,328.46,1.13,1.06,2026-06-01,0334,Terra,MODIS,68,6.1NRT,305.25,15.16,D
20.40269,81.34187,329.48,1.02,1.01,2026-06-01,0334,Terra,MODIS,78,6.1NRT,302.46,16.11,D
20.40138,81.35138,322.26,1.02,1.01,2026-06-01,0334,Terra,MODIS,64,6.1NRT,302.77,7.71,D
20.51291,79.69179,338.92,1.18,1.08,2026-06-01,0334,Terra,MODIS,85,6.1NRT,303.85,36.78,D
20.00638,80.66969,323.61,1.06,1.03,2026-06-01,0334,Terra,MODIS,71,6.1NRT,303.96,8.26,D
19.48885,81.68356,315.06,1,1,2026-06-01,0334,Terra,MODIS,42,6.1NRT,300.1,5.6,D
19.25806,80.48043,318.43,1.06,1.03,2026-06-01,0334,Terra,MODIS,60,6.1NRT,301.95,7.3,D
19.08412,80.06086,323.29,1.1,1.04,2026-06-01,0334,Terra,MODIS,60,6.1NRT,303.11,8.6,D
19.40944,77.20551,324.74,1.63,1.26,2026-06-01,0334,Terra,MODIS,68,6.1NRT,304.56,15.68,D
18.77519,78.67007,323.86,1.28,1.12,2026-06-01,0334,Terra,MODIS,64,6.1NRT,303.6,9.26,D
18.78534,78.33983,322.72,1.34,1.15,2026-06-01,0334,Terra,MODIS,61,6.1NRT,303.55,10.24,D
18.53173,79.70539,326.26,1.12,1.06,2026-06-01,0334,Terra,MODIS,73,6.1NRT,303.65,11.83,D
18.37409,79.57571,323.82,1.13,1.06,2026-06-01,0334,Terra,MODIS,63,6.1NRT,304.02,9.03,D
18.29946,80.00172,335.66,1.09,1.04,2026-06-01,0334,Terra,MODIS,85,6.1NRT,304.58,25.96,D
18.29822,79.94022,332.17,1.09,1.04,2026-06-01,0334,Terra,MODIS,81,6.1NRT,305.31,17.8,D
18.28829,79.67329,324.14,1.12,1.05,2026-06-01,0334,Terra,MODIS,69,6.1NRT,304.55,8.08,D
18.28207,79.5032,325.75,1.14,1.06,2026-06-01,0334,Terra,MODIS,71,6.1NRT,303.36,10.91,D
18.23474,79.59667,323.44,1.13,1.06,2026-06-01,0334,Terra,MODIS,68,6.1NRT,303.22,7.94,D
18.22875,79.42557,329.67,1.15,1.07,2026-06-01,0334,Terra,MODIS,77,6.1NRT,304.37,15.55,D
18.21937,79.42427,324.18,1.15,1.07,2026-06-01,0334,Terra,MODIS,62,6.1NRT,303.27,8.6,D
18.1549,79.50497,334.52,1.14,1.06,2026-06-01,0334,Terra,MODIS,83,6.1NRT,303.47,23.38,D
18.15351,79.5154,325.06,1.13,1.06,2026-06-01,0334,Terra,MODIS,68,6.1NRT,303.47,9.52,D
17.6977,79.41047,324.14,1.14,1.06,2026-06-01,0334,Terra,MODIS,70,6.1NRT,304.69,7.98,D
14.76384,79.24422,322.94,1.09,1.04,2026-06-01,0334,Terra,MODIS,77,6.1NRT,304.7,9.27,D
14.50868,79.69498,320.16,1.04,1.02,2026-06-01,0334,Terra,MODIS,71,6.1NRT,302.36,5.92,D
21.15907,82.07518,318.83,4.64,1.97,2026-06-01,0902,Aqua,MODIS,36,6.1NRT,289.87,70.64,D
25.87204,92.48621,344.71,1.01,1,2026-06-01,0902,Aqua,MODIS,93,6.1NRT,293,48.67,D
25.80069,91.5702,327.06,1,1,2026-06-01,0902,Aqua,MODIS,82,6.1NRT,292.99,19.25,D
25.79925,91.56062,329.37,1,1,2026-06-01,0902,Aqua,MODIS,84,6.1NRT,293.69,21.76,D
19.39323,73.0884,325.5,1.49,1.2,2026-06-01,1038,Aqua,MODIS,59,6.1NRT,304.95,12.92,D
21.43459,71.61224,329.83,1.28,1.12,2026-06-01,1038,Aqua,MODIS,71,6.1NRT,300.14,17.08,D
23.45109,69.58115,328.72,1.07,1.03,2026-06-01,1038,Aqua,MODIS,32,6.1NRT,307.26,12.4,D
23.77898,86.20123,302.53,2.02,1.38,2026-06-01,1427,Terra,MODIS,46,6.1NRT,286.82,6.72,N
27.37834,95.3328,308.23,1.32,1.14,2026-06-01,1427,Terra,MODIS,74,6.1NRT,292.35,7.52,N
21.10282,72.63984,313.75,1.45,1.19,2026-06-01,1605,Terra,MODIS,84,6.1NRT,296.41,15.07,N
21.79091,71.97923,313.02,1.34,1.15,2026-06-01,1605,Terra,MODIS,81,6.1NRT,298.06,9.36,N
22.47252,73.46715,302.12,1.73,1.29,2026-06-01,1605,Terra,MODIS,14,6.1NRT,290.63,12.28,N
29.83414,75.8893,323.63,1.03,1.01,2026-06-02,0410,Terra,MODIS,63,6.1NRT,305.83,6.99,D
29.36712,75.29977,326.1,1.01,1.01,2026-06-02,0410,Terra,MODIS,65,6.1NRT,304.96,10.08,D
28.43925,77.5625,321.95,1.23,1.1,2026-06-02,0410,Terra,MODIS,54,6.1NRT,299.58,12.64,D
23.49395,77.06387,321.3,1.38,1.16,2026-06-02,0412,Terra,MODIS,65,6.1NRT,299.3,10.05,D
23.9071,72.61373,318.49,1.01,1,2026-06-02,0412,Terra,MODIS,46,6.1NRT,303.63,5.56,D
23.27991,72.08506,314.17,1.03,1.01,2026-06-02,0412,Terra,MODIS,43,6.1NRT,297.21,5.06,D
16.65795,73.67506,319.19,1.12,1.05,2026-06-02,0414,Terra,MODIS,64,6.1NRT,301.37,9.17,D
16.65786,73.55112,315.02,1.1,1.05,2026-06-02,0414,Terra,MODIS,32,6.1NRT,298.96,5.54,D
14.29195,80.0554,335.87,1.74,1.29,2026-06-02,0937,Aqua,MODIS,84,6.1NRT,300.03,54.55,D
14.29405,80.06395,332.38,1.74,1.29,2026-06-02,0937,Aqua,MODIS,80,6.1NRT,300.57,44.06,D
14.29137,80.04853,324.68,1.74,1.29,2026-06-02,0937,Aqua,MODIS,69,6.1NRT,299.54,23.79,D
16.47837,81.53382,320.48,1.26,1.12,2026-06-02,0937,Aqua,MODIS,67,6.1NRT,298.99,12.96,D
16.73985,81.43423,321.94,1.27,1.12,2026-06-02,0937,Aqua,MODIS,43,6.1NRT,300.68,11.88,D
16.76639,81.57461,326.1,1.24,1.11,2026-06-02,0937,Aqua,MODIS,73,6.1NRT,302.44,11.98,D
17.30475,81.09928,320.99,1.31,1.13,2026-06-02,0937,Aqua,MODIS,58,6.1NRT,301.49,12.4,D
17.78114,79.64824,326.93,1.6,1.25,2026-06-02,0937,Aqua,MODIS,62,6.1NRT,303.33,19.82,D
18.12368,79.4832,329.42,1.62,1.25,2026-06-02,0937,Aqua,MODIS,75,6.1NRT,305.05,18.93,D
18.19175,79.6196,326.62,1.58,1.24,2026-06-02,0937,Aqua,MODIS,70,6.1NRT,304.04,12,D
18.16958,79.4894,328,1.62,1.25,2026-06-02,0937,Aqua,MODIS,55,6.1NRT,304.5,14.99,D
18.17126,79.48369,329.21,1.62,1.25,2026-06-02,0937,Aqua,MODIS,0,6.1NRT,304.99,18.39,D
18.30414,79.99368,327.26,1.48,1.2,2026-06-02,0937,Aqua,MODIS,72,6.1NRT,304.89,18.3,D
20.69843,81.6198,330.6,1.11,1.05,2026-06-02,0939,Aqua,MODIS,76,6.1NRT,309.89,11.27,D
18.37927,79.35508,325.77,1.64,1.26,2026-06-02,0939,Aqua,MODIS,62,6.1NRT,300.87,11.07,D
18.57694,79.89481,329.63,1.49,1.21,2026-06-02,0939,Aqua,MODIS,70,6.1NRT,306.18,15.52,D
18.5664,79.76971,327.13,1.52,1.22,2026-06-02,0939,Aqua,MODIS,55,6.1NRT,304.8,14.31,D
19.38476,81.92955,326.67,1.11,1.05,2026-06-02,0939,Aqua,MODIS,73,6.1NRT,300.48,17.58,D
19.15444,78.94396,326.74,1.7,1.28,2026-06-02,0939,Aqua,MODIS,39,6.1NRT,305.76,16.84,D
20.69259,81.64185,333,1.1,1.05,2026-06-02,0939,Aqua,MODIS,69,6.1NRT,308.18,17.32,D
20.69096,81.63167,338.46,1.11,1.05,2026-06-02,0939,Aqua,MODIS,85,6.1NRT,308.36,25.34,D
20.70169,81.6402,337.63,1.1,1.05,2026-06-02,0939,Aqua,MODIS,84,6.1NRT,309.28,24,D
20.75391,81.91036,326.46,1.08,1.04,2026-06-02,0939,Aqua,MODIS,58,6.1NRT,306.19,9.66,D
20.70916,81.62833,329.11,1.11,1.05,2026-06-02,0939,Aqua,MODIS,42,6.1NRT,308.55,8.89,D
20.76134,81.89877,327.97,1.08,1.04,2026-06-02,0939,Aqua,MODIS,71,6.1NRT,302.79,10.77,D
20.71827,81.62666,334.12,1.11,1.05,2026-06-02,0939,Aqua,MODIS,80,6.1NRT,308.89,17.64,D
20.85502,80.25369,328.9,1.29,1.13,2026-06-02,0939,Aqua,MODIS,55,6.1NRT,305.34,20.77,D
21.14766,81.59124,341.38,1.1,1.05,2026-06-02,0939,Aqua,MODIS,87,6.1NRT,305.38,36.46,D
21.14603,81.58108,327.03,1.1,1.05,2026-06-02,0939,Aqua,MODIS,51,6.1NRT,306.88,11.35,D
21.58572,82.98993,326.4,1.01,1,2026-06-02,0939,Aqua,MODIS,63,6.1NRT,304.89,10.31,D
21.58152,82.96186,324.23,1.01,1,2026-06-02,0939,Aqua,MODIS,36,6.1NRT,303.95,8.56,D
21.73806,83.84352,332.71,1,1,2026-06-02,0939,Aqua,MODIS,77,6.1NRT,308.72,14.62,D
21.7756,83.83054,333.52,1,1,2026-06-02,0939,Aqua,MODIS,82,6.1NRT,307.26,17.57,D
21.9394,83.2394,328.39,1,1,2026-06-02,0939,Aqua,MODIS,75,6.1NRT,309.08,12.27,D
22.67419,85.24953,325.5,1.11,1.05,2026-06-02,0939,Aqua,MODIS,73,6.1NRT,300.57,15.05,D
22.51812,80.02786,334.26,1.26,1.11,2026-06-02,0939,Aqua,MODIS,79,6.1NRT,307.16,21.87,D
23.69198,87.10409,316.74,1.44,1.19,2026-06-02,0939,Aqua,MODIS,26,6.1NRT,297.47,7.98,D
23.73096,86.43098,326.62,1.31,1.13,2026-06-02,0939,Aqua,MODIS,43,6.1NRT,304.96,16.87,D
23.77517,86.20583,321.71,1.27,1.12,2026-06-02,0939,Aqua,MODIS,64,6.1NRT,301.58,12.22,D
23.77365,86.19381,317.72,1.27,1.12,2026-06-02,0939,Aqua,MODIS,44,6.1NRT,299.26,7.15,D
23.15551,80.13401,326.54,1.22,1.1,2026-06-02,0939,Aqua,MODIS,61,6.1NRT,305.85,8.22,D
24.79558,78.20432,325.32,1.49,1.21,2026-06-02,0939,Aqua,MODIS,61,6.1NRT,304.31,13.42,D
27.2424,81.44537,328.78,1.01,1,2026-06-02,0939,Aqua,MODIS,48,6.1NRT,309.11,10.63,D
27.64158,81.63629,322.91,1,1,2026-06-02,0939,Aqua,MODIS,60,6.1NRT,302.27,6.95,D
28.16344,80.21585,335.52,1.06,1.03,2026-06-02,0939,Aqua,MODIS,86,6.1NRT,299.52,27.17,D
28.25512,80.14738,335.34,1.06,1.03,2026-06-02,0939,Aqua,MODIS,86,6.1NRT,303.14,25.21,D
18.52934,79.34447,325.63,1.63,1.26,2026-06-02,0939,Aqua,MODIS,59,6.1NRT,303.33,14.08,D
18.88076,79.9843,331.55,1.45,1.19,2026-06-02,0939,Aqua,MODIS,73,6.1NRT,304.85,22.03,D
31.35269,77.37597,317.87,1.28,1.12,2026-06-02,0941,Aqua,MODIS,64,6.1NRT,301.88,10.19,D
31.09836,75.79777,326.31,1.6,1.25,2026-06-02,0941,Aqua,MODIS,74,6.1NRT,307.01,15.37,D
29.1994,79.44335,321.6,1.1,1.05,2026-06-02,0941,Aqua,MODIS,73,6.1NRT,301.64,11.33,D
29.19762,79.43246,319.26,1.1,1.05,2026-06-02,0941,Aqua,MODIS,66,6.1NRT,301.01,9.32,D
19.84966,81.45294,302.23,1.12,1.05,2026-06-02,1503,Terra,MODIS,28,6.1NRT,280.91,5.61,N
23.67824,86.39742,312.28,1.34,1.15,2026-06-02,1505,Terra,MODIS,33,6.1NRT,297.32,9.59,N
23.16675,82.34289,310,1.01,1,2026-06-02,1505,Terra,MODIS,79,6.1NRT,296.29,6.39,N
23.1654,82.33337,306.43,1.01,1,2026-06-02,1505,Terra,MODIS,68,6.1NRT,295.89,3.95,N
23.71436,86.4446,309.54,1.35,1.15,2026-06-02,1505,Terra,MODIS,12,6.1NRT,297.03,6.87,N
23.76052,86.39891,313.88,1.34,1.15,2026-06-02,1505,Terra,MODIS,66,6.1NRT,297.26,10.92,N
23.77918,86.20977,313.05,1.31,1.14,2026-06-02,1505,Terra,MODIS,84,6.1NRT,293.97,12.47,N
22.12394,78.0191,312.34,1.65,1.26,2026-06-02,1505,Terra,MODIS,85,6.1NRT,295.66,14.81,N
23.11168,78.40479,307.74,1.49,1.21,2026-06-02,1505,Terra,MODIS,65,6.1NRT,295.67,8.13,N
23.17716,79.00174,310.2,1.36,1.16,2026-06-02,1505,Terra,MODIS,72,6.1NRT,297.12,9.16,N
23.66398,87.15356,304.88,1.5,1.21,2026-06-02,1505,Terra,MODIS,58,6.1NRT,291.39,4.68,N
23.67811,86.39075,309.96,1.34,1.15,2026-06-02,1505,Terra,MODIS,57,6.1NRT,296.62,8.98,N
21.91005,79.43632,314.14,1.34,1.15,2026-06-02,1505,Terra,MODIS,68,6.1NRT,296.18,15.63,N
21.92006,79.43441,313.94,1.34,1.15,2026-06-02,1505,Terra,MODIS,39,6.1NRT,294.25,16.35,N
21.96242,79.06202,315.39,1.42,1.18,2026-06-02,1505,Terra,MODIS,91,6.1NRT,296.9,16.14,N
22.12345,78.02548,309.74,1.65,1.26,2026-06-02,1505,Terra,MODIS,78,6.1NRT,295.49,10.9,N
20.80163,81.82828,308.64,1.06,1.03,2026-06-02,1505,Terra,MODIS,70,6.1NRT,295.59,5.14,N
20.80017,81.81841,309.33,1.06,1.03,2026-06-02,1505,Terra,MODIS,63,6.1NRT,295.23,5.48,N
21.68232,84.0365,308.41,1.02,1.01,2026-06-02,1505,Terra,MODIS,66,6.1NRT,293.99,3.99,N
22.21203,84.86036,311.6,1.08,1.04,2026-06-02,1505,Terra,MODIS,83,6.1NRT,296.63,7.51,N
21.97677,82.03498,307.5,1.03,1.01,2026-06-02,1505,Terra,MODIS,56,6.1NRT,295.25,4.65,N
24.73681,79.96159,306.61,1.15,1.07,2026-06-02,1507,Terra,MODIS,69,6.1NRT,295.16,4.31,N
23.89749,78.63053,309.25,1.4,1.17,2026-06-02,1507,Terra,MODIS,77,6.1NRT,296.6,7.35,N
24.10708,77.62403,313.96,1.62,1.25,2026-06-02,1507,Terra,MODIS,86,6.1NRT,296.9,17.4,N
24.10442,77.60877,308.56,1.62,1.25,2026-06-02,1507,Terra,MODIS,68,6.1NRT,296.79,9.47,N
23.68719,86.39817,310.4,1.15,1.07,2026-06-02,2144,Aqua,MODIS,80,6.1NRT,294.85,8.65,N
22.36905,87.30225,307.31,1.04,1.02,2026-06-02,2144,Aqua,MODIS,69,6.1NRT,295.83,5.24,N
22.38075,87.28419,307.72,1.04,1.02,2026-06-02,2144,Aqua,MODIS,70,6.1NRT,296.14,5.47,N
23.71408,86.45361,308.05,1.15,1.07,2026-06-02,2144,Aqua,MODIS,61,6.1NRT,294.4,6.58,N
23.78392,86.21734,307.13,1.18,1.08,2026-06-02,2144,Aqua,MODIS,67,6.1NRT,293.84,6.49,N
22.04508,83.74036,307.27,1.58,1.24,2026-06-02,2146,Aqua,MODIS,71,6.1NRT,294.27,10.3,N
20.96426,85.18754,309.23,1.24,1.11,2026-06-02,2146,Aqua,MODIS,71,6.1NRT,292.19,8.6,N
20.96579,85.17604,312.74,1.24,1.11,2026-06-02,2146,Aqua,MODIS,84,6.1NRT,292.99,11.77,N
20.96733,85.16449,308.63,1.24,1.11,2026-06-02,2146,Aqua,MODIS,16,6.1NRT,293.02,7.03,N
20.97546,85.17744,314.86,1.24,1.11,2026-06-02,2146,Aqua,MODIS,84,6.1NRT,292.7,13.62,N
21.74756,83.84335,306.11,1.54,1.22,2026-06-02,2146,Aqua,MODIS,65,6.1NRT,294.23,7.23,N
21.78148,83.83331,306.15,1.55,1.23,2026-06-02,2146,Aqua,MODIS,65,6.1NRT,294.17,8.11,N
23.68252,86.08731,316.42,1.09,1.04,2026-06-03,0313,Terra,MODIS,47,6.1NRT,297.52,6.81,D
23.64813,85.43546,315.51,1.16,1.07,2026-06-03,0313,Terra,MODIS,55,6.1NRT,297.45,7.12,D
22.57677,85.89387,318.15,1.09,1.04,2026-06-03,0313,Terra,MODIS,63,6.1NRT,298.89,6.46,D
22.3786,87.28247,318.94,1,1,2026-06-03,0313,Terra,MODIS,59,6.1NRT,299.45,7.84,D
22.36714,87.30003,319.16,1,1,2026-06-03,0313,Terra,MODIS,62,6.1NRT,299.11,8.23,D
21.07551,85.04662,320.71,1.14,1.07,2026-06-03,0313,Terra,MODIS,67,6.1NRT,299.61,9.66,D
21.07688,85.03587,321.01,1.15,1.07,2026-06-03,0313,Terra,MODIS,67,6.1NRT,299.73,9.88,D
20.96672,86.01897,317.96,1.05,1.02,2026-06-03,0313,Terra,MODIS,49,6.1NRT,300.22,7.72,D
20.96804,86.00917,317.95,1.05,1.02,2026-06-03,0313,Terra,MODIS,51,6.1NRT,299.83,7.38,D
21.9279,85.22581,314.94,1.14,1.07,2026-06-03,0313,Terra,MODIS,53,6.1NRT,298.86,7.09,D
22.04056,83.73879,322.9,1.39,1.17,2026-06-03,0313,Terra,MODIS,50,6.1NRT,302.83,13.03,D
21.74423,83.84489,322.53,1.36,1.15,2026-06-03,0313,Terra,MODIS,67,6.1NRT,300.84,12.62,D
21.68966,83.1785,323.1,1.5,1.21,2026-06-03,0313,Terra,MODIS,54,6.1NRT,302.49,12.66,D
25.84647,91.04101,308.48,1.15,1.07,2026-06-03,0313,Terra,MODIS,51,6.1NRT,292.19,4.81,D
23.44262,91.1873,313.68,1.26,1.11,2026-06-03,0313,Terra,MODIS,60,6.1NRT,297.45,8.69,D
20.98176,85.13509,320.8,1.13,1.06,2026-06-03,0315,Terra,MODIS,39,6.1NRT,298.19,8.48,D
20.96702,85.17605,331.1,1.13,1.06,2026-06-03,0315,Terra,MODIS,81,6.1NRT,299.93,21.42,D
20.96566,85.18658,324.57,1.12,1.06,2026-06-03,0315,Terra,MODIS,53,6.1NRT,299.63,12.77,D
21.26086,82.11562,323.14,1.76,1.3,2026-06-03,0315,Terra,MODIS,67,6.1NRT,301.26,18.27,D
20.79166,85.2555,320.32,1.11,1.05,2026-06-03,0315,Terra,MODIS,66,6.1NRT,297.92,9.83,D
21.23314,83.07413,320.94,1.5,1.21,2026-06-03,0315,Terra,MODIS,63,6.1NRT,300.52,11.92,D
20.96973,85.15493,322.94,1.13,1.06,2026-06-03,0315,Terra,MODIS,30,6.1NRT,299.26,10.02,D
12.19094,79.57415,322.54,1.35,1.15,2026-06-03,1013,Aqua,MODIS,65,6.1NRT,296.71,15.16,D
9.4445,77.53832,319.49,1.02,1.01,2026-06-03,1013,Aqua,MODIS,54,6.1NRT,299.28,6.29,D
9.77686,78.18204,325.75,1.07,1.03,2026-06-03,1013,Aqua,MODIS,77,6.1NRT,296.69,15.01,D
16.71407,78.34915,323.58,1.29,1.13,2026-06-03,1015,Aqua,MODIS,35,6.1NRT,296.62,13.66,D
18.6501,73.25198,324.77,1.05,1.02,2026-06-03,1017,Aqua,MODIS,33,6.1NRT,302.46,9.67,D
22.09612,76.81479,333.75,1.23,1.1,2026-06-03,1017,Aqua,MODIS,72,6.1NRT,311.24,18.17,D
22.09762,76.82629,331.5,1.23,1.1,2026-06-03,1017,Aqua,MODIS,66,6.1NRT,310.7,12.92,D
22.06431,76.94947,332.23,1.25,1.11,2026-06-03,1017,Aqua,MODIS,69,6.1NRT,311.76,12.9,D
21.16443,71.6182,327.96,1.15,1.07,2026-06-03,1017,Aqua,MODIS,67,6.1NRT,307.06,9.95,D
22.17017,82.16547,323.36,2.97,1.64,2026-06-03,1017,Aqua,MODIS,55,6.1NRT,299.04,35.41,D
20.2215,79.53054,322.9,1.75,1.3,2026-06-03,1017,Aqua,MODIS,55,6.1NRT,300.04,17.6,D
30.64498,74.39664,331.1,1.17,1.07,2026-06-03,1019,Aqua,MODIS,73,6.1NRT,311.46,11.81,D
32.94272,74.75385,328.69,1.29,1.13,2026-06-03,1019,Aqua,MODIS,73,6.1NRT,308.81,15.59,D
32.65233,76.0321,320.13,1.52,1.22,2026-06-03,1019,Aqua,MODIS,29,6.1NRT,298.79,15.38,D
31.30674,76.23133,324.54,1.5,1.21,2026-06-03,1019,Aqua,MODIS,64,6.1NRT,303.06,16.77,D
27.37436,95.32674,303.87,1.04,1.02,2026-06-03,1408,Terra,MODIS,57,6.1NRT,291.79,3.81,N
27.37586,95.33692,313.27,1.04,1.02,2026-06-03,1408,Terra,MODIS,87,6.1NRT,292.16,10.59,N
9.51677,78.61514,316.27,1.2,1.09,2026-06-03,1541,Terra,MODIS,91,6.1NRT,295.65,13.46,N
14.98567,78.67134,311.07,1.41,1.18,2026-06-03,1541,Terra,MODIS,80,6.1NRT,292.86,9.91,N
9.54354,78.56194,307.34,1.19,1.09,2026-06-03,1541,Terra,MODIS,62,6.1NRT,295.57,4.67,N
22.92586,79.82597,307.11,2.22,1.44,2026-06-03,1544,Terra,MODIS,70,6.1NRT,296.57,11.34,N
28.43272,77.00771,308.53,1.29,1.13,2026-06-03,2222,Aqua,MODIS,74,6.1NRT,298.05,7.69,N
28.43433,76.99494,308.63,1.29,1.13,2026-06-03,2222,Aqua,MODIS,74,6.1NRT,297.86,7.95,N
20.97587,85.15456,307.39,2.12,1.41,2026-06-03,2225,Aqua,MODIS,51,6.1NRT,293.22,14.37,N
21.75365,83.84162,308.14,1.64,1.26,2026-06-03,2225,Aqua,MODIS,39,6.1NRT,291.46,10.45,N
21.74354,83.84638,310.06,1.64,1.26,2026-06-03,2225,Aqua,MODIS,60,6.1NRT,292.13,13.06,N
21.75441,83.84873,309.49,1.64,1.26,2026-06-03,2225,Aqua,MODIS,53,6.1NRT,291.97,12.3,N
21.77894,83.83813,307.27,1.63,1.26,2026-06-03,2225,Aqua,MODIS,44,6.1NRT,290.33,10.61,N
21.80343,83.8903,304.4,1.65,1.26,2026-06-03,2225,Aqua,MODIS,60,6.1NRT,289.39,7.69,N
23.16903,82.3418,309.76,1.24,1.11,2026-06-03,2225,Aqua,MODIS,78,6.1NRT,294.37,9.84,N
23.68659,86.39409,300.53,2.29,1.46,2026-06-03,2225,Aqua,MODIS,29,6.1NRT,286.97,7.7,N
23.68557,86.40107,302.18,2.29,1.46,2026-06-03,2225,Aqua,MODIS,47,6.1NRT,287.71,10.54,N
15.17778,76.67607,305.66,1.01,1.01,2026-06-03,2225,Aqua,MODIS,34,6.1NRT,287.74,5.08,N
15.19196,76.64101,301.92,1.01,1.01,2026-06-03,2225,Aqua,MODIS,28,6.1NRT,287.86,3.25,N
20.96848,85.19334,309.82,2.13,1.42,2026-06-03,2225,Aqua,MODIS,78,6.1NRT,293.23,20.13,N
20.97218,85.1739,314.55,2.12,1.42,2026-06-03,2225,Aqua,MODIS,89,6.1NRT,293.52,30.68,N
20.97955,85.13522,305.75,2.11,1.41,2026-06-03,2225,Aqua,MODIS,65,6.1NRT,293.06,12.2,N
28.47975,80.70108,327.24,1.04,1.02,2026-06-04,0349,Terra,MODIS,77,6.1NRT,296.93,18.94,D
26.25183,80.56419,325.92,1.07,1.03,2026-06-04,0349,Terra,MODIS,0,6.1NRT,306.56,9.15,D
30.38039,76.93528,321.98,1.18,1.08,2026-06-04,0349,Terra,MODIS,66,6.1NRT,302.07,9.36,D
20.88129,79.32476,327.61,1.08,1.04,2026-06-04,0351,Terra,MODIS,70,6.1NRT,305.67,8.92,D
20.49038,77.20322,324.68,1,1,2026-06-04,0351,Terra,MODIS,63,6.1NRT,302.55,7.18,D
21.10617,72.64212,324.94,1.65,1.26,2026-06-04,0351,Terra,MODIS,0,6.1NRT,301.83,26.69,D
20.33293,79.46516,323.67,1.11,1.05,2026-06-04,0351,Terra,MODIS,53,6.1NRT,300.41,8.49,D
20.58401,79.45318,327.82,1.1,1.05,2026-06-04,0351,Terra,MODIS,70,6.1NRT,303.03,10.16,D
20.58558,79.44296,330.78,1.1,1.05,2026-06-04,0351,Terra,MODIS,75,6.1NRT,303.72,14.47,D
20.29575,81.56594,320.48,1.45,1.19,2026-06-04,0351,Terra,MODIS,50,6.1NRT,294.66,11.55,D
22.58043,79.15784,322.06,1.04,1.02,2026-06-04,0351,Terra,MODIS,35,6.1NRT,302.31,4.42,D
20.36385,85.33116,320.23,2.74,1.58,2026-06-04,0351,Terra,MODIS,0,6.1NRT,296.72,31.51,D
20.35583,85.3348,319.44,2.74,1.58,2026-06-04,0351,Terra,MODIS,17,6.1NRT,296.1,26.06,D
21.05809,82.18092,321.95,1.55,1.23,2026-06-04,0351,Terra,MODIS,63,6.1NRT,299.84,12.55,D
21.40396,81.77967,325.85,1.44,1.19,2026-06-04,0351,Terra,MODIS,70,6.1NRT,301.51,16.27,D
20.38182,77.462,327.94,1,1,2026-06-04,0351,Terra,MODIS,71,6.1NRT,302.23,11.7,D
19.10329,82.16854,316.48,1.68,1.27,2026-06-04,0351,Terra,MODIS,59,6.1NRT,295.13,13.33,D
18.48338,80.06071,331.78,1.25,1.11,2026-06-04,0351,Terra,MODIS,82,6.1NRT,299.66,22.24,D
19.36648,73.596,321.68,1.34,1.15,2026-06-04,0351,Terra,MODIS,49,6.1NRT,301.76,8.55,D
18.40812,79.45358,324.49,1.16,1.07,2026-06-04,0351,Terra,MODIS,74,6.1NRT,299.43,9.12,D
18.29826,79.93466,330.74,1.24,1.1,2026-06-04,0351,Terra,MODIS,81,6.1NRT,298.48,21.44,D
18.17003,79.84823,322.46,1.23,1.1,2026-06-04,0351,Terra,MODIS,71,6.1NRT,299.25,8.64,D
18.12047,80.07961,323.88,1.27,1.12,2026-06-04,0351,Terra,MODIS,67,6.1NRT,299.71,9.97,D
18.03793,79.95237,324.15,1.25,1.11,2026-06-04,0351,Terra,MODIS,64,6.1NRT,299.98,10.04,D
18.017,79.8328,326.32,1.23,1.1,2026-06-04,0351,Terra,MODIS,76,6.1NRT,298.67,12.68,D
18.01523,79.844,326.63,1.23,1.1,2026-06-04,0351,Terra,MODIS,77,6.1NRT,299.07,13.07,D
17.97701,79.14941,325.21,1.14,1.06,2026-06-04,0351,Terra,MODIS,64,6.1NRT,299.92,13.7,D
17.86036,79.30706,325.48,1.16,1.07,2026-06-04,0351,Terra,MODIS,75,6.1NRT,300.3,12.43,D
21.5964,81.61163,328.38,1.39,1.17,2026-06-04,0351,Terra,MODIS,75,6.1NRT,301.58,17.98,D
21.59422,81.62458,333.09,1.39,1.17,2026-06-04,0351,Terra,MODIS,81,6.1NRT,301.82,28.38,D
22.03824,78.7704,326.49,1.02,1.01,2026-06-04,0351,Terra,MODIS,71,6.1NRT,304.36,10.66,D
21.52218,81.75368,323.55,1.42,1.18,2026-06-04,0351,Terra,MODIS,65,6.1NRT,300.92,11.3,D
22.06173,82.3394,321.99,1.53,1.22,2026-06-04,0351,Terra,MODIS,64,6.1NRT,298.86,11.64,D
21.77745,83.82671,320.75,1.97,1.37,2026-06-04,0351,Terra,MODIS,36,6.1NRT,298.4,19.96,D
22.37214,80.20622,322.84,1.13,1.06,2026-06-04,0351,Terra,MODIS,47,6.1NRT,303.19,9.16,D
21.7419,83.85198,320.23,1.98,1.37,2026-06-04,0351,Terra,MODIS,46,6.1NRT,298.01,16.31,D
21.75283,81.72077,325.83,1.4,1.17,2026-06-04,0351,Terra,MODIS,73,6.1NRT,301.49,14.41,D
21.64395,81.51459,327.2,1.37,1.16,2026-06-04,0351,Terra,MODIS,71,6.1NRT,302.25,14.67,D
20.97143,85.17275,321.43,2.58,1.54,2026-06-04,0351,Terra,MODIS,69,6.1NRT,295.81,36.17,D
16.30309,78.17398,319.86,1.07,1.03,2026-06-04,0353,Terra,MODIS,64,6.1NRT,298.23,8.21,D
12.29977,78.4156,311.61,1.22,1.1,2026-06-04,0353,Terra,MODIS,54,6.1NRT,288.28,7.67,D
12.951,80.21454,317,1.56,1.23,2026-06-04,0353,Terra,MODIS,57,6.1NRT,295.47,11.06,D
14.47318,77.8061,308.86,1.08,1.04,2026-06-04,0353,Terra,MODIS,34,6.1NRT,282.08,5.65,D
16.5426,78.30441,318.34,1.08,1.04,2026-06-04,0353,Terra,MODIS,57,6.1NRT,297.89,6.23,D
10.48067,77.94133,313.47,1.21,1.09,2026-06-04,0355,Terra,MODIS,57,6.1NRT,290.99,6.13,D
20.93613,82.16718,322.31,2.36,1.48,2026-06-04,0917,Aqua,MODIS,29,6.1NRT,299.8,24.41,D
21.66015,85.17692,317.44,1.39,1.17,2026-06-04,0917,Aqua,MODIS,45,6.1NRT,297.71,12.71,D
21.17052,82.27993,326.43,2.29,1.46,2026-06-04,0917,Aqua,MODIS,48,6.1NRT,302.42,29.75,D
21.90656,82.65524,326.92,2.07,1.4,2026-06-04,0917,Aqua,MODIS,68,6.1NRT,300.34,31.02,D
21.88246,82.66049,328.52,2.07,1.4,2026-06-04,0917,Aqua,MODIS,64,6.1NRT,299.45,38.4,D
21.87816,82.66808,327.96,2.07,1.4,2026-06-04,0917,Aqua,MODIS,59,6.1NRT,298.17,38.42,D
21.40898,83.54525,324.99,1.82,1.32,2026-06-04,0917,Aqua,MODIS,64,6.1NRT,299.75,28.31,D
22.37354,87.28214,319.35,1.06,1.03,2026-06-04,0917,Aqua,MODIS,24,6.1NRT,300.88,7.22,D
23.77767,86.20187,322.93,1.13,1.06,2026-06-04,0917,Aqua,MODIS,60,6.1NRT,303.67,10.15,D
23.77925,86.38739,325.47,1.11,1.05,2026-06-04,0917,Aqua,MODIS,41,6.1NRT,304.66,8.98,D
23.7627,86.40137,330.14,1.11,1.05,2026-06-04,0917,Aqua,MODIS,78,6.1NRT,305.92,15.11,D
23.73219,86.4344,328.46,1.11,1.05,2026-06-04,0917,Aqua,MODIS,49,6.1NRT,306.4,13.61,D
23.67813,86.39069,324.69,1.12,1.05,2026-06-04,0917,Aqua,MODIS,0,6.1NRT,304.28,13.86,D
22.12046,82.18031,325.52,2.22,1.44,2026-06-04,0917,Aqua,MODIS,67,6.1NRT,303.42,23.07,D
28.27649,80.17175,322.14,2.25,1.45,2026-06-04,0920,Aqua,MODIS,51,6.1NRT,301.18,23.23,D
23.08462,68.78716,324.78,1.57,1.24,2026-06-04,1056,Aqua,MODIS,45,6.1NRT,301.68,21.45,D
24.0059,69.55444,329.78,1.84,1.33,2026-06-04,1056,Aqua,MODIS,61,6.1NRT,307.82,22.84,D
24.01751,69.55293,330.09,1.84,1.33,2026-06-04,1056,Aqua,MODIS,76,6.1NRT,307.31,25.39,D
24.12849,69.30528,326.09,1.77,1.3,2026-06-04,1056,Aqua,MODIS,50,6.1NRT,306.78,16.98,D
20.96822,85.17947,305.77,1.25,1.11,2026-06-04,1444,Terra,MODIS,46,6.1NRT,279.37,7.44,N
24.2031,82.71032,308.63,1.58,1.24,2026-06-04,1444,Terra,MODIS,68,6.1NRT,296.86,8.4,N
22.57582,85.89657,308,1.1,1.05,2026-06-04,1444,Terra,MODIS,63,6.1NRT,293.21,5.23,N
21.26067,82.78835,307.37,1.78,1.31,2026-06-04,1444,Terra,MODIS,71,6.1NRT,287.37,10.41,N
20.78645,81.7589,308.13,2.17,1.43,2026-06-04,1444,Terra,MODIS,38,6.1NRT,290.63,12.24,N
20.77404,81.76147,308.33,2.17,1.43,2026-06-04,1444,Terra,MODIS,52,6.1NRT,290.4,12.96,N
20.7851,81.76579,307.9,2.17,1.43,2026-06-04,1444,Terra,MODIS,73,6.1NRT,290.59,12.68,N
20.98042,85.1291,304.79,1.26,1.12,2026-06-04,1444,Terra,MODIS,16,6.1NRT,284.17,5.78,N
20.96641,85.1678,309.11,1.25,1.11,2026-06-04,1444,Terra,MODIS,71,6.1NRT,280.78,10.2,N
21.05444,72.85541,311.94,1.34,1.15,2026-06-04,2301,Aqua,MODIS,81,6.1NRT,296.93,11.91,N
20.96877,85.16571,316.26,2.44,1.51,2026-06-05,0253,Terra,MODIS,42,6.1NRT,293.76,21.8,D
33.15546,74.97604,308.71,1.37,1.16,2026-06-05,0427,Terra,MODIS,35,6.1NRT,295.98,6.94,D
22.99117,69.49665,319.72,1.04,1.02,2026-06-05,0429,Terra,MODIS,51,6.1NRT,302.38,7.25,D
22.30809,69.11977,318.75,1.03,1.01,2026-06-05,0432,Terra,MODIS,44,6.1NRT,302.51,6.28,D
20.94054,70.44293,316.37,1.19,1.09,2026-06-05,0432,Terra,MODIS,52,6.1NRT,300.01,6.06,D
11.01357,78.76379,332.81,1.3,1.13,2026-06-05,0952,Aqua,MODIS,83,6.1NRT,299.79,29.99,D
12.93581,79.96951,354.84,1.07,1.03,2026-06-05,0952,Aqua,MODIS,73,6.1NRT,301.94,62.2,D
11.38705,79.23634,323.5,1.2,1.09,2026-06-05,0952,Aqua,MODIS,70,6.1NRT,299.78,12.44,D
12.94481,79.96806,325.36,1.07,1.03,2026-06-05,0952,Aqua,MODIS,29,6.1NRT,301.6,8.47,D
12.19185,79.64492,328.95,1.12,1.06,2026-06-05,0952,Aqua,MODIS,79,6.1NRT,300.96,15.23,D
12.66885,79.37275,322.79,1.14,1.07,2026-06-05,0952,Aqua,MODIS,71,6.1NRT,299.44,8.85,D
12.66729,79.36263,325.18,1.14,1.07,2026-06-05,0952,Aqua,MODIS,75,6.1NRT,299.41,12.07,D
12.93726,79.97902,337.46,1.07,1.03,2026-06-05,0952,Aqua,MODIS,75,6.1NRT,301.39,25.57,D
24.58983,79.75832,327.94,1.02,1.01,2026-06-05,0954,Aqua,MODIS,48,6.1NRT,307.34,9.87,D
23.69055,80.9396,323.08,1.09,1.04,2026-06-05,0954,Aqua,MODIS,58,6.1NRT,304.51,8,D
23.04996,79.66527,332.23,1.01,1,2026-06-05,0954,Aqua,MODIS,75,6.1NRT,309.12,13.06,D
22.38371,76.90032,324.26,1.15,1.07,2026-06-05,0954,Aqua,MODIS,65,6.1NRT,305.59,11.97,D
22.09149,79.67812,327.47,1,1,2026-06-05,0954,Aqua,MODIS,54,6.1NRT,308.24,9.31,D
21.15932,75.34348,330.09,1.49,1.2,2026-06-05,0954,Aqua,MODIS,71,6.1NRT,308.12,18.92,D
22.20132,82.21433,331.25,1.2,1.09,2026-06-05,0954,Aqua,MODIS,47,6.1NRT,305.11,17.8,D
22.0735,82.96525,326.03,1.32,1.14,2026-06-05,0954,Aqua,MODIS,55,6.1NRT,304.09,11.88,D
22.07504,82.97758,326.72,1.32,1.14,2026-06-05,0954,Aqua,MODIS,64,6.1NRT,303.62,14.33,D
21.84817,81.71194,337.16,1.12,1.06,2026-06-05,0954,Aqua,MODIS,81,6.1NRT,310.79,19.55,D
21.96721,82.61994,325,1.25,1.11,2026-06-05,0954,Aqua,MODIS,52,6.1NRT,304.91,9.32,D
21.93591,82.52959,325.24,1.24,1.11,2026-06-05,0954,Aqua,MODIS,47,6.1NRT,305.19,8.45,D
21.93957,82.63604,335.65,1.26,1.11,2026-06-05,0954,Aqua,MODIS,80,6.1NRT,305.39,28.29,D
21.9269,82.61398,328.22,1.25,1.11,2026-06-05,0954,Aqua,MODIS,64,6.1NRT,303.39,13.06,D
21.94624,82.93384,326.38,1.31,1.13,2026-06-05,0954,Aqua,MODIS,53,6.1NRT,304.8,10.98,D
22.03578,83.72591,327.37,1.47,1.2,2026-06-05,0954,Aqua,MODIS,45,6.1NRT,303.77,16.81,D
21.88198,82.59052,325.9,1.25,1.11,2026-06-05,0954,Aqua,MODIS,56,6.1NRT,306.14,9.79,D
21.85443,82.60648,328.41,1.25,1.11,2026-06-05,0954,Aqua,MODIS,66,6.1NRT,306.21,12.74,D
21.8604,82.65334,327.28,1.26,1.11,2026-06-05,0954,Aqua,MODIS,53,6.1NRT,305.92,10.9,D
21.6975,81.68357,340.42,1.12,1.05,2026-06-05,0954,Aqua,MODIS,84,6.1NRT,308.53,28.79,D
21.69892,81.69401,337.25,1.12,1.05,2026-06-05,0954,Aqua,MODIS,75,6.1NRT,306.81,23.91,D
21.49287,80.4728,326.06,1.02,1.01,2026-06-05,0954,Aqua,MODIS,55,6.1NRT,306.38,6.91,D
21.43643,80.46832,327.44,1.02,1.01,2026-06-05,0954,Aqua,MODIS,62,6.1NRT,305.72,9.99,D
21.73627,83.12793,327.69,1.34,1.15,2026-06-05,0954,Aqua,MODIS,30,6.1NRT,302.59,17.92,D
21.67181,83.27235,326.09,1.36,1.16,2026-06-05,0954,Aqua,MODIS,29,6.1NRT,302.87,11.73,D
20.75541,81.7439,328.52,1.1,1.05,2026-06-05,0954,Aqua,MODIS,50,6.1NRT,304.71,11.28,D
20.7568,81.75412,345.02,1.1,1.05,2026-06-05,0954,Aqua,MODIS,90,6.1NRT,304.15,39.77,D
21.00261,83.80283,325.54,1.44,1.19,2026-06-05,0954,Aqua,MODIS,52,6.1NRT,300.22,18.51,D
20.26976,79.56803,342.17,1,1,2026-06-05,0954,Aqua,MODIS,87,6.1NRT,307.25,31.03,D
20.37999,81.76424,322.43,1.1,1.04,2026-06-05,0954,Aqua,MODIS,27,6.1NRT,300.99,9.31,D
19.36639,80.85993,325.57,1.02,1.01,2026-06-05,0954,Aqua,MODIS,71,6.1NRT,303.92,10.88,D
19.09038,82.81017,320.74,1.19,1.08,2026-06-05,0954,Aqua,MODIS,66,6.1NRT,299.59,9.71,D
18.35591,79.33076,327.46,1.03,1.01,2026-06-05,0954,Aqua,MODIS,73,6.1NRT,300.63,14.04,D
18.27709,78.87783,327.84,1.06,1.03,2026-06-05,0954,Aqua,MODIS,74,6.1NRT,304.87,11.29,D
18.39702,79.91692,319.77,1,1,2026-06-05,0954,Aqua,MODIS,41,6.1NRT,300.4,7.51,D
18.30756,80.42451,332.81,1,1,2026-06-05,0954,Aqua,MODIS,80,6.1NRT,301.48,19.41,D
18.3089,80.43364,323.89,1,1,2026-06-05,0954,Aqua,MODIS,63,6.1NRT,302.3,7.9,D
18.25867,80.59695,331.35,1,1,2026-06-05,0954,Aqua,MODIS,78,6.1NRT,305.65,10.85,D
17.91441,80.40691,321.57,1,1,2026-06-05,0954,Aqua,MODIS,50,6.1NRT,300.58,6.67,D
17.03647,79.66342,321.61,1.03,1.01,2026-06-05,0954,Aqua,MODIS,62,6.1NRT,292.78,11.91,D
16.79639,81.54431,328.64,1.02,1.01,2026-06-05,0954,Aqua,MODIS,68,6.1NRT,300.28,13.31,D
16.7977,81.55355,342.47,1.02,1.01,2026-06-05,0954,Aqua,MODIS,89,6.1NRT,301.9,33.63,D
16.78634,82.12701,326.72,1.06,1.03,2026-06-05,0954,Aqua,MODIS,53,6.1NRT,301.61,10.36,D
16.63549,81.27245,320.6,1.01,1,2026-06-05,0954,Aqua,MODIS,51,6.1NRT,298.24,9.3,D
16.74863,82.12968,330.3,1.06,1.03,2026-06-05,0954,Aqua,MODIS,76,6.1NRT,301.79,15.1,D
28.15486,80.13553,325.95,1.11,1.05,2026-06-05,0956,Aqua,MODIS,74,6.1NRT,299.76,13.24,D
28.13795,80.14956,327.85,1.11,1.05,2026-06-05,0956,Aqua,MODIS,77,6.1NRT,299.97,15.85,D
32.59168,75.9129,324.84,1.01,1.01,2026-06-05,0956,Aqua,MODIS,72,6.1NRT,307.38,10.91,D
32.48657,75.95351,325.72,1.01,1.01,2026-06-05,0956,Aqua,MODIS,64,6.1NRT,302.1,15.4,D
31.88676,74.64373,326.5,1.11,1.05,2026-06-05,0956,Aqua,MODIS,61,6.1NRT,309.92,9.22,D
30.96889,75.5692,328.45,1.06,1.03,2026-06-05,0956,Aqua,MODIS,52,6.1NRT,310.4,7.61,D
28.27108,80.11034,321.13,1.11,1.05,2026-06-05,0956,Aqua,MODIS,37,6.1NRT,298.78,6.04,D
28.20016,80.19518,321.36,1.12,1.05,2026-06-05,0956,Aqua,MODIS,66,6.1NRT,299.47,7.94,D
33.10914,74.77802,326.53,1.07,1.03,2026-06-05,0956,Aqua,MODIS,75,6.1NRT,304.85,15.99,D
28.16482,80.21237,323.41,1.12,1.05,2026-06-05,0956,Aqua,MODIS,70,6.1NRT,298.91,10.29,D
28.19872,80.18417,327.07,1.12,1.05,2026-06-05,0956,Aqua,MODIS,76,6.1NRT,299.53,15.4,D
12.14367,79.84299,304.45,1.01,1,2026-06-05,1522,Terra,MODIS,26,6.1NRT,286.73,3.23,N
12.2382,79.92368,313.59,1.01,1,2026-06-05,1522,Terra,MODIS,86,6.1NRT,297.03,7.08,N
23.96305,77.54807,306.79,1,1,2026-06-05,1524,Terra,MODIS,67,6.1NRT,295.63,3.88,N
20.23188,79.45343,311.95,1.02,1.01,2026-06-05,1524,Terra,MODIS,80,6.1NRT,298.26,5.99,N
21.1671,82.23944,302.81,1.37,1.16,2026-06-05,1524,Terra,MODIS,51,6.1NRT,274.8,8.4,N
21.0989,72.64307,311.92,1.89,1.34,2026-06-05,1524,Terra,MODIS,72,6.1NRT,297.25,17.03,N
21.11059,72.64069,310.22,1.89,1.34,2026-06-05,1524,Terra,MODIS,62,6.1NRT,297.46,13.83,N
21.10552,72.6363,315.99,1.89,1.34,2026-06-05,1524,Terra,MODIS,88,6.1NRT,297.44,25.33,N
22.11125,78.77134,310.4,1.01,1,2026-06-05,1524,Terra,MODIS,73,6.1NRT,296.31,7.03,N
22.05653,78.17285,308.65,1,1,2026-06-05,1524,Terra,MODIS,33,6.1NRT,296.34,6.2,N
21.92848,74.15681,310.29,1.43,1.18,2026-06-05,1524,Terra,MODIS,63,6.1NRT,299.37,7.15,N
21.93485,74.14999,312.16,1.43,1.18,2026-06-05,1524,Terra,MODIS,73,6.1NRT,299.3,9.91,N
18.49893,78.77834,308.77,1,1,2026-06-05,1524,Terra,MODIS,75,6.1NRT,287.07,6.35,N
20.40765,81.85006,302.2,1.27,1.12,2026-06-05,1524,Terra,MODIS,47,6.1NRT,284.17,4.56,N
20.23314,79.46289,315.75,1.02,1.01,2026-06-05,1524,Terra,MODIS,90,6.1NRT,298.2,9.12,N
23.96122,77.21484,305.68,1.01,1,2026-06-05,1524,Terra,MODIS,64,6.1NRT,293.85,4.7,N
33.00594,74.33896,315.8,1.03,1.01,2026-06-05,1526,Terra,MODIS,92,6.1NRT,296.61,11.7,N
32.57602,75.92872,307.21,1,1,2026-06-05,1526,Terra,MODIS,71,6.1NRT,294.55,5.7,N
31.59205,76.56984,307.67,1.01,1,2026-06-05,1526,Terra,MODIS,72,6.1NRT,294.6,6.12,N
31.58324,76.57137,311.68,1.01,1,2026-06-05,1526,Terra,MODIS,83,6.1NRT,294.43,8.76,N
20.94417,86.05122,306.73,1.08,1.04,2026-06-05,2201,Aqua,MODIS,69,6.1NRT,284.16,6.91,N
23.77484,86.21217,302.12,1.04,1.02,2026-06-05,2201,Aqua,MODIS,47,6.1NRT,279.36,5.18,N
20.86176,84.99523,312.4,1.01,1.01,2026-06-05,2201,Aqua,MODIS,79,6.1NRT,292.24,9.36,N
23.16039,82.34283,305.19,1.16,1.07,2026-06-05,2201,Aqua,MODIS,46,6.1NRT,291.87,6.29,N
22.36137,87.30727,303.12,1.18,1.08,2026-06-05,2201,Aqua,MODIS,53,6.1NRT,289.56,3.95,N
22.03162,83.73024,308.33,1.02,1.01,2026-06-05,2201,Aqua,MODIS,32,6.1NRT,291.19,5.64,N
15.94786,79.99323,307.49,1.28,1.12,2026-06-05,2203,Aqua,MODIS,71,6.1NRT,291.19,7.8,N
18.29722,79.2167,326.2,1.2,1.09,2026-06-06,0332,Terra,MODIS,76,6.1NRT,300.66,16.85,D
21.74944,83.84057,318.12,1.03,1.01,2026-06-06,0332,Terra,MODIS,43,6.1NRT,297.22,7.55,D
22.04374,81.78461,326.24,1.03,1.01,2026-06-06,0332,Terra,MODIS,71,6.1NRT,303.26,7.7,D
21.77752,83.8354,321.18,1.03,1.01,2026-06-06,0332,Terra,MODIS,70,6.1NRT,297.41,12.48,D
21.99813,82.05169,327.31,1.01,1.01,2026-06-06,0332,Terra,MODIS,74,6.1NRT,302.52,10.42,D
21.74056,83.83906,317.3,1.03,1.01,2026-06-06,0332,Terra,MODIS,37,6.1NRT,297.05,6.68,D
22.28091,79.79453,323.73,1.24,1.11,2026-06-06,0332,Terra,MODIS,66,6.1NRT,302.35,8.76,D
22.27749,79.79932,326.86,1.24,1.1,2026-06-06,0332,Terra,MODIS,72,6.1NRT,302.57,13.82,D
21.74807,81.71429,327.77,1.03,1.01,2026-06-06,0332,Terra,MODIS,71,6.1NRT,302.99,11.72,D
21.74581,81.66474,329.15,1.03,1.01,2026-06-06,0332,Terra,MODIS,74,6.1NRT,306.92,10.12,D
21.40793,84.01711,323.01,1.05,1.02,2026-06-06,0332,Terra,MODIS,44,6.1NRT,299.16,11.42,D
21.69608,81.69656,329.44,1.03,1.01,2026-06-06,0332,Terra,MODIS,70,6.1NRT,303.26,12.66,D
21.68821,81.75426,327.1,1.02,1.01,2026-06-06,0332,Terra,MODIS,70,6.1NRT,304.9,9.05,D
22.09197,81.97467,323.91,1.02,1.01,2026-06-06,0332,Terra,MODIS,67,6.1NRT,302.91,6.92,D
22.04329,83.73078,323.87,1.02,1.01,2026-06-06,0332,Terra,MODIS,72,6.1NRT,299.91,10.43,D
23.12468,79.03297,327.1,1.41,1.17,2026-06-06,0332,Terra,MODIS,70,6.1NRT,300.78,17.53,D
23.1656,82.34515,318.33,1.01,1.01,2026-06-06,0332,Terra,MODIS,54,6.1NRT,296.55,6.88,D
25.00592,75.20605,316.9,2.82,1.6,2026-06-06,0332,Terra,MODIS,23,6.1NRT,297.41,26.95,D
25.01767,75.23463,317.68,2.8,1.6,2026-06-06,0332,Terra,MODIS,24,6.1NRT,297.46,28.76,D
21.69113,81.66629,326.64,1.03,1.01,2026-06-06,0332,Terra,MODIS,69,6.1NRT,303.88,7.39,D
17.34211,82.45985,320.88,1.01,1.01,2026-06-06,0332,Terra,MODIS,70,6.1NRT,298.87,9.79,D
18.03552,79.80474,319.69,1.12,1.05,2026-06-06,0332,Terra,MODIS,63,6.1NRT,296.74,6.83,D
18.44894,79.53636,322.7,1.16,1.07,2026-06-06,0332,Terra,MODIS,71,6.1NRT,300.11,10.17,D
18.52082,79.2438,319.05,1.2,1.09,2026-06-06,0332,Terra,MODIS,59,6.1NRT,298.59,6.36,D
18.48429,80.01965,319.69,1.1,1.05,2026-06-06,0332,Terra,MODIS,66,6.1NRT,298.62,7.54,D
19.8194,81.59072,328.46,1.01,1.01,2026-06-06,0332,Terra,MODIS,75,6.1NRT,298.87,16.69,D
19.85765,81.45895,319.57,1.02,1.01,2026-06-06,0332,Terra,MODIS,58,6.1NRT,299.58,6.17,D
20.49041,81.40701,324.38,1.03,1.01,2026-06-06,0332,Terra,MODIS,70,6.1NRT,304.35,8.17,D
20.70087,81.69046,324.14,1.02,1.01,2026-06-06,0332,Terra,MODIS,60,6.1NRT,302.96,6.64,D
20.76242,81.71595,325.94,1.02,1.01,2026-06-06,0332,Terra,MODIS,69,6.1NRT,302.36,9.37,D
20.78719,82.45361,325.49,1,1,2026-06-06,0332,Terra,MODIS,69,6.1NRT,302.63,9.03,D
20.79197,82.48294,324.06,1,1,2026-06-06,0332,Terra,MODIS,66,6.1NRT,302.59,7.67,D
20.7933,82.47363,327.32,1,1,2026-06-06,0332,Terra,MODIS,73,6.1NRT,302.76,11.21,D
20.85021,82.47005,322.83,1,1,2026-06-06,0332,Terra,MODIS,61,6.1NRT,302.17,7.29,D
21.04855,82.24638,324.26,1,1,2026-06-06,0332,Terra,MODIS,38,6.1NRT,300.27,8.34,D
21.03191,82.61621,322.29,1,1,2026-06-06,0332,Terra,MODIS,61,6.1NRT,301.36,6.63,D
21.15425,82.08675,323.19,1.01,1,2026-06-06,0332,Terra,MODIS,44,6.1NRT,303.64,6.86,D
21.40028,80.38181,322.45,1.13,1.06,2026-06-06,0332,Terra,MODIS,50,6.1NRT,302.73,7.2,D
21.15516,82.33611,322.56,1,1,2026-06-06,0332,Terra,MODIS,58,6.1NRT,301.63,6.46,D
21.40742,81.5095,331.15,1.03,1.02,2026-06-06,0332,Terra,MODIS,76,6.1NRT,306.44,13.18,D
21.4632,81.37526,326.25,1.04,1.02,2026-06-06,0332,Terra,MODIS,67,6.1NRT,304.7,7.2,D
20.96073,85.18926,321.07,1.18,1.08,2026-06-06,0332,Terra,MODIS,61,6.1NRT,295.9,12.74,D
20.96244,85.17825,319.47,1.18,1.08,2026-06-06,0332,Terra,MODIS,55,6.1NRT,295.63,10.56,D
20.96414,85.16733,320.36,1.18,1.08,2026-06-06,0332,Terra,MODIS,44,6.1NRT,295.36,11.15,D
20.96817,85.17455,326.54,1.18,1.08,2026-06-06,0332,Terra,MODIS,49,6.1NRT,295.44,18.45,D
21.42838,83.00742,326.79,1,1,2026-06-06,0332,Terra,MODIS,70,6.1NRT,302.7,10.28,D
21.62315,81.68887,325.13,1.03,1.01,2026-06-06,0332,Terra,MODIS,49,6.1NRT,304.76,6.67,D
12.91502,79.37744,322.86,1.05,1.03,2026-06-06,0334,Terra,MODIS,72,6.1NRT,299.63,11.44,D
16.20947,79.88563,324.5,1.07,1.03,2026-06-06,0334,Terra,MODIS,72,6.1NRT,295.01,13.88,D
14.75519,79.60403,322.26,1.07,1.03,2026-06-06,0334,Terra,MODIS,68,6.1NRT,297.07,8.29,D
14.40329,78.99864,317.69,1.12,1.06,2026-06-06,0334,Terra,MODIS,58,6.1NRT,294.31,5.99,D
14.39399,78.99757,318.26,1.12,1.06,2026-06-06,0334,Terra,MODIS,58,6.1NRT,293.07,6.73,D
12.91632,79.36802,318.91,1.05,1.03,2026-06-06,0334,Terra,MODIS,64,6.1NRT,299.51,7.06,D
16.63052,81.5097,319.71,1,1,2026-06-06,0334,Terra,MODIS,37,6.1NRT,299.47,7.01,D
16.68188,81.52669,320.29,1,1,2026-06-06,0334,Terra,MODIS,56,6.1NRT,298.96,7.32,D
16.73492,81.15276,320.83,1.01,1,2026-06-06,0334,Terra,MODIS,65,6.1NRT,299.17,6.02,D
16.71115,81.52828,320.72,1,1,2026-06-06,0334,Terra,MODIS,62,6.1NRT,299.51,6.34,D
16.80173,81.60369,322.35,1,1,2026-06-06,0334,Terra,MODIS,69,6.1NRT,298.59,7.55,D
16.82545,81.62586,328.96,1,1,2026-06-06,0334,Terra,MODIS,78,6.1NRT,297.47,15.03,D
16.83423,81.62718,319.55,1,1,2026-06-06,0334,Terra,MODIS,62,6.1NRT,297.06,4.75,D
17.30272,79.27086,319.26,1.16,1.07,2026-06-06,0334,Terra,MODIS,44,6.1NRT,295.78,7.23,D
17.4353,80.76145,315.67,1.03,1.01,2026-06-06,0334,Terra,MODIS,54,6.1NRT,290.72,6.7,D
12.01788,78.86082,315.8,1.08,1.04,2026-06-06,0334,Terra,MODIS,29,6.1NRT,298.61,5.7,D
9.51138,78.05836,322.88,1.11,1.05,2026-06-06,0334,Terra,MODIS,72,6.1NRT,298.07,9.5,D
9.87459,78.69608,322.77,1.06,1.03,2026-06-06,0334,Terra,MODIS,72,6.1NRT,296.66,12.59,D
10.01644,78.73769,317.7,1.06,1.03,2026-06-06,0334,Terra,MODIS,64,6.1NRT,297.16,6.89,D
11.56199,78.75653,319.72,1.08,1.04,2026-06-06,0334,Terra,MODIS,69,6.1NRT,295.91,8.08,D
11.78943,79.449,315.69,1.03,1.02,2026-06-06,0334,Terra,MODIS,57,6.1NRT,298.42,5.35,D
21.10482,72.64596,324.48,1.16,1.07,2026-06-06,1032,Aqua,MODIS,27,6.1NRT,306.31,11.64,D
21.51032,72.7826,325.74,1.19,1.08,2026-06-06,1032,Aqua,MODIS,55,6.1NRT,306.89,12.23,D
22.17708,72.79819,327.75,1.21,1.09,2026-06-06,1032,Aqua,MODIS,56,6.1NRT,307.81,11.01,D
23.62545,69.47227,332.09,1,1,2026-06-06,1034,Aqua,MODIS,72,6.1NRT,312.96,10.16,D
23.06013,70.02929,335.56,1,1,2026-06-06,1034,Aqua,MODIS,79,6.1NRT,310.63,16.76,D
23.62266,69.45338,335.65,1,1,2026-06-06,1034,Aqua,MODIS,79,6.1NRT,313.66,14.43,D
23.62405,69.46282,342.25,1,1,2026-06-06,1034,Aqua,MODIS,86,6.1NRT,313.79,25.54,D
23.08846,70.754,328.51,1.03,1.01,2026-06-06,1034,Aqua,MODIS,61,6.1NRT,308.17,8.74,D
23.63554,69.48018,337.08,1,1,2026-06-06,1034,Aqua,MODIS,80,6.1NRT,312.24,16.72,D
23.63415,69.47073,345.74,1,1,2026-06-06,1034,Aqua,MODIS,90,6.1NRT,313.74,31.49,D
23.63275,69.46128,359.38,1,1,2026-06-06,1034,Aqua,MODIS,99,6.1NRT,314.24,62.25,D
27.3764,95.33425,315.93,1.29,1.13,2026-06-06,1427,Terra,MODIS,92,6.1NRT,294.14,16.31,N
21.10357,72.64781,310.48,1.42,1.18,2026-06-06,1603,Terra,MODIS,65,6.1NRT,298.86,9.33,N
33.0041,74.34193,311.1,2.68,1.57,2026-06-06,1607,Terra,MODIS,82,6.1NRT,296.54,30.95,N
33.00622,74.37209,307.01,2.69,1.57,2026-06-06,1607,Terra,MODIS,70,6.1NRT,296.66,19.88,N
27.37695,95.33906,305.61,1.79,1.31,2026-06-06,2059,Aqua,MODIS,65,6.1NRT,290.5,11.79,N
33.12831,74.96785,303.73,1.18,1.08,2026-06-06,2237,Aqua,MODIS,57,6.1NRT,291.71,7,N
32.70307,76.08564,305.25,1.06,1.03,2026-06-06,2237,Aqua,MODIS,64,6.1NRT,290.12,8.19,N
21.10199,72.64021,313.92,1.13,1.06,2026-06-06,2240,Aqua,MODIS,86,6.1NRT,298.07,10.46,N
18.64737,74.75635,301.75,1.01,1,2026-06-06,2240,Aqua,MODIS,44,6.1NRT,289.7,3.11,N
21.05331,72.8549,305.93,1.1,1.05,2026-06-06,2240,Aqua,MODIS,59,6.1NRT,295.66,4.65,N
33.00251,74.36464,318.73,1.03,1.02,2026-06-07,0406,Terra,MODIS,62,6.1NRT,304.6,6.46,D
33.10548,74.76785,318.68,1.02,1.01,2026-06-07,0406,Terra,MODIS,57,6.1NRT,305.68,6.21,D
33.1349,74.96374,320.9,1.01,1.01,2026-06-07,0406,Terra,MODIS,75,6.1NRT,301.16,11.5,D
31.74431,76.46378,313.49,1.03,1.01,2026-06-07,0408,Terra,MODIS,57,6.1NRT,301.17,5.15,D
30.66928,75.6074,322.91,1.01,1,2026-06-07,0408,Terra,MODIS,57,6.1NRT,305.76,6.25,D
27.6771,71.99363,327.12,1.12,1.06,2026-06-07,0408,Terra,MODIS,65,6.1NRT,309.84,8.79,D
31.2856,77.32489,319.04,1.09,1.04,2026-06-07,0408,Terra,MODIS,75,6.1NRT,298.26,12.09,D
23.54041,72.2278,326.1,1.03,1.01,2026-06-07,0410,Terra,MODIS,68,6.1NRT,305.52,9.06,D
22.91049,72.11584,325.2,1.03,1.01,2026-06-07,0410,Terra,MODIS,67,6.1NRT,305.08,9.01,D
18.722,72.95097,320.59,1.01,1.01,2026-06-07,0412,Terra,MODIS,63,6.1NRT,297.84,8.1,D
21.10214,72.64629,328.67,1,1,2026-06-07,0412,Terra,MODIS,58,6.1NRT,301.73,15.1,D
19.78678,79.54919,341.42,2,1.38,2026-06-07,0932,Aqua,MODIS,88,6.1NRT,306.35,85.3,D
23.77474,86.20757,315.64,1.06,1.03,2026-06-07,0932,Aqua,MODIS,54,6.1NRT,284.75,8.17,D
22.01546,82.04835,322.18,1.24,1.1,2026-06-07,0932,Aqua,MODIS,45,6.1NRT,293.25,12.11,D
21.95458,82.93769,325.45,1.12,1.05,2026-06-07,0932,Aqua,MODIS,54,6.1NRT,304.97,12.17,D
21.74334,83.83691,329.32,1.04,1.02,2026-06-07,0932,Aqua,MODIS,44,6.1NRT,306.64,12.25,D
21.62991,83.46281,324.48,1.07,1.03,2026-06-07,0932,Aqua,MODIS,64,6.1NRT,307.19,7.78,D
21.19238,82.2382,337.46,1.24,1.11,2026-06-07,0932,Aqua,MODIS,0,6.1NRT,312.72,28.89,D
21.38803,83.99489,321.51,1.04,1.02,2026-06-07,0932,Aqua,MODIS,57,6.1NRT,303.76,7.86,D
20.97609,83.96384,326.82,1.05,1.02,2026-06-07,0932,Aqua,MODIS,66,6.1NRT,308.12,10.95,D
21.07426,85.03848,323.21,1,1,2026-06-07,0932,Aqua,MODIS,55,6.1NRT,299.4,8.56,D
20.97675,85.12841,324.67,1,1,2026-06-07,0932,Aqua,MODIS,45,6.1NRT,298.83,10.2,D
20.96484,85.16849,332.66,1,1,2026-06-07,0932,Aqua,MODIS,72,6.1NRT,299.78,18.02,D
20.96621,85.17776,329,1,1,2026-06-07,0932,Aqua,MODIS,46,6.1NRT,299.65,13.89,D
20.95888,85.18851,324.11,1,1,2026-06-07,0932,Aqua,MODIS,44,6.1NRT,297.23,9.73,D
19.24262,82.47456,324.14,1.28,1.12,2026-06-07,0932,Aqua,MODIS,74,6.1NRT,302.04,10.3,D
18.22679,79.55796,327.93,2.15,1.43,2026-06-07,0932,Aqua,MODIS,75,6.1NRT,298.9,24.74,D
18.23643,79.56279,333.52,2.15,1.43,2026-06-07,0932,Aqua,MODIS,81,6.1NRT,299.55,47.56,D
16.99851,79.66456,342.88,2.24,1.45,2026-06-07,0932,Aqua,MODIS,85,6.1NRT,298.47,103.59,D
16.6693,81.9393,319.4,1.54,1.22,2026-06-07,0932,Aqua,MODIS,59,6.1NRT,290.64,20.37,D
28.20291,80.15296,331.84,1.26,1.12,2026-06-07,0934,Aqua,MODIS,80,6.1NRT,304.85,23.29,D
28.14179,80.10909,321.8,1.27,1.12,2026-06-07,0934,Aqua,MODIS,51,6.1NRT,303.9,6.67,D
32.06545,76.26013,319.85,1.85,1.33,2026-06-07,0934,Aqua,MODIS,45,6.1NRT,305.04,17.95,D
26.96195,82.28747,341.04,1.06,1.03,2026-06-07,0934,Aqua,MODIS,87,6.1NRT,304.39,35.07,D
26.96356,82.2977,325.35,1.06,1.03,2026-06-07,0934,Aqua,MODIS,53,6.1NRT,304.45,10.61,D
24.12085,82.97061,327.97,1.06,1.03,2026-06-07,0934,Aqua,MODIS,0,6.1NRT,308.54,8.62,D
23.99127,82.79909,325.97,1.08,1.04,2026-06-07,0934,Aqua,MODIS,69,6.1NRT,305.6,9.32,D
23.96268,82.79416,324.13,1.08,1.04,2026-06-07,0934,Aqua,MODIS,64,6.1NRT,305.67,7.9,D
28.17274,80.22996,323.25,1.25,1.11,2026-06-07,0934,Aqua,MODIS,59,6.1NRT,304.58,9.92,D
31.64582,75.14745,327.32,2.24,1.45,2026-06-07,0934,Aqua,MODIS,68,6.1NRT,311.08,27.8,D
21.92439,83.34891,303.42,1,1,2026-06-07,1503,Terra,MODIS,55,6.1NRT,278.2,3.79,N
21.69226,81.71124,327.66,1.06,1.03,2026-06-07,1503,Terra,MODIS,100,6.1NRT,286.78,25.03,N
22.04144,83.72894,305.52,1.01,1,2026-06-07,1503,Terra,MODIS,65,6.1NRT,273.52,6.29,N
22.36076,82.30406,309.65,1.02,1.01,2026-06-07,1503,Terra,MODIS,77,6.1NRT,286.61,6.48,N
23.16672,82.33485,309.64,1.01,1,2026-06-07,1503,Terra,MODIS,78,6.1NRT,293.38,5.39,N
23.41449,80.56543,310.75,1.13,1.06,2026-06-07,1503,Terra,MODIS,71,6.1NRT,297.33,6.76,N
24.20666,82.70842,308.11,1,1,2026-06-07,1503,Terra,MODIS,58,6.1NRT,294.51,4.25,N
27.42377,79.56744,312.7,1.13,1.06,2026-06-07,1505,Terra,MODIS,83,6.1NRT,299.19,9.34,N
33.19446,75.06697,307.43,1.6,1.25,2026-06-07,1507,Terra,MODIS,49,6.1NRT,294.79,11.83,N
31.28696,77.34687,310.95,1.28,1.12,2026-06-07,1507,Terra,MODIS,81,6.1NRT,293.45,11.97,N
31.28476,77.33345,324.46,1.28,1.12,2026-06-07,1507,Terra,MODIS,100,6.1NRT,294.56,29.28,N
31.28746,77.34056,324.12,1.28,1.12,2026-06-07,1507,Terra,MODIS,100,6.1NRT,294.7,28.78,N
31.28499,77.32616,310.06,1.28,1.12,2026-06-07,1507,Terra,MODIS,79,6.1NRT,294.84,10.63,N
33.13487,75.05058,306.84,1.61,1.25,2026-06-07,1507,Terra,MODIS,48,6.1NRT,295.5,9.04,N
33.14096,74.96096,310.33,1.63,1.26,2026-06-07,1507,Terra,MODIS,80,6.1NRT,295.95,15.18,N
33.18668,75.08628,308.88,1.6,1.25,2026-06-07,1507,Terra,MODIS,63,6.1NRT,296.21,12.15,N
33.18411,75.07224,313.64,1.6,1.25,2026-06-07,1507,Terra,MODIS,88,6.1NRT,294.48,19.39,N
23.80357,86.32922,318.3,1.09,1.04,2026-06-08,0313,Terra,MODIS,39,6.1NRT,303.73,7.58,D
23.68796,87.12018,318.08,1.03,1.01,2026-06-08,0313,Terra,MODIS,57,6.1NRT,302.91,6.84,D
23.76534,86.4076,320.86,1.08,1.04,2026-06-08,0313,Terra,MODIS,34,6.1NRT,303.32,8.6,D
23.66486,87.15647,318.11,1.02,1.01,2026-06-08,0313,Terra,MODIS,67,6.1NRT,302.51,7.32,D
23.78197,86.2094,316.35,1.1,1.04,2026-06-08,0313,Terra,MODIS,53,6.1NRT,302.28,6.78,D
23.73404,86.43421,321.91,1.07,1.03,2026-06-08,0313,Terra,MODIS,48,6.1NRT,304.51,10.08,D
23.64809,85.43793,316.34,1.18,1.08,2026-06-08,0313,Terra,MODIS,58,6.1NRT,301.37,8.06,D
22.37472,87.27937,315.55,1.01,1,2026-06-08,0313,Terra,MODIS,62,6.1NRT,295.58,7.7,D
8.62038,78.03232,316.67,1.01,1,2026-06-08,1006,Aqua,MODIS,66,6.1NRT,299.83,5.62,D
9.45036,78.76589,338.17,1,1,2026-06-08,1006,Aqua,MODIS,87,6.1NRT,295.21,28.88,D
11.5508,79.04643,322.6,1.03,1.01,2026-06-08,1006,Aqua,MODIS,50,6.1NRT,296.36,8.05,D
12.439,79.90488,317.89,1.13,1.06,2026-06-08,1006,Aqua,MODIS,31,6.1NRT,289.32,6.07,D
17.85239,79.613,314.05,1.25,1.11,2026-06-08,1009,Aqua,MODIS,46,6.1NRT,277.71,6.59,D
21.26842,72.83198,324.01,1.22,1.1,2026-06-08,1009,Aqua,MODIS,54,6.1NRT,305.76,11.53,D
21.10548,72.6444,330.65,1.26,1.11,2026-06-08,1009,Aqua,MODIS,0,6.1NRT,306.34,22.84,D
21.30943,74.36798,332.14,1.05,1.02,2026-06-08,1009,Aqua,MODIS,73,6.1NRT,310.19,13.08,D
21.31093,74.37767,336.65,1.05,1.02,2026-06-08,1009,Aqua,MODIS,80,6.1NRT,310.47,19.84,D
21.34249,75.24609,328.12,1.01,1,2026-06-08,1009,Aqua,MODIS,58,6.1NRT,309.32,7.07,D
20.7331,79.61825,329.52,1.37,1.16,2026-06-08,1009,Aqua,MODIS,70,6.1NRT,301.39,21.17,D
20.73467,79.63093,328.82,1.37,1.16,2026-06-08,1009,Aqua,MODIS,68,6.1NRT,301.69,20.33,D
18.59921,79.16828,333.61,1.21,1.09,2026-06-08,1009,Aqua,MODIS,82,6.1NRT,299.03,26.63,D
18.57647,79.21687,323.76,1.21,1.1,2026-06-08,1009,Aqua,MODIS,58,6.1NRT,298.76,9.45,D
18.57794,79.22799,335.43,1.22,1.1,2026-06-08,1009,Aqua,MODIS,73,6.1NRT,297.06,28.15,D
18.53262,79.21889,323.41,1.21,1.09,2026-06-08,1009,Aqua,MODIS,50,6.1NRT,297.81,9.03,D
18.52306,79.22029,324.68,1.21,1.09,2026-06-08,1009,Aqua,MODIS,67,6.1NRT,297.37,11.25,D
18.45341,79.60673,328.18,1.27,1.12,2026-06-08,1009,Aqua,MODIS,56,6.1NRT,296.96,15.99,D
18.43463,79.69296,319.66,1.29,1.13,2026-06-08,1009,Aqua,MODIS,40,6.1NRT,290.44,8.42,D
18.38681,79.47539,323.67,1.25,1.11,2026-06-08,1009,Aqua,MODIS,71,6.1NRT,296.25,11.64,D
18.32341,79.54964,323.3,1.26,1.11,2026-06-08,1009,Aqua,MODIS,65,6.1NRT,293.93,9.4,D
18.11115,79.50513,315.51,1.24,1.11,2026-06-08,1009,Aqua,MODIS,47,6.1NRT,280.58,5.93,D
17.30895,81.10297,320.2,1.54,1.22,2026-06-08,1009,Aqua,MODIS,64,6.1NRT,296.41,14.26,D
14.40624,79.20042,319.91,1.1,1.04,2026-06-08,1009,Aqua,MODIS,13,6.1NRT,295.96,8.35,D
12.64424,79.93884,328.42,1.14,1.06,2026-06-08,1009,Aqua,MODIS,79,6.1NRT,298.15,19.72,D
12.64562,79.94894,335.29,1.14,1.06,2026-06-08,1009,Aqua,MODIS,76,6.1NRT,298.55,31,D
12.63869,79.9454,328.89,1.14,1.06,2026-06-08,1009,Aqua,MODIS,79,6.1NRT,298.76,17.3,D
30.57167,77.11798,327.99,1.3,1.13,2026-06-08,1011,Aqua,MODIS,67,6.1NRT,314.03,12.4,D
22.38739,73.44017,327.21,1.11,1.05,2026-06-08,1011,Aqua,MODIS,59,6.1NRT,309.49,8.96,D
29.99137,76.96059,336.78,1.26,1.11,2026-06-08,1011,Aqua,MODIS,81,6.1NRT,313.54,27.06,D
28.13991,80.12154,323.87,1.89,1.34,2026-06-08,1011,Aqua,MODIS,66,6.1NRT,304.09,18.82,D
28.07282,80.00566,325.13,1.85,1.33,2026-06-08,1011,Aqua,MODIS,68,6.1NRT,306.43,18.01,D
32.91893,74.85663,331.75,1.09,1.04,2026-06-08,1013,Aqua,MODIS,78,6.1NRT,312.4,16.3,D
32.99492,75.15524,320.41,1.12,1.05,2026-06-08,1013,Aqua,MODIS,39,6.1NRT,306.97,6.37,D
32.98914,74.48495,329.68,1.06,1.03,2026-06-08,1013,Aqua,MODIS,64,6.1NRT,311.56,13.61,D
33.03889,74.36791,326.61,1.05,1.03,2026-06-08,1013,Aqua,MODIS,70,6.1NRT,311.41,9.58,D
33.1386,75.0588,322,1.11,1.05,2026-06-08,1013,Aqua,MODIS,58,6.1NRT,307.95,7.88,D
31.51045,75.07889,332.18,1.08,1.04,2026-06-08,1013,Aqua,MODIS,73,6.1NRT,311.67,17.35,D
33.13708,75.04704,325.58,1.11,1.05,2026-06-08,1013,Aqua,MODIS,71,6.1NRT,309.19,12.3,D
33.05692,74.09772,335.61,1.04,1.02,2026-06-08,1013,Aqua,MODIS,82,6.1NRT,311.69,20,D
33.05543,74.08691,335.25,1.04,1.02,2026-06-08,1013,Aqua,MODIS,82,6.1NRT,312.69,19,D
33.1117,74.02697,343.53,1.04,1.02,2026-06-08,1013,Aqua,MODIS,89,6.1NRT,314.99,34.68,D
33.11317,74.03766,335.69,1.04,1.02,2026-06-08,1013,Aqua,MODIS,82,6.1NRT,314.47,20.73,D
31.62608,76.20312,327.52,1.2,1.09,2026-06-08,1013,Aqua,MODIS,68,6.1NRT,312.01,11.25,D
31.37885,75.47915,324.38,1.11,1.05,2026-06-08,1013,Aqua,MODIS,52,6.1NRT,308.69,9.81,D
31.36969,75.48077,331.5,1.11,1.05,2026-06-08,1013,Aqua,MODIS,74,6.1NRT,309.67,19.09,D
31.4603,76.86998,331,1.3,1.13,2026-06-08,1013,Aqua,MODIS,79,6.1NRT,309.9,25.36,D
31.36982,77.40044,323.12,1.39,1.17,2026-06-08,1013,Aqua,MODIS,32,6.1NRT,308.32,11.52,D
31.27036,77.33813,322.59,1.37,1.16,2026-06-08,1013,Aqua,MODIS,63,6.1NRT,306.3,13.54,D
31.24634,77.2166,322.21,1.35,1.15,2026-06-08,1013,Aqua,MODIS,38,6.1NRT,306.7,10.74,D
31.04447,75.59772,334.8,1.12,1.05,2026-06-08,1013,Aqua,MODIS,78,6.1NRT,317.1,15.6,D
31.18596,76.87459,343.24,1.29,1.13,2026-06-08,1013,Aqua,MODIS,89,6.1NRT,306.55,56.97,D
30.9995,78.00709,322.55,1.49,1.21,2026-06-08,1013,Aqua,MODIS,61,6.1NRT,303.53,20.91,D
31.65428,75.84939,336.91,1.16,1.07,2026-06-08,1013,Aqua,MODIS,82,6.1NRT,314.95,27.96,D
32.72342,75.27095,323.92,1.12,1.06,2026-06-08,1013,Aqua,MODIS,49,6.1NRT,307.09,10.01,D
32.73107,75.25732,324.85,1.12,1.06,2026-06-08,1013,Aqua,MODIS,59,6.1NRT,306.43,10.68,D
32.84737,74.87718,334.98,1.09,1.04,2026-06-08,1013,Aqua,MODIS,81,6.1NRT,313.56,20.82,D
32.84588,74.86581,328.5,1.09,1.04,2026-06-08,1013,Aqua,MODIS,72,6.1NRT,313.56,11.12,D
31.89103,75.09787,330.4,1.09,1.04,2026-06-08,1013,Aqua,MODIS,69,6.1NRT,315.79,10.49,D
31.99544,75.90479,330.4,1.18,1.08,2026-06-08,1013,Aqua,MODIS,74,6.1NRT,313.44,16.11,D
31.63043,75.01097,332.47,1.08,1.04,2026-06-08,1013,Aqua,MODIS,73,6.1NRT,310.93,17.7,D
33.50755,74.15607,318.36,1.05,1.02,2026-06-08,1013,Aqua,MODIS,48,6.1NRT,307.32,6.66,D
33.40706,74.22579,321.12,1.05,1.02,2026-06-08,1013,Aqua,MODIS,49,6.1NRT,308.05,7.34,D
33.33822,74.26869,338.5,1.05,1.02,2026-06-08,1013,Aqua,MODIS,87,6.1NRT,310.27,27.85,D
33.25125,74.30303,324.58,1.05,1.03,2026-06-08,1013,Aqua,MODIS,57,6.1NRT,309.62,7.18,D
31.65575,75.86118,326.77,1.16,1.07,2026-06-08,1013,Aqua,MODIS,66,6.1NRT,313.58,11.01,D
31.63187,75.02193,333.61,1.08,1.04,2026-06-08,1013,Aqua,MODIS,75,6.1NRT,310.39,19.51,D
32.05287,75.86457,335.03,1.17,1.08,2026-06-08,1013,Aqua,MODIS,80,6.1NRT,313.36,24.68,D
32.42348,76.04464,325.45,1.21,1.09,2026-06-08,1013,Aqua,MODIS,33,6.1NRT,304.43,17.31,D
32.43304,76.04336,323.65,1.21,1.09,2026-06-08,1013,Aqua,MODIS,31,6.1NRT,304.09,15.79,D
32.52995,75.92025,346.69,1.2,1.09,2026-06-08,1013,Aqua,MODIS,92,6.1NRT,309.49,53.97,D
32.56423,76.11905,321.78,1.22,1.1,2026-06-08,1013,Aqua,MODIS,59,6.1NRT,307.01,10.93,D
32.54073,75.92931,324.11,1.2,1.09,2026-06-08,1013,Aqua,MODIS,35,6.1NRT,303.88,13.92,D
32.53934,75.91801,325.66,1.2,1.09,2026-06-08,1013,Aqua,MODIS,48,6.1NRT,307.22,13.85,D
32.65762,76.05763,326.03,1.22,1.1,2026-06-08,1013,Aqua,MODIS,71,6.1NRT,308.27,15.08,D
12.1056,79.68761,310.05,1.48,1.2,2026-06-08,1539,Terra,MODIS,79,6.1NRT,295.39,8.16,N
31.58323,76.53044,314.13,1.65,1.26,2026-06-08,1544,Terra,MODIS,89,6.1NRT,296.53,19.38,N
31.5835,76.52375,306.67,1.65,1.26,2026-06-08,1544,Terra,MODIS,69,6.1NRT,296.28,9.09,N
31.37826,77.40688,304.55,1.89,1.34,2026-06-08,1544,Terra,MODIS,37,6.1NRT,292.55,11.46,N
31.58513,76.54125,309.28,1.66,1.27,2026-06-08,1544,Terra,MODIS,77,6.1NRT,295.98,12.92,N
32.73753,75.26012,310.74,1.43,1.18,2026-06-08,1546,Terra,MODIS,72,6.1NRT,296.11,11.13,N
32.72207,75.48534,308.22,1.47,1.2,2026-06-08,1546,Terra,MODIS,74,6.1NRT,296.54,10.06,N
32.65559,76.06499,303.92,1.6,1.24,2026-06-08,1546,Terra,MODIS,57,6.1NRT,293.54,7.7,N
32.43542,76.04514,304.96,1.58,1.24,2026-06-08,1546,Terra,MODIS,26,6.1NRT,292.52,9.37,N
32.42442,76.04579,308.02,1.58,1.24,2026-06-08,1546,Terra,MODIS,68,6.1NRT,292.3,13.63,N
33.37919,74.39451,305.72,1.3,1.13,2026-06-08,1546,Terra,MODIS,65,6.1NRT,295.59,6.68,N
33.20324,74.64933,307.85,1.33,1.14,2026-06-08,1546,Terra,MODIS,73,6.1NRT,295.32,9.16,N
33.20486,74.66415,308.55,1.34,1.15,2026-06-08,1546,Terra,MODIS,75,6.1NRT,296.01,9.54,N
32.94861,74.55062,311.42,1.31,1.13,2026-06-08,1546,Terra,MODIS,82,6.1NRT,300.95,9.51,N
20.96247,85.18923,306.25,1.59,1.24,2026-06-08,2216,Aqua,MODIS,29,6.1NRT,284.77,12.76,N
20.96511,85.17458,309.97,1.58,1.24,2026-06-08,2216,Aqua,MODIS,78,6.1NRT,284.98,17.15,N
20.96285,86.0211,303.11,1.82,1.32,2026-06-08,2216,Aqua,MODIS,53,6.1NRT,289.47,8.98,N
20.96588,86.00433,302.41,1.82,1.32,2026-06-08,2216,Aqua,MODIS,49,6.1NRT,288.9,8.4,N
21.92517,83.34885,300.58,1.18,1.08,2026-06-08,2216,Aqua,MODIS,28,6.1NRT,282.7,3.5,N
22.35636,82.30854,301.53,1.06,1.03,2026-06-08,2216,Aqua,MODIS,42,6.1NRT,277.27,4.75,N
20.98366,85.13329,301.11,1.57,1.24,2026-06-08,2216,Aqua,MODIS,19,6.1NRT,280.85,6.6,N
13.88967,79.22665,300.67,1,1,2026-06-08,2220,Aqua,MODIS,27,6.1NRT,271.37,5.2,N
32.73527,76.09106,321.32,1.43,1.18,2026-06-09,0347,Terra,MODIS,65,6.1NRT,303.29,16.27,D
33.13581,75.03623,319.49,1.68,1.27,2026-06-09,0347,Terra,MODIS,65,6.1NRT,302.74,15.95,D
29.52774,75.40544,332.52,1.43,1.18,2026-06-09,0349,Terra,MODIS,75,6.1NRT,308.11,26.83,D
22.15233,82.07665,320.03,1.43,1.18,2026-06-09,0349,Terra,MODIS,65,6.1NRT,296.36,8.81,D
22.35998,82.30261,321.54,1.46,1.2,2026-06-09,0349,Terra,MODIS,62,6.1NRT,300.36,13.75,D
23.76238,78.90972,322.77,1.01,1,2026-06-09,0349,Terra,MODIS,53,6.1NRT,301.91,6.9,D
27.8035,78.33582,319.82,1.02,1.01,2026-06-09,0349,Terra,MODIS,42,6.1NRT,303,6.42,D
21.73987,83.8458,318.16,1.93,1.36,2026-06-09,0349,Terra,MODIS,52,6.1NRT,293.21,15.77,D
21.75164,83.84832,318.01,1.93,1.36,2026-06-09,0349,Terra,MODIS,35,6.1NRT,293.27,15.2,D
31.89915,75.08829,324.92,1.6,1.25,2026-06-09,0349,Terra,MODIS,68,6.1NRT,307.55,13.8,D
30.61838,74.68014,335.94,1.64,1.26,2026-06-09,0349,Terra,MODIS,81,6.1NRT,310.82,39.97,D
29.19719,79.53359,319.88,1,1,2026-06-09,0349,Terra,MODIS,70,6.1NRT,305.97,6.04,D
28.29993,80.17204,324.31,1.01,1.01,2026-06-09,0349,Terra,MODIS,70,6.1NRT,305.79,10.36,D
18.61259,73.24112,316.34,1.42,1.18,2026-06-09,0351,Terra,MODIS,39,6.1NRT,296.05,12.05,D
13.87163,79.22696,319.08,1.27,1.12,2026-06-09,0351,Terra,MODIS,55,6.1NRT,295.21,13.75,D
13.88131,79.22909,321.14,1.27,1.12,2026-06-09,0351,Terra,MODIS,42,6.1NRT,296.12,15.36,D
13.88321,79.21705,325.63,1.26,1.12,2026-06-09,0351,Terra,MODIS,73,6.1NRT,295.48,22.04,D
13.90077,79.23275,318.19,1.27,1.12,2026-06-09,0351,Terra,MODIS,54,6.1NRT,295.49,11.27,D
14.15483,79.17228,319.3,1.25,1.11,2026-06-09,0351,Terra,MODIS,68,6.1NRT,295.08,9.32,D
14.26675,79.84405,318.99,1.37,1.16,2026-06-09,0351,Terra,MODIS,71,6.1NRT,297.32,8.64,D
14.7323,78.51711,317.91,1.13,1.06,2026-06-09,0351,Terra,MODIS,71,6.1NRT,290.63,9.67,D
17.79154,79.91169,312.82,1.23,1.1,2026-06-09,0351,Terra,MODIS,28,6.1NRT,283.36,6.1,D
20.26785,75.50311,323.82,1.11,1.05,2026-06-09,0351,Terra,MODIS,67,6.1NRT,305.17,9.09,D
21.06153,72.95137,320.01,1.6,1.25,2026-06-09,0351,Terra,MODIS,60,6.1NRT,296.66,20,D
21.09681,72.64376,317.89,1.68,1.28,2026-06-09,0351,Terra,MODIS,0,6.1NRT,298.91,13.19,D
21.10804,72.64512,318.91,1.68,1.28,2026-06-09,0351,Terra,MODIS,0,6.1NRT,299.33,15.15,D
20.69616,77.23447,323.74,1,1,2026-06-09,0351,Terra,MODIS,67,6.1NRT,302.09,7.91,D
20.45243,81.47074,318.51,1.39,1.17,2026-06-09,0351,Terra,MODIS,37,6.1NRT,288.81,10.39,D
12.05189,79.63725,318.1,1.43,1.18,2026-06-09,0353,Terra,MODIS,69,6.1NRT,291.52,12.28,D
10.4497,79.22794,311.67,1.42,1.18,2026-06-09,0353,Terra,MODIS,60,6.1NRT,285.27,10.36,D
12.04982,79.63039,317.82,1.43,1.18,2026-06-09,0353,Terra,MODIS,68,6.1NRT,291,11.84,D
20.96568,85.1628,323.03,1.9,1.35,2026-06-09,0909,Aqua,MODIS,56,6.1NRT,293.86,22.67,D
23.71947,69.21692,339.59,1.32,1.14,2026-06-09,1049,Aqua,MODIS,85,6.1NRT,310.79,36.92,D
23.72101,69.22942,327.78,1.32,1.14,2026-06-09,1049,Aqua,MODIS,67,6.1NRT,309.97,12.36,D
22.94518,69.14427,323.62,1.28,1.12,2026-06-09,1049,Aqua,MODIS,59,6.1NRT,303.06,12.95,D
22.94439,69.14996,326.73,1.28,1.12,2026-06-09,1049,Aqua,MODIS,70,6.1NRT,302.96,16.34,D
24.08703,69.45629,332.04,1.38,1.16,2026-06-09,1049,Aqua,MODIS,72,6.1NRT,309.63,17.62,D
20.95016,86.04543,310.67,1.15,1.07,2026-06-09,1444,Terra,MODIS,66,6.1NRT,297.93,6.01,N
20.79787,85.25392,312.99,1.27,1.12,2026-06-09,1444,Terra,MODIS,78,6.1NRT,298.81,9.79,N
22.37992,87.27896,311.88,1.02,1.01,2026-06-09,1444,Terra,MODIS,79,6.1NRT,297.13,6.87,N
23.70762,86.06824,303.58,1.08,1.04,2026-06-09,1444,Terra,MODIS,46,6.1NRT,286.48,3.61,N
23.76609,86.39982,301.81,1.05,1.02,2026-06-09,1444,Terra,MODIS,13,6.1NRT,271.35,4.26,N
21.74369,83.83996,312.74,1.51,1.21,2026-06-09,1444,Terra,MODIS,80,6.1NRT,299.24,9.61,N
20.86467,81.98974,308.61,2.13,1.42,2026-06-09,1444,Terra,MODIS,59,6.1NRT,295.32,11.45,N
20.75213,81.72099,307.2,2.24,1.45,2026-06-09,1444,Terra,MODIS,51,6.1NRT,293.61,11.45,N
20.98417,85.13448,311.88,1.28,1.12,2026-06-09,1444,Terra,MODIS,64,6.1NRT,300.75,6.95,N
20.96832,85.16196,314.06,1.28,1.12,2026-06-09,1444,Terra,MODIS,81,6.1NRT,300.99,9.31,N
20.97021,85.17386,321.16,1.28,1.12,2026-06-09,1444,Terra,MODIS,100,6.1NRT,301.23,18.63,N
20.96041,85.1757,312.18,1.28,1.12,2026-06-09,1444,Terra,MODIS,61,6.1NRT,301.28,7.62,N
20.9623,85.18752,315.05,1.28,1.12,2026-06-09,1444,Terra,MODIS,85,6.1NRT,301.05,11.21,N
20.96399,86.00995,314.76,1.15,1.07,2026-06-09,1444,Terra,MODIS,84,6.1NRT,298.16,9.99,N
22.32808,69.88248,311.42,2.08,1.4,2026-06-09,1622,Terra,MODIS,78,6.1NRT,296.02,22.27,N
33.41983,74.24894,302.7,1,1,2026-06-09,2252,Aqua,MODIS,51,6.1NRT,292.66,4.68,N
32.64844,75.60405,311.83,1.06,1.03,2026-06-09,2252,Aqua,MODIS,83,6.1NRT,294.59,10.17,N
32.60438,75.98196,328.46,1.09,1.04,2026-06-09,2252,Aqua,MODIS,100,6.1NRT,291.64,30.77,N
32.6063,75.97041,325.77,1.09,1.04,2026-06-09,2252,Aqua,MODIS,100,6.1NRT,291.87,26.93,N
33.25949,74.31971,309.48,1,1,2026-06-09,2252,Aqua,MODIS,77,6.1NRT,296.05,7.85,N
28.56031,77.54012,306.52,1.51,1.21,2026-06-09,2254,Aqua,MODIS,68,6.1NRT,294.63,9.59,N
31.47108,76.50856,310.95,1.18,1.08,2026-06-09,2254,Aqua,MODIS,81,6.1NRT,293.11,11.6,N
31.46905,76.52017,311.01,1.18,1.08,2026-06-09,2254,Aqua,MODIS,81,6.1NRT,294.65,11.84,N
31.39926,76.80566,305.04,1.22,1.1,2026-06-09,2254,Aqua,MODIS,63,6.1NRT,294.18,6.33,N
33.14136,74.70646,313.38,1.3,1.13,2026-06-10,0427,Terra,MODIS,60,6.1NRT,301.15,8.93,D
33.13261,73.9799,326.67,1.2,1.09,2026-06-10,0427,Terra,MODIS,75,6.1NRT,308.83,16.02,D
33.06464,74.24308,317.32,1.24,1.11,2026-06-10,0427,Terra,MODIS,38,6.1NRT,305.85,6.33,D
32.86419,74.87214,324.31,1.34,1.15,2026-06-10,0427,Terra,MODIS,72,6.1NRT,307.51,13.93,D
32.86307,74.88091,326.6,1.35,1.15,2026-06-10,0427,Terra,MODIS,79,6.1NRT,308.05,17.25,D
33.26412,76.16702,306.21,1.58,1.24,2026-06-10,0427,Terra,MODIS,41,6.1NRT,294.73,11.98,D
33.14382,74.69219,316.36,1.3,1.13,2026-06-10,0427,Terra,MODIS,67,6.1NRT,299.9,12.33,D
19.02887,74.74374,324.6,2.5,1.52,2026-06-10,0429,Terra,MODIS,74,6.1NRT,302.22,39.35,D
19.03315,74.73797,322.44,2.5,1.52,2026-06-10,0429,Terra,MODIS,72,6.1NRT,302.3,33.36,D
23.45326,69.25025,322.41,1.02,1.01,2026-06-10,0429,Terra,MODIS,62,6.1NRT,305.3,6.93,D
22.94215,69.15232,339.44,1.02,1.01,2026-06-10,0429,Terra,MODIS,88,6.1NRT,304.39,31.08,D
13.89269,79.20995,314.38,1.43,1.18,2026-06-10,0947,Aqua,MODIS,31,6.1NRT,287.89,10.43,D
18.57151,79.15611,326.19,1.22,1.1,2026-06-10,0947,Aqua,MODIS,64,6.1NRT,304.92,7.82,D
19.95672,79.51115,334.67,1.12,1.06,2026-06-10,0947,Aqua,MODIS,79,6.1NRT,305.6,23.09,D
18.52262,79.76022,330.6,1.14,1.06,2026-06-10,0947,Aqua,MODIS,67,6.1NRT,304.18,16.78,D
17.89333,79.69967,331.75,1.17,1.07,2026-06-10,0947,Aqua,MODIS,67,6.1NRT,305.03,17.41,D
16.29021,80.2291,324.6,1.15,1.07,2026-06-10,0947,Aqua,MODIS,70,6.1NRT,297.66,9.2,D
17.86006,79.90957,334.8,1.14,1.06,2026-06-10,0947,Aqua,MODIS,81,6.1NRT,304.84,24.91,D
17.31559,81.10127,326.62,1.04,1.02,2026-06-10,0947,Aqua,MODIS,70,6.1NRT,294.6,14.3,D
17.32942,80.89476,333.75,1.05,1.03,2026-06-10,0947,Aqua,MODIS,80,6.1NRT,299.61,24.07,D
17.32795,80.88519,346.05,1.05,1.03,2026-06-10,0947,Aqua,MODIS,91,6.1NRT,304.15,45.18,D
17.3544,80.87511,324.61,1.05,1.03,2026-06-10,0947,Aqua,MODIS,64,6.1NRT,303.1,10.45,D
17.88804,80.378,339.71,1.09,1.04,2026-06-10,0947,Aqua,MODIS,86,6.1NRT,306.32,27.65,D
14.8795,79.88722,322.58,1.25,1.11,2026-06-10,0947,Aqua,MODIS,68,6.1NRT,294.6,11.91,D
21.18412,82.30006,338.21,1.02,1.01,2026-06-10,0949,Aqua,MODIS,83,6.1NRT,305.55,27.16,D
28.14442,80.18832,323.76,1.01,1,2026-06-10,0949,Aqua,MODIS,50,6.1NRT,302.81,7.41,D
28.11826,80.19317,325.47,1.01,1,2026-06-10,0949,Aqua,MODIS,58,6.1NRT,303.08,9.45,D
28.12533,80.24256,325.82,1.01,1,2026-06-10,0949,Aqua,MODIS,62,6.1NRT,302.48,10.81,D
27.70804,78.33271,325.9,1.05,1.02,2026-06-10,0949,Aqua,MODIS,50,6.1NRT,308.19,8.23,D
24.69578,79.89928,330.4,1.01,1,2026-06-10,0949,Aqua,MODIS,34,6.1NRT,312.63,8.72,D
24.26309,80.21546,332.66,1,1,2026-06-10,0949,Aqua,MODIS,70,6.1NRT,315.09,10.17,D
21.9439,82.59674,327.32,1.05,1.02,2026-06-10,0949,Aqua,MODIS,56,6.1NRT,310.54,7.88,D
22.04098,83.72433,329.68,1.16,1.07,2026-06-10,0949,Aqua,MODIS,65,6.1NRT,309.25,12.76,D
21.7788,83.82708,326.39,1.17,1.08,2026-06-10,0949,Aqua,MODIS,53,6.1NRT,305.7,12.73,D
28.24353,79.96528,339.07,1,1,2026-06-10,0949,Aqua,MODIS,86,6.1NRT,306.67,24.61,D
21.75205,83.84232,326.17,1.17,1.08,2026-06-10,0949,Aqua,MODIS,27,6.1NRT,305.8,9.88,D
21.74499,83.83892,331.15,1.17,1.08,2026-06-10,0949,Aqua,MODIS,77,6.1NRT,306.72,17.2,D
21.7356,83.84032,327.88,1.17,1.08,2026-06-10,0949,Aqua,MODIS,65,6.1NRT,306.91,12.84,D
21.74371,83.97372,324.48,1.19,1.08,2026-06-10,0949,Aqua,MODIS,55,6.1NRT,305.7,12.33,D
28.17798,80.15636,326.21,1.01,1,2026-06-10,0949,Aqua,MODIS,54,6.1NRT,300.16,12.58,D
21.34381,83.88077,320.94,1.16,1.07,2026-06-10,0949,Aqua,MODIS,58,6.1NRT,301.59,8.37,D
21.24128,83.86895,321.59,1.16,1.07,2026-06-10,0949,Aqua,MODIS,62,6.1NRT,302.44,7.84,D
20.30469,81.48163,331.25,1,1,2026-06-10,0949,Aqua,MODIS,77,6.1NRT,305.73,11.65,D
28.90196,79.46684,324.29,1,1,2026-06-10,0949,Aqua,MODIS,67,6.1NRT,303.22,8.07,D
30.42452,77.56094,321.56,1.05,1.02,2026-06-10,0949,Aqua,MODIS,28,6.1NRT,304.8,7.51,D
30.26925,76.22388,338.95,1.18,1.08,2026-06-10,0949,Aqua,MODIS,83,6.1NRT,315.33,23.13,D
30.27861,76.22172,336,1.18,1.08,2026-06-10,0949,Aqua,MODIS,79,6.1NRT,316.41,18.35,D
30.34641,76.07712,335.47,1.2,1.09,2026-06-10,0952,Aqua,MODIS,78,6.1NRT,316.01,17.31,D
31.34312,75.43739,327.49,1.25,1.11,2026-06-10,0952,Aqua,MODIS,68,6.1NRT,312.37,14.17,D
31.34532,75.44991,324.78,1.24,1.11,2026-06-10,0952,Aqua,MODIS,61,6.1NRT,311.63,9.77,D
31.66207,78.24928,313.83,1.01,1,2026-06-10,0952,Aqua,MODIS,50,6.1NRT,296.49,10.08,D
31.37776,76.84681,323.98,1.08,1.04,2026-06-10,0952,Aqua,MODIS,62,6.1NRT,306.58,9.53,D
31.31811,76.99008,322.05,1.07,1.03,2026-06-10,0952,Aqua,MODIS,50,6.1NRT,307.39,11.17,D
31.28929,77.10405,333.04,1.07,1.03,2026-06-10,0952,Aqua,MODIS,82,6.1NRT,305.78,26.12,D
31.29108,77.11528,322.21,1.06,1.03,2026-06-10,0952,Aqua,MODIS,66,6.1NRT,303.34,12.85,D
30.97614,75.29894,331.5,1.29,1.13,2026-06-10,0952,Aqua,MODIS,71,6.1NRT,316.97,13.21,D
30.92615,77.0988,323.84,1.07,1.03,2026-06-10,0952,Aqua,MODIS,66,6.1NRT,304.1,15.69,D
30.62094,75.93198,344.14,1.21,1.09,2026-06-10,0952,Aqua,MODIS,89,6.1NRT,320.16,37.22,D
30.54106,76.06947,330.19,1.19,1.09,2026-06-10,0952,Aqua,MODIS,66,6.1NRT,314.68,9.34,D
30.5431,76.08137,329.78,1.19,1.09,2026-06-10,0952,Aqua,MODIS,64,6.1NRT,314.63,9.12,D
30.72869,77.19846,327.75,1.07,1.03,2026-06-10,0952,Aqua,MODIS,72,6.1NRT,305.08,17.33,D
30.48975,76.19759,337.88,1.18,1.08,2026-06-10,0952,Aqua,MODIS,82,6.1NRT,314.61,25.61,D
33.50128,74.17505,327.95,1.34,1.15,2026-06-10,0952,Aqua,MODIS,81,6.1NRT,305.59,24.75,D
33.41957,74.24249,321.27,1.33,1.14,2026-06-10,0952,Aqua,MODIS,73,6.1NRT,308.86,9.44,D
33.04702,74.2459,327.06,1.35,1.15,2026-06-10,0952,Aqua,MODIS,62,6.1NRT,312.59,15.55,D
33.01547,74.46989,321.8,1.31,1.14,2026-06-10,0952,Aqua,MODIS,53,6.1NRT,307.25,8.73,D
32.9516,74.45998,327.51,1.32,1.14,2026-06-10,0952,Aqua,MODIS,77,6.1NRT,312.42,13,D
32.93958,75.22183,319.21,1.21,1.09,2026-06-10,0952,Aqua,MODIS,25,6.1NRT,306.14,6.58,D
32.61739,75.43047,327.04,1.19,1.09,2026-06-10,0952,Aqua,MODIS,77,6.1NRT,308.77,11.11,D
32.72908,76.07958,315.13,1.12,1.05,2026-06-10,0952,Aqua,MODIS,44,6.1NRT,302.37,7.23,D
32.59974,75.96597,321.11,1.13,1.06,2026-06-10,0952,Aqua,MODIS,55,6.1NRT,305.28,9.39,D
32.60159,75.97701,333.33,1.13,1.06,2026-06-10,0952,Aqua,MODIS,83,6.1NRT,305.67,27.57,D
32.44098,75.51542,335.52,1.19,1.09,2026-06-10,0952,Aqua,MODIS,74,6.1NRT,313.95,24.03,D
32.44309,75.5279,345.71,1.19,1.08,2026-06-10,0952,Aqua,MODIS,91,6.1NRT,309.77,47.18,D
32.06687,76.17472,324.89,1.13,1.06,2026-06-10,0952,Aqua,MODIS,68,6.1NRT,309.97,11.55,D
31.642,75.01997,328.11,1.3,1.13,2026-06-10,0952,Aqua,MODIS,69,6.1NRT,312.55,13.39,D
31.60967,75.07424,338.33,1.29,1.13,2026-06-10,0952,Aqua,MODIS,84,6.1NRT,312.35,34.8,D
31.52611,75.07427,326.36,1.29,1.13,2026-06-10,0952,Aqua,MODIS,22,6.1NRT,312.42,8.74,D
31.65144,76.20096,326.41,1.14,1.06,2026-06-10,0952,Aqua,MODIS,70,6.1NRT,310.62,10.01,D
31.37559,75.03501,330.6,1.31,1.13,2026-06-10,0952,Aqua,MODIS,72,6.1NRT,314.71,13.2,D
29.77654,78.35573,308.94,1.07,1.03,2026-06-10,1524,Terra,MODIS,68,6.1NRT,297.96,5.57,N
29.06516,75.93589,315.72,1.01,1.01,2026-06-10,1524,Terra,MODIS,86,6.1NRT,300.16,9.57,N
26.20344,79.92309,313.34,1.15,1.07,2026-06-10,1524,Terra,MODIS,78,6.1NRT,301.42,7.16,N
30.75664,77.24731,325.03,1.02,1.01,2026-06-10,1524,Terra,MODIS,100,6.1NRT,294.48,22.14,N
31.20135,77.12669,306,1.02,1.01,2026-06-10,1524,Terra,MODIS,66,6.1NRT,295.4,4.72,N
26.11114,80.68671,312.09,1.25,1.11,2026-06-10,1524,Terra,MODIS,73,6.1NRT,299.18,9.32,N
26.11257,80.69894,312.17,1.25,1.11,2026-06-10,1524,Terra,MODIS,74,6.1NRT,299.11,9.5,N
24.27135,80.2052,313.7,1.13,1.06,2026-06-10,1524,Terra,MODIS,83,6.1NRT,302.12,8.13,N
23.40623,76.53036,312.96,1.06,1.03,2026-06-10,1524,Terra,MODIS,73,6.1NRT,302.4,6.62,N
22.83948,79.42249,316.31,1.04,1.02,2026-06-10,1524,Terra,MODIS,89,6.1NRT,301.6,9.81,N
22.46203,77.85018,311.1,1,1,2026-06-10,1524,Terra,MODIS,66,6.1NRT,300.72,5.51,N
31.5894,76.58085,310.08,1.01,1,2026-06-10,1524,Terra,MODIS,79,6.1NRT,298.17,6.37,N
30.28265,78.44297,305.73,1.09,1.04,2026-06-10,1524,Terra,MODIS,65,6.1NRT,290.07,7.68,N
31.45035,76.98872,309.19,1.02,1.01,2026-06-10,1524,Terra,MODIS,77,6.1NRT,293.66,7.99,N
31.89193,75.94456,315.16,1,1,2026-06-10,1526,Terra,MODIS,90,6.1NRT,300.07,9.34,N
33.52104,74.29601,311.41,1.03,1.01,2026-06-10,1526,Terra,MODIS,82,6.1NRT,295.67,9.42,N
33.2801,74.04684,314.26,1.05,1.02,2026-06-10,1526,Terra,MODIS,89,6.1NRT,298.87,10.74,N
33.19733,74.29999,312.21,1.04,1.02,2026-06-10,1526,Terra,MODIS,83,6.1NRT,301.4,6.9,N
33.06744,74.23422,312.26,1.04,1.02,2026-06-10,1526,Terra,MODIS,80,6.1NRT,302.12,7,N
33.13317,75.06813,322.27,1.01,1,2026-06-10,1526,Terra,MODIS,100,6.1NRT,299.46,16.05,N
33.13465,75.07849,310.41,1.01,1,2026-06-10,1526,Terra,MODIS,80,6.1NRT,299.58,5.6,N
33.12442,75.07014,315.26,1.01,1,2026-06-10,1526,Terra,MODIS,91,6.1NRT,298.45,10.06,N
33.01794,74.46131,315.81,1.03,1.01,2026-06-10,1526,Terra,MODIS,90,6.1NRT,301.86,9.69,N
33.01952,74.47205,312.24,1.03,1.01,2026-06-10,1526,Terra,MODIS,67,6.1NRT,301.29,6.52,N
32.8146,74.46056,327.44,1.03,1.02,2026-06-10,1526,Terra,MODIS,100,6.1NRT,300.85,23.39,N
32.80573,74.46244,327.81,1.03,1.02,2026-06-10,1526,Terra,MODIS,100,6.1NRT,301.15,23.89,N
32.71812,75.46217,308.56,1,1,2026-06-10,1526,Terra,MODIS,63,6.1NRT,296.65,5.53,N
32.65385,75.59792,308.34,1,1,2026-06-10,1526,Terra,MODIS,64,6.1NRT,297.08,4.71,N
32.64511,75.59966,308.62,1,1,2026-06-10,1526,Terra,MODIS,61,6.1NRT,297.44,4.57,N
32.60469,75.9753,325.46,1,1,2026-06-10,1526,Terra,MODIS,100,6.1NRT,296.88,20.81,N
32.34915,76.06403,307.81,1,1,2026-06-10,1526,Terra,MODIS,73,6.1NRT,295.67,5.37,N
31.8905,75.9343,311.27,1,1,2026-06-10,1526,Terra,MODIS,80,6.1NRT,300.07,6.19,N
21.07881,85.03922,306.26,1.03,1.01,2026-06-10,2155,Aqua,MODIS,66,6.1NRT,289.39,5.85,N
20.98086,85.13467,312.21,1.02,1.01,2026-06-10,2155,Aqua,MODIS,84,6.1NRT,294.78,8.32,N
23.68122,86.08719,300.09,1.01,1,2026-06-10,2155,Aqua,MODIS,16,6.1NRT,280.25,3.71,N
23.68262,86.39656,303.66,1,1,2026-06-10,2155,Aqua,MODIS,56,6.1NRT,281.77,5.35,N
23.73946,86.43557,302.46,1,1,2026-06-10,2155,Aqua,MODIS,39,6.1NRT,279.18,4.22,N
23.76256,86.40064,300.37,1,1,2026-06-10,2155,Aqua,MODIS,24,6.1NRT,276.21,3.8,N
20.97531,85.17262,312.83,1.02,1.01,2026-06-10,2155,Aqua,MODIS,85,6.1NRT,295.64,8.68,N
20.97392,85.18211,311.42,1.02,1.01,2026-06-10,2155,Aqua,MODIS,82,6.1NRT,295.16,7.76,N
20.96373,85.19014,314.63,1.02,1.01,2026-06-10,2155,Aqua,MODIS,89,6.1NRT,296.62,10.82,N
20.78586,85.26469,302.09,1.02,1.01,2026-06-10,2155,Aqua,MODIS,47,6.1NRT,288.5,3.48,N
20.96511,85.18069,311.21,1.02,1.01,2026-06-10,2155,Aqua,MODIS,81,6.1NRT,296.46,7.56,N
20.9665,85.1712,316.97,1.02,1.01,2026-06-10,2155,Aqua,MODIS,94,6.1NRT,296.59,12.33,N
22.57306,85.8933,301.3,1.01,1,2026-06-10,2155,Aqua,MODIS,40,6.1NRT,285.73,3.49,N
20.96788,85.16171,307.43,1.02,1.01,2026-06-10,2155,Aqua,MODIS,70,6.1NRT,295.46,4.77,N
22.04503,83.73209,306.49,1.17,1.08,2026-06-10,2155,Aqua,MODIS,62,6.1NRT,287.29,7.74,N
21.75405,83.84563,306.43,1.15,1.07,2026-06-10,2155,Aqua,MODIS,16,6.1NRT,287.72,6.84,N
21.74471,83.84425,305.22,1.15,1.07,2026-06-10,2155,Aqua,MODIS,27,6.1NRT,286.18,5.44,N
20.99978,86.01299,304.61,1,1,2026-06-10,2155,Aqua,MODIS,58,6.1NRT,289.88,4.72,N
22.03533,83.73441,320.53,1.02,1.01,2026-06-11,0330,Terra,MODIS,53,6.1NRT,300.83,7,D
23.77567,86.20863,313.36,1.2,1.09,2026-06-11,0330,Terra,MODIS,55,6.1NRT,292.88,8.11,D
23.68205,86.0918,315.2,1.19,1.08,2026-06-11,0330,Terra,MODIS,34,6.1NRT,294.93,6.36,D
22.37524,87.28083,313.17,1.46,1.19,2026-06-11,0330,Terra,MODIS,48,6.1NRT,294.43,8.7,D
21.32514,83.61178,322.88,1.02,1.01,2026-06-11,0330,Terra,MODIS,72,6.1NRT,295.32,12.23,D
22.07162,82.33472,322.87,1.01,1,2026-06-11,0330,Terra,MODIS,56,6.1NRT,295.51,13.67,D
21.91829,83.34973,319.84,1,1,2026-06-11,0330,Terra,MODIS,67,6.1NRT,299.7,6.96,D
21.78113,83.83614,323.78,1.02,1.01,2026-06-11,0330,Terra,MODIS,71,6.1NRT,301.22,10.58,D
21.75072,83.97875,315.99,1.03,1.01,2026-06-11,0330,Terra,MODIS,46,6.1NRT,294.11,5.85,D
21.75316,83.84129,321.87,1.02,1.01,2026-06-11,0330,Terra,MODIS,64,6.1NRT,301.29,6.59,D
21.74215,83.84277,326.47,1.02,1.01,2026-06-11,0330,Terra,MODIS,77,6.1NRT,302,13.17,D
21.95398,81.22495,324.65,1.07,1.03,2026-06-11,0330,Terra,MODIS,68,6.1NRT,306.22,7.34,D
21.48102,83.80643,316.42,1.02,1.01,2026-06-11,0330,Terra,MODIS,49,6.1NRT,293.96,5.37,D
20.96751,86.01842,317.99,1.28,1.12,2026-06-11,0330,Terra,MODIS,68,6.1NRT,294.59,11.42,D
21.41322,80.50121,325.34,1.13,1.06,2026-06-11,0332,Terra,MODIS,71,6.1NRT,303.13,12.09,D
18.47692,79.39267,320.95,1.2,1.09,2026-06-11,0332,Terra,MODIS,64,6.1NRT,297.22,8.8,D
20.99872,82.21821,317.6,1.01,1,2026-06-11,0332,Terra,MODIS,54,6.1NRT,297.1,6.61,D
21.16011,81.71713,319.01,1.03,1.01,2026-06-11,0332,Terra,MODIS,55,6.1NRT,296.83,7.46,D
8.85032,78.10388,321.98,1.11,1.05,2026-06-11,0334,Terra,MODIS,74,6.1NRT,299.05,8.09,D
8.82942,77.98064,321.01,1.12,1.06,2026-06-11,0334,Terra,MODIS,69,6.1NRT,294.39,9.53,D
25.43281,93.21991,319.62,1.12,1.06,2026-06-11,0850,Aqua,MODIS,79,6.1NRT,290.43,14.94,D
19.1051,78.29938,326.02,1.97,1.37,2026-06-11,1024,Aqua,MODIS,65,6.1NRT,301.26,23.75,D
23.05715,71.03911,326.72,1,1,2026-06-11,1026,Aqua,MODIS,57,6.1NRT,308.36,6.71,D
23.17184,71.69559,329.26,1,1,2026-06-11,1026,Aqua,MODIS,66,6.1NRT,308.57,7.81,D
23.17322,71.70502,332.33,1,1,2026-06-11,1026,Aqua,MODIS,73,6.1NRT,308.26,11.96,D
21.22772,72.95728,323.26,1.03,1.01,2026-06-11,1026,Aqua,MODIS,61,6.1NRT,301.83,9.34,D
21.22637,72.94772,320.36,1.03,1.01,2026-06-11,1026,Aqua,MODIS,45,6.1NRT,302.18,5.94,D
22.93636,71.9184,338.38,1,1,2026-06-11,1026,Aqua,MODIS,82,6.1NRT,307.86,19.82,D
22.93499,71.90895,367.04,1,1,2026-06-11,1026,Aqua,MODIS,100,6.1NRT,309.63,85.84,D
22.94508,71.91691,334.8,1,1,2026-06-11,1026,Aqua,MODIS,76,6.1NRT,307.09,15.28,D
22.94372,71.90746,348.36,1,1,2026-06-11,1026,Aqua,MODIS,92,6.1NRT,308.84,38.48,D
23.04587,72.29341,332.9,1.02,1.01,2026-06-11,1026,Aqua,MODIS,73,6.1NRT,307.23,12.77,D
23.07767,72.45542,327.4,1.03,1.01,2026-06-11,1026,Aqua,MODIS,57,6.1NRT,305.66,8.34,D
33.20951,74.02448,329.42,1.58,1.24,2026-06-11,1028,Aqua,MODIS,65,6.1NRT,308.75,22.6,D
31.94823,75.18375,323.67,1.8,1.32,2026-06-11,1028,Aqua,MODIS,48,6.1NRT,299.55,18.31,D
33.25968,74.04272,325.74,1.58,1.24,2026-06-11,1028,Aqua,MODIS,17,6.1NRT,307.62,16.36,D
33.26699,74.04805,331.55,1.58,1.24,2026-06-11,1028,Aqua,MODIS,67,6.1NRT,307.71,30.69,D
33.19875,74.02656,326.62,1.58,1.24,2026-06-11,1028,Aqua,MODIS,52,6.1NRT,308.45,15.5,D
31.9464,75.16532,329.73,1.8,1.31,2026-06-11,1028,Aqua,MODIS,71,6.1NRT,300.1,34.46,D
33.03345,74.30157,333.37,1.63,1.26,2026-06-11,1028,Aqua,MODIS,74,6.1NRT,309.05,35.36,D
33.03161,74.28365,328.31,1.63,1.26,2026-06-11,1028,Aqua,MODIS,56,6.1NRT,310.12,20.44,D
19.34894,73.15137,348.27,1.42,1.18,2026-06-11,1603,Terra,MODIS,100,6.1NRT,296.67,91.58,N
19.34738,73.13815,326.74,1.42,1.18,2026-06-11,1603,Terra,MODIS,100,6.1NRT,295.3,35.05,N
33.20591,74.04433,306.16,2.51,1.52,2026-06-11,1605,Terra,MODIS,19,6.1NRT,294.37,15.5,N
29.9075,74.94231,308.02,2.64,1.56,2026-06-11,1605,Terra,MODIS,30,6.1NRT,284.82,42.32,N
33.19557,74.02699,306.44,2.5,1.52,2026-06-11,1605,Terra,MODIS,17,6.1NRT,294.56,15,N
33.20898,74.02506,308.24,2.5,1.52,2026-06-11,1605,Terra,MODIS,50,6.1NRT,294.33,19.59,N
33.20698,73.9991,308.24,2.49,1.52,2026-06-11,1605,Terra,MODIS,57,6.1NRT,295.27,18.52,N
33.20415,74.0192,311.93,2.5,1.52,2026-06-11,1605,Terra,MODIS,80,6.1NRT,294.49,30.06,N
33.21572,73.99136,306.24,2.49,1.52,2026-06-11,1605,Terra,MODIS,52,6.1NRT,294.98,15.56,N
33.2732,74.03646,303.88,2.51,1.52,2026-06-11,1605,Terra,MODIS,29,6.1NRT,293.57,13.42,N
33.41503,74.21103,301.54,1.66,1.27,2026-06-11,2229,Aqua,MODIS,42,6.1NRT,288.42,9.83,N
32.78236,74.4698,309.66,1.56,1.23,2026-06-11,2229,Aqua,MODIS,78,6.1NRT,290.3,18.44,N
32.78411,74.45364,304.59,1.57,1.23,2026-06-11,2229,Aqua,MODIS,61,6.1NRT,290.62,11.97,N
33.31784,74.14664,303.16,1.67,1.27,2026-06-11,2229,Aqua,MODIS,54,6.1NRT,290.48,10.88,N
33.41505,74.20489,301.72,1.66,1.27,2026-06-11,2229,Aqua,MODIS,44,6.1NRT,288.47,9.81,N
29.91594,74.95746,333.04,1.33,1.14,2026-06-11,2231,Aqua,MODIS,100,6.1NRT,293.33,48.29,N
29.91758,74.94408,324.44,1.34,1.15,2026-06-11,2231,Aqua,MODIS,100,6.1NRT,292.78,32.15,N
19.34985,73.14304,308.53,1.25,1.11,2026-06-11,2233,Aqua,MODIS,53,6.1NRT,293.29,7.98,N
19.34833,73.15449,319.47,1.24,1.11,2026-06-11,2233,Aqua,MODIS,99,6.1NRT,293.13,20.49,N
20.97208,85.17519,307.77,3.08,1.67,2026-06-11,2233,Aqua,MODIS,56,6.1NRT,289.75,34.58,N
20.24226,72.95638,304.86,1.31,1.14,2026-06-11,2233,Aqua,MODIS,62,6.1NRT,294.14,5.45,N
20.24063,72.96865,306.95,1.31,1.14,2026-06-11,2233,Aqua,MODIS,70,6.1NRT,293.49,7.45,N
19.35953,73.14462,305.9,1.25,1.11,2026-06-11,2233,Aqua,MODIS,58,6.1NRT,293.47,5.43,N
19.35802,73.15591,309.93,1.24,1.11,2026-06-11,2233,Aqua,MODIS,79,6.1NRT,293.78,9.36,N
15.33597,76.28286,301,1.03,1.01,2026-06-11,2235,Aqua,MODIS,36,6.1NRT,290.81,3.35,N
15.17568,76.66202,305.04,1.06,1.03,2026-06-11,2235,Aqua,MODIS,31,6.1NRT,293.56,4.19,N
29.90383,74.95403,317.57,1,1,2026-06-12,0406,Terra,MODIS,67,6.1NRT,296.76,9.44,D
29.91401,74.94559,326.45,1,1,2026-06-12,0406,Terra,MODIS,79,6.1NRT,297.19,17.5,D
29.91258,74.95564,329.39,1,1,2026-06-12,0406,Terra,MODIS,82,6.1NRT,297.69,21.13,D
29.90526,74.94399,314.42,1,1,2026-06-12,0406,Terra,MODIS,56,6.1NRT,296.51,6.77,D
25.8066,76.23459,322.11,1.12,1.05,2026-06-12,0408,Terra,MODIS,52,6.1NRT,300.6,7.11,D
22.36783,71.59534,326.35,1.06,1.03,2026-06-12,0410,Terra,MODIS,73,6.1NRT,303.16,13.59,D
18.92268,79.05273,321.93,2.23,1.45,2026-06-12,0410,Terra,MODIS,50,6.1NRT,296.97,27.91,D
19.34673,73.14647,319.75,1.01,1.01,2026-06-12,0410,Terra,MODIS,37,6.1NRT,296.3,9.8,D
21.68413,73.26583,319.75,1,1,2026-06-12,0410,Terra,MODIS,28,6.1NRT,302.47,6.47,D
18.92304,79.05954,321.16,2.23,1.45,2026-06-12,0410,Terra,MODIS,35,6.1NRT,297.18,21.45,D
18.56555,83.81224,323.66,1.4,1.17,2026-06-12,0924,Aqua,MODIS,48,6.1NRT,298.49,15.86,D
17.76902,79.63203,322.33,2.97,1.64,2026-06-12,0924,Aqua,MODIS,8,6.1NRT,297.05,39.83,D
23.76011,86.40283,326.2,1,1,2026-06-12,0926,Aqua,MODIS,62,6.1NRT,301.73,10.95,D
23.64538,85.439,314,1.02,1.01,2026-06-12,0926,Aqua,MODIS,32,6.1NRT,295.73,6.4,D
23.79207,86.35171,321.75,1,1,2026-06-12,0926,Aqua,MODIS,38,6.1NRT,301.97,7.2,D
25.32435,86.34301,318.38,1,1,2026-06-12,0926,Aqua,MODIS,0,6.1NRT,298.2,7.76,D
23.77978,86.2083,320.33,1,1,2026-06-12,0926,Aqua,MODIS,63,6.1NRT,300.21,8.54,D
23.68801,87.11862,320.57,1.01,1.01,2026-06-12,0926,Aqua,MODIS,56,6.1NRT,300.37,7.61,D
20.96853,85.17317,314.42,1.06,1.03,2026-06-12,1501,Terra,MODIS,82,6.1NRT,282.77,12.13,N
20.96078,85.18446,309.64,1.06,1.03,2026-06-12,1501,Terra,MODIS,46,6.1NRT,284.95,8.55,N
17.61206,83.20487,309.75,1.04,1.02,2026-06-12,1501,Terra,MODIS,67,6.1NRT,295.8,5.09,N
22.36549,82.30286,308.64,1.02,1.01,2026-06-12,1503,Terra,MODIS,75,6.1NRT,292.67,4.97,N
22.35662,82.30436,312.19,1.02,1.01,2026-06-12,1503,Terra,MODIS,84,6.1NRT,293.91,7.43,N
23.76551,86.39802,308.13,1.29,1.13,2026-06-12,1503,Terra,MODIS,51,6.1NRT,286.89,11.89,N
24.20338,82.70982,307.61,1,1,2026-06-12,1503,Terra,MODIS,59,6.1NRT,296.39,4.75,N
20.97676,85.13308,322.24,1.17,1.08,2026-06-13,0310,Terra,MODIS,72,6.1NRT,299.05,11.45,D
21.41646,84.05827,317.2,1.36,1.16,2026-06-13,0310,Terra,MODIS,43,6.1NRT,296.12,9.58,D
21.4168,84.06474,315.72,1.36,1.15,2026-06-13,0310,Terra,MODIS,19,6.1NRT,295.87,7.92,D
20.94908,86.04656,318.22,1.07,1.03,2026-06-13,0310,Terra,MODIS,66,6.1NRT,297.85,9.62,D
20.96034,85.1862,322.34,1.16,1.07,2026-06-13,0310,Terra,MODIS,72,6.1NRT,299.17,12.19,D
20.96173,85.17538,323.51,1.16,1.07,2026-06-13,0310,Terra,MODIS,71,6.1NRT,298.94,13.37,D
20.96312,85.16449,320.85,1.16,1.07,2026-06-13,0310,Terra,MODIS,30,6.1NRT,298.47,9.62,D
23.80278,86.32526,317.4,1.1,1.05,2026-06-13,0310,Terra,MODIS,55,6.1NRT,298.49,7.13,D
23.7666,86.39903,321.65,1.09,1.04,2026-06-13,0310,Terra,MODIS,15,6.1NRT,299.27,9.46,D
23.66556,87.15551,315.18,1.03,1.02,2026-06-13,0310,Terra,MODIS,59,6.1NRT,296.04,5.35,D
23.78203,86.20879,316.1,1.11,1.05,2026-06-13,0310,Terra,MODIS,54,6.1NRT,297.87,7.08,D
23.73375,86.43645,322.5,1.09,1.04,2026-06-13,0310,Terra,MODIS,43,6.1NRT,299.32,10.83,D
23.67715,86.08923,317.86,1.12,1.06,2026-06-13,0310,Terra,MODIS,63,6.1NRT,297.22,8.49,D
20.97116,85.17667,325.62,1.16,1.07,2026-06-13,0310,Terra,MODIS,38,6.1NRT,298.58,14.91,D
22.37508,87.28212,319.23,1.01,1.01,2026-06-13,0310,Terra,MODIS,69,6.1NRT,299.43,7.87,D
22.36361,87.29983,318.44,1.01,1.01,2026-06-13,0310,Terra,MODIS,68,6.1NRT,299.69,7.37,D
20.79545,85.25993,315.15,1.15,1.07,2026-06-13,0313,Terra,MODIS,42,6.1NRT,297.01,6.71,D
20.99305,82.21635,319.8,1.8,1.32,2026-06-13,0313,Terra,MODIS,56,6.1NRT,298.32,15.45,D
20.99595,82.21082,322.91,1.8,1.32,2026-06-13,0313,Terra,MODIS,64,6.1NRT,298.43,22.44,D
23.78504,69.50098,324.41,1.86,1.33,2026-06-13,0449,Terra,MODIS,73,6.1NRT,302.26,22.69,D
9.61564,78.78436,323.4,1.06,1.03,2026-06-13,1002,Aqua,MODIS,71,6.1NRT,299.39,8.72,D
9.50453,78.77882,332.66,1.06,1.03,2026-06-13,1002,Aqua,MODIS,83,6.1NRT,299.65,21.33,D
15.42027,80.08523,320.29,1.04,1.02,2026-06-13,1002,Aqua,MODIS,61,6.1NRT,288.82,8.26,D
15.42159,80.09459,327.24,1.04,1.02,2026-06-13,1002,Aqua,MODIS,0,6.1NRT,290.76,15.96,D
13.65323,80.13264,331.1,1.02,1.01,2026-06-13,1002,Aqua,MODIS,63,6.1NRT,301.54,19.27,D
21.74327,83.83956,326.78,2.12,1.42,2026-06-13,1004,Aqua,MODIS,64,6.1NRT,301.95,30.07,D
25.71841,79.18907,332.28,1.18,1.08,2026-06-13,1004,Aqua,MODIS,70,6.1NRT,311.05,11.53,D
23.71292,69.27772,331.35,2.54,1.53,2026-06-13,1004,Aqua,MODIS,76,6.1NRT,305.99,53.89,D
18.05638,79.6656,327.99,1.05,1.02,2026-06-13,1004,Aqua,MODIS,77,6.1NRT,304.28,7.41,D
18.06666,79.67382,335.03,1.05,1.02,2026-06-13,1004,Aqua,MODIS,79,6.1NRT,304.37,17.98,D
18.21652,79.49176,325.21,1.04,1.02,2026-06-13,1004,Aqua,MODIS,67,6.1NRT,300.59,6.38,D
19.01024,80.84403,327.41,1.21,1.09,2026-06-13,1004,Aqua,MODIS,75,6.1NRT,299.98,15.79,D
19.10776,78.2861,323.98,1,1,2026-06-13,1004,Aqua,MODIS,48,6.1NRT,303.52,7.88,D
21.15852,70.69958,318.88,2.27,1.46,2026-06-13,1004,Aqua,MODIS,35,6.1NRT,296.1,23.86,D
21.16246,70.71552,320.01,2.26,1.46,2026-06-13,1004,Aqua,MODIS,47,6.1NRT,297.89,28.07,D
33.15971,73.98892,322.53,1,1,2026-06-13,1006,Aqua,MODIS,56,6.1NRT,301.24,8.98,D
33.0775,74.31743,319.81,1,1,2026-06-13,1006,Aqua,MODIS,57,6.1NRT,304.09,5.95,D
31.54349,75.09352,317.4,1,1,2026-06-13,1006,Aqua,MODIS,62,6.1NRT,299.38,7.04,D
31.3097,75.33693,319.5,1,1,2026-06-13,1006,Aqua,MODIS,70,6.1NRT,297.59,11.56,D
30.31884,76.16697,317.59,1.02,1.01,2026-06-13,1006,Aqua,MODIS,52,6.1NRT,300.11,4.73,D
21.74145,83.84785,307.73,1.05,1.03,2026-06-13,2212,Aqua,MODIS,72,6.1NRT,283.45,8.74,N
20.96984,85.17732,309.72,1.23,1.1,2026-06-13,2212,Aqua,MODIS,21,6.1NRT,277.04,11.56,N
19.10352,82.16821,303.67,1,1,2026-06-13,2212,Aqua,MODIS,56,6.1NRT,293.11,3.86,N
23.16812,82.33718,306.4,1,1,2026-06-13,2212,Aqua,MODIS,64,6.1NRT,295.01,4.56,N
23.16671,82.34663,307.52,1,1,2026-06-13,2212,Aqua,MODIS,68,6.1NRT,295.1,5.31,N
21.80013,83.88535,303.65,1.06,1.03,2026-06-13,2212,Aqua,MODIS,56,6.1NRT,283.98,5.22,N
21.78122,83.83145,304.22,1.05,1.02,2026-06-13,2212,Aqua,MODIS,47,6.1NRT,280.08,5.82,N
21.75134,83.84623,308.65,1.05,1.02,2026-06-13,2212,Aqua,MODIS,54,6.1NRT,281.83,8.09,N
20.75434,75.39816,321.3,1.15,1.07,2026-06-14,0349,Terra,MODIS,53,6.1NRT,300.5,9.56,D
20.93171,80.86314,324.45,1.23,1.1,2026-06-14,0349,Terra,MODIS,68,6.1NRT,303.05,10.24,D
20.96007,85.18677,317.76,2.47,1.51,2026-06-14,0349,Terra,MODIS,56,6.1NRT,291.77,27.72,D
20.96424,85.16415,316.56,2.46,1.51,2026-06-14,0349,Terra,MODIS,55,6.1NRT,290.39,23.13,D
24.73095,79.39077,324.82,1.01,1,2026-06-14,0349,Terra,MODIS,68,6.1NRT,304.59,7.76,D
23.12817,80.03011,318.86,1.07,1.03,2026-06-14,0349,Terra,MODIS,63,6.1NRT,300.38,7.08,D
17.27622,77.03351,319.56,1,1,2026-06-14,0351,Terra,MODIS,66,6.1NRT,298.33,5.63,D
16.97593,75.81983,321.19,1.04,1.02,2026-06-14,0351,Terra,MODIS,69,6.1NRT,300.4,7.59,D
15.31643,79.75667,312.83,1.28,1.12,2026-06-14,0351,Terra,MODIS,37,6.1NRT,278.75,10.79,D
11.27754,77.7451,312.79,1.12,1.05,2026-06-14,0351,Terra,MODIS,48,6.1NRT,295.02,4.99,D
8.85136,77.91139,319.85,1.21,1.09,2026-06-14,0353,Terra,MODIS,74,6.1NRT,297.27,7.66,D
8.84978,77.92207,323.97,1.21,1.09,2026-06-14,0353,Terra,MODIS,78,6.1NRT,296.49,12.97,D
21.24671,83.83815,319.76,3.19,1.69,2026-06-14,0905,Aqua,MODIS,63,6.1NRT,292.38,43.92,D
28.09403,80.20166,315.48,4,1.86,2026-06-14,0907,Aqua,MODIS,47,6.1NRT,298.9,35.5,D
22.74125,71.99321,326.59,1.48,1.2,2026-06-14,1041,Aqua,MODIS,24,6.1NRT,305.37,15.71,D
23.63574,69.30695,327.73,1.09,1.04,2026-06-14,1041,Aqua,MODIS,72,6.1NRT,306.65,12.45,D
21.1076,72.64277,322.27,1.56,1.23,2026-06-14,1041,Aqua,MODIS,0,6.1NRT,301.56,15.55,D
22.73512,72.00108,333.65,1.48,1.2,2026-06-14,1041,Aqua,MODIS,77,6.1NRT,306.8,27.8,D
22.3752,87.27617,309.65,1.03,1.01,2026-06-14,1442,Terra,MODIS,72,6.1NRT,296.21,5.11,N
23.77929,86.20309,311.39,1.08,1.04,2026-06-14,1444,Terra,MODIS,78,6.1NRT,296.88,7.01,N
23.77487,86.36053,310.82,1.06,1.03,2026-06-14,1444,Terra,MODIS,57,6.1NRT,296.7,5.72,N
23.67934,86.09003,308.01,1.09,1.04,2026-06-14,1444,Terra,MODIS,15,6.1NRT,295.47,5.35,N
23.69168,87.11714,309.09,1.02,1.01,2026-06-14,1444,Terra,MODIS,68,6.1NRT,296.75,4.43,N
23.55966,87.23139,316.5,1.02,1.01,2026-06-14,1444,Terra,MODIS,92,6.1NRT,296.06,10.4,N
27.37232,94.90659,301.61,1.38,1.16,2026-06-14,2108,Aqua,MODIS,31,6.1NRT,289.83,5.6,N
33.18495,74.02379,303.73,1.07,1.03,2026-06-14,2246,Aqua,MODIS,53,6.1NRT,293.14,4.65,N
21.10859,72.64765,318.57,1,1,2026-06-14,2248,Aqua,MODIS,97,6.1NRT,298.67,12.57,N
21.10998,72.63836,311.01,1,1,2026-06-14,2248,Aqua,MODIS,79,6.1NRT,298.3,6.33,N
20.9655,85.18874,312.31,2.56,1.54,2026-06-15,0249,Terra,MODIS,55,6.1NRT,289.72,19.69,D
20.9678,85.16476,313.77,2.57,1.54,2026-06-15,0249,Terra,MODIS,61,6.1NRT,292.02,24.55,D
23.77028,86.40736,316.58,2.26,1.46,2026-06-15,0249,Terra,MODIS,32,6.1NRT,298.74,18.38,D
22.82961,72.15417,331.33,1.34,1.15,2026-06-15,0429,Terra,MODIS,82,6.1NRT,304.64,25.19,D
22.05334,69.51853,322.06,1.04,1.02,2026-06-15,0429,Terra,MODIS,69,6.1NRT,304.48,7.49,D
23.72572,70.74387,323.66,1.11,1.05,2026-06-15,0429,Terra,MODIS,67,6.1NRT,301.27,10.26,D
23.54243,70.37394,323.34,1.08,1.04,2026-06-15,0429,Terra,MODIS,62,6.1NRT,303.46,11.84,D
23.48422,69.72359,323.85,1.03,1.01,2026-06-15,0429,Terra,MODIS,68,6.1NRT,304.65,9.61,D
22.0175,69.93744,318.67,1.07,1.03,2026-06-15,0429,Terra,MODIS,57,6.1NRT,298.89,8.91,D
12.3613,79.95432,322.61,1.8,1.32,2026-06-15,0939,Aqua,MODIS,38,6.1NRT,297.93,29.45,D
17.34703,80.88097,356.22,1.28,1.12,2026-06-15,0941,Aqua,MODIS,98,6.1NRT,300.64,94.49,D
17.17742,81.09869,317.96,1.24,1.11,2026-06-15,0941,Aqua,MODIS,56,6.1NRT,297.42,6.67,D
17.34514,80.86949,326.67,1.28,1.12,2026-06-15,0941,Aqua,MODIS,78,6.1NRT,300.95,20.26,D
17.34134,80.84634,327.06,1.28,1.12,2026-06-15,0941,Aqua,MODIS,78,6.1NRT,299.59,22.42,D
20.96128,86.0061,313.66,1.2,1.09,2026-06-15,0941,Aqua,MODIS,32,6.1NRT,288.12,7.91,D
17.34324,80.85793,328.44,1.28,1.12,2026-06-15,0941,Aqua,MODIS,80,6.1NRT,300.49,23.48,D
27.28551,82.5076,328.79,1.02,1.01,2026-06-15,0943,Aqua,MODIS,73,6.1NRT,306.99,11.65,D
28.10732,80.19903,335.69,1.04,1.02,2026-06-15,0943,Aqua,MODIS,84,6.1NRT,304.27,25.07,D
28.10574,80.1889,336.74,1.04,1.02,2026-06-15,0943,Aqua,MODIS,85,6.1NRT,304.83,26.87,D
28.10344,80.11595,320.13,1.04,1.02,2026-06-15,0943,Aqua,MODIS,55,6.1NRT,303.78,6.01,D
29.27416,78.96219,322.05,1.11,1.05,2026-06-15,0943,Aqua,MODIS,77,6.1NRT,300.82,9.38,D
28.18317,80.14577,320.04,1.04,1.02,2026-06-15,0943,Aqua,MODIS,51,6.1NRT,300.47,7.36,D
27.28412,82.49769,326.23,1.02,1.01,2026-06-15,0943,Aqua,MODIS,61,6.1NRT,306.7,8.75,D
15.17889,76.6678,306.98,1.32,1.14,2026-06-15,1520,Terra,MODIS,68,6.1NRT,294.04,4.96,N
15.17708,76.65594,307.98,1.32,1.14,2026-06-15,1520,Terra,MODIS,70,6.1NRT,295.45,5.96,N
19.74637,77.50465,314.43,1.06,1.03,2026-06-15,1522,Terra,MODIS,87,6.1NRT,299.83,8.28,N
20.98117,85.12683,308.68,2.09,1.41,2026-06-15,1522,Terra,MODIS,50,6.1NRT,296.14,11.79,N
21.19902,72.76186,307.54,1.94,1.36,2026-06-15,1522,Terra,MODIS,48,6.1NRT,296.33,9.51,N
20.97036,85.17327,314.92,2.1,1.41,2026-06-15,1522,Terra,MODIS,90,6.1NRT,296.15,26.52,N
20.9787,85.13259,310.14,2.09,1.41,2026-06-15,1522,Terra,MODIS,68,6.1NRT,296.25,14.69,N
33.03467,74.19448,305.74,1.05,1.03,2026-06-15,1524,Terra,MODIS,65,6.1NRT,294.68,4.33,N
33.03632,74.20545,311.78,1.05,1.02,2026-06-15,1524,Terra,MODIS,83,6.1NRT,294.99,9,N
31.5968,75.16176,309.01,1.02,1.01,2026-06-15,1524,Terra,MODIS,71,6.1NRT,296.81,5.6,N
28.01601,78.64783,306.15,1.05,1.02,2026-06-15,1524,Terra,MODIS,66,6.1NRT,294.38,5.27,N
33.04523,74.20322,314.78,1.05,1.02,2026-06-15,1524,Terra,MODIS,90,6.1NRT,294.61,11.58,N
20.97614,85.13894,304.95,1.19,1.08,2026-06-15,2148,Aqua,MODIS,24,6.1NRT,291.6,3.97,N
23.80715,86.33293,309.19,1.12,1.05,2026-06-15,2148,Aqua,MODIS,66,6.1NRT,297.64,6.37,N
23.78018,86.39346,313.5,1.11,1.05,2026-06-15,2148,Aqua,MODIS,51,6.1NRT,297.64,9,N
23.777,86.36469,307.25,1.11,1.05,2026-06-15,2148,Aqua,MODIS,69,6.1NRT,295.82,5.56,N
23.77113,86.40687,309.87,1.11,1.05,2026-06-15,2148,Aqua,MODIS,18,6.1NRT,296.6,6.22,N
23.66469,87.15902,305.83,1.04,1.02,2026-06-15,2148,Aqua,MODIS,57,6.1NRT,294.97,4.55,N
23.76196,86.40541,312.83,1.11,1.05,2026-06-15,2148,Aqua,MODIS,55,6.1NRT,296.75,8.81,N
23.77912,86.21291,309.3,1.13,1.06,2026-06-15,2148,Aqua,MODIS,76,6.1NRT,297.36,7.42,N
23.73928,86.43395,310.6,1.11,1.05,2026-06-15,2148,Aqua,MODIS,50,6.1NRT,297.56,6.78,N
23.68863,86.39364,308.44,1.11,1.05,2026-06-15,2148,Aqua,MODIS,48,6.1NRT,297.54,5.79,N
22.57526,85.90073,309.63,1.14,1.06,2026-06-15,2148,Aqua,MODIS,76,6.1NRT,295.89,7.86,N
22.38138,87.28427,308.5,1.02,1.01,2026-06-15,2148,Aqua,MODIS,66,6.1NRT,296.53,5.55,N
22.3698,87.30193,310.05,1.02,1.01,2026-06-15,2148,Aqua,MODIS,73,6.1NRT,296.33,6.34,N
20.97162,85.17202,310.31,1.18,1.08,2026-06-15,2148,Aqua,MODIS,45,6.1NRT,291.96,8.46,N
20.97011,85.18304,310.22,1.18,1.08,2026-06-15,2148,Aqua,MODIS,54,6.1NRT,291.18,9,N
20.96216,85.17064,307.08,1.18,1.08,2026-06-15,2148,Aqua,MODIS,19,6.1NRT,292.23,5.96,N
23.68436,86.09526,319.51,1.17,1.08,2026-06-16,0330,Terra,MODIS,32,6.1NRT,301.71,8.64,D
22.36127,82.3037,319.81,1.02,1.01,2026-06-16,0330,Terra,MODIS,46,6.1NRT,301.94,7.93,D
20.9744,85.13853,317.25,1.13,1.06,2026-06-16,0330,Terra,MODIS,56,6.1NRT,296.87,6.34,D
21.07248,85.04325,318.01,1.12,1.05,2026-06-16,0330,Terra,MODIS,62,6.1NRT,298.62,6.69,D
21.74553,83.84081,324.83,1.02,1.01,2026-06-16,0330,Terra,MODIS,73,6.1NRT,301.35,9.95,D
21.75434,83.84228,325.12,1.02,1.01,2026-06-16,0330,Terra,MODIS,54,6.1NRT,300.84,9.6,D
21.98226,82.37589,322.94,1.01,1.01,2026-06-16,0330,Terra,MODIS,64,6.1NRT,304.42,6.38,D
21.91821,83.3532,317.99,1,1,2026-06-16,0330,Terra,MODIS,48,6.1NRT,299.42,7.26,D
22.03879,83.73273,324.12,1.01,1,2026-06-16,0330,Terra,MODIS,73,6.1NRT,301.21,9.58,D
20.38133,85.15511,318.51,1.15,1.07,2026-06-16,0330,Terra,MODIS,0,6.1NRT,300.48,9.71,D
20.37968,85.16579,317.87,1.16,1.07,2026-06-16,0330,Terra,MODIS,0,6.1NRT,299.97,9.2,D
18.43855,79.66613,327.38,1.18,1.08,2026-06-16,0330,Terra,MODIS,77,6.1NRT,301.22,14.22,D
18.43715,79.677,330.09,1.18,1.08,2026-06-16,0330,Terra,MODIS,80,6.1NRT,300.94,19.25,D
18.20834,79.23146,321.72,1.24,1.11,2026-06-16,0330,Terra,MODIS,67,6.1NRT,300.06,7.9,D
17.60578,83.20345,317.97,1.03,1.02,2026-06-16,0330,Terra,MODIS,60,6.1NRT,296.16,6.37,D
17.60683,80.80364,317.53,1.04,1.02,2026-06-16,0330,Terra,MODIS,58,6.1NRT,297.03,6.37,D
17.29179,80.81107,327.31,1.04,1.02,2026-06-16,0330,Terra,MODIS,79,6.1NRT,296.46,20.26,D
23.76593,86.40641,321.42,1.21,1.09,2026-06-16,0330,Terra,MODIS,34,6.1NRT,303.6,9.24,D
23.77782,86.21075,322.31,1.18,1.08,2026-06-16,0330,Terra,MODIS,70,6.1NRT,303.06,14.01,D
23.68469,86.39662,319.23,1.21,1.09,2026-06-16,0330,Terra,MODIS,0,6.1NRT,302.78,10.48,D
22.37579,87.27869,317.71,1.43,1.18,2026-06-16,0330,Terra,MODIS,52,6.1NRT,300.52,10.04,D
16.77625,82.12591,321.7,1,1,2026-06-16,0332,Terra,MODIS,75,6.1NRT,293.9,10.2,D
16.18138,79.48005,322.74,1.14,1.07,2026-06-16,0332,Terra,MODIS,75,6.1NRT,299.99,12.8,D
13.18593,79.55458,319.18,1.07,1.03,2026-06-16,0332,Terra,MODIS,68,6.1NRT,298.67,8.02,D
13.18464,79.56414,320.57,1.07,1.03,2026-06-16,0332,Terra,MODIS,70,6.1NRT,298.3,9.41,D
13.40866,80.07033,322.22,1.61,1.25,2026-06-16,1017,Aqua,MODIS,0,6.1NRT,272.52,29.16,D
14.05475,77.45129,317.95,1.13,1.06,2026-06-16,1017,Aqua,MODIS,65,6.1NRT,296.79,7.19,D
9.03747,78.01302,309.48,1.07,1.03,2026-06-16,1017,Aqua,MODIS,53,6.1NRT,277.65,5.88,D
13.40062,80.06431,309.59,1.61,1.25,2026-06-16,1017,Aqua,MODIS,9,6.1NRT,274.24,7.62,D
19.08289,78.82637,327.44,1.59,1.24,2026-06-16,1019,Aqua,MODIS,66,6.1NRT,306.15,17.04,D
18.54739,79.22412,338.54,1.67,1.27,2026-06-16,1019,Aqua,MODIS,85,6.1NRT,308.43,48.99,D
18.39413,79.01377,327.62,1.6,1.25,2026-06-16,1019,Aqua,MODIS,57,6.1NRT,305.84,13.57,D
17.78989,75.85494,335.16,1.05,1.02,2026-06-16,1019,Aqua,MODIS,80,6.1NRT,313.79,15.42,D
17.79123,75.86451,339.15,1.05,1.02,2026-06-16,1019,Aqua,MODIS,84,6.1NRT,313.21,22.22,D
22.84799,69.78243,324.3,1.31,1.13,2026-06-16,1019,Aqua,MODIS,0,6.1NRT,302.3,8.36,D
22.84591,69.77024,325.55,1.31,1.13,2026-06-16,1019,Aqua,MODIS,50,6.1NRT,303.48,10.98,D
30.87835,75.61128,319.45,1.43,1.18,2026-06-16,1021,Aqua,MODIS,63,6.1NRT,300.59,9.52,D
30.64138,76.18958,323.41,1.54,1.22,2026-06-16,1021,Aqua,MODIS,69,6.1NRT,301.43,15.78,D
30.64445,76.18346,322.33,1.54,1.22,2026-06-16,1021,Aqua,MODIS,67,6.1NRT,301.44,14.16,D
30.85128,75.55685,321.5,1.42,1.18,2026-06-16,1021,Aqua,MODIS,65,6.1NRT,300.91,13.37,D
31.01796,75.76332,321.82,1.46,1.2,2026-06-16,1021,Aqua,MODIS,64,6.1NRT,301.51,10.65,D
30.85114,74.27772,318.97,1.2,1.09,2026-06-16,1021,Aqua,MODIS,50,6.1NRT,299.28,8.61,D
31.41825,75.43214,323.03,1.42,1.18,2026-06-16,1021,Aqua,MODIS,67,6.1NRT,299.53,16.42,D
21.10822,72.63615,310.31,1.36,1.15,2026-06-16,1601,Terra,MODIS,67,6.1NRT,298.45,8.7,N
22.36497,82.30184,304.09,1.33,1.14,2026-06-16,2227,Aqua,MODIS,53,6.1NRT,288.62,5.75,N
22.36395,82.3078,305.9,1.34,1.15,2026-06-16,2227,Aqua,MODIS,66,6.1NRT,289.13,7.03,N
21.74567,83.85277,307.24,1.74,1.29,2026-06-16,2227,Aqua,MODIS,65,6.1NRT,292.37,11.37,N
14.14246,79.45045,310.87,1.2,1.09,2026-06-16,2229,Aqua,MODIS,79,6.1NRT,292.47,9.57,N
14.15195,79.45207,306.35,1.2,1.09,2026-06-16,2229,Aqua,MODIS,53,6.1NRT,293.08,6.34,N
33.79581,74.93388,308.14,1.03,1.01,2026-06-17,0404,Terra,MODIS,58,6.1NRT,295.2,5.66,D
31.27176,75.31008,315,1,1,2026-06-17,0406,Terra,MODIS,29,6.1NRT,298.34,5.11,D
30.65692,75.8543,319.88,1.01,1,2026-06-17,0406,Terra,MODIS,43,6.1NRT,298.22,6.93,D
30.88508,76.12723,318.55,1.01,1.01,2026-06-17,0406,Terra,MODIS,64,6.1NRT,299.1,6.86,D
31.09937,74.61944,319.97,1.02,1.01,2026-06-17,0406,Terra,MODIS,61,6.1NRT,299.4,7.67,D
20.8952,72.81818,318.14,1,1,2026-06-17,0408,Terra,MODIS,32,6.1NRT,300.72,7.67,D
23.65533,70.55006,321.18,1.24,1.11,2026-06-17,0408,Terra,MODIS,66,6.1NRT,299.82,8.04,D
21.88677,72.77756,318.97,1.01,1,2026-06-17,0408,Terra,MODIS,49,6.1NRT,300.57,4.4,D
20.99959,76.1591,325.13,1.25,1.11,2026-06-17,0408,Terra,MODIS,69,6.1NRT,297.55,16.56,D
23.77641,86.20415,323.81,1.1,1.04,2026-06-17,0920,Aqua,MODIS,64,6.1NRT,304.61,10.92,D
20.95979,86.00884,320.29,1.21,1.09,2026-06-17,0920,Aqua,MODIS,65,6.1NRT,298.95,10.7,D
20.96345,85.17597,324.62,1.35,1.15,2026-06-17,0920,Aqua,MODIS,72,6.1NRT,299.11,18.36,D
20.97711,85.13448,317.54,1.36,1.15,2026-06-17,0920,Aqua,MODIS,13,6.1NRT,297.87,7.73,D
20.96134,85.1635,321.61,1.35,1.15,2026-06-17,0920,Aqua,MODIS,48,6.1NRT,299.17,12.91,D
21.07387,85.03838,318.89,1.37,1.16,2026-06-17,0920,Aqua,MODIS,61,6.1NRT,298.99,10.99,D
22.36543,87.30097,321.22,1.04,1.02,2026-06-17,0920,Aqua,MODIS,31,6.1NRT,302.57,7.75,D
22.37125,87.27997,323.01,1.04,1.02,2026-06-17,0920,Aqua,MODIS,64,6.1NRT,303.38,9.61,D
22.56747,85.89336,321.52,1.17,1.08,2026-06-17,0920,Aqua,MODIS,33,6.1NRT,303.66,6.03,D
23.67705,86.39378,325.34,1.08,1.04,2026-06-17,0920,Aqua,MODIS,0,6.1NRT,304.23,12.92,D
29.09824,78.0239,316.31,2.87,1.62,2026-06-17,0922,Aqua,MODIS,58,6.1NRT,297.6,31.38,D
28.16448,80.22169,332.76,2.12,1.41,2026-06-17,0922,Aqua,MODIS,82,6.1NRT,301.14,61.71,D
28.16041,80.2012,323.11,2.12,1.42,2026-06-17,0922,Aqua,MODIS,69,6.1NRT,300.72,27.29,D
28.20067,80.27634,321.12,2.09,1.41,2026-06-17,0922,Aqua,MODIS,65,6.1NRT,303.23,19.74,D
28.16762,80.21397,331,2.12,1.41,2026-06-17,0922,Aqua,MODIS,80,6.1NRT,301.05,52.86,D
28.29952,80.21725,324.63,2.1,1.41,2026-06-17,0922,Aqua,MODIS,72,6.1NRT,301.76,31.8,D
28.33871,80.13587,322.34,2.12,1.42,2026-06-17,0922,Aqua,MODIS,30,6.1NRT,302.4,23.73,D
29.10225,78.01814,315.05,2.87,1.62,2026-06-17,0922,Aqua,MODIS,51,6.1NRT,297.85,24.09,D
20.96636,85.18241,309.94,1.05,1.02,2026-06-17,1501,Terra,MODIS,77,6.1NRT,286.5,6.51,N
20.96509,85.17258,315.19,1.05,1.02,2026-06-17,1501,Terra,MODIS,91,6.1NRT,288.13,10.8,N
23.16787,82.33585,310.89,1.02,1.01,2026-06-17,1501,Terra,MODIS,79,6.1NRT,296.21,6.32,N
20.96871,86.00743,311.03,1.13,1.06,2026-06-17,1501,Terra,MODIS,80,6.1NRT,291.02,8.36,N
20.96762,85.19227,304.3,1.05,1.02,2026-06-17,1501,Terra,MODIS,40,6.1NRT,287.15,2.86,N
20.97409,85.17125,313.26,1.05,1.02,2026-06-17,1501,Terra,MODIS,57,6.1NRT,288.45,8.9,N
20.9484,86.04843,306.11,1.13,1.06,2026-06-17,1501,Terra,MODIS,62,6.1NRT,289.05,3.98,N
20.96167,86.00333,310.51,1.13,1.06,2026-06-17,1501,Terra,MODIS,78,6.1NRT,289,7.22,N
25.03488,87.38461,318.46,1.05,1.02,2026-06-18,0308,Terra,MODIS,58,6.1NRT,298.71,8.19,D
20.96173,86.00951,306.26,1.09,1.04,2026-06-18,0308,Terra,MODIS,44,6.1NRT,275.74,5.98,D
25.03352,87.39469,316.1,1.05,1.02,2026-06-18,0308,Terra,MODIS,18,6.1NRT,297.94,5.92,D
12.3716,79.9301,313.4,1.05,1.03,2026-06-18,0954,Aqua,MODIS,58,6.1NRT,290.09,5.47,D
12.08382,79.6259,323.7,1.09,1.04,2026-06-18,0954,Aqua,MODIS,76,6.1NRT,298.77,10.48,D
18.65181,79.16988,322.82,1.01,1.01,2026-06-18,0956,Aqua,MODIS,38,6.1NRT,298.72,8.1,D
21.73971,83.83356,325.18,1.57,1.24,2026-06-18,0956,Aqua,MODIS,19,6.1NRT,300.62,13.83,D
21.73583,83.84085,325.72,1.57,1.24,2026-06-18,0956,Aqua,MODIS,26,6.1NRT,300.45,15.2,D
21.35284,83.88914,321.66,1.57,1.23,2026-06-18,0956,Aqua,MODIS,51,6.1NRT,298.84,12.63,D
28.30471,80.17966,318.94,1.16,1.07,2026-06-18,0958,Aqua,MODIS,36,6.1NRT,302.6,6.65,D
28.30325,80.16824,326.57,1.16,1.07,2026-06-18,0958,Aqua,MODIS,72,6.1NRT,303.88,16.63,D
28.20892,80.15565,326.14,1.16,1.07,2026-06-18,0958,Aqua,MODIS,71,6.1NRT,302.87,14.01,D
28.2644,80.16296,321.41,1.16,1.07,2026-06-18,0958,Aqua,MODIS,56,6.1NRT,303.54,9.5,D
27.37301,77.69345,324.44,1,1,2026-06-18,0958,Aqua,MODIS,41,6.1NRT,306.41,5.63,D
28.26081,80.05928,323.74,1.15,1.07,2026-06-18,0958,Aqua,MODIS,32,6.1NRT,304.93,9.38,D
27.01374,80.2377,334.3,1.13,1.06,2026-06-18,0958,Aqua,MODIS,79,6.1NRT,307.26,18.75,D
27.73936,78.31134,328.09,1.01,1,2026-06-18,0958,Aqua,MODIS,69,6.1NRT,305.49,11.07,D
28.16683,80.16824,324.53,1.16,1.07,2026-06-18,0958,Aqua,MODIS,67,6.1NRT,301.51,12.76,D
31.07016,75.21803,331.79,1.05,1.02,2026-06-18,1000,Aqua,MODIS,80,6.1NRT,304.34,19.76,D
29.22673,80.27253,323.78,1.2,1.09,2026-06-18,1000,Aqua,MODIS,75,6.1NRT,301.01,15.49,D
29.2254,80.26184,322.18,1.2,1.09,2026-06-18,1000,Aqua,MODIS,73,6.1NRT,303.18,13.55,D
30.3512,75.95522,324.95,1.02,1.01,2026-06-18,1000,Aqua,MODIS,69,6.1NRT,298.62,11.39,D
30.3496,75.94498,322.36,1.02,1.01,2026-06-18,1000,Aqua,MODIS,51,6.1NRT,299.23,8.63,D
30.56565,75.1447,336.22,1.07,1.03,2026-06-18,1000,Aqua,MODIS,84,6.1NRT,303.87,25.68,D
30.56393,75.13398,328.2,1.07,1.03,2026-06-18,1000,Aqua,MODIS,70,6.1NRT,305.38,13.18,D
30.8706,75.65953,332.23,1.03,1.01,2026-06-18,1000,Aqua,MODIS,81,6.1NRT,302.79,23.1,D
30.86896,75.64917,333.7,1.03,1.01,2026-06-18,1000,Aqua,MODIS,82,6.1NRT,302.85,26.69,D
30.78285,74.37475,323.27,1.13,1.06,2026-06-18,1000,Aqua,MODIS,61,6.1NRT,304.04,9.64,D
31.06845,75.20742,328.58,1.05,1.03,2026-06-18,1000,Aqua,MODIS,76,6.1NRT,303.92,15.5,D
31.14409,75.2785,324.21,1.05,1.02,2026-06-18,1000,Aqua,MODIS,68,6.1NRT,305.49,9.74,D
31.18606,75.48666,318.42,1.04,1.02,2026-06-18,1000,Aqua,MODIS,48,6.1NRT,301.39,5.36,D
31.18442,75.4762,324.08,1.04,1.02,2026-06-18,1000,Aqua,MODIS,69,6.1NRT,301.78,11.47,D
31.1618,75.27462,320.86,1.05,1.02,2026-06-18,1000,Aqua,MODIS,44,6.1NRT,303.88,6,D
31.16531,75.23544,323.82,1.05,1.02,2026-06-18,1000,Aqua,MODIS,68,6.1NRT,306.19,9.68,D
31.21927,75.34376,320.3,1.04,1.02,2026-06-18,1000,Aqua,MODIS,59,6.1NRT,303.56,7.53,D
31.2662,75.40955,330.7,1.04,1.02,2026-06-18,1000,Aqua,MODIS,79,6.1NRT,303.81,20.12,D
31.43415,76.00805,325.58,1.01,1,2026-06-18,1000,Aqua,MODIS,58,6.1NRT,302.89,10.94,D
31.34104,75.23412,327.6,1.05,1.02,2026-06-18,1000,Aqua,MODIS,75,6.1NRT,307.16,14.4,D
31.32759,75.14924,330.5,1.05,1.02,2026-06-18,1000,Aqua,MODIS,68,6.1NRT,309.7,17.78,D
31.42094,75.1561,338.42,1.05,1.02,2026-06-18,1000,Aqua,MODIS,86,6.1NRT,305.18,29.03,D
31.41926,75.14547,350.69,1.05,1.02,2026-06-18,1000,Aqua,MODIS,95,6.1NRT,306.32,53.98,D
31.55289,75.27904,321.58,1.04,1.02,2026-06-18,1000,Aqua,MODIS,63,6.1NRT,304.88,6.37,D
31.60538,74.79579,343.42,1.07,1.03,2026-06-18,1000,Aqua,MODIS,90,6.1NRT,308.07,36.7,D
31.76526,75.27467,325.49,1.04,1.02,2026-06-18,1000,Aqua,MODIS,71,6.1NRT,306.18,9.94,D
33.07212,74.90287,320.54,1.04,1.02,2026-06-18,1002,Aqua,MODIS,51,6.1NRT,304.36,8.87,D
27.3799,95.33462,307.23,1.07,1.03,2026-06-18,1403,Terra,MODIS,69,6.1NRT,293.48,4.69,N
15.17579,76.65569,304.29,1.05,1.03,2026-06-18,1539,Terra,MODIS,48,6.1NRT,279.8,5.14,N
18.68713,73.04232,309.65,1.05,1.02,2026-06-18,1539,Terra,MODIS,78,6.1NRT,291.84,7.15,N
23.43276,69.22522,311.08,1.43,1.18,2026-06-18,1541,Terra,MODIS,70,6.1NRT,297.41,10.83,N
21.20127,72.87544,311.11,1.03,1.01,2026-06-18,1541,Terra,MODIS,77,6.1NRT,296.16,6.01,N
23.43689,69.23007,307.78,1.43,1.18,2026-06-18,1541,Terra,MODIS,50,6.1NRT,297.43,6.87,N
30.85553,78.11546,301.43,1.98,1.37,2026-06-18,1544,Terra,MODIS,41,6.1NRT,287.1,13.11,N
33.6913,73.93944,302.81,1.2,1.09,2026-06-18,1544,Terra,MODIS,52,6.1NRT,292.26,4.39,N
23.68539,86.40101,305.4,1.08,1.04,2026-06-18,2203,Aqua,MODIS,60,6.1NRT,286.05,7.21,N
28.17575,73.01799,321.57,2.09,1.41,2026-06-19,0347,Terra,MODIS,55,6.1NRT,294.5,30.3,D
28.11094,73.00481,320.62,2.09,1.41,2026-06-19,0347,Terra,MODIS,69,6.1NRT,295.03,29.72,D
27.58585,72.21854,319.15,2.34,1.48,2026-06-19,0347,Terra,MODIS,39,6.1NRT,292.3,30.75,D
30.35942,75.63825,323.42,1.48,1.2,2026-06-19,0347,Terra,MODIS,72,6.1NRT,294.25,22.76,D
30.36097,75.62321,316.12,1.48,1.2,2026-06-19,0347,Terra,MODIS,54,6.1NRT,295.07,10.51,D
30.55557,76.2914,318.34,1.36,1.15,2026-06-19,0347,Terra,MODIS,64,6.1NRT,295.26,12.12,D
30.36518,75.63227,326.18,1.48,1.2,2026-06-19,0347,Terra,MODIS,76,6.1NRT,295.18,27.23,D
18.62324,79.28008,316.48,1.09,1.04,2026-06-19,0349,Terra,MODIS,55,6.1NRT,282.29,5.79,D
10.6235,79.06538,314.51,1.32,1.14,2026-06-19,0351,Terra,MODIS,53,6.1NRT,294.68,8.29,D
21.10153,70.74579,322.34,1.02,1.01,2026-06-19,1034,Aqua,MODIS,41,6.1NRT,300.31,10.8,D
16.04437,73.66146,318.67,1.2,1.09,2026-06-19,1034,Aqua,MODIS,52,6.1NRT,301.14,8.97,D
21.10029,72.64184,330.09,1.21,1.09,2026-06-19,1034,Aqua,MODIS,0,6.1NRT,305.2,21.45,D
23.01627,72.43361,323.73,1.24,1.11,2026-06-19,1036,Aqua,MODIS,57,6.1NRT,301.8,11.81,D
21.76854,73.16404,324.6,1.32,1.14,2026-06-19,1036,Aqua,MODIS,0,6.1NRT,302.76,12.67,D
23.25949,70.24486,326.82,1.02,1.01,2026-06-19,1036,Aqua,MODIS,39,6.1NRT,307.36,9,D
23.26084,70.25451,334.03,1.02,1.01,2026-06-19,1036,Aqua,MODIS,64,6.1NRT,308.11,19.37,D
23.66029,87.15438,303.89,1.02,1.01,2026-06-19,1442,Terra,MODIS,57,6.1NRT,291.26,3.84,N
23.77503,86.39051,314.62,2.33,1.48,2026-06-20,0249,Terra,MODIS,38,6.1NRT,292.39,17.84,D
29.67622,76.73013,320.74,1.95,1.36,2026-06-20,0425,Terra,MODIS,70,6.1NRT,299.36,17.03,D
17.98089,79.728,333.84,1.99,1.38,2026-06-20,0934,Aqua,MODIS,82,6.1NRT,301.33,42.83,D
17.98657,79.71994,327.57,1.99,1.38,2026-06-20,0934,Aqua,MODIS,70,6.1NRT,301.66,19.46,D
20.96174,85.18288,317.01,1,1,2026-06-20,0934,Aqua,MODIS,42,6.1NRT,293.27,6.74,D
22.20857,84.85697,322.85,1,1,2026-06-20,0934,Aqua,MODIS,69,6.1NRT,302.58,7.51,D
22.03952,83.72834,324.32,1.03,1.01,2026-06-20,0934,Aqua,MODIS,69,6.1NRT,301.07,10.3,D
28.98962,79.08772,328.58,1.34,1.15,2026-06-20,0937,Aqua,MODIS,79,6.1NRT,306.42,21.25,D
28.10613,80.20135,344.49,1.21,1.09,2026-06-20,0937,Aqua,MODIS,91,6.1NRT,300.37,50.58,D
28.10415,80.18958,326.15,1.21,1.09,2026-06-20,0937,Aqua,MODIS,73,6.1NRT,298.05,14.98,D
28.1136,80.18748,325.1,1.21,1.09,2026-06-20,0937,Aqua,MODIS,70,6.1NRT,299.92,14.12,D
28.29676,80.17164,335.43,1.21,1.09,2026-06-20,0937,Aqua,MODIS,84,6.1NRT,303.49,31.27,D
28.29478,80.15984,331.05,1.21,1.09,2026-06-20,0937,Aqua,MODIS,80,6.1NRT,304.36,22.86,D
29.00616,79.47742,322.64,1.28,1.12,2026-06-20,0937,Aqua,MODIS,72,6.1NRT,304.58,10.04,D
32.9248,74.47112,321.61,2.19,1.44,2026-06-20,0939,Aqua,MODIS,42,6.1NRT,302.65,21.31,D
30.64995,75.71593,320.55,2.05,1.39,2026-06-20,0939,Aqua,MODIS,61,6.1NRT,301.28,19.09,D
30.65415,75.70751,321.33,2.05,1.39,2026-06-20,0939,Aqua,MODIS,62,6.1NRT,301.48,22,D
30.72544,75.62305,322.87,2.07,1.4,2026-06-20,0939,Aqua,MODIS,66,6.1NRT,301.1,25.78,D
30.71673,75.62077,324.99,2.07,1.4,2026-06-20,0939,Aqua,MODIS,71,6.1NRT,301.11,32.48,D
29.76844,78.35778,318.81,1.44,1.19,2026-06-20,0939,Aqua,MODIS,65,6.1NRT,301.08,12.01,D
29.81341,79.76347,317.89,1.2,1.09,2026-06-20,0939,Aqua,MODIS,69,6.1NRT,301.2,9.76,D
21.12263,72.8056,309.19,1.98,1.37,2026-06-20,1522,Terra,MODIS,56,6.1NRT,296.58,12.46,N
21.10536,72.63547,311.29,2.04,1.39,2026-06-20,1522,Terra,MODIS,70,6.1NRT,296.62,17.88,N
21.11942,72.78722,309.45,1.99,1.38,2026-06-20,1522,Terra,MODIS,58,6.1NRT,296.58,13.11,N
33.09349,74.07962,309,1.07,1.03,2026-06-20,1524,Terra,MODIS,76,6.1NRT,296.15,6.46,N
32.94098,74.47603,313.75,1.05,1.02,2026-06-20,1524,Terra,MODIS,87,6.1NRT,298.46,8.57,N
22.35998,82.30789,320.71,1.03,1.01,2026-06-21,0330,Terra,MODIS,64,6.1NRT,302.1,6.98,D
22.03736,83.73248,324.58,1.01,1,2026-06-21,0330,Terra,MODIS,73,6.1NRT,300.43,11.43,D
21.24253,83.47926,322.17,1,1,2026-06-21,0330,Terra,MODIS,70,6.1NRT,297.52,7.82,D
21.24117,83.48862,323.99,1,1,2026-06-21,0330,Terra,MODIS,73,6.1NRT,300.08,9.94,D
13.13095,80.27195,317.51,1.03,1.01,2026-06-21,0330,Terra,MODIS,72,6.1NRT,290.92,9.27,D
23.16531,82.34353,321.5,1.03,1.02,2026-06-21,0330,Terra,MODIS,63,6.1NRT,302.43,9.93,D
10.92042,78.027,323.59,1,1,2026-06-21,1009,Aqua,MODIS,61,6.1NRT,297.92,5.64,D
23.58628,69.04958,323.05,1.86,1.33,2026-06-21,1013,Aqua,MODIS,48,6.1NRT,300.35,19.61,D
21.95392,74.20918,329.11,1.03,1.01,2026-06-21,1013,Aqua,MODIS,66,6.1NRT,308.3,9.35,D
23.59757,69.05811,328.21,1.86,1.33,2026-06-21,1013,Aqua,MODIS,69,6.1NRT,300.28,34.6,D
20.8646,78.91295,332.09,1.3,1.13,2026-06-21,1013,Aqua,MODIS,74,6.1NRT,305.15,17.9,D
20.8631,78.90089,330.14,1.3,1.13,2026-06-21,1013,Aqua,MODIS,56,6.1NRT,306.05,15.76,D
19.70247,74.99637,333.33,1.02,1.01,2026-06-21,1013,Aqua,MODIS,78,6.1NRT,303.34,14.52,D
28.13198,80.16592,322.96,2.01,1.38,2026-06-21,1015,Aqua,MODIS,68,6.1NRT,299.79,27.06,D
28.13848,80.17223,331,2.01,1.38,2026-06-21,1015,Aqua,MODIS,80,6.1NRT,300.07,53.89,D
28.1339,80.18575,324.78,2.02,1.38,2026-06-21,1015,Aqua,MODIS,71,6.1NRT,300.18,31.99,D
31.53508,75.62119,324.01,1.17,1.08,2026-06-21,1017,Aqua,MODIS,66,6.1NRT,306.81,7.77,D
31.20104,75.24721,328.53,1.12,1.05,2026-06-21,1017,Aqua,MODIS,72,6.1NRT,306.68,15.41,D
31.24273,75.4984,327.04,1.15,1.07,2026-06-21,1017,Aqua,MODIS,70,6.1NRT,308.43,13.84,D
31.20765,75.15356,323.1,1.11,1.05,2026-06-21,1017,Aqua,MODIS,56,6.1NRT,305.13,9.92,D
31.26137,75.28812,328.47,1.12,1.06,2026-06-21,1017,Aqua,MODIS,72,6.1NRT,306.19,16.69,D
31.32259,75.32418,338.25,1.13,1.06,2026-06-21,1017,Aqua,MODIS,85,6.1NRT,307.36,32.45,D
31.37831,75.6849,333.7,1.17,1.08,2026-06-21,1017,Aqua,MODIS,81,6.1NRT,308.42,23.3,D
31.33778,75.36854,322.78,1.13,1.06,2026-06-21,1017,Aqua,MODIS,58,6.1NRT,306.27,8.97,D
31.4198,75.44333,321.84,1.15,1.07,2026-06-21,1017,Aqua,MODIS,44,6.1NRT,306.38,6.6,D
31.43059,75.45338,327,1.15,1.07,2026-06-21,1017,Aqua,MODIS,71,6.1NRT,306.4,12.71,D
31.41571,75.33745,322.64,1.13,1.06,2026-06-21,1017,Aqua,MODIS,60,6.1NRT,307.21,7.91,D
31.45913,75.10124,324.15,1.11,1.05,2026-06-21,1017,Aqua,MODIS,63,6.1NRT,304.76,10.66,D
31.50829,75.06373,326.11,1.11,1.05,2026-06-21,1017,Aqua,MODIS,69,6.1NRT,304.82,13.67,D
29.97535,76.46439,322.77,1.23,1.1,2026-06-21,1017,Aqua,MODIS,46,6.1NRT,306.83,8.02,D
30.25472,76.26279,325.53,1.21,1.1,2026-06-21,1017,Aqua,MODIS,63,6.1NRT,307.78,11.03,D
30.5768,76.20961,321.71,1.22,1.1,2026-06-21,1017,Aqua,MODIS,52,6.1NRT,304.45,8.33,D
30.65345,75.77369,323.24,1.16,1.07,2026-06-21,1017,Aqua,MODIS,58,6.1NRT,307.01,10.26,D
30.6568,75.72532,322.7,1.16,1.07,2026-06-21,1017,Aqua,MODIS,54,6.1NRT,306.88,8.82,D
30.6553,75.71366,324.3,1.16,1.07,2026-06-21,1017,Aqua,MODIS,61,6.1NRT,307.29,10.64,D
30.88439,76.30428,327.56,1.24,1.11,2026-06-21,1017,Aqua,MODIS,73,6.1NRT,305.63,16.45,D
30.91027,76.27452,332.38,1.24,1.11,2026-06-21,1017,Aqua,MODIS,80,6.1NRT,306.67,25.06,D
30.89476,76.15028,326.02,1.22,1.1,2026-06-21,1017,Aqua,MODIS,70,6.1NRT,305.7,14.44,D
30.91209,76.26855,324.57,1.24,1.11,2026-06-21,1017,Aqua,MODIS,66,6.1NRT,306.71,12.42,D
30.89868,76.15652,320.55,1.22,1.1,2026-06-21,1017,Aqua,MODIS,55,6.1NRT,305.48,8.1,D
30.83283,75.39445,323.76,1.12,1.06,2026-06-21,1017,Aqua,MODIS,59,6.1NRT,308.33,8.77,D
30.67628,74.216,324.69,1.03,1.01,2026-06-21,1017,Aqua,MODIS,56,6.1NRT,308.12,6.29,D
31.07137,76.06503,322.09,1.21,1.1,2026-06-21,1017,Aqua,MODIS,58,6.1NRT,305.36,7.71,D
30.84094,74.26909,323.35,1.04,1.02,2026-06-21,1017,Aqua,MODIS,52,6.1NRT,306.39,6.66,D
31.04259,75.52161,330.65,1.14,1.07,2026-06-21,1017,Aqua,MODIS,77,6.1NRT,306.93,19.93,D
31.05777,75.27309,325.82,1.12,1.05,2026-06-21,1017,Aqua,MODIS,58,6.1NRT,306.2,14.36,D
30.92782,74.30656,330.65,1.04,1.02,2026-06-21,1017,Aqua,MODIS,74,6.1NRT,305.83,15.4,D
30.9652,74.43346,327.34,1.05,1.02,2026-06-21,1017,Aqua,MODIS,64,6.1NRT,306.95,10.5,D
30.96378,74.42287,324.28,1.05,1.02,2026-06-21,1017,Aqua,MODIS,47,6.1NRT,306.1,6.78,D
31.08379,75.1926,324.2,1.11,1.05,2026-06-21,1017,Aqua,MODIS,61,6.1NRT,306.47,11.07,D
31.11088,75.2571,327.64,1.12,1.05,2026-06-21,1017,Aqua,MODIS,70,6.1NRT,307.03,15.1,D
31.10942,75.24578,323.24,1.12,1.05,2026-06-21,1017,Aqua,MODIS,57,6.1NRT,307.17,9.06,D
31.1987,75.37601,321.83,1.13,1.06,2026-06-21,1017,Aqua,MODIS,52,6.1NRT,305.2,9.5,D
31.19724,75.36455,325.08,1.13,1.06,2026-06-21,1017,Aqua,MODIS,65,6.1NRT,305.58,13.64,D
31.21529,75.43203,322.75,1.14,1.06,2026-06-21,1017,Aqua,MODIS,58,6.1NRT,307.6,10.09,D
21.10657,72.63796,325.48,1.33,1.14,2026-06-21,1558,Terra,MODIS,95,6.1NRT,296.49,0,N
15.17763,76.66901,307.61,1.12,1.06,2026-06-21,2222,Aqua,MODIS,27,6.1NRT,291.94,6.14,N
15.16841,76.6677,309.19,1.12,1.06,2026-06-21,2222,Aqua,MODIS,38,6.1NRT,291.46,7.38,N
15.17262,76.38075,303.57,1.16,1.07,2026-06-21,2222,Aqua,MODIS,56,6.1NRT,292.18,4.97,N
27.20741,82.10326,319.29,2.36,1.48,2026-06-22,0404,Terra,MODIS,63,6.1NRT,295.76,23.26,D
24.08655,69.46452,322.23,1.49,1.21,2026-06-22,0406,Terra,MODIS,66,6.1NRT,302.45,11.98,D
24.04801,69.37986,327.32,1.51,1.21,2026-06-22,0406,Terra,MODIS,24,6.1NRT,301.88,23.81,D
23.06097,70.73408,327.82,1.22,1.1,2026-06-22,0406,Terra,MODIS,74,6.1NRT,303.45,16.56,D
22.54524,72.38476,337.31,1.03,1.02,2026-06-22,0406,Terra,MODIS,85,6.1NRT,302.84,25.89,D
22.02411,72.75397,324.87,1.01,1.01,2026-06-22,0406,Terra,MODIS,70,6.1NRT,301.97,6.62,D
14.66854,78.24393,317.14,2.22,1.44,2026-06-22,0408,Terra,MODIS,59,6.1NRT,293.15,20.22,D
24.08361,69.4597,326.09,1.45,1.19,2026-06-22,1051,Aqua,MODIS,62,6.1NRT,304.7,11.53,D
23.68263,86.39571,309.62,1.24,1.1,2026-06-22,1501,Terra,MODIS,78,6.1NRT,293.05,9.04,N
23.73863,86.43002,305.67,1.24,1.11,2026-06-22,1501,Terra,MODIS,32,6.1NRT,289.62,5.69,N
23.76509,86.40204,307.84,1.24,1.11,2026-06-22,1501,Terra,MODIS,32,6.1NRT,291.25,7.73,N
33.11866,74.00845,303.19,1,1,2026-06-22,2254,Aqua,MODIS,46,6.1NRT,292.3,4.06,N
33.10681,74.02721,313.62,1,1,2026-06-22,2254,Aqua,MODIS,87,6.1NRT,293.08,10.85,N
33.1084,74.01687,302.96,1,1,2026-06-22,2254,Aqua,MODIS,15,6.1NRT,292.79,3.47,N
33.11708,74.01878,306.93,1,1,2026-06-22,2254,Aqua,MODIS,70,6.1NRT,292.53,6.54,N
31.05284,77.86565,303.64,1.48,1.2,2026-06-22,2257,Aqua,MODIS,56,6.1NRT,286.61,13.45,N
23.36082,71.60181,309.18,1,1,2026-06-22,2259,Aqua,MODIS,69,6.1NRT,297.94,5.83,N
21.10858,72.64477,318.5,1.1,1.05,2026-06-22,2259,Aqua,MODIS,97,6.1NRT,293.83,15.77,N
23.77989,86.20844,317.24,1.15,1.07,2026-06-23,0306,Terra,MODIS,66,6.1NRT,297.71,9.7,D
23.80211,86.33336,317.11,1.13,1.06,2026-06-23,0306,Terra,MODIS,37,6.1NRT,298.17,7.31,D
23.76467,86.40453,323.6,1.12,1.06,2026-06-23,0306,Terra,MODIS,68,6.1NRT,298.31,13.43,D
23.64786,85.44057,316.81,1.25,1.11,2026-06-23,0306,Terra,MODIS,62,6.1NRT,297.51,10.02,D
23.67763,86.09155,316.17,1.16,1.07,2026-06-23,0306,Terra,MODIS,53,6.1NRT,298.89,7.15,D
23.68299,86.39725,318.15,1.12,1.06,2026-06-23,0306,Terra,MODIS,0,6.1NRT,298.12,9.76,D
23.73439,86.4375,319.21,1.12,1.05,2026-06-23,0306,Terra,MODIS,46,6.1NRT,298.54,9.41,D
22.78773,86.20372,317.82,1.12,1.06,2026-06-23,0308,Terra,MODIS,53,6.1NRT,298.31,9.21,D
33.10823,74.01597,319,2.27,1.46,2026-06-23,0444,Terra,MODIS,72,6.1NRT,298.92,25.53,D
33.10781,74.02233,320.47,2.27,1.46,2026-06-23,0444,Terra,MODIS,72,6.1NRT,298.65,29.34,D
12.28061,79.91583,317.6,1.29,1.13,2026-06-23,0949,Aqua,MODIS,49,6.1NRT,293.5,6.5,D
9.61972,78.82309,321.78,1.71,1.28,2026-06-23,0949,Aqua,MODIS,68,6.1NRT,297.74,14.88,D
22.03444,83.73107,325.05,1.21,1.09,2026-06-23,0952,Aqua,MODIS,73,6.1NRT,302.05,12.06,D
27.05872,80.18813,331.84,1.01,1,2026-06-23,0952,Aqua,MODIS,73,6.1NRT,310.82,12.14,D
26.7289,79.56194,327.79,1,1,2026-06-23,0952,Aqua,MODIS,63,6.1NRT,310.39,7.39,D
21.17841,81.38474,322.47,1,1,2026-06-23,0952,Aqua,MODIS,0,6.1NRT,299.84,8.34,D
31.53196,75.68105,325.81,1.16,1.07,2026-06-23,0954,Aqua,MODIS,74,6.1NRT,307.88,10.58,D
28.16013,80.04871,332.38,1.01,1.01,2026-06-23,0954,Aqua,MODIS,78,6.1NRT,305.82,18.32,D
28.18293,80.1467,325.42,1.02,1.01,2026-06-23,0954,Aqua,MODIS,66,6.1NRT,305.54,11.05,D
28.23835,80.15707,320.57,1.02,1.01,2026-06-23,0954,Aqua,MODIS,39,6.1NRT,305.51,6.52,D
28.23694,80.14708,324.87,1.02,1.01,2026-06-23,0954,Aqua,MODIS,65,6.1NRT,306.59,10.92,D
28.2976,80.18172,320.78,1.02,1.01,2026-06-23,0954,Aqua,MODIS,48,6.1NRT,305.67,7.32,D
28.44995,79.76357,328.79,1.01,1,2026-06-23,0954,Aqua,MODIS,74,6.1NRT,308.51,14.26,D
28.90266,79.06173,326.92,1,1,2026-06-23,0954,Aqua,MODIS,71,6.1NRT,309.99,9.74,D
29.40667,78.89617,322.42,1,1,2026-06-23,0954,Aqua,MODIS,40,6.1NRT,307.41,7.6,D
29.71679,79.44814,318,1.01,1,2026-06-23,0954,Aqua,MODIS,49,6.1NRT,302.58,7.55,D
30.86971,76.1116,323.07,1.14,1.06,2026-06-23,0954,Aqua,MODIS,69,6.1NRT,306.25,8.6,D
30.91238,76.31274,336.48,1.11,1.05,2026-06-23,0954,Aqua,MODIS,86,6.1NRT,306.01,29.61,D
30.89202,75.43293,328.47,1.22,1.1,2026-06-23,0954,Aqua,MODIS,74,6.1NRT,304.55,19.98,D
30.90886,75.41621,321.31,1.22,1.1,2026-06-23,0954,Aqua,MODIS,46,6.1NRT,303.21,9.51,D
31.19936,77.11401,317.62,1.04,1.02,2026-06-23,0954,Aqua,MODIS,57,6.1NRT,303.22,6.45,D
30.93716,75.52335,326.18,1.21,1.09,2026-06-23,0954,Aqua,MODIS,71,6.1NRT,304.72,15.65,D
31.15458,75.38994,320.13,1.21,1.1,2026-06-23,0954,Aqua,MODIS,56,6.1NRT,302.79,9.94,D
31.21086,75.60217,322.74,1.18,1.08,2026-06-23,0954,Aqua,MODIS,67,6.1NRT,306.47,7.88,D
31.19978,75.25123,333.93,1.23,1.1,2026-06-23,0954,Aqua,MODIS,82,6.1NRT,306.52,28.08,D
31.19765,75.23884,335.34,1.23,1.1,2026-06-23,0954,Aqua,MODIS,83,6.1NRT,306.87,31.29,D
31.20207,75.24525,337.04,1.23,1.1,2026-06-23,0954,Aqua,MODIS,85,6.1NRT,306.96,34.98,D
31.29806,75.51404,325.79,1.19,1.09,2026-06-23,0954,Aqua,MODIS,73,6.1NRT,305.97,13.26,D
31.296,75.50204,331.35,1.19,1.09,2026-06-23,0954,Aqua,MODIS,80,6.1NRT,306.18,22.86,D
31.38691,75.48624,330.14,1.19,1.09,2026-06-23,0954,Aqua,MODIS,79,6.1NRT,305.36,20.82,D
31.5927,76.55209,325.17,1.07,1.03,2026-06-23,0954,Aqua,MODIS,61,6.1NRT,300.73,16.81,D
32.75867,75.232,318.58,1.17,1.08,2026-06-23,0954,Aqua,MODIS,63,6.1NRT,303.07,7.02,D
32.94855,74.5784,320.27,1.25,1.11,2026-06-23,0954,Aqua,MODIS,71,6.1NRT,302.19,9.09,D
28.16154,80.05865,326.45,1.01,1.01,2026-06-23,0954,Aqua,MODIS,68,6.1NRT,305.55,10.78,D
32.47047,75.97327,301.31,1.46,1.2,2026-06-23,1541,Terra,MODIS,35,6.1NRT,291.23,5.65,N
29.48629,75.18255,309.72,1.22,1.1,2026-06-23,1541,Terra,MODIS,74,6.1NRT,297,8.09,N
33.68045,73.99332,303.85,1.19,1.08,2026-06-23,1544,Terra,MODIS,57,6.1NRT,293.79,4.57,N
23.65223,85.43781,305.11,1.02,1.01,2026-06-23,2159,Aqua,MODIS,46,6.1NRT,292.18,5.15,N
30.15493,76.71281,317.64,1.3,1.13,2026-06-24,0345,Terra,MODIS,49,6.1NRT,300.05,8.25,D
30.20948,74.72993,322.71,1.73,1.29,2026-06-24,0345,Terra,MODIS,66,6.1NRT,300.95,15.74,D
28.16324,80.1181,328.27,1,1,2026-06-24,0345,Terra,MODIS,78,6.1NRT,299.01,18.03,D
31.3604,77.46848,317.01,1.22,1.1,2026-06-24,0345,Terra,MODIS,65,6.1NRT,299.71,8.75,D
30.73204,76.19196,318.56,1.42,1.18,2026-06-24,0345,Terra,MODIS,49,6.1NRT,300.34,9.23,D
15.16593,79.7668,329.86,1.23,1.1,2026-06-24,0349,Terra,MODIS,86,6.1NRT,291.73,27.91,D
20.966,85.18178,306.92,1.36,1.16,2026-06-24,1440,Terra,MODIS,43,6.1NRT,283.54,11.81,N
20.96396,85.16911,308.81,1.36,1.16,2026-06-24,1440,Terra,MODIS,54,6.1NRT,282.32,13.54,N
20.9614,86.00713,300.68,1.22,1.1,2026-06-24,1440,Terra,MODIS,16,6.1NRT,273.1,5.04,N
28.68388,76.95907,307.05,1.03,1.02,2026-06-24,2235,Aqua,MODIS,69,6.1NRT,295.47,5.49,N
20.97811,85.17745,300.67,3.26,1.71,2026-06-24,2237,Aqua,MODIS,26,6.1NRT,281.17,19.16,N
23.77034,86.39527,317.88,2.4,1.49,2026-06-25,0247,Terra,MODIS,35,6.1NRT,295.24,22.61,D
21.35711,71.10194,320.7,1.18,1.08,2026-06-25,0427,Terra,MODIS,60,6.1NRT,302.3,8.83,D
23.12211,71.59301,322.64,1.19,1.08,2026-06-25,0427,Terra,MODIS,68,6.1NRT,299.36,10.52,D
23.11266,71.59126,327.66,1.19,1.08,2026-06-25,0427,Terra,MODIS,76,6.1NRT,299.31,17.57,D
18.38867,80.46794,316.57,2.34,1.48,2026-06-25,0928,Aqua,MODIS,0,6.1NRT,291.37,22.2,D
23.67452,86.09553,321.67,1,1,2026-06-25,0928,Aqua,MODIS,73,6.1NRT,294.71,9.16,D
23.67313,86.08607,319.08,1,1,2026-06-25,0928,Aqua,MODIS,57,6.1NRT,295.38,6.52,D
23.73466,86.42888,321.86,1,1,2026-06-25,0928,Aqua,MODIS,57,6.1NRT,301.33,8.89,D
17.47354,82.64919,318.04,1.67,1.27,2026-06-25,0928,Aqua,MODIS,66,6.1NRT,293.78,15.86,D
17.47465,82.6421,321.98,1.67,1.27,2026-06-25,0928,Aqua,MODIS,73,6.1NRT,294.15,25.09,D
30.99338,75.48202,323.03,2.76,1.59,2026-06-25,0932,Aqua,MODIS,55,6.1NRT,295.06,44,D
30.99925,75.47341,322.9,2.76,1.59,2026-06-25,0932,Aqua,MODIS,69,6.1NRT,295.02,47.57,D
15.18566,76.64223,304.32,1.39,1.17,2026-06-25,1518,Terra,MODIS,15,6.1NRT,287.73,5.24,N
17.60951,83.20164,311.51,1.3,1.13,2026-06-25,1518,Terra,MODIS,80,6.1NRT,293.24,9.51,N
21.74391,83.84073,306.07,1.63,1.26,2026-06-25,1518,Terra,MODIS,66,6.1NRT,281.9,10.42,N
15.17928,76.66889,305.93,1.38,1.16,2026-06-25,1518,Terra,MODIS,44,6.1NRT,290.4,6.32,N
15.17738,76.65647,305.75,1.39,1.17,2026-06-25,1518,Terra,MODIS,35,6.1NRT,289.03,6.31,N
31.32911,77.60393,303.17,1.02,1.01,2026-06-25,1522,Terra,MODIS,54,6.1NRT,290.59,5.19,N
31.35574,77.5997,323,1.02,1.01,2026-06-25,1522,Terra,MODIS,100,6.1NRT,292.35,20.55,N
21.67818,83.30088,318.39,1,1,2026-06-26,0328,Terra,MODIS,23,6.1NRT,298.98,6.8,D
21.73713,83.84367,324.09,1.01,1,2026-06-26,0328,Terra,MODIS,51,6.1NRT,298.2,10.94,D
21.74708,83.97718,318.95,1.01,1,2026-06-26,0328,Terra,MODIS,60,6.1NRT,297.54,6.41,D
21.91826,83.35178,319.4,1,1,2026-06-26,0328,Terra,MODIS,59,6.1NRT,297.35,8.39,D
21.796,83.88868,318.14,1.01,1,2026-06-26,0328,Terra,MODIS,58,6.1NRT,297.75,5.89,D
22.03853,83.73859,320.41,1,1,2026-06-26,0328,Terra,MODIS,55,6.1NRT,298.4,7.25,D
22.03989,83.7292,324.49,1,1,2026-06-26,0328,Terra,MODIS,74,6.1NRT,298.46,11.26,D
22.36152,82.30064,323.24,1.04,1.02,2026-06-26,0328,Terra,MODIS,70,6.1NRT,298.78,9.65,D
23.16603,82.34404,321.22,1.04,1.02,2026-06-26,0328,Terra,MODIS,51,6.1NRT,298.08,9.59,D
20.9519,85.01328,316.34,1.09,1.04,2026-06-26,0328,Terra,MODIS,16,6.1NRT,296.68,6.19,D
21.31645,83.88478,319.24,1.01,1,2026-06-26,0328,Terra,MODIS,60,6.1NRT,297.09,6.56,D
10.02338,79.12865,318.83,1.08,1.04,2026-06-26,0330,Terra,MODIS,73,6.1NRT,297.96,6.04,D
14.30487,79.7701,315.56,1.1,1.05,2026-06-26,0330,Terra,MODIS,65,6.1NRT,290.25,7.52,D
16.64148,80.48969,315.64,1.08,1.04,2026-06-26,0330,Terra,MODIS,54,6.1NRT,294.4,7.5,D
10.12014,78.82326,311.9,1.11,1.05,2026-06-26,0330,Terra,MODIS,64,6.1NRT,291.57,5.5,D
8.44519,78.01004,320.35,1.17,1.08,2026-06-26,0332,Terra,MODIS,71,6.1NRT,297.5,11.18,D
23.22018,70.43784,310.64,4.82,2,2026-06-26,0504,Terra,MODIS,29,6.1NRT,291.57,61.87,D
14.46742,79.42977,318.26,1.01,1.01,2026-06-26,1004,Aqua,MODIS,40,6.1NRT,295.19,7.52,D
13.71286,79.90831,358.07,1.03,1.01,2026-06-26,1004,Aqua,MODIS,99,6.1NRT,301.51,70.29,D
13.71417,79.91748,352.12,1.03,1.01,2026-06-26,1004,Aqua,MODIS,90,6.1NRT,300.46,55.59,D
13.723,79.91613,333.7,1.03,1.01,2026-06-26,1004,Aqua,MODIS,79,6.1NRT,299.92,22.38,D
13.72169,79.90697,339.95,1.03,1.01,2026-06-26,1004,Aqua,MODIS,88,6.1NRT,299.46,31.57,D
22.36986,73.2524,335.83,1.34,1.15,2026-06-26,1006,Aqua,MODIS,81,6.1NRT,307.93,27.15,D
18.17721,79.35238,327.1,1.05,1.03,2026-06-26,1006,Aqua,MODIS,79,6.1NRT,293.11,15.11,D
31.22566,75.19884,320.06,1.01,1,2026-06-26,1009,Aqua,MODIS,46,6.1NRT,302.01,5.91,D
31.28092,75.27189,321.95,1.01,1,2026-06-26,1009,Aqua,MODIS,58,6.1NRT,301.07,8.66,D
31.33311,75.24545,321.1,1.01,1,2026-06-26,1009,Aqua,MODIS,57,6.1NRT,301.06,7.32,D
31.43123,75.88522,326.47,1.03,1.02,2026-06-26,1009,Aqua,MODIS,73,6.1NRT,305.64,10.14,D
31.4298,75.87472,329.32,1.03,1.02,2026-06-26,1009,Aqua,MODIS,77,6.1NRT,305.35,13.96,D
31.82731,77.13974,324.28,1.15,1.07,2026-06-26,1009,Aqua,MODIS,64,6.1NRT,297.85,18.41,D
31.2102,75.36583,322.77,1.01,1,2026-06-26,1009,Aqua,MODIS,62,6.1NRT,300.94,9.84,D
31.21009,75.49223,326.95,1.01,1.01,2026-06-26,1009,Aqua,MODIS,72,6.1NRT,302.27,11.72,D
31.06636,75.19009,324.48,1,1,2026-06-26,1009,Aqua,MODIS,63,6.1NRT,302.38,9.62,D
31.12658,75.81082,325.14,1.03,1.01,2026-06-26,1009,Aqua,MODIS,70,6.1NRT,304.83,9,D
30.90393,75.53765,324.62,1.01,1.01,2026-06-26,1009,Aqua,MODIS,66,6.1NRT,303.14,9.15,D
30.74351,75.32993,321.98,1.01,1,2026-06-26,1009,Aqua,MODIS,53,6.1NRT,302.18,6.21,D
30.86973,75.5719,321.86,1.01,1.01,2026-06-26,1009,Aqua,MODIS,56,6.1NRT,303.62,6.46,D
31.03493,75.24472,325.46,1.01,1,2026-06-26,1009,Aqua,MODIS,59,6.1NRT,302.51,10.48,D
30.97931,74.92233,323.79,1,1,2026-06-26,1009,Aqua,MODIS,64,6.1NRT,297.87,9.52,D
30.97819,75.34989,329.05,1.01,1,2026-06-26,1009,Aqua,MODIS,75,6.1NRT,302.9,13.46,D
30.97964,75.36008,323.75,1.01,1,2026-06-26,1009,Aqua,MODIS,28,6.1NRT,302.39,6.6,D
30.96946,75.35159,326.52,1.01,1,2026-06-26,1009,Aqua,MODIS,64,6.1NRT,302.75,10.19,D
30.78978,74.38453,320.91,1,1,2026-06-26,1009,Aqua,MODIS,49,6.1NRT,301.23,6.94,D
30.78108,74.38631,325.48,1,1,2026-06-26,1009,Aqua,MODIS,67,6.1NRT,300.91,11.06,D
30.90249,75.52742,327.27,1.01,1.01,2026-06-26,1009,Aqua,MODIS,72,6.1NRT,303.17,12.25,D
30.00487,76.79482,324.78,1.07,1.03,2026-06-26,1009,Aqua,MODIS,67,6.1NRT,303.41,10.89,D
30.00344,76.78409,329.89,1.07,1.03,2026-06-26,1009,Aqua,MODIS,76,6.1NRT,303.56,17.62,D
30.33424,75.96294,325.57,1.02,1.01,2026-06-26,1009,Aqua,MODIS,68,6.1NRT,303.5,10.24,D
30.34304,75.9613,324.49,1.02,1.01,2026-06-26,1009,Aqua,MODIS,66,6.1NRT,303.36,9.24,D
30.43246,76.00139,321.8,1.03,1.01,2026-06-26,1009,Aqua,MODIS,60,6.1NRT,303.68,6.47,D
30.55559,76.16441,325.34,1.04,1.02,2026-06-26,1009,Aqua,MODIS,71,6.1NRT,304.69,10.47,D
30.48136,75.56622,349.93,1.01,1,2026-06-26,1009,Aqua,MODIS,94,6.1NRT,303.9,49.84,D
30.62016,76.15659,335.16,1.04,1.02,2026-06-26,1009,Aqua,MODIS,83,6.1NRT,303.98,23.29,D
30.61874,76.14613,328.52,1.04,1.02,2026-06-26,1009,Aqua,MODIS,76,6.1NRT,304.63,13.78,D
30.62333,76.11315,326.48,1.04,1.02,2026-06-26,1009,Aqua,MODIS,73,6.1NRT,305.24,10.83,D
30.77201,76.19797,326.31,1.04,1.02,2026-06-26,1009,Aqua,MODIS,72,6.1NRT,304.58,11.87,D
30.74496,75.34007,327.35,1.01,1,2026-06-26,1009,Aqua,MODIS,70,6.1NRT,302.42,11.87,D
31.20875,75.3556,320.02,1.01,1,2026-06-26,1009,Aqua,MODIS,49,6.1NRT,300.91,7.21,D
31.22998,75.10381,323.5,1,1,2026-06-26,1009,Aqua,MODIS,63,6.1NRT,301.45,9.43,D
28.2294,80.20644,323.13,1.53,1.22,2026-06-26,1009,Aqua,MODIS,64,6.1NRT,301.76,14.68,D
28.2277,80.19138,324.49,1.53,1.22,2026-06-26,1009,Aqua,MODIS,68,6.1NRT,302.97,17.14,D
28.23663,80.17486,339.43,1.52,1.22,2026-06-26,1009,Aqua,MODIS,87,6.1NRT,302.7,53.73,D
28.23491,80.15984,327.54,1.52,1.22,2026-06-26,1009,Aqua,MODIS,73,6.1NRT,302.14,23.07,D
28.63732,78.66783,325.82,1.25,1.11,2026-06-26,1009,Aqua,MODIS,68,6.1NRT,304.3,13.56,D
28.85179,79.86091,320.24,1.48,1.2,2026-06-26,1009,Aqua,MODIS,53,6.1NRT,301.89,10.75,D
29.64267,76.77498,324.58,1.06,1.03,2026-06-26,1009,Aqua,MODIS,64,6.1NRT,303.83,10,D
20.97194,85.16878,306.24,3.14,1.68,2026-06-26,1420,Terra,MODIS,32,6.1NRT,286.97,22.21,N
20.97176,85.17529,305.35,3.14,1.68,2026-06-26,1420,Terra,MODIS,64,6.1NRT,286.62,20.72,N
21.106,72.6475,309.45,1.3,1.13,2026-06-26,1558,Terra,MODIS,70,6.1NRT,295.89,7.49,N
22.36147,82.29948,308.68,1,1,2026-06-26,2214,Aqua,MODIS,75,6.1NRT,292.86,6.14,N
23.16993,82.34169,306.5,1,1,2026-06-26,2214,Aqua,MODIS,58,6.1NRT,291.05,6.55,N
23.64885,85.44244,304.78,1.21,1.09,2026-06-26,2214,Aqua,MODIS,62,6.1NRT,292.86,5.24,N
24.20666,82.71423,306.68,1,1,2026-06-26,2214,Aqua,MODIS,69,6.1NRT,293.21,5.27,N
21.19729,81.42228,306.24,1.01,1,2026-06-26,2214,Aqua,MODIS,67,6.1NRT,292.04,4.71,N
23.68188,86.3997,308.87,1.37,1.16,2026-06-26,2214,Aqua,MODIS,65,6.1NRT,292.59,9.26,N
23.68078,86.40502,307.01,1.37,1.16,2026-06-26,2214,Aqua,MODIS,23,6.1NRT,292.72,7.09,N
23.76341,86.40846,310.18,1.37,1.16,2026-06-26,2214,Aqua,MODIS,62,6.1NRT,292.53,9.72,N
23.69662,86.0764,304.84,1.31,1.14,2026-06-26,2214,Aqua,MODIS,37,6.1NRT,292.23,5.28,N
20.97093,86.01125,300.62,1.44,1.19,2026-06-26,2214,Aqua,MODIS,11,6.1NRT,286.27,4.11,N
22.36006,82.30883,309.78,1,1,2026-06-26,2214,Aqua,MODIS,78,6.1NRT,293.12,6.88,N
30.49534,76.27757,321.43,1.01,1,2026-06-27,0404,Terra,MODIS,64,6.1NRT,299.17,7.82,D
32.93817,77.27589,301.27,1.02,1.01,2026-06-27,0404,Terra,MODIS,0,6.1NRT,287.17,5.81,D
31.34552,75.1842,318.57,1.01,1,2026-06-27,0404,Terra,MODIS,48,6.1NRT,300.1,5.81,D
31.23334,75.26275,318.25,1.01,1,2026-06-27,0404,Terra,MODIS,55,6.1NRT,300.56,5.64,D
30.58654,75.79229,317.91,1,1,2026-06-27,0404,Terra,MODIS,45,6.1NRT,300.06,5.73,D
24.09149,69.45132,322.57,1.54,1.22,2026-06-27,0406,Terra,MODIS,63,6.1NRT,299.81,11.48,D
30.37297,78.41837,307.43,4.41,1.93,2026-06-27,0909,Aqua,MODIS,19,6.1NRT,286.58,27,D
9.23815,77.79588,321.65,2.7,1.57,2026-06-27,1043,Aqua,MODIS,55,6.1NRT,291.37,32.65,D
23.06335,69.60234,328.75,1.14,1.06,2026-06-27,1045,Aqua,MODIS,61,6.1NRT,303.97,13.15,D
23.72121,68.72672,327.34,1.07,1.03,2026-06-27,1047,Aqua,MODIS,69,6.1NRT,299.26,14.1,D
20.96411,86.00056,308.18,1.09,1.04,2026-06-27,1459,Terra,MODIS,66,6.1NRT,292.93,6.13,N
20.96541,86.01083,347.11,1.09,1.04,2026-06-27,1459,Terra,MODIS,100,6.1NRT,293.79,61.33,N
20.95092,86.04434,309.63,1.1,1.04,2026-06-27,1459,Terra,MODIS,72,6.1NRT,293.08,7.38,N
23.16542,82.33639,306.6,1.04,1.02,2026-06-27,1459,Terra,MODIS,69,6.1NRT,285.94,5.52,N
22.57685,85.89687,306.15,1.12,1.05,2026-06-27,1459,Terra,MODIS,54,6.1NRT,290.99,4.51,N
22.20595,84.85974,307.35,1.03,1.01,2026-06-27,1459,Terra,MODIS,68,6.1NRT,284.18,4.99,N
29.29285,75.79738,311.96,1.91,1.35,2026-06-27,1501,Terra,MODIS,73,6.1NRT,296.44,16.84,N
31.3932,77.36767,302.28,1.38,1.16,2026-06-27,1501,Terra,MODIS,38,6.1NRT,292.14,5.38,N
20.96522,85.16654,318.76,1.23,1.1,2026-06-28,0306,Terra,MODIS,51,6.1NRT,289.73,12.07,D
20.96379,85.17806,320.33,1.23,1.1,2026-06-28,0306,Terra,MODIS,71,6.1NRT,289.55,14.42,D
20.86498,84.99335,314.52,1.26,1.11,2026-06-28,0306,Terra,MODIS,59,6.1NRT,288.82,8.97,D
20.96746,86.01898,312.03,1.12,1.05,2026-06-28,0306,Terra,MODIS,50,6.1NRT,290.86,5.77,D
20.95414,86.04893,313.36,1.12,1.05,2026-06-28,0306,Terra,MODIS,58,6.1NRT,291.75,6.66,D
21.07207,85.04561,312.72,1.26,1.11,2026-06-28,0306,Terra,MODIS,56,6.1NRT,289.48,6.77,D
20.78957,85.25729,313.61,1.21,1.1,2026-06-28,0306,Terra,MODIS,57,6.1NRT,291.09,7.75,D
20.97925,85.13319,313.75,1.24,1.11,2026-06-28,0306,Terra,MODIS,33,6.1NRT,288.12,6.98,D
21.92691,85.22142,310.44,1.26,1.11,2026-06-28,0306,Terra,MODIS,50,6.1NRT,290.92,6.54,D
22.36266,87.30439,314.82,1.04,1.02,2026-06-28,0306,Terra,MODIS,59,6.1NRT,292,6.16,D
20.95957,86.00727,312.86,1.12,1.05,2026-06-28,0306,Terra,MODIS,48,6.1NRT,291.07,6.29,D
20.96263,86.01098,321.42,1.25,1.11,2026-06-28,0943,Aqua,MODIS,62,6.1NRT,292.72,14.86,D
19.40106,84.41966,318.1,1.03,1.02,2026-06-28,0943,Aqua,MODIS,67,6.1NRT,291.61,8.75,D
21.79869,83.88451,323.96,1.04,1.02,2026-06-28,0945,Aqua,MODIS,63,6.1NRT,296.07,9.97,D
21.73879,83.84488,321.92,1.03,1.02,2026-06-28,0945,Aqua,MODIS,28,6.1NRT,294.12,8.72,D
28.34217,80.73378,321.07,1,1,2026-06-28,0947,Aqua,MODIS,59,6.1NRT,300.1,7.86,D
30.66188,79.97059,317.03,1.01,1,2026-06-28,0947,Aqua,MODIS,42,6.1NRT,291.83,11.72,D
30.66339,79.98056,341.69,1.01,1,2026-06-28,0947,Aqua,MODIS,91,6.1NRT,295.83,43.29,D
29.35175,79.05212,324.37,1.07,1.03,2026-06-28,0947,Aqua,MODIS,75,6.1NRT,302.78,7.55,D
28.75944,80.17551,324,1.01,1.01,2026-06-28,0947,Aqua,MODIS,59,6.1NRT,300.43,9.74,D
28.40196,80.40083,322.4,1.01,1,2026-06-28,0947,Aqua,MODIS,59,6.1NRT,303.39,10.18,D
28.40347,80.41075,319.94,1.01,1,2026-06-28,0947,Aqua,MODIS,29,6.1NRT,301.1,8.36,D
28.29231,80.1557,324.8,1.02,1.01,2026-06-28,0947,Aqua,MODIS,68,6.1NRT,301.03,10.23,D
28.27498,80.11327,321.03,1.02,1.01,2026-06-28,0947,Aqua,MODIS,53,6.1NRT,301.16,6.73,D
28.19292,80.10905,321.95,1.02,1.01,2026-06-28,0947,Aqua,MODIS,58,6.1NRT,301.36,6.62,D
28.12416,80.15002,323.47,1.02,1.01,2026-06-28,0947,Aqua,MODIS,63,6.1NRT,301.11,8.76,D
8.73339,78.10522,310.24,1.04,1.02,2026-06-28,1535,Terra,MODIS,80,6.1NRT,294.36,6.82,N
29.4579,76.86319,318.29,1.48,1.2,2026-06-28,1539,Terra,MODIS,96,6.1NRT,293,21.63,N
23.79417,86.35301,304.29,1.09,1.04,2026-06-28,2153,Aqua,MODIS,51,6.1NRT,285.02,4.28,N
23.75894,86.40453,306.92,1.08,1.04,2026-06-28,2153,Aqua,MODIS,21,6.1NRT,284.21,5.36,N
23.77718,86.20716,304.52,1.1,1.05,2026-06-28,2153,Aqua,MODIS,60,6.1NRT,287.14,5.2,N
23.73658,86.43221,304.03,1.08,1.04,2026-06-28,2153,Aqua,MODIS,31,6.1NRT,283.1,3.85,N
23.67399,86.08801,302.61,1.11,1.05,2026-06-28,2153,Aqua,MODIS,50,6.1NRT,282.74,4.31,N
22.0378,83.73309,304.36,1.42,1.18,2026-06-28,2153,Aqua,MODIS,60,6.1NRT,287.61,8.02,N
22.57529,85.89278,305.82,1.1,1.05,2026-06-28,2153,Aqua,MODIS,66,6.1NRT,290.99,5.26,N
23.80606,86.33391,304.21,1.09,1.04,2026-06-28,2153,Aqua,MODIS,47,6.1NRT,286.35,4.21,N
29.45315,76.88573,304.57,4.64,1.97,2026-06-28,2326,Aqua,MODIS,33,6.1NRT,289.84,44.27,N
29.45188,76.87685,304.88,4.64,1.97,2026-06-28,2326,Aqua,MODIS,48,6.1NRT,289.31,48.12,N
21.75124,83.8428,315.69,1.74,1.29,2026-06-29,0347,Terra,MODIS,30,6.1NRT,287.62,13.35,D
13.21297,78.12225,316.15,1.06,1.03,2026-06-29,0349,Terra,MODIS,65,6.1NRT,295.94,8.85,D
12.90671,78.93079,314.32,1.16,1.07,2026-06-29,0349,Terra,MODIS,55,6.1NRT,297.77,6.5,D
11.37848,77.65025,314.32,1.06,1.03,2026-06-29,0349,Terra,MODIS,55,6.1NRT,296.92,6.03,D
18.47826,74.5405,331.2,1.01,1,2026-06-29,1021,Aqua,MODIS,84,6.1NRT,293.23,23.04,D
30.75018,75.15572,326.08,1.39,1.17,2026-06-29,1024,Aqua,MODIS,70,6.1NRT,298.85,16.02,D
29.46043,76.86173,329.63,1.72,1.29,2026-06-29,1024,Aqua,MODIS,73,6.1NRT,302.61,25.98,D
31.21064,75.52084,316.37,1.49,1.2,2026-06-29,1024,Aqua,MODIS,10,6.1NRT,292.73,7.86,D
30.77547,75.19498,331,1.4,1.17,2026-06-29,1024,Aqua,MODIS,78,6.1NRT,301.52,26.75,D
11.25417,77.71505,301.54,1.1,1.05,2026-06-29,2233,Aqua,MODIS,42,6.1NRT,287.6,4.22,N
11.25265,77.72482,303.53,1.1,1.05,2026-06-29,2233,Aqua,MODIS,56,6.1NRT,288.01,5.4,N
23.45161,70.50992,319.55,1.05,1.02,2026-06-30,0425,Terra,MODIS,22,6.1NRT,299.94,8.41,D
23.41217,68.62921,317.22,1,1,2026-06-30,0425,Terra,MODIS,36,6.1NRT,295.55,7.01,D
23.41084,68.63873,318.45,1,1,2026-06-30,0425,Terra,MODIS,51,6.1NRT,296.07,8.72,D
23.00856,69.5135,323.03,1.01,1,2026-06-30,0425,Terra,MODIS,56,6.1NRT,302.69,9.97,D
23.45012,70.51981,319.75,1.05,1.02,2026-06-30,0425,Terra,MODIS,30,6.1NRT,299.82,8.61,D
23.73443,86.4351,318.24,1.05,1.02,2026-06-30,0924,Aqua,MODIS,39,6.1NRT,294.46,8.3,D
23.79473,86.35205,317.5,1.06,1.03,2026-06-30,0924,Aqua,MODIS,36,6.1NRT,294.89,6.29,D
23.75643,86.40029,320.12,1.05,1.02,2026-06-30,0924,Aqua,MODIS,40,6.1NRT,295.49,8.33,D
23.79999,86.32494,316.28,1.06,1.03,2026-06-30,0924,Aqua,MODIS,49,6.1NRT,294.95,6.54,D
23.76533,86.39861,319.08,1.05,1.02,2026-06-30,0924,Aqua,MODIS,39,6.1NRT,295.02,6.88,D
23.78082,86.20461,314.22,1.07,1.03,2026-06-30,0924,Aqua,MODIS,58,6.1NRT,293.78,6.93,D
9.77134,78.26979,331.3,1.32,1.14,2026-07-01,0956,Aqua,MODIS,83,6.1NRT,297.2,30.51,D
9.76948,78.25819,331.7,1.32,1.14,2026-07-01,0956,Aqua,MODIS,83,6.1NRT,296.85,30.82,D
26.48295,79.06618,316.68,1.04,1.02,2026-07-01,1002,Aqua,MODIS,48,6.1NRT,289.65,7.03,D
30.88205,75.92687,333.09,1.01,1,2026-07-01,1004,Aqua,MODIS,84,6.1NRT,298.34,21.6,D
25.03226,87.38522,301.12,1.18,1.08,2026-07-01,2208,Aqua,MODIS,9,6.1NRT,288.77,5.21,N
20.95576,85.19365,304.93,1.06,1.03,2026-07-01,2210,Aqua,MODIS,8,6.1NRT,289.42,4.55,N
20.9589,85.174,305.82,1.06,1.03,2026-07-01,2210,Aqua,MODIS,21,6.1NRT,289.62,5.4,N
20.95733,85.18382,307.87,1.06,1.03,2026-07-01,2210,Aqua,MODIS,55,6.1NRT,289.89,6.72,N
30.46196,73.88915,319.72,1.08,1.04,2026-07-02,0404,Terra,MODIS,13,6.1NRT,298.54,7.19,D
23.69027,87.11666,314.25,2.06,1.4,2026-07-02,0902,Aqua,MODIS,63,6.1NRT,293.49,15.93,D
28.17521,94.80341,316.32,1.13,1.06,2026-07-02,0902,Aqua,MODIS,69,6.1NRT,299.25,7.77,D
23.6515,68.55938,333.19,1,1,2026-07-02,1038,Aqua,MODIS,80,6.1NRT,300.6,18.23,D
23.65009,68.5499,340.22,1,1,2026-07-02,1038,Aqua,MODIS,87,6.1NRT,304.05,29.17,D
23.78014,86.391,317.33,1.17,1.08,2026-07-03,0304,Terra,MODIS,12,6.1NRT,294.93,9.55,D
24.33987,88.49428,312.63,1.01,1,2026-07-03,0304,Terra,MODIS,40,6.1NRT,295.7,4.77,D
23.80269,86.33215,316.17,1.18,1.08,2026-07-03,0304,Terra,MODIS,51,6.1NRT,295.34,8.63,D
24.15056,82.58331,317.44,1.04,1.02,2026-07-03,0939,Aqua,MODIS,64,6.1NRT,297.6,6.01,D
21.75999,83.84322,316.43,1.01,1.01,2026-07-03,0939,Aqua,MODIS,66,6.1NRT,294.05,7.55,D
23.77831,86.20902,313.2,1.12,1.05,2026-07-03,0939,Aqua,MODIS,54,6.1NRT,285.72,7.55,D
23.16613,82.33558,313.39,1.08,1.04,2026-07-03,0939,Aqua,MODIS,57,6.1NRT,295.95,5.44,D
32.64217,74.93202,321.63,1.98,1.37,2026-07-03,0941,Aqua,MODIS,65,6.1NRT,299.66,23.77,D
27.33377,79.07139,321.75,1.02,1.01,2026-07-04,0345,Terra,MODIS,69,6.1NRT,297.99,7.12,D
26.63959,79.48589,319.65,1,1,2026-07-04,0345,Terra,MODIS,64,6.1NRT,298.14,6.36,D
26.64095,79.47614,322.95,1,1,2026-07-04,0345,Terra,MODIS,71,6.1NRT,297.84,9.16,D
23.16796,82.34188,312.95,1.28,1.12,2026-07-04,0345,Terra,MODIS,61,6.1NRT,293.2,8,D
28.1682,95.81017,317.41,1.11,1.05,2026-07-04,0839,Aqua,MODIS,43,6.1NRT,300.92,8.66,D
28.29063,94.76923,310.63,1.24,1.11,2026-07-04,0839,Aqua,MODIS,64,6.1NRT,296.48,6.43,D
25.9271,92.65955,314.15,1.87,1.34,2026-07-04,0839,Aqua,MODIS,53,6.1NRT,294.43,13.33,D
25.93428,92.65328,314.98,1.87,1.34,2026-07-04,0839,Aqua,MODIS,64,6.1NRT,294.02,15.95,D
23.80388,86.32544,305.1,1.13,1.06,2026-07-04,1440,Terra,MODIS,55,6.1NRT,283.03,5.68,N
23.77632,86.20857,305.49,1.14,1.06,2026-07-04,1440,Terra,MODIS,64,6.1NRT,283.88,6.13,N
33.79626,74.93584,312.24,1.19,1.09,2026-07-05,0421,Terra,MODIS,67,6.1NRT,299.92,8.4,D
9.87102,78.08221,307.02,1.41,1.18,2026-07-05,1514,Terra,MODIS,64,6.1NRT,296.76,7.38,N
9.57187,78.58781,323.37,1.7,1.28,2026-07-06,0952,Aqua,MODIS,52,6.1NRT,307.41,13.53,D
11.05021,78.01759,317,1.77,1.3,2026-07-06,0952,Aqua,MODIS,58,6.1NRT,288.9,16.77,D
10.04575,77.94476,317.87,1.87,1.34,2026-07-06,0952,Aqua,MODIS,60,6.1NRT,300.16,14.62,D
16.82455,80.13092,315.31,1.08,1.04,2026-07-06,0954,Aqua,MODIS,0,6.1NRT,290.64,6.4,D
8.76299,78.18224,306.47,2.05,1.39,2026-07-06,1552,Terra,MODIS,64,6.1NRT,296.14,11.14,N
31.92629,78.02367,307.19,1.06,1.03,2026-07-07,0402,Terra,MODIS,22,6.1NRT,288.68,5.4,D
30.87977,76.24168,314.6,1,1,2026-07-07,0402,Terra,MODIS,64,6.1NRT,295.03,5.5,D
8.62534,77.87153,314.7,1.4,1.17,2026-07-07,1028,Aqua,MODIS,41,6.1NRT,295.97,8.67,D
8.75791,78.09093,321.85,1.46,1.19,2026-07-07,1028,Aqua,MODIS,75,6.1NRT,296.98,17.96,D
8.75971,78.10379,327.44,1.46,1.2,2026-07-07,1028,Aqua,MODIS,53,6.1NRT,297.04,28.83,D
8.76005,78.18288,320.36,1.48,1.2,2026-07-07,1028,Aqua,MODIS,0,6.1NRT,294.55,16.65,D
27.52433,71.82353,337.63,1.1,1.05,2026-07-07,1034,Aqua,MODIS,78,6.1NRT,306.8,20.31,D
20.79049,85.2513,306.64,1.02,1.01,2026-07-07,1457,Terra,MODIS,69,6.1NRT,278.96,5.94,N
20.86586,84.99197,305.28,1.01,1,2026-07-07,1457,Terra,MODIS,39,6.1NRT,286.46,5.12,N
23.6869,86.09085,309.77,1.13,1.06,2026-07-07,1457,Terra,MODIS,57,6.1NRT,290.16,7.13,N
20.79176,85.2608,305.99,1.02,1.01,2026-07-07,1457,Terra,MODIS,66,6.1NRT,279.79,5.62,N
23.69265,86.08367,309.07,1.13,1.06,2026-07-07,1457,Terra,MODIS,76,6.1NRT,290.36,7.93,N
9.74718,77.67609,303.08,1.53,1.22,2026-07-07,2242,Aqua,MODIS,29,6.1NRT,291.3,8.91,N
24.07458,69.495,321.26,2.91,1.63,2026-07-08,1113,Aqua,MODIS,42,6.1NRT,296.42,25.75,D
24.11734,69.4904,322.46,2.91,1.63,2026-07-08,1113,Aqua,MODIS,23,6.1NRT,296.41,28.3,D
30.2195,74.76379,317.37,1.87,1.34,2026-07-09,0342,Terra,MODIS,37,6.1NRT,295.81,13.67,D
15.17561,76.65705,310.85,1.02,1.01,2026-07-09,0345,Terra,MODIS,51,6.1NRT,291.21,5.43,D
9.42433,78.53679,317.88,1.16,1.07,2026-07-09,0347,Terra,MODIS,40,6.1NRT,299.81,6.92,D
9.50164,78.06583,327.13,1.1,1.05,2026-07-09,0347,Terra,MODIS,79,6.1NRT,303.75,12.42,D
8.84804,77.96993,328.36,1.09,1.04,2026-07-09,1006,Aqua,MODIS,78,6.1NRT,303.4,11.09,D
11.75033,78.74723,319.93,1,1,2026-07-09,1006,Aqua,MODIS,77,6.1NRT,276.95,16.54,D
8.59005,77.97982,319.02,1.1,1.04,2026-07-09,1006,Aqua,MODIS,0,6.1NRT,299.83,6.51,D
8.84952,77.9795,329.63,1.09,1.04,2026-07-09,1006,Aqua,MODIS,79,6.1NRT,302.86,13.43,D
9.30847,77.40585,319.41,1.15,1.07,2026-07-09,1006,Aqua,MODIS,54,6.1NRT,301.61,6.88,D
14.3622,79.81679,330.9,1.05,1.02,2026-07-09,1009,Aqua,MODIS,81,6.1NRT,302.81,15.97,D
15.66723,79.77483,313.86,1.06,1.03,2026-07-09,1009,Aqua,MODIS,46,6.1NRT,293.29,7.94,D
14.25633,79.45434,324.81,1.02,1.01,2026-07-09,1009,Aqua,MODIS,73,6.1NRT,298.88,15.16,D
14.25501,79.44506,321.48,1.02,1.01,2026-07-09,1009,Aqua,MODIS,69,6.1NRT,296.05,12.1,D
15.11574,79.27728,325.33,1.02,1.01,2026-07-09,1009,Aqua,MODIS,65,6.1NRT,296.02,14.84,D
30.89438,75.30765,322.83,1.01,1.01,2026-07-09,1011,Aqua,MODIS,65,6.1NRT,301.06,9.09,D
30.41253,73.86255,324.03,1.01,1.01,2026-07-09,1011,Aqua,MODIS,44,6.1NRT,304.39,8.29,D
30.42127,73.86073,322.99,1.01,1.01,2026-07-09,1011,Aqua,MODIS,42,6.1NRT,304.29,6.84,D
30.89356,75.62514,318.27,1.03,1.01,2026-07-09,1011,Aqua,MODIS,49,6.1NRT,294.85,8.84,D
30.90314,75.30596,324.39,1.01,1.01,2026-07-09,1011,Aqua,MODIS,68,6.1NRT,301.09,10.78,D
31.00895,75.47011,320.82,1.02,1.01,2026-07-09,1011,Aqua,MODIS,60,6.1NRT,298.1,9.22,D
31.17685,75.47894,330.09,1.02,1.01,2026-07-09,1011,Aqua,MODIS,78,6.1NRT,298.63,20.29,D
21.10498,72.64249,305.25,2.29,1.47,2026-07-10,1516,Terra,MODIS,64,6.1NRT,293.99,14.65,N
20.96437,86.00349,310.39,1.14,1.06,2026-07-11,0323,Terra,MODIS,53,6.1NRT,280.66,7.84,D
20.79403,85.25442,308.65,1.07,1.03,2026-07-11,0323,Terra,MODIS,55,6.1NRT,281.22,5.74,D
20.9627,86.01406,328.4,1.14,1.06,2026-07-11,0323,Terra,MODIS,85,6.1NRT,280.96,28.85,D
15.51166,79.82442,332.17,1.19,1.09,2026-07-11,0325,Terra,MODIS,84,6.1NRT,297.89,29.31,D
15.51308,79.81361,324.19,1.2,1.09,2026-07-11,0325,Terra,MODIS,76,6.1NRT,298.35,16.29,D
15.41297,79.65003,318.41,1.22,1.1,2026-07-11,0325,Terra,MODIS,65,6.1NRT,298.48,7.08,D
17.48845,82.90141,306.4,1,1,2026-07-11,0325,Terra,MODIS,56,6.1NRT,284.08,3.96,D
13.22257,79.865,330.88,1.12,1.06,2026-07-11,0328,Terra,MODIS,79,6.1NRT,297.34,25.16,D
9.15919,77.97425,321.43,1.29,1.13,2026-07-11,0328,Terra,MODIS,64,6.1NRT,299.68,9.88,D
20.96176,86.00764,307.03,1.29,1.13,2026-07-11,0947,Aqua,MODIS,58,6.1NRT,277.56,8.38,D
16.7032,81.31477,317.97,1.15,1.07,2026-07-11,0947,Aqua,MODIS,63,6.1NRT,298.68,9.83,D
19.09521,82.16584,314.41,1.02,1.01,2026-07-11,0947,Aqua,MODIS,47,6.1NRT,297.42,6.91,D
19.62557,79.45731,322.22,1.33,1.14,2026-07-11,0947,Aqua,MODIS,77,6.1NRT,296.21,18.76,D
16.63151,81.28459,314.11,1.15,1.07,2026-07-11,0947,Aqua,MODIS,47,6.1NRT,298.33,5.88,D
16.70484,81.32513,314.49,1.15,1.07,2026-07-11,0947,Aqua,MODIS,40,6.1NRT,298.22,5.96,D
27.44571,70.65107,319.88,1.13,1.06,2026-07-11,1556,Terra,MODIS,99,6.1NRT,301.57,15.11,N
27.44704,70.66226,314.72,1.13,1.06,2026-07-11,1556,Terra,MODIS,83,6.1NRT,301.51,9.66,N
27.44028,70.65778,324.12,1.13,1.06,2026-07-11,1556,Terra,MODIS,100,6.1NRT,301.75,20.06,N
20.96231,85.18008,304.49,1.11,1.05,2026-07-11,2155,Aqua,MODIS,26,6.1NRT,289.53,5.13,N
23.77822,86.3665,305.87,1.06,1.03,2026-07-11,2155,Aqua,MODIS,39,6.1NRT,290.01,4.37,N
23.64895,85.44073,306.27,1.15,1.07,2026-07-11,2155,Aqua,MODIS,49,6.1NRT,290.57,7.91,N
20.96089,85.19038,304.44,1.11,1.05,2026-07-11,2155,Aqua,MODIS,19,6.1NRT,289.16,4.4,N
20.95151,86.04872,305.26,1.04,1.02,2026-07-11,2155,Aqua,MODIS,64,6.1NRT,287.22,4.88,N
20.97149,85.18149,310.25,1.11,1.05,2026-07-11,2155,Aqua,MODIS,73,6.1NRT,289.72,9.19,N
23.7636,86.40523,311.16,1.06,1.03,2026-07-11,2155,Aqua,MODIS,69,6.1NRT,290.11,7.94,N
14.11823,79.69563,310.19,2.62,1.55,2026-07-12,0404,Terra,MODIS,55,6.1NRT,284.45,15.67,D
9.27494,78.76688,318.9,1.25,1.11,2026-07-12,1021,Aqua,MODIS,57,6.1NRT,298.2,8.07,D
8.39394,77.9546,320.04,1.11,1.05,2026-07-12,1021,Aqua,MODIS,57,6.1NRT,299.03,8.01,D
11.74232,76.89375,317.31,1.07,1.03,2026-07-12,1024,Aqua,MODIS,71,6.1NRT,299.38,8.16,D
14.76175,79.17924,314.82,1.6,1.24,2026-07-12,1024,Aqua,MODIS,50,6.1NRT,288.07,12.4,D
13.39236,80.27312,309.59,2.05,1.39,2026-07-12,1454,Terra,MODIS,78,6.1NRT,295.38,16.63,N
13.38879,80.27941,309.19,2.05,1.39,2026-07-12,1454,Terra,MODIS,77,6.1NRT,295.54,15.77,N
23.76647,86.40461,310.12,1.15,1.07,2026-07-12,1457,Terra,MODIS,54,6.1NRT,290.99,6.51,N
22.57167,85.89705,303.91,1.07,1.03,2026-07-12,1457,Terra,MODIS,54,6.1NRT,286.99,3.36,N
22.35811,82.30168,302.12,1.1,1.05,2026-07-12,1457,Terra,MODIS,27,6.1NRT,283.81,4.19,N
21.10348,72.64146,304.24,1.72,1.29,2026-07-12,2233,Aqua,MODIS,59,6.1NRT,292.98,7.99,N
15.18108,76.65391,304.87,1,1,2026-07-12,2233,Aqua,MODIS,58,6.1NRT,294.07,4.58,N
15.18244,76.64494,308.3,1,1,2026-07-12,2233,Aqua,MODIS,74,6.1NRT,293.87,6.89,N
15.34264,76.27849,304.34,1,1,2026-07-12,2233,Aqua,MODIS,60,6.1NRT,292.66,5.14,N
20.79411,85.2588,303.83,1.3,1.13,2026-07-13,0304,Terra,MODIS,46,6.1NRT,273.18,6.06,D
20.96696,85.1762,310.78,1.32,1.14,2026-07-13,0304,Terra,MODIS,70,6.1NRT,278.07,11,D
18.60381,74.58351,305.28,1.01,1.01,2026-07-13,1533,Terra,MODIS,59,6.1NRT,294.02,4.85,N
14.2899,76.65656,304.56,1,1,2026-07-13,1533,Terra,MODIS,50,6.1NRT,294.2,4.1,N
15.1833,76.66554,309.22,1.01,1,2026-07-13,1533,Terra,MODIS,44,6.1NRT,298.37,4.66,N
15.17536,76.65711,314.51,1.02,1.01,2026-07-14,0345,Terra,MODIS,27,6.1NRT,298.25,5.22,D
10.9729,78.1266,314.76,1.06,1.03,2026-07-14,0345,Terra,MODIS,53,6.1NRT,300.4,5.21,D
11.36002,78.69131,312.31,1.11,1.05,2026-07-14,0345,Terra,MODIS,39,6.1NRT,290.9,6.06,D
13.56576,79.70233,313.8,1.17,1.08,2026-07-14,0345,Terra,MODIS,48,6.1NRT,297.11,6.53,D
18.40055,78.66171,322.99,1,1,2026-07-14,0345,Terra,MODIS,81,6.1NRT,294.24,15.19,D
15.30099,76.93408,313.34,1.01,1.01,2026-07-14,0345,Terra,MODIS,57,6.1NRT,294.51,5.3,D
13.56735,79.69189,314.38,1.17,1.08,2026-07-14,0345,Terra,MODIS,61,6.1NRT,298.6,7.18,D
9.82388,78.21193,313.76,1.09,1.04,2026-07-14,0347,Terra,MODIS,59,6.1NRT,296.49,6.54,D
8.3932,77.9523,323.15,1.1,1.04,2026-07-14,0347,Terra,MODIS,78,6.1NRT,300.98,13.82,D
23.71515,84.55547,303.09,1,1,2026-07-14,2210,Aqua,MODIS,53,6.1NRT,275.6,6.7,N
15.07023,76.64846,301.07,1.85,1.33,2026-07-14,2212,Aqua,MODIS,37,6.1NRT,290.35,9.62,N
15.06825,76.66409,303.36,1.85,1.33,2026-07-14,2212,Aqua,MODIS,55,6.1NRT,289.79,12.57,N
24.60605,93.36723,320.96,1,1,2026-07-15,0905,Aqua,MODIS,76,6.1NRT,295.29,13.46,D
23.5076,69.26122,329.58,1.01,1,2026-07-15,1043,Aqua,MODIS,78,6.1NRT,301.23,16.11,D
23.50623,69.25168,326.03,1.01,1,2026-07-15,1043,Aqua,MODIS,73,6.1NRT,301.44,11.42,D
23.70253,68.56681,325.12,1,1,2026-07-15,1043,Aqua,MODIS,74,6.1NRT,301.57,11.49,D
21.10203,72.6411,321.81,1.29,1.13,2026-07-15,1043,Aqua,MODIS,0,6.1NRT,297.35,17.53,D
26.64188,79.48008,310.39,1.02,1.01,2026-07-15,1516,Terra,MODIS,78,6.1NRT,295.7,6.42,N
31.02591,76.62051,312.47,1.01,1.01,2026-07-15,1516,Terra,MODIS,84,6.1NRT,297.19,7.59,N
31.02444,76.62202,311.13,1,1,2026-07-15,2246,Aqua,MODIS,82,6.1NRT,296.31,7.7,N
15.18082,76.6705,304.59,1.47,1.2,2026-07-15,2250,Aqua,MODIS,61,6.1NRT,293.45,7.86,N
23.82066,84.57125,317.32,1.02,1.01,2026-07-16,0941,Aqua,MODIS,67,6.1NRT,294.13,9.18,D
23.7746,86.20593,317.12,1.15,1.07,2026-07-16,0941,Aqua,MODIS,69,6.1NRT,294.18,9.41,D
23.76117,86.40491,306.12,2.5,1.52,2026-07-16,1416,Terra,MODIS,15,6.1NRT,291,13.82,N
9.22641,77.30256,312.78,1.67,1.27,2026-07-16,1550,Terra,MODIS,60,6.1NRT,295.26,21.19,N
9.21522,77.3039,333.26,1.67,1.27,2026-07-16,1550,Terra,MODIS,100,6.1NRT,297.23,67.05,N
9.21293,77.28565,312.14,1.67,1.27,2026-07-16,1550,Terra,MODIS,57,6.1NRT,291.77,21.63,N
22.931,69.69678,307.17,1,1,2026-07-16,1554,Terra,MODIS,61,6.1NRT,294.58,3.73,N
23.01711,72.30412,307.17,1.2,1.09,2026-07-16,1554,Terra,MODIS,71,6.1NRT,292.36,5.94,N
23.65238,85.44102,301.81,1.46,1.19,2026-07-16,2148,Aqua,MODIS,42,6.1NRT,287.84,5.07,N
24.18183,69.32272,323.7,1.76,1.3,2026-07-17,0402,Terra,MODIS,48,6.1NRT,295.88,23.08,D
14.43626,78.0242,323.35,1.07,1.03,2026-07-17,1017,Aqua,MODIS,67,6.1NRT,299.72,10.57,D
23.59868,69.05877,324.44,1.69,1.28,2026-07-17,1019,Aqua,MODIS,71,6.1NRT,296.59,24.63,D
25.20361,73.54799,324.99,1,1,2026-07-17,1019,Aqua,MODIS,54,6.1NRT,302.86,10.27,D
27.43931,70.62456,346.72,1.17,1.08,2026-07-17,1021,Aqua,MODIS,89,6.1NRT,307.84,44.29,D
27.41929,70.94666,329.68,1.13,1.06,2026-07-17,1021,Aqua,MODIS,37,6.1NRT,308.07,9.06,D
27.44121,70.63593,334.89,1.17,1.08,2026-07-17,1021,Aqua,MODIS,70,6.1NRT,307.29,19.29,D
10.46616,77.39191,304.28,1,1,2026-07-17,2229,Aqua,MODIS,59,6.1NRT,287.57,5.35,N
25.65675,84.70318,314.18,1.43,1.18,2026-07-18,0920,Aqua,MODIS,17,6.1NRT,291.67,10.44,D
22.04738,88.09887,327.81,1.07,1.03,2026-07-18,0920,Aqua,MODIS,63,6.1NRT,294.85,19.94,D
22.04896,88.10887,315.11,1.07,1.03,2026-07-18,0920,Aqua,MODIS,0,6.1NRT,294.5,5.48,D
24.09295,69.42778,334.07,1.57,1.24,2026-07-18,1100,Aqua,MODIS,81,6.1NRT,300.01,35.54,D
24.08943,69.3979,331.84,1.57,1.23,2026-07-18,1100,Aqua,MODIS,67,6.1NRT,300.19,23.05,D
24.09472,69.44277,336.87,1.58,1.24,2026-07-18,1100,Aqua,MODIS,83,6.1NRT,300.07,40.78,D
24.09649,69.45779,331.84,1.58,1.24,2026-07-18,1100,Aqua,MODIS,77,6.1NRT,300.16,28.36,D
24.07864,69.39939,328.97,1.57,1.23,2026-07-18,1100,Aqua,MODIS,31,6.1NRT,299.9,20.32,D
24.08039,69.41431,329.26,1.57,1.23,2026-07-18,1100,Aqua,MODIS,24,6.1NRT,299.72,22.43,D
24.04287,69.37414,337.12,1.56,1.23,2026-07-18,1100,Aqua,MODIS,84,6.1NRT,299.89,51.66,D
24.05363,69.37264,330.5,1.56,1.23,2026-07-18,1100,Aqua,MODIS,78,6.1NRT,299.7,30.1,D
24.08565,69.45928,333.04,1.58,1.24,2026-07-18,1100,Aqua,MODIS,82,6.1NRT,299.78,33.9,D
24.0839,69.44426,334.48,1.58,1.24,2026-07-18,1100,Aqua,MODIS,70,6.1NRT,300.23,37.15,D
24.08214,69.42927,333.75,1.57,1.24,2026-07-18,1100,Aqua,MODIS,78,6.1NRT,300.11,36.63,D
24.09119,69.41283,334.44,1.57,1.23,2026-07-18,1100,Aqua,MODIS,82,6.1NRT,300.01,36.28,D
9.31158,77.33302,358.48,1.02,1.01,2026-07-19,0345,Terra,MODIS,99,6.1NRT,291.8,77.83,D
9.31292,77.3239,380.81,1.02,1.01,2026-07-19,0345,Terra,MODIS,100,6.1NRT,293.36,155.96,D
9.32049,77.33385,356.22,1.02,1.01,2026-07-19,0345,Terra,MODIS,85,6.1NRT,284.23,72.02,D
9.34491,77.92272,313.86,1.06,1.03,2026-07-19,0345,Terra,MODIS,41,6.1NRT,287.16,5.04,D
9.30159,77.32509,317.73,1.02,1.01,2026-07-19,0345,Terra,MODIS,56,6.1NRT,287.91,12.54,D
16.97449,81.57519,316.1,1,1,2026-07-19,0956,Aqua,MODIS,59,6.1NRT,292.81,7.09,D
22.38178,87.27477,304.91,1.12,1.06,2026-07-19,1433,Terra,MODIS,39,6.1NRT,288.12,4.7,N
23.78376,69.48953,314.16,1.02,1.01,2026-07-20,1036,Aqua,MODIS,51,6.1NRT,291.38,4.47,D
23.78523,69.49917,321.05,1.02,1.01,2026-07-20,1036,Aqua,MODIS,74,6.1NRT,294.25,10.72,D
25.78403,73.70397,302.42,1.64,1.26,2026-07-20,1514,Terra,MODIS,11,6.1NRT,281.23,5.72,N
25.78041,73.69474,303.6,1.65,1.26,2026-07-20,1514,Terra,MODIS,56,6.1NRT,281.23,7.67,N
9.15904,77.30912,309.81,1.51,1.21,2026-07-21,0325,Terra,MODIS,41,6.1NRT,276.26,15.39,D
9.17905,77.29632,313.62,1.62,1.25,2026-07-21,1548,Terra,MODIS,75,6.1NRT,290.86,21.96,N
9.19004,77.29482,309.76,1.62,1.25,2026-07-21,1548,Terra,MODIS,42,6.1NRT,290.43,17.18,N
29.04661,79.6894,314.28,1.28,1.12,2026-07-22,0400,Terra,MODIS,58,6.1NRT,291.39,10.96,D
9.49695,77.60567,310.09,1,1,2026-07-23,1529,Terra,MODIS,77,6.1NRT,296.04,6.4,N
27.59125,72.23181,319.14,2.87,1.62,2026-07-24,0338,Terra,MODIS,66,6.1NRT,289.18,33.12,D
28.15813,73.14017,318.78,2.51,1.52,2026-07-24,0338,Terra,MODIS,48,6.1NRT,287.55,32.96,D
16.9029,80.76199,313.91,1.16,1.07,2026-07-24,0342,Terra,MODIS,61,6.1NRT,292.3,9.2,D
15.20471,78.90272,315.73,1.02,1.01,2026-07-24,0342,Terra,MODIS,68,6.1NRT,294.51,7.38,D
10.18056,77.55189,312.59,1.01,1.01,2026-07-24,0345,Terra,MODIS,58,6.1NRT,297.83,5.66,D
11.48059,77.69066,315.68,1.01,1,2026-07-24,0345,Terra,MODIS,53,6.1NRT,296.65,6.27,D
11.48188,77.68172,318.41,1.01,1,2026-07-24,0345,Terra,MODIS,64,6.1NRT,297.69,8.44,D
9.90106,78.1399,322.21,1.05,1.02,2026-07-24,0345,Terra,MODIS,72,6.1NRT,299.58,11.48,D
10.26789,78.84754,317.33,1.11,1.05,2026-07-24,0345,Terra,MODIS,60,6.1NRT,299.64,6.19,D
21.91954,83.34805,307.35,1.04,1.02,2026-07-24,0952,Aqua,MODIS,0,6.1NRT,278.48,7.24,D
22.35274,82.30229,315.89,1,1,2026-07-24,0952,Aqua,MODIS,63,6.1NRT,293.83,8.62,D
28.13305,76.88151,314.95,1.3,1.13,2026-07-24,0954,Aqua,MODIS,35,6.1NRT,295.08,8.1,D
27.24641,71.61391,312.33,3.11,1.67,2026-07-24,0954,Aqua,MODIS,0,6.1NRT,286.7,19.68,D
23.7414,86.4394,301.19,1.03,1.02,2026-07-24,2157,Aqua,MODIS,16,6.1NRT,282.61,4.23,N
28.16891,94.79841,319.49,1.02,1.01,2026-07-25,0852,Aqua,MODIS,76,6.1NRT,304.34,8.52,D
25.76889,93.31934,314.63,1.21,1.09,2026-07-25,0852,Aqua,MODIS,66,6.1NRT,298.17,7.63,D
9.18866,77.52354,326.87,1.12,1.06,2026-07-25,1024,Aqua,MODIS,75,6.1NRT,305.2,8.88,D
9.28995,77.38201,321.63,1.11,1.05,2026-07-25,1024,Aqua,MODIS,53,6.1NRT,303.56,6.29,D
8.60333,77.6819,328.77,1.13,1.06,2026-07-25,1024,Aqua,MODIS,65,6.1NRT,306.15,13.82,D
9.19003,77.53344,331.89,1.12,1.06,2026-07-25,1024,Aqua,MODIS,81,6.1NRT,304.97,16.26,D
10.66253,77.42379,304.35,1.16,1.07,2026-07-25,2240,Aqua,MODIS,60,6.1NRT,290.9,5.61,N
23.68102,86.39816,313.71,1.06,1.03,2026-07-26,0319,Terra,MODIS,0,6.1NRT,294.68,7.41,D
23.64766,85.43971,312.35,1.01,1,2026-07-26,0319,Terra,MODIS,60,6.1NRT,294.55,5.92,D
23.82024,84.56918,313.13,1,1,2026-07-26,0319,Terra,MODIS,57,6.1NRT,295.14,5.24,D
23.70218,86.07624,317.01,1.04,1.02,2026-07-26,0319,Terra,MODIS,61,6.1NRT,295.24,8.88,D
23.74036,86.43524,312.39,1.06,1.03,2026-07-26,0319,Terra,MODIS,31,6.1NRT,294.83,5.03,D
23.71037,86.45058,314.25,1.06,1.03,2026-07-26,0319,Terra,MODIS,50,6.1NRT,295.57,6.91,D
23.75342,85.85497,314.11,1.02,1.01,2026-07-26,0319,Terra,MODIS,64,6.1NRT,296.33,6.59,D
23.76439,86.39833,316.34,1.06,1.03,2026-07-26,0319,Terra,MODIS,66,6.1NRT,295.87,8.68,D
23.76287,86.40831,314.21,1.06,1.03,2026-07-26,0319,Terra,MODIS,54,6.1NRT,293.58,6.65,D
16.27576,80.28195,315.81,1.23,1.1,2026-07-26,0321,Terra,MODIS,49,6.1NRT,294.23,7.53,D
14.3941,79.81847,314.94,1.24,1.11,2026-07-26,0321,Terra,MODIS,60,6.1NRT,293.92,7.48,D
9.20549,77.77815,321.86,1.44,1.19,2026-07-26,0323,Terra,MODIS,70,6.1NRT,301.81,11.43,D
26.77068,71.39038,323.62,1.46,1.19,2026-07-27,0357,Terra,MODIS,39,6.1NRT,293.99,19.42,D
26.88026,77.47848,317.59,1.07,1.03,2026-07-27,0357,Terra,MODIS,65,6.1NRT,297.25,6.63,D
26.88803,71.50515,322.99,1.44,1.19,2026-07-27,0357,Terra,MODIS,63,6.1NRT,294.58,18.54,D
26.87302,71.48264,321.85,1.45,1.19,2026-07-27,0357,Terra,MODIS,25,6.1NRT,294.55,15.58,D
26.8714,71.49675,323.78,1.44,1.19,2026-07-27,0357,Terra,MODIS,67,6.1NRT,294.61,19.51,D
26.82709,71.41891,325.67,1.46,1.19,2026-07-27,0357,Terra,MODIS,75,6.1NRT,294.42,23.46,D
26.78118,71.39174,323.74,1.46,1.19,2026-07-27,0357,Terra,MODIS,46,6.1NRT,294.03,19.31,D
8.17873,77.64345,323.9,1.4,1.17,2026-07-27,1004,Aqua,MODIS,72,6.1NRT,300.13,17.26,D
10.58449,79.66574,321.97,1.04,1.02,2026-07-27,1004,Aqua,MODIS,68,6.1NRT,299.34,6.43,D
8.17785,77.65081,321.6,1.39,1.17,2026-07-27,1004,Aqua,MODIS,69,6.1NRT,301.04,12.16,D
23.67893,86.39359,302.59,1.08,1.04,2026-07-27,1452,Terra,MODIS,31,6.1NRT,284.36,6.92,N
34.39202,73.72386,307.07,1.68,1.28,2026-07-28,0434,Terra,MODIS,27,6.1NRT,291.5,10.92,D
9.52107,77.78556,325.19,2.2,1.44,2026-07-28,1041,Aqua,MODIS,67,6.1NRT,298.68,25.53,D
8.6076,77.94223,307.83,1,1,2026-07-28,1526,Terra,MODIS,66,6.1NRT,296.84,4.08,N
9.51728,77.78711,317.12,1,1,2026-07-28,1529,Terra,MODIS,94,6.1NRT,290.54,11.16,N
9.52606,77.78585,309.32,1,1,2026-07-28,1529,Terra,MODIS,76,6.1NRT,290.14,5.39,N
24.99842,75.1988,312.53,1.67,1.27,2026-07-29,0338,Terra,MODIS,54,6.1NRT,290.95,11.4,D
9.41587,78.71165,318.93,1.09,1.04,2026-07-29,0342,Terra,MODIS,70,6.1NRT,295.46,7.81,D
8.3913,77.94962,322.93,1.05,1.02,2026-07-29,0342,Terra,MODIS,77,6.1NRT,299.2,12.04,D
20.94587,86.04146,314.33,1.1,1.05,2026-07-29,0943,Aqua,MODIS,47,6.1NRT,293.68,6.13,D
20.96362,85.17407,319.34,1.03,1.02,2026-07-29,0943,Aqua,MODIS,64,6.1NRT,292.82,10.6,D
22.37561,87.27758,303.49,1.17,1.08,2026-07-29,1431,Terra,MODIS,48,6.1NRT,281.13,5.74,N
23.679,86.40153,303.12,1.21,1.09,2026-07-29,2153,Aqua,MODIS,30,6.1NRT,290.15,5.64,N
9.42357,78.85609,324.92,1.08,1.04,2026-07-30,1019,Aqua,MODIS,66,6.1NRT,299.9,10.85,D
10.77959,78.59415,324.45,1.09,1.04,2026-07-30,1019,Aqua,MODIS,77,6.1NRT,291.3,15.9,D
10.78093,78.60376,329.58,1.09,1.04,2026-07-30,1019,Aqua,MODIS,71,6.1NRT,290.32,22.83,D
9.42223,78.84657,352.7,1.08,1.04,2026-07-30,1019,Aqua,MODIS,96,6.1NRT,300.93,61.57,D
8.26479,77.61663,321.65,1,1,2026-07-30,1019,Aqua,MODIS,58,6.1NRT,300.71,7.95,D
8.60196,77.96186,325.35,1.01,1.01,2026-07-30,1019,Aqua,MODIS,62,6.1NRT,302.31,11.3,D
9.39546,77.84373,307.55,1.75,1.3,2026-07-30,1507,Terra,MODIS,70,6.1NRT,292.72,7.87,N
20.96404,85.18328,302.06,1.62,1.25,2026-07-30,1509,Terra,MODIS,43,6.1NRT,277.39,8.48,N
20.86258,84.99079,301.7,1.56,1.23,2026-07-30,1509,Terra,MODIS,16,6.1NRT,288.61,7.08,N
20.97339,85.16686,303.7,1.61,1.25,2026-07-30,1509,Terra,MODIS,37,6.1NRT,279.71,10.24,N
23.16779,82.33232,303.95,1.15,1.07,2026-07-30,1512,Terra,MODIS,58,6.1NRT,291.14,4.78,N
22.36233,82.3022,305.24,1.13,1.06,2026-07-30,1512,Terra,MODIS,33,6.1NRT,287.39,6.7,N
23.16916,82.34328,305.88,1.16,1.07,2026-07-30,1512,Terra,MODIS,66,6.1NRT,291.14,6.17,N
21.74946,83.83587,304.19,1.52,1.22,2026-07-30,2229,Aqua,MODIS,45,6.1NRT,287.86,7.12,N
20.96851,85.18414,311.08,1.97,1.37,2026-07-30,2229,Aqua,MODIS,82,6.1NRT,289.81,22.72,N
21.75746,83.85217,303.64,1.53,1.22,2026-07-30,2229,Aqua,MODIS,43,6.1NRT,288.33,6.31,N
20.97185,85.16621,304.55,1.96,1.37,2026-07-30,2229,Aqua,MODIS,61,6.1NRT,289.17,10.7,N
21.74694,83.84995,313.82,1.53,1.22,2026-07-30,2229,Aqua,MODIS,88,6.1NRT,287.83,19.43,N
20.95019,86.05215,310.25,1.07,1.03,2026-07-31,0319,Terra,MODIS,63,6.1NRT,290.99,4.89,D
21.75056,83.84386,309.31,1.01,1.01,2026-07-31,0319,Terra,MODIS,47,6.1NRT,289.57,4.25,D
20.96668,86.00411,312.74,1.06,1.03,2026-07-31,0319,Terra,MODIS,67,6.1NRT,291.52,7.42,D
20.96519,86.01401,313.45,1.06,1.03,2026-07-31,0319,Terra,MODIS,70,6.1NRT,292.21,8.28,D
20.96978,85.17921,320.37,1.01,1.01,2026-07-31,0319,Terra,MODIS,58,6.1NRT,292.69,11.7,D
20.95958,85.18722,317.66,1.01,1.01,2026-07-31,0319,Terra,MODIS,37,6.1NRT,293,9.11,D
20.88777,84.98588,312.17,1.01,1,2026-07-31,0319,Terra,MODIS,38,6.1NRT,292.72,5.07,D
20.79197,85.25395,320.88,1.02,1.01,2026-07-31,0319,Terra,MODIS,77,6.1NRT,291.82,14.22,D
20.75848,85.29699,309.63,1.02,1.01,2026-07-31,0319,Terra,MODIS,53,6.1NRT,287.39,6.13,D
11.38369,79.68633,319.57,1.2,1.09,2026-07-31,0321,Terra,MODIS,66,6.1NRT,297.75,10.56,D
20.79488,85.2521,313.15,1.52,1.22,2026-07-31,0922,Aqua,MODIS,27,6.1NRT,292.01,11.55,D
20.78433,85.25417,312.74,1.52,1.22,2026-07-31,0922,Aqua,MODIS,40,6.1NRT,292.24,10.1,D
25.94016,72.18948,320.36,1.19,1.09,2026-07-31,1552,Terra,MODIS,100,6.1NRT,293.76,16.77,N
17.36847,75.56014,315.28,1.08,1.04,2026-08-01,0400,Terra,MODIS,57,6.1NRT,296.22,7.1,D
12.3302,79.6273,324.87,1.18,1.08,2026-08-01,0958,Aqua,MODIS,75,6.1NRT,297.92,12.59,D
22.20941,84.86211,309.64,1,1,2026-08-01,1452,Terra,MODIS,78,6.1NRT,292.01,6.05,N
23.82097,84.57587,305.25,1.02,1.01,2026-08-01,2208,Aqua,MODIS,43,6.1NRT,286.99,7.73,N
23.78041,86.21564,307.05,1.01,1.01,2026-08-01,2208,Aqua,MODIS,70,6.1NRT,290.94,5.48,N
21.19598,81.41913,306.22,1.31,1.13,2026-08-01,2210,Aqua,MODIS,67,6.1NRT,289.61,7.79,N
8.76382,78.18868,306.42,1.43,1.18,2026-08-01,2212,Aqua,MODIS,29,6.1NRT,290.02,11.67,N
8.8271,78.08819,319.79,1.46,1.19,2026-08-01,2212,Aqua,MODIS,99,6.1NRT,289.46,27.64,N
